HIERARCHY
ROOT Hips
{
	OFFSET 0.00000 0.00000 0.00000
	CHANNELS 6 Xposition Yposition Zposition Zrotation Yrotation Xrotation 
	JOINT LHipJoint
	{
		OFFSET 0 0 0
		CHANNELS 3 Zrotation Yrotation Xrotation
		JOINT LeftUpLeg
		{
			OFFSET 1.64549 -1.70879 0.84566
			CHANNELS 3 Zrotation Yrotation Xrotation
			JOINT LeftLeg
			{
				OFFSET 2.24963 -6.18082 0.00000
				CHANNELS 3 Zrotation Yrotation Xrotation
				JOINT LeftFoot
				{
					OFFSET 2.71775 -7.46697 0.00000
					CHANNELS 3 Zrotation Yrotation Xrotation
					JOINT LeftToeBase
					{
						OFFSET 0.18768 -0.51564 2.24737
						CHANNELS 3 Zrotation Yrotation Xrotation
						End Site
						{
							OFFSET 0.00000 -0.00000 1.15935
						}
					}
				}
			}
		}
	}
	JOINT RHipJoint
	{
		OFFSET 0 0 0
		CHANNELS 3 Zrotation Yrotation Xrotation
		JOINT RightUpLeg
		{
			OFFSET -1.58830 -1.70879 0.84566
			CHANNELS 3 Zrotation Yrotation Xrotation
			JOINT RightLeg
			{
				OFFSET -2.25006 -6.18201 0.00000
				CHANNELS 3 Zrotation Yrotation Xrotation
				JOINT RightFoot
				{
					OFFSET -2.72829 -7.49593 0.00000
					CHANNELS 3 Zrotation Yrotation Xrotation
					JOINT RightToeBase
					{
						OFFSET -0.21541 -0.59185 2.10643
						CHANNELS 3 Zrotation Yrotation Xrotation
						End Site
						{
							OFFSET -0.00000 -0.00000 1.09838
						}
					}
				}
			}
		}
	}
	JOINT LowerBack
	{
		OFFSET 0 0 0
		CHANNELS 3 Zrotation Yrotation Xrotation
		JOINT Spine
		{
			OFFSET 0.03142 2.10496 -0.11038
			CHANNELS 3 Zrotation Yrotation Xrotation
			JOINT Spine1
			{
				OFFSET -0.01863 2.10897 -0.06956
				CHANNELS 3 Zrotation Yrotation Xrotation
				JOINT Neck
				{
					OFFSET 0 0 0
					CHANNELS 3 Zrotation Yrotation Xrotation
					JOINT Neck1
					{
						OFFSET -0.02267 1.73238 0.00451
						CHANNELS 3 Zrotation Yrotation Xrotation
						JOINT Head
						{
							OFFSET -0.05808 1.54724 -0.61749
							CHANNELS 3 Zrotation Yrotation Xrotation
							End Site
							{
								OFFSET -0.01396 1.71468 -0.21082
							}
						}
					}
				}
				JOINT LeftShoulder
				{
					OFFSET 0 0 0
					CHANNELS 3 Zrotation Yrotation Xrotation
					JOINT LeftArm
					{
						OFFSET 3.44898 0.50298 0.21920
						CHANNELS 3 Zrotation Yrotation Xrotation
						JOINT LeftForeArm
						{
							OFFSET 5.41917 -0.00000 -0.00000
							CHANNELS 3 Zrotation Yrotation Xrotation
							JOINT LeftHand
							{
								OFFSET 2.44373 -0.00000 0.00000
								CHANNELS 3 Zrotation Yrotation Xrotation
								JOINT LeftFingerBase
								{
									OFFSET 0 0 0
									CHANNELS 3 Zrotation Yrotation Xrotation
									JOINT LeftHandIndex1
									{
										OFFSET 0.72750 -0.00000 0.00000
										CHANNELS 3 Zrotation Yrotation Xrotation
										End Site
										{
											OFFSET 0.58653 -0.00000 0.00000
										}
									}
								}
								JOINT LThumb
								{
									OFFSET 0 0 0
									CHANNELS 3 Zrotation Yrotation Xrotation
									End Site
									{
										OFFSET 0.59549 -0.00000 0.59549
									}
								}
							}
						}
					}
				}
				JOINT RightShoulder
				{
					OFFSET 0 0 0
					CHANNELS 3 Zrotation Yrotation Xrotation
					JOINT RightArm
					{
						OFFSET -3.23015 0.55830 0.31051
						CHANNELS 3 Zrotation Yrotation Xrotation
						JOINT RightForeArm
						{
							OFFSET -5.58976 -0.00010 0.00014
							CHANNELS 3 Zrotation Yrotation Xrotation
							JOINT RightHand
							{
								OFFSET -2.48060 -0.00000 0.00000
								CHANNELS 3 Zrotation Yrotation Xrotation
								JOINT RightFingerBase
								{
									OFFSET 0 0 0
									CHANNELS 3 Zrotation Yrotation Xrotation
									JOINT RightHandIndex1
									{
										OFFSET -0.81601 -0.00000 0.00000
										CHANNELS 3 Zrotation Yrotation Xrotation
										End Site
										{
											OFFSET -0.65789 -0.00000 0.00000
										}
									}
								}
								JOINT RThumb
								{
									OFFSET 0 0 0
									CHANNELS 3 Zrotation Yrotation Xrotation
									End Site
									{
										OFFSET -0.66793 -0.00000 0.66793
									}
								}
							}
						}
					}
				}
			}
		}
	}
}
MOTION
Frames: 281
Frame Time: 0.033333
4.3228 16.5929 -15.2362 0 0 0 0 0 0 -21 0 0 0 0 0 0 0 0 0 0 0 0 0 0 21 0 0 0 0 0 0 0 0 0 0 0 0 0 0 0 0 0 0 0 0 0 0 -16 0 0 21 0 0 11 0 0 0 -8 0 0 0 0 0 0 0 0 0 0 0 0 0 0 0 0 0 0 0 0 8 0 0 0 0 0 0 0 0 0 0 0 0 0 0 0 0 0
4.3203 16.5782 -15.2401 -3.1987 9.0550 30.2461 0.0000 0.0000 0.0000 -26.1106 10.3069 -26.8290 4.3621 12.6273 37.9889 0.4989 42.2355 32.1181 0.1228 -2.2589 -6.2218 0.0000 0.0000 0.0000 28.8961 18.0650 -40.8724 -2.3922 -9.6392 27.8162 -2.3450 -19.3851 -40.9138 -1.4264 -7.5522 21.3619 3.9087 -2.9526 -18.4791 5.3086 -4.4354 -11.8629 2.7238 -2.2597 -2.3246 -2.6125 -7.5303 -14.9236 -2.5052 -10.0468 40.4010 -2.5504 -4.8954 17.2746 0.0000 -0.0000 0.0000 -86.2653 26.3025 31.1442 17.3618 -27.3323 -4.2521 -0.0000 0.0000 -6.0147 1.9217 16.4506 0.5444 -7.1250 0.0000 -0.0000 -23.8248 45.0019 -0.0012 0.0000 -0.0000 0.0000 74.5479 -21.5184 29.3335 -12.8920 21.1288 -2.4142 0.0000 -0.0000 -18.0225 1.4397 13.1060 0.3265 7.1250 -0.0000 -0.0000 19.5979 -17.2788 13.7238
4.3206 16.5729 -15.2277 -3.3703 8.9713 30.1660 0.0000 0.0000 0.0000 -25.9006 10.3169 -26.6205 4.3437 12.6043 37.9047 1.6007 39.8814 34.6536 0.3900 -4.0100 -11.1049 0.0000 0.0000 0.0000 29.2237 17.8468 -40.7555 -2.3818 -9.6197 27.7538 -2.1621 -19.3862 -40.0720 -1.3586 -7.3781 20.8405 4.0449 -2.7727 -18.4411 5.2657 -4.1985 -12.0901 2.6555 -2.1505 -2.6141 -1.7349 -6.5545 -16.6609 -2.5513 -8.9464 42.9083 -2.7729 -4.2021 19.1711 -0.0000 -0.0000 0.0000 -86.2262 26.6742 31.0738 17.4761 -27.4811 -4.3047 -0.0000 0.0000 -6.1134 2.0841 16.8627 0.6048 -7.1250 0.0000 -0.0000 -23.8552 45.3979 -0.2487 -0.0000 -0.0000 0.0000 74.8184 -22.0258 29.7236 -13.1161 21.4570 -2.4956 0.0000 -0.0000 -17.4514 -2.1467 14.4934 -0.5375 7.1250 -0.0000 -0.0000 17.1149 -15.8716 12.3524
4.3288 16.5643 -15.2035 -3.5144 8.5463 29.4552 0.0000 0.0000 0.0000 -25.9084 11.1237 -25.7650 4.2722 12.5141 37.5759 1.1243 40.7827 33.4485 0.2666 -3.3216 -9.1753 0.0000 0.0000 0.0000 29.6096 17.4020 -39.9451 -2.3915 -9.6379 27.8118 -2.3027 -18.8517 -40.2689 -1.3722 -7.4133 20.9457 3.9246 -2.5198 -18.0853 5.2446 -3.8342 -11.9428 2.7659 -1.9591 -2.6329 -1.4096 -5.5850 -15.6937 -1.5866 -7.9191 42.6272 -2.0934 -3.6237 18.7948 0.0000 0.0000 0.0000 -86.5476 26.5261 30.0205 17.1827 -27.0980 -4.1702 -0.0000 0.0000 -5.4241 1.6148 15.6418 0.4355 -7.1250 0.0000 -0.0000 -23.7616 44.2268 0.4820 0.0000 0.0000 0.0000 75.2994 -21.6226 27.9406 -12.4960 20.5442 -2.2733 0.0000 -0.0000 -15.3230 -5.0447 15.4519 -1.3473 7.1250 -0.0000 -0.0000 15.1443 -14.8266 11.1684
4.3333 16.5673 -15.1838 -3.7398 8.3645 29.1542 0.0000 0.0000 0.0000 -25.7500 11.5068 -25.3501 4.2232 12.4516 37.3489 -1.0583 44.2292 27.9059 0.0013 0.2362 0.6491 0.0000 0.0000 0.0000 29.9591 17.1681 -39.7418 -2.4037 -9.6607 27.8849 -1.7144 -20.1510 -38.6252 -0.9049 -6.0622 16.9651 4.0776 -2.2928 -17.8296 5.2371 -3.5226 -12.1648 2.7433 -1.8127 -3.0276 -0.8359 -4.6149 -15.8763 -1.0154 -6.8921 43.6355 -1.7668 -3.0006 19.5096 0.0000 0.0000 0.0000 -86.6376 27.1634 30.2494 17.1826 -27.0979 -4.1702 -0.0000 0.0000 -5.8361 1.9110 15.6279 0.5150 -7.1250 0.0000 -0.0000 -23.5011 44.2477 0.4632 0.0000 0.0000 0.0000 75.6603 -22.1123 27.3290 -12.5345 20.6013 -2.2869 0.0000 -0.0000 -15.2774 -7.4872 15.7187 -2.0392 7.1250 -0.0000 -0.0000 13.5190 -14.4316 10.0109
4.3308 16.5699 -15.1606 -3.5515 7.8884 29.2080 0.0000 0.0000 0.0000 -26.1642 11.7671 -25.0918 4.0918 12.2816 36.7355 0.0109 42.7153 30.6662 0.0417 -1.3178 -3.6238 0.0000 0.0000 0.0000 29.3267 17.9435 -39.9125 -2.4899 -9.8196 28.3945 -1.6499 -20.9022 -39.0301 -0.8295 -5.8105 16.2356 3.6327 -2.0862 -17.8422 5.1126 -3.1652 -12.5554 2.9303 -1.6116 -3.4396 0.0366 -3.5946 -15.7992 -0.8555 -5.6935 44.6601 -1.6304 -2.3243 20.1570 -0.0000 -0.0000 0.0000 -86.6880 27.9662 30.5587 17.1951 -27.1142 -4.1759 -0.0000 0.0000 -5.9282 1.3503 16.3904 0.3811 -7.1250 0.0000 -0.0000 -24.2948 44.8796 0.0769 -0.0000 -0.0000 0.0000 76.1949 -22.7797 26.1209 -12.3944 20.3935 -2.2378 0.0000 -0.0000 -15.6682 -9.7854 17.2885 -2.9341 7.1250 -0.0000 -0.0000 11.9667 -12.7291 9.2444
4.3346 16.5598 -15.1466 -3.6143 8.0443 29.3153 0.0000 0.0000 0.0000 -25.9903 11.5101 -25.1428 4.0977 12.2893 36.7631 2.3608 38.4990 36.6826 0.7196 -5.4207 -15.1125 0.0000 0.0000 0.0000 29.7379 17.3061 -39.8219 -2.4532 -9.7524 28.1785 -1.4268 -20.7352 -37.7636 -0.6734 -5.2473 14.6153 3.8419 -1.9258 -18.0442 5.0198 -2.9866 -12.6334 2.7368 -1.5361 -3.4452 0.9742 -2.7345 -16.3079 -0.7311 -4.7412 45.2885 -1.5708 -1.7397 20.7413 0.0000 -0.0000 0.0000 -86.5851 28.0486 31.2062 17.1722 -27.0842 -4.1654 -0.0000 0.0000 -6.2651 1.3742 16.1335 0.3819 -7.1250 0.0000 -0.0000 -24.1680 44.6483 0.2233 0.0000 -0.0000 0.0000 76.9566 -23.0862 25.0100 -12.6635 20.7922 -2.3325 0.0000 -0.0000 -17.3391 -12.8443 17.0388 -3.8223 7.1250 -0.0000 -0.0000 9.9540 -12.7232 7.6361
4.3418 16.5742 -15.1299 -3.6994 8.2686 29.4992 0.0000 0.0000 0.0000 -25.8658 11.3470 -25.1996 4.0673 12.2494 36.6200 2.1715 38.8502 36.1736 0.5493 -4.7480 -13.1913 0.0000 0.0000 0.0000 29.6885 17.3940 -40.2963 -2.4806 -9.8026 28.3399 -1.1714 -21.7144 -37.4754 -0.5062 -4.5608 12.6600 4.0637 -1.7746 -18.2476 4.9490 -2.8225 -12.7109 2.5582 -1.4678 -3.4478 1.3734 -2.1035 -16.8041 -0.1769 -4.1334 45.4571 -1.2417 -1.3389 21.0502 0.0000 -0.0000 0.0000 -86.7298 28.2012 31.2466 16.9891 -26.8435 -4.0824 -0.0000 0.0000 -5.7545 1.0792 16.9151 0.3140 -7.1250 0.0000 -0.0000 -24.7509 45.3244 -0.2114 0.0000 -0.0000 0.0000 77.8622 -22.8819 22.8565 -12.0941 19.9456 -2.1343 0.0000 -0.0000 -18.0550 -14.3289 19.3285 -4.8325 7.1250 -0.0000 -0.0000 9.0232 -10.2717 7.3640
4.3436 16.5741 -15.1178 -3.7676 8.5147 29.5183 0.0000 0.0000 0.0000 -25.6713 11.1963 -25.1276 4.0963 12.2875 36.7568 0.8724 41.2235 32.8039 0.1616 -2.5903 -7.1401 0.0000 0.0000 0.0000 29.8770 17.2314 -40.2354 -2.4580 -9.7612 28.2068 -1.7820 -20.4829 -39.2663 -0.8573 -5.9047 16.5082 4.2427 -1.6052 -18.2450 4.8195 -2.6286 -12.5894 2.3435 -1.3829 -3.3331 1.5754 -1.6590 -16.8900 0.3572 -3.6727 44.6728 -0.8884 -1.0660 20.5351 0.0000 0.0000 0.0000 -86.7009 28.1495 31.5543 17.0352 -26.9042 -4.1033 -0.0000 0.0000 -5.9613 0.6305 16.9499 0.1838 -7.1250 0.0000 -0.0000 -25.1547 45.3020 -0.2004 0.0000 0.0000 0.0000 78.8377 -22.6832 21.4281 -11.8407 19.5654 -2.0486 0.0000 -0.0000 -19.1955 -15.5234 19.8338 -5.3839 7.1250 -0.0000 -0.0000 8.2693 -9.6263 6.8436
4.3449 16.5680 -15.1184 -3.8405 8.5005 29.4807 0.0000 0.0000 0.0000 -25.6385 11.0198 -25.1522 4.1481 12.3549 36.9994 0.0238 42.5871 30.6182 0.0473 -1.4041 -3.8615 0.0000 0.0000 0.0000 30.0451 17.1270 -39.9931 -2.4232 -9.6968 28.0005 -1.7702 -20.0444 -38.7974 -0.9673 -6.2618 17.5460 4.4122 -1.4625 -18.1104 4.7552 -2.4568 -12.5447 2.2080 -1.3088 -3.3663 2.5624 -0.9703 -17.6242 -0.2314 -2.6707 44.4166 -1.1584 -0.5858 20.5504 -0.0000 -0.0000 0.0000 -86.9642 28.5262 32.2247 16.9342 -26.7709 -4.0576 -0.0000 0.0000 -6.3839 1.9888 15.8584 0.5437 -7.1250 0.0000 -0.0000 -23.5259 44.4678 0.3280 -0.0000 -0.0000 0.0000 79.5810 -22.7765 20.2420 -11.5543 19.1329 -1.9538 0.0000 -0.0000 -19.7934 -16.2581 19.9197 -5.6742 7.1250 -0.0000 -0.0000 7.7998 -9.4521 6.4749
4.3504 16.5721 -15.1015 -4.0991 8.7620 29.4801 0.0000 0.0000 0.0000 -25.3048 10.9460 -25.1343 4.1520 12.3600 37.0177 -1.8271 45.3536 26.0480 0.0488 1.4262 3.9222 0.0000 0.0000 0.0000 30.4342 16.8865 -40.1752 -2.4406 -9.7290 28.1037 -1.4888 -20.6681 -38.0085 -0.7526 -5.5411 15.4585 4.8647 -1.3152 -18.1861 4.6881 -2.3318 -12.4929 1.8986 -1.2739 -3.2984 3.2631 -0.2997 -18.3979 -0.5075 -1.7445 44.1325 -1.2286 -0.1443 20.5975 0.0000 -0.0000 0.0000 -86.7857 29.0244 33.5902 16.9678 -26.8153 -4.0728 -0.0000 0.0000 -5.7170 1.5119 16.5897 0.4318 -7.1250 0.0000 -0.0000 -24.2381 45.0803 -0.0511 0.0000 -0.0000 0.0000 80.2889 -23.0876 19.7986 -11.1670 18.5438 -1.8287 0.0000 -0.0000 -19.6592 -16.9990 18.4282 -5.5199 7.1250 -0.0000 -0.0000 7.2551 -10.8897 5.8018
4.3531 16.5717 -15.0898 -4.2180 8.7715 29.3360 0.0000 0.0000 0.0000 -25.2585 11.2920 -25.4032 4.2338 12.4652 37.3983 -1.9159 45.6051 25.9559 0.0533 1.4905 4.0995 0.0000 0.0000 0.0000 30.7198 16.6309 -39.7703 -2.3909 -9.6368 27.8084 -1.8483 -19.6925 -38.8515 -0.9595 -6.2372 17.4742 5.0156 -1.2590 -18.2255 4.6863 -2.3111 -12.0826 1.7983 -1.2645 -2.8312 3.0633 -0.1521 -18.8208 -0.4236 -1.4462 43.3866 -1.0779 -0.0684 20.2177 -0.0000 0.0000 0.0000 -86.9457 28.7267 34.3165 16.4370 -26.1096 -3.8363 -0.0000 0.0000 -4.0645 1.7854 16.2264 0.4991 -7.1250 0.0000 -0.0000 -23.8507 44.7809 0.1370 -0.0000 0.0000 0.0000 80.7395 -22.4593 18.7378 -10.4891 17.5010 -1.6189 0.0000 -0.0000 -17.9373 -16.5603 19.0709 -5.5493 7.1250 -0.0000 -0.0000 7.5677 -10.2826 6.1507
4.3472 16.5735 -15.0891 -4.1479 8.7731 29.3538 0.0000 0.0000 0.0000 -25.3989 11.4186 -25.7597 4.3128 12.5655 37.7629 -2.0700 46.0714 25.8335 0.0498 1.4405 3.9617 0.0000 0.0000 0.0000 30.5904 16.8025 -39.8546 -2.4008 -9.6553 27.8674 -1.0905 -21.7118 -37.0564 -0.5033 -4.5481 12.6240 4.8039 -1.3114 -18.2437 4.8258 -2.3928 -11.5125 2.0299 -1.2780 -2.1761 3.0696 0.1552 -20.0990 -0.8192 -0.7987 42.7012 -1.1372 0.1153 20.1442 0.0000 -0.0000 0.0000 -87.4869 28.1160 34.2191 15.9941 -25.5126 -3.6434 -0.0000 0.0000 -2.3993 1.8792 15.5529 0.5040 -7.1250 0.0000 -0.0000 -23.4987 44.1753 0.5078 0.0000 -0.0000 0.0000 80.7204 -21.1710 17.5065 -9.8061 16.4357 -1.4196 0.0000 -0.0000 -15.3402 -14.4239 17.3821 -4.3938 7.1250 -0.0000 -0.0000 8.9154 -12.2297 6.9107
4.3637 16.5615 -15.0660 -4.3369 8.1676 28.5445 0.0000 0.0000 0.0000 -25.5076 12.4492 -24.8166 4.2495 12.4852 37.4706 -5.0804 48.6788 17.4091 0.5984 4.9521 13.7721 0.0000 0.0000 0.0000 31.0678 16.0348 -39.1406 -2.4422 -9.7320 28.1132 -1.0772 -21.1679 -36.4015 -0.4375 -4.2444 11.7652 5.0106 -1.0659 -17.5662 4.7705 -2.0839 -11.0314 1.9040 -1.1317 -2.0090 3.0907 0.4187 -20.8194 -1.1625 -0.2406 42.5506 -1.1917 0.2826 20.2719 0.0000 -0.0000 0.0000 -87.6825 28.3956 34.6422 15.6779 -25.0820 -3.5083 -0.0000 0.0000 -1.5519 2.0930 15.6576 0.5651 -7.1250 0.0000 -0.0000 -23.3560 44.2955 0.4307 0.0000 -0.0000 0.0000 80.4085 -21.3460 17.7433 -9.8852 16.5598 -1.4420 0.0000 -0.0000 -13.8209 -9.6580 14.7986 -2.4889 7.1250 -0.0000 -0.0000 12.1008 -15.2001 8.7040
4.3337 16.5539 -15.0801 -3.7668 8.4913 29.5833 0.0000 0.0000 0.0000 -26.0784 11.8961 -26.2969 4.3549 12.6183 37.9559 -8.4354 49.7727 4.9242 2.7069 10.2047 29.6423 0.0000 0.0000 0.0000 29.8773 17.6704 -39.7163 -2.4248 -9.6999 28.0102 -1.4639 -21.0600 -38.2746 -0.7437 -5.5090 15.3661 4.2539 -1.2213 -18.1689 4.6090 -2.1909 -11.4809 2.1389 -1.1542 -2.1603 2.9297 0.2682 -19.6329 -1.3986 -0.2368 41.9070 -1.2601 0.2104 19.4974 0.0000 -0.0000 0.0000 -87.4424 29.3849 34.7797 15.8286 -25.2876 -3.5724 -0.0000 0.0000 -0.3934 0.0736 16.2912 0.0206 -7.1250 0.0000 -0.0000 -25.3527 44.6403 0.2412 0.0000 -0.0000 0.0000 80.3850 -22.2553 18.0615 -9.9627 16.6812 -1.4642 0.0000 -0.0000 -11.0748 -3.2954 14.4011 -0.8204 7.1250 -0.0000 -0.0000 16.3642 -15.9176 11.7436
4.3444 16.5492 -15.0489 -3.9320 8.1932 28.8843 0.0000 0.0000 0.0000 -25.9468 12.9140 -25.5961 4.3140 12.5669 37.7682 -1.8734 44.2783 24.8438 0.1112 2.1503 5.9211 0.0000 0.0000 0.0000 30.1669 17.4209 -38.7236 -2.4096 -9.6717 27.9201 -1.6038 -20.4623 -38.3791 -0.8538 -5.8929 16.4740 4.4403 -0.9927 -17.9033 4.5189 -1.9328 -10.9649 1.9693 -1.0302 -1.7445 2.8210 0.2287 -19.7765 -1.7417 -0.0915 41.6515 -1.3737 0.1957 19.3773 -0.0000 -0.0000 0.0000 -87.2595 29.4770 35.2703 15.6742 -25.0769 -3.5067 -0.0000 -0.0000 0.3699 -1.6097 15.8992 -0.4411 -7.1250 0.0000 -0.0000 -26.6209 44.0939 0.6436 -0.0000 -0.0000 0.0000 80.1234 -21.8952 17.7064 -9.4063 15.8056 -1.3086 0.0000 -0.0000 -6.9720 2.4178 14.2638 0.5960 7.1250 -0.0000 -0.0000 20.1086 -16.2041 14.6386
4.3395 16.5524 -15.0577 -3.6900 8.3281 29.3322 0.0000 0.0000 0.0000 -26.0843 12.3440 -25.7949 4.2688 12.5098 37.5601 -5.0681 47.8685 16.3303 1.1195 6.7213 18.8923 0.0000 0.0000 0.0000 29.6555 17.9083 -39.2148 -2.4230 -9.6965 27.9995 -1.6039 -20.8184 -38.7253 -0.8991 -6.0432 16.9097 4.2267 -1.0091 -17.9413 4.4114 -1.9141 -11.1184 1.9813 -1.0154 -1.8867 2.6393 0.1820 -19.7983 -1.9647 0.0213 41.7587 -1.4287 0.1797 19.4552 -0.0000 0.0000 0.0000 -87.0229 29.6899 35.8733 15.2602 -24.5073 -3.3331 -0.0000 0.0000 -0.3728 -2.6458 14.8021 -0.6764 -7.1250 0.0000 -0.0000 -27.0300 42.9979 1.4508 -0.0000 0.0000 0.0000 79.7760 -22.6833 20.5356 -9.9309 16.6314 -1.4551 0.0000 -0.0000 -6.1712 5.6483 13.2137 1.2951 7.1250 -0.0000 -0.0000 22.3048 -17.2071 15.9738
4.3257 16.5637 -15.0933 -3.4299 8.9867 30.4815 0.0000 0.0000 0.0000 -26.1566 11.0510 -27.1098 4.3690 12.6359 38.0205 -0.4290 43.7739 29.8603 0.0005 -0.1487 -0.4086 0.0000 0.0000 0.0000 28.8722 18.9062 -40.5252 -2.4304 -9.7102 28.0433 -1.6601 -21.3285 -39.4925 -1.0088 -6.3909 17.9231 4.0800 -1.1675 -18.2728 4.3961 -2.0812 -11.7119 2.0321 -1.0975 -2.3609 2.3106 -0.0449 -19.0343 -2.1469 -0.0901 41.6243 -1.4720 0.0543 19.1465 -0.0000 -0.0000 0.0000 -86.9754 30.4209 35.4523 15.3297 -24.6034 -3.3620 -0.0000 0.0000 -0.2371 -5.8684 16.7145 -1.6932 -7.1250 0.0000 -0.0000 -30.5598 44.3182 0.5705 -0.0000 -0.0000 0.0000 79.5501 -23.1396 21.8182 -9.9014 16.5852 -1.4467 0.0000 -0.0000 -5.1898 7.0385 12.8823 1.5768 7.1250 -0.0000 -0.0000 23.2332 -17.5063 16.5977
4.3212 16.5594 -15.1045 -3.2001 8.9582 30.6574 0.0000 0.0000 0.0000 -26.4208 10.7816 -27.0644 4.3336 12.5915 37.8581 -1.2889 44.9059 27.6405 0.0110 0.6780 1.8633 0.0000 0.0000 0.0000 28.1882 19.7780 -40.8169 -2.5006 -9.8389 28.4567 -1.6702 -22.0177 -40.2126 -0.9947 -6.3472 17.7953 3.7387 -1.1270 -18.4954 4.3202 -2.0062 -11.4670 2.1418 -1.0390 -1.9659 1.9403 -0.2662 -18.9160 -2.3014 -0.2092 41.3199 -1.4960 -0.0787 18.9174 -0.0000 0.0000 0.0000 -86.8828 30.1058 35.4700 15.4131 -24.7185 -3.3968 -0.0000 0.0000 -0.4163 -6.9273 16.8614 -2.0183 -7.1250 0.0000 -0.0000 -31.5060 44.3194 0.5913 -0.0000 0.0000 0.0000 79.2653 -23.0914 23.7305 -10.1900 17.0362 -1.5301 0.0000 -0.0000 -5.2119 8.1728 13.1834 1.8760 7.1250 -0.0000 -0.0000 23.9025 -17.2142 17.3461
4.3262 16.5662 -15.1029 -3.1062 8.5932 30.5684 0.0000 0.0000 0.0000 -26.8080 11.0780 -26.7758 4.2541 12.4910 37.4919 -1.7293 45.2333 26.3005 0.0201 0.9143 2.5130 0.0000 0.0000 0.0000 27.3864 20.9670 -40.7967 -2.5664 -9.9577 28.8397 -1.5032 -23.2920 -40.7185 -0.8435 -5.8581 16.3732 3.5489 -0.9493 -18.2361 4.1334 -1.7328 -11.3977 2.0969 -0.8980 -2.0232 1.9433 -0.5044 -18.5506 -2.5921 -0.4480 41.2264 -1.6790 -0.2154 18.7465 0.0000 0.0000 0.0000 -86.6453 29.9816 35.2506 15.1760 -24.3907 -3.2983 -0.0000 -0.0000 0.1051 -7.5116 16.0257 -2.0848 -7.1250 0.0000 -0.0000 -31.5862 43.5291 1.2851 0.0000 0.0000 0.0000 79.0959 -23.2403 24.9788 -10.2519 17.1327 -1.5483 0.0000 -0.0000 -4.1980 10.4984 14.3930 2.6373 7.1250 -0.0000 -0.0000 25.1515 -16.0548 19.1823
4.3573 16.5556 -15.1107 -3.5381 9.0244 30.3596 0.0000 0.0000 0.0000 -26.2944 11.1631 -26.7654 4.3390 12.5983 37.8829 -7.8900 50.4875 8.8611 1.5224 7.7910 22.0812 0.0000 0.0000 0.0000 29.0273 18.5391 -40.6416 -2.4644 -9.7729 28.2445 -1.7318 -20.9206 -39.4409 -0.9655 -6.2561 17.5293 4.5343 -0.8054 -18.1207 4.1384 -1.6914 -11.1746 1.5528 -0.9248 -1.8777 1.7764 -0.6641 -18.6848 -2.7449 -0.5660 41.2495 -1.7496 -0.3114 18.7926 0.0000 -0.0000 0.0000 -86.6767 29.7584 34.9150 15.3015 -24.5644 -3.3503 -0.0000 0.0000 -0.2287 -7.2364 15.1789 -1.9042 -7.1250 0.0000 -0.0000 -30.9714 42.8272 1.8564 0.0000 -0.0000 0.0000 78.6000 -23.2373 27.8528 -10.8340 18.0334 -1.7242 0.0000 -0.0000 -6.1494 11.9555 12.9159 2.7098 7.1250 -0.0000 -0.0000 26.2727 -17.3654 19.4006
4.3795 16.5707 -15.1030 -3.9478 8.9421 30.0537 0.0000 0.0000 0.0000 -26.0467 11.6081 -26.4803 4.2911 12.5380 37.6629 -10.0861 51.2129 0.3618 2.4363 9.7212 28.0785 0.0000 0.0000 0.0000 29.6154 17.9498 -40.7380 -2.4833 -9.8075 28.3556 -1.1993 -22.0284 -37.9502 -0.6307 -5.0815 14.1411 5.0820 -0.6821 -18.1193 4.2604 -1.6480 -10.6445 1.3694 -0.9149 -1.3187 1.5626 -0.7254 -19.3219 -3.0122 -0.4661 41.1763 -1.8273 -0.3482 18.9289 -0.0000 0.0000 0.0000 -86.8853 28.8251 34.5681 15.1778 -24.3932 -3.2990 -0.0000 0.0000 -1.1886 -8.9881 16.1274 -2.5157 -7.1250 0.0000 -0.0000 -32.8322 43.4452 1.4267 -0.0000 0.0000 0.0000 77.9968 -22.0290 29.2342 -10.4730 17.4760 -1.6141 0.0000 -0.0000 -5.9210 13.1491 13.2307 3.0605 7.1250 -0.0000 -0.0000 26.9347 -17.0308 20.2551
4.3749 16.5716 -15.1176 -3.4967 8.7972 30.2907 0.0000 0.0000 0.0000 -26.6135 11.5936 -26.7412 4.2831 12.5279 37.6261 -10.0222 51.3241 0.9772 2.3697 9.5970 27.6813 0.0000 0.0000 0.0000 28.8112 18.4991 -41.0267 -2.5290 -9.8904 28.6226 -1.3290 -22.1108 -38.6796 -0.7114 -5.3905 15.0258 4.4048 -0.8019 -18.5181 4.2730 -1.7548 -10.3266 1.7294 -0.9288 -0.7409 1.1478 -0.9622 -19.5143 -3.1625 -0.6012 41.1850 -1.8576 -0.4910 18.9845 -0.0000 0.0000 0.0000 -87.0502 28.1008 34.4252 15.3737 -24.6641 -3.3804 -0.0000 0.0000 -1.6956 -9.7043 16.1193 -2.7183 -7.1250 0.0000 -0.0000 -33.4042 43.3545 1.5440 -0.0000 0.0000 0.0000 77.3783 -21.4727 31.0264 -10.8233 18.0169 -1.7209 0.0000 -0.0000 -7.4345 14.4152 12.4735 3.1776 7.1250 -0.0000 -0.0000 27.8229 -17.6607 20.6759
4.3948 16.5582 -15.1207 -4.0125 9.0251 30.0191 0.0000 0.0000 0.0000 -26.0020 11.6120 -26.6764 4.3622 12.6274 37.9891 -10.1898 50.8750 -1.1192 2.8786 10.4959 30.5980 0.0000 0.0000 0.0000 30.1675 16.9069 -40.8138 -2.4664 -9.7766 28.2561 -1.4802 -20.4705 -37.7700 -0.7686 -5.5983 15.6233 5.1875 -0.7090 -18.2973 4.4412 -1.7451 -10.2288 1.4729 -0.9517 -0.7756 0.9495 -1.0314 -19.3554 -3.2805 -0.5746 41.1275 -1.8687 -0.5308 18.9072 -0.0000 -0.0000 0.0000 -87.0959 28.1548 34.8781 15.6759 -25.0792 -3.5074 -0.0000 0.0000 -2.1430 -9.4150 15.9290 -2.6056 -7.1250 0.0000 -0.0000 -33.0799 43.2258 1.6449 -0.0000 -0.0000 0.0000 76.4154 -21.5276 34.4955 -11.1586 18.5310 -1.8260 0.0000 -0.0000 -8.7609 15.3444 12.2805 3.3403 7.1250 -0.0000 -0.0000 28.4059 -17.7846 21.1573
4.4030 16.5641 -15.1217 -4.0257 9.0745 29.8981 0.0000 0.0000 0.0000 -25.9967 11.5839 -26.6133 4.3749 12.6432 38.0472 -9.4524 51.1503 3.2817 2.1152 9.1020 26.1148 0.0000 0.0000 0.0000 29.9703 17.0724 -41.1177 -2.5524 -9.9325 28.7584 -1.2368 -21.4339 -37.5141 -0.5981 -4.9508 13.7682 5.3355 -0.6567 -18.0667 4.3447 -1.6759 -10.2613 1.3041 -0.9288 -0.9373 0.6732 -1.3241 -18.1710 -3.2087 -0.9562 40.7297 -1.8262 -0.7192 18.3279 0.0000 -0.0000 0.0000 -86.8575 28.3087 35.0687 15.9160 -25.4066 -3.6098 -0.0000 0.0000 -1.9691 -9.1504 15.9992 -2.5421 -7.1250 0.0000 -0.0000 -32.9011 43.3165 1.5495 0.0000 -0.0000 0.0000 75.8716 -21.6627 36.8818 -11.6509 19.2790 -1.9855 0.0000 -0.0000 -9.4543 16.5224 11.1914 3.2951 7.1250 -0.0000 -0.0000 29.3108 -18.6968 21.3574
4.3986 16.5581 -15.1335 -3.8829 8.9276 29.8714 0.0000 0.0000 0.0000 -26.2260 11.8724 -26.8730 4.4264 12.7071 38.2819 -8.9474 51.0210 5.3101 1.8690 8.5877 24.5138 0.0000 0.0000 0.0000 29.7830 17.2291 -41.0443 -2.5534 -9.9344 28.7646 -1.2130 -21.5438 -37.5078 -0.6328 -5.0900 14.1653 5.0757 -0.6520 -17.7271 4.2742 -1.5957 -10.3753 1.3958 -0.8852 -1.2257 0.2203 -1.7309 -17.1234 -2.8359 -1.5864 40.4275 -1.6639 -0.9930 17.8577 -0.0000 0.0000 0.0000 -86.7583 28.4771 34.9188 15.9154 -25.4058 -3.6096 -0.0000 0.0000 -1.5200 -8.3793 15.3365 -2.2310 -7.1250 0.0000 -0.0000 -31.9672 42.8356 1.9239 -0.0000 0.0000 0.0000 75.1309 -22.2028 39.3972 -12.5013 20.5522 -2.2752 0.0000 -0.0000 -9.7609 17.7115 10.3338 3.2788 7.1250 -0.0000 -0.0000 30.1816 -19.3844 21.6678
4.3963 16.5654 -15.1344 -3.8022 8.8811 29.9591 0.0000 0.0000 0.0000 -26.3357 12.2199 -27.1240 4.4208 12.7002 38.2563 -8.2830 50.8995 7.9802 1.6596 8.1179 23.0728 0.0000 0.0000 0.0000 29.4257 17.7171 -40.9882 -2.5445 -9.9184 28.7129 -1.2737 -21.6818 -37.9597 -0.6977 -5.3393 14.8788 4.9032 -0.6697 -17.7140 4.3040 -1.5899 -10.4239 1.5260 -0.8748 -1.2775 0.0865 -1.8679 -16.9460 -2.9086 -1.7204 40.5284 -1.6998 -1.0776 17.8664 -0.0000 0.0000 0.0000 -86.5686 28.5234 35.6669 16.1383 -25.7078 -3.7058 -0.0000 0.0000 -2.3228 -8.4071 15.3683 -2.2430 -7.1250 0.0000 -0.0000 -32.0044 42.8598 1.9050 -0.0000 0.0000 0.0000 74.3487 -21.9629 40.9611 -12.5915 20.6858 -2.3070 0.0000 -0.0000 -9.4817 17.7004 11.2723 3.5698 7.1250 -0.0000 -0.0000 29.9728 -18.5372 22.1463
4.3894 16.5488 -15.1497 -3.6312 8.7223 29.9851 0.0000 0.0000 0.0000 -26.4877 12.1822 -27.2485 4.4506 12.7370 38.3917 -7.1064 50.5369 12.2058 1.1777 6.8877 19.3830 0.0000 0.0000 0.0000 29.3650 17.7745 -40.5838 -2.4743 -9.7910 28.3027 -1.5120 -20.9009 -38.3548 -0.8662 -5.9345 16.5944 4.5936 -0.6910 -17.5875 4.2751 -1.5561 -10.5410 1.6787 -0.8480 -1.4583 -0.1720 -2.0254 -16.3311 -2.7876 -1.9264 40.5209 -1.6236 -1.1846 17.7000 -0.0000 0.0000 0.0000 -86.4375 28.5746 35.7853 16.4555 -26.1344 -3.8444 -0.0000 0.0000 -2.4455 -9.5550 16.6235 -2.7570 -7.1250 0.0000 -0.0000 -33.5324 43.8018 1.1280 -0.0000 0.0000 0.0000 73.4368 -22.0159 43.1828 -12.9135 21.1604 -2.4220 0.0000 -0.0000 -9.8608 17.9288 11.3994 3.6590 7.1250 -0.0000 -0.0000 30.0761 -18.4043 22.3588
4.3868 16.5531 -15.1561 -3.6190 8.3344 29.8548 0.0000 0.0000 0.0000 -26.5303 12.1986 -26.9585 4.3845 12.6552 38.0911 -1.7998 45.6272 26.4085 0.0419 1.3216 3.6341 0.0000 0.0000 0.0000 29.0158 18.5723 -40.1667 -2.4695 -9.7822 28.2743 -1.7701 -20.6619 -39.3782 -1.0505 -6.5176 18.2937 4.3641 -0.5939 -17.5875 4.2423 -1.4057 -10.4006 1.7931 -0.7604 -1.2980 0.0710 -2.0555 -16.2975 -2.8914 -2.0202 40.6109 -1.7352 -1.1980 17.7331 0.0000 -0.0000 0.0000 -86.2849 28.2155 35.8180 16.4102 -26.0737 -3.8245 -0.0000 0.0000 -2.1686 -8.5329 15.5950 -2.3098 -7.1250 0.0000 -0.0000 -32.2116 43.0408 1.7572 0.0000 -0.0000 0.0000 72.6397 -21.8626 44.5875 -13.6901 22.2900 -2.7095 0.0000 -0.0000 -10.1732 18.3102 11.8398 3.8842 7.1250 -0.0000 -0.0000 30.1987 -17.9751 22.8332
4.3873 16.5545 -15.1625 -3.5451 8.1037 30.0841 0.0000 0.0000 0.0000 -26.6681 12.0371 -26.9500 4.3218 12.5768 37.8041 -0.0912 43.8834 31.1763 0.0000 0.0382 0.1051 0.0000 0.0000 0.0000 28.8361 18.6251 -40.4905 -2.4833 -9.8075 28.3557 -1.8293 -20.2287 -39.2554 -1.0531 -6.5252 18.3162 4.1619 -0.6130 -17.6915 4.3218 -1.4046 -10.4997 1.9918 -0.7497 -1.3437 -0.1687 -2.1292 -16.2752 -2.7927 -2.0935 40.7769 -1.6665 -1.2501 17.8285 -0.0000 0.0000 0.0000 -86.4353 27.9016 35.7804 16.2825 -25.9022 -3.7685 -0.0000 0.0000 -2.5125 -8.6498 17.1474 -2.5681 -7.1250 0.0000 -0.0000 -33.0596 44.3573 0.5930 -0.0000 0.0000 0.0000 71.6150 -21.5931 46.2012 -14.1561 22.9575 -2.8887 0.0000 -0.0000 -10.0765 16.6871 14.1211 4.1829 7.1250 -0.0000 -0.0000 28.8283 -16.0269 22.8932
4.3979 16.5507 -15.1499 -3.7056 8.1635 29.9536 0.0000 0.0000 0.0000 -26.4815 12.1423 -26.6185 4.2396 12.4726 37.4251 1.6521 40.7858 35.3787 0.1415 -2.4243 -6.6797 0.0000 0.0000 0.0000 29.1576 18.3135 -40.2368 -2.4482 -9.7431 28.1486 -1.8655 -19.9104 -39.1350 -1.2011 -6.9534 19.5774 4.3963 -0.5984 -17.8566 4.4006 -1.4263 -10.5744 1.9401 -0.7688 -1.3467 -0.2622 -2.2241 -15.4618 -2.7468 -2.2369 40.7785 -1.6371 -1.3178 17.6128 -0.0000 -0.0000 0.0000 -86.4704 28.0287 35.6490 16.3610 -26.0077 -3.8029 -0.0000 0.0000 -2.3582 -8.5579 16.9279 -2.5089 -7.1250 0.0000 -0.0000 -32.8752 44.1809 0.7509 -0.0000 -0.0000 0.0000 70.7360 -21.4744 47.6557 -14.6873 23.7086 -3.0991 0.0000 -0.0000 -11.5668 17.1541 11.9482 3.6565 7.1250 -0.0000 -0.0000 29.5196 -17.9666 22.1374
4.4128 16.5415 -15.1403 -3.9425 7.9559 29.5609 0.0000 0.0000 0.0000 -26.3566 12.5236 -26.3466 4.2802 12.5242 37.6125 1.4551 39.7008 34.0056 0.2743 -3.3688 -9.3072 0.0000 0.0000 0.0000 29.4119 18.3190 -39.7603 -2.4606 -9.7659 28.2218 -2.3104 -19.0045 -40.4335 -1.3533 -7.3642 20.7991 4.7412 -0.4947 -17.5005 4.4711 -1.3076 -10.6799 1.8476 -0.7277 -1.6557 0.0193 -2.1686 -15.7096 -3.1110 -2.0990 41.5248 -1.8650 -1.2608 18.1062 -0.0000 0.0000 0.0000 -86.6142 27.9211 35.3663 16.0175 -25.5443 -3.6535 -0.0000 0.0000 -2.3478 -6.5107 14.3918 -1.6248 -7.1250 0.0000 -0.0000 -30.0343 42.2205 2.2901 -0.0000 0.0000 0.0000 70.0308 -21.6166 48.3839 -15.1641 24.3742 -3.2933 0.0000 -0.0000 -12.2412 17.3882 12.5226 3.8844 7.1250 -0.0000 -0.0000 29.5364 -17.4290 22.5748
4.4263 16.5350 -15.1461 -4.0758 8.0043 29.4472 0.0000 0.0000 0.0000 -26.3297 12.5811 -26.3080 4.2864 12.5321 37.6413 0.3481 41.9181 31.3356 0.0691 -1.6957 -4.6653 0.0000 0.0000 0.0000 29.4973 18.3607 -39.7242 -2.4873 -9.8149 28.3792 -1.7801 -20.1485 -38.9432 -0.9647 -6.2535 17.5217 5.0788 -0.4433 -17.2470 4.4796 -1.2517 -10.8957 1.6846 -0.7222 -2.0336 -0.1989 -2.2625 -15.3960 -2.8648 -2.2804 41.8747 -1.7511 -1.3302 18.2353 0.0000 0.0000 0.0000 -86.5331 28.1463 35.4830 16.0778 -25.6260 -3.6795 -0.0000 0.0000 -2.1408 -6.4284 14.1779 -1.5808 -7.1250 0.0000 -0.0000 -29.8754 42.0421 2.4223 0.0000 0.0000 0.0000 69.5103 -21.8501 48.9405 -15.6335 25.0212 -3.4895 0.0000 -0.0000 -12.6607 16.5260 13.3158 3.9093 7.1250 -0.0000 -0.0000 28.8894 -16.7698 22.4039
4.4449 16.5350 -15.1317 -4.1396 7.8863 29.3153 0.0000 0.0000 0.0000 -26.4491 13.0650 -26.2556 4.2667 12.5071 37.5504 0.0677 42.3790 30.6262 0.0218 -0.9542 -2.6229 0.0000 0.0000 0.0000 29.7356 17.8590 -39.6553 -2.4922 -9.8238 28.4080 -1.5814 -20.4406 -38.2472 -0.9051 -6.0627 16.9666 5.2155 -0.2675 -17.7373 4.3769 -1.0700 -10.9965 1.5240 -0.6379 -1.8968 -0.1087 -2.4870 -14.2097 -2.8673 -2.6728 41.9286 -1.8134 -1.4753 17.9321 -0.0000 0.0000 0.0000 -86.1407 28.5152 36.0715 16.0618 -25.6043 -3.6726 -0.0000 0.0000 -1.3805 -6.6360 13.6107 -1.5683 -7.1250 0.0000 -0.0000 -29.8019 41.5234 2.8422 -0.0000 0.0000 0.0000 69.3773 -21.9797 49.5184 -15.5716 24.9363 -3.4634 0.0000 -0.0000 -13.3945 16.5987 12.6755 3.7423 7.1250 -0.0000 -0.0000 29.0554 -17.3464 22.1404
4.4653 16.5384 -15.1299 -4.4940 8.2642 28.9876 0.0000 0.0000 0.0000 -25.9149 13.2333 -25.9331 4.2716 12.5134 37.5731 -0.6486 43.4425 28.7777 0.0010 0.1993 0.5475 0.0000 0.0000 0.0000 30.6133 16.6503 -39.5348 -2.4458 -9.7387 28.1346 -1.3955 -20.4130 -37.2815 -0.8026 -5.7177 15.9675 5.8783 -0.2404 -17.4420 4.5444 -1.0857 -11.1908 1.3375 -0.6811 -2.2827 -0.1325 -2.4137 -14.1457 -2.8846 -2.5457 42.4511 -1.8126 -1.4219 18.2328 -0.0000 0.0000 0.0000 -86.2766 28.4389 36.1537 16.0857 -25.6368 -3.6830 -0.0000 0.0000 -1.4139 -6.9651 14.0496 -1.6987 -7.1250 0.0000 -0.0000 -30.2535 41.8732 2.6018 -0.0000 0.0000 0.0000 68.9568 -22.0603 49.9937 -15.7985 25.2467 -3.5596 0.0000 -0.0000 -14.9577 16.3441 13.3186 3.8648 7.1250 -0.0000 -0.0000 28.7849 -16.7791 22.2881
4.4781 16.5422 -15.1276 -4.1171 8.0870 29.0676 0.0000 0.0000 0.0000 -26.4329 13.1666 -25.7490 4.1918 12.4114 37.2031 -0.6745 43.9541 29.1009 0.0001 0.0790 0.2170 0.0000 0.0000 0.0000 30.0433 16.7274 -39.6751 -2.4928 -9.8247 28.4111 -1.5866 -19.8661 -37.7178 -0.8216 -5.7835 16.1576 5.4701 -0.2865 -17.7429 4.5625 -1.1203 -11.1359 1.5745 -0.6724 -2.0532 -0.8746 -2.6325 -13.4233 -2.3210 -2.8866 41.9679 -1.4425 -1.6090 17.7760 -0.0000 -0.0000 0.0000 -86.5178 28.1237 35.9682 16.0238 -25.5530 -3.6562 -0.0000 0.0000 -0.7821 -6.7713 13.6033 -1.5996 -7.1250 0.0000 -0.0000 -29.9076 41.5030 2.8715 -0.0000 -0.0000 0.0000 68.8748 -21.6701 49.8071 -15.7867 25.2306 -3.5546 0.0000 -0.0000 -15.1088 14.0145 14.7412 3.6340 7.1250 -0.0000 -0.0000 27.1836 -15.6124 21.4688
4.4807 16.5427 -15.1368 -4.0434 7.9062 28.9339 0.0000 0.0000 0.0000 -26.5457 13.0823 -25.5752 4.1990 12.4206 37.2364 -1.7966 45.5197 26.3189 0.0588 1.5650 4.3049 0.0000 0.0000 0.0000 29.7091 17.2037 -39.6646 -2.5530 -9.9336 28.7620 -1.5298 -20.4221 -37.9716 -0.7541 -5.5463 15.4735 5.1699 -0.2709 -17.5746 4.6543 -1.0351 -11.2511 1.8571 -0.6143 -2.2544 -0.6243 -2.6559 -13.5449 -2.6149 -2.8860 42.4237 -1.6434 -1.6023 18.0651 -0.0000 0.0000 0.0000 -86.4926 28.1047 36.5061 16.1379 -25.7073 -3.7056 -0.0000 0.0000 -1.1986 -6.2341 13.3625 -1.4462 -7.1250 0.0000 -0.0000 -29.3752 41.3467 2.9355 -0.0000 0.0000 0.0000 69.2153 -21.8058 48.1671 -15.7930 25.2391 -3.5572 0.0000 -0.0000 -14.8027 14.2927 12.7057 3.2071 7.1250 -0.0000 -0.0000 27.7074 -17.4558 20.7097
4.4894 16.5538 -15.1397 -4.0990 7.9654 28.9880 0.0000 0.0000 0.0000 -26.5225 12.8772 -25.5195 4.1516 12.3594 37.0156 -1.1393 45.7107 28.8917 0.0335 1.1810 3.2468 0.0000 0.0000 0.0000 29.4915 17.5409 -40.0593 -2.6022 -10.0214 29.0461 -1.1294 -21.8759 -37.4331 -0.5304 -4.6670 12.9611 5.2577 -0.2661 -17.8339 4.7652 -1.0635 -11.2365 1.9191 -0.6266 -2.1068 -0.3253 -2.5665 -14.0959 -2.8192 -2.7617 43.0117 -1.8086 -1.5205 18.5653 0.0000 -0.0000 0.0000 -86.6167 27.8835 36.4854 16.1723 -25.7537 -3.7205 -0.0000 0.0000 -0.5770 -7.0033 13.7527 -1.6728 -7.1250 0.0000 -0.0000 -30.1571 41.6096 2.8119 0.0000 -0.0000 0.0000 69.8360 -21.5084 46.2977 -15.2606 24.5079 -3.3333 0.0000 -0.0000 -15.6724 10.6182 13.0509 2.4242 7.1250 -0.0000 -0.0000 25.4364 -17.2844 18.6790
4.4904 16.5544 -15.1452 -4.0689 7.8898 28.8480 0.0000 0.0000 0.0000 -26.5346 12.7934 -25.3189 4.1655 12.3774 37.0804 -9.2936 53.0484 8.1243 1.6249 8.0367 22.8255 0.0000 0.0000 0.0000 29.2943 17.9619 -39.7367 -2.5939 -10.0067 28.9985 -1.1910 -21.9908 -37.8683 -0.6027 -4.9695 13.8216 5.1145 -0.3063 -17.6887 4.8794 -1.0801 -11.2991 2.1210 -0.6259 -2.2439 -0.1762 -2.5632 -14.0713 -2.8977 -2.7811 43.1249 -1.8805 -1.5127 18.6220 0.0000 -0.0000 0.0000 -86.9185 27.7399 35.9785 16.2141 -25.8100 -3.7387 -0.0000 0.0000 -0.2737 -7.5375 14.1576 -1.8537 -7.1250 0.0000 -0.0000 -30.7602 41.9065 2.6274 0.0000 -0.0000 0.0000 70.7089 -21.6818 43.8996 -15.0860 24.2658 -3.2612 0.0000 -0.0000 -18.0248 5.4444 14.2115 1.3404 7.1250 -0.0000 -0.0000 22.0466 -16.2788 16.2454
4.4912 16.5404 -15.1636 -3.9227 8.1562 29.0249 0.0000 0.0000 0.0000 -26.5257 12.2366 -25.6239 4.2514 12.4877 37.4797 -0.0574 43.0326 30.6529 0.0342 -1.1932 -3.2805 0.0000 0.0000 0.0000 29.3506 17.5944 -39.6324 -2.5196 -9.8735 28.5682 -1.6755 -20.3154 -38.5911 -0.9988 -6.3600 17.8327 5.0828 -0.4259 -17.7775 4.9437 -1.2365 -11.3362 2.1833 -0.7007 -2.2364 -0.9528 -2.7494 -13.3223 -2.1458 -3.1435 42.6670 -1.4147 -1.6908 18.1702 -0.0000 0.0000 0.0000 -87.0746 27.3471 35.8537 16.0546 -25.5947 -3.6695 -0.0000 -0.0000 0.1400 -7.2255 13.4097 -1.6841 -7.1250 0.0000 -0.0000 -30.1900 41.2867 3.0864 -0.0000 0.0000 0.0000 72.1437 -21.0102 40.4210 -14.2847 23.1402 -2.9391 0.0000 -0.0000 -20.3774 -0.9599 15.6875 -0.2596 7.1250 -0.0000 -0.0000 17.7964 -14.7735 13.3406
4.4910 16.5434 -15.1634 -3.8287 8.0697 29.1142 0.0000 0.0000 0.0000 -26.6500 12.0882 -25.7000 4.2493 12.4850 37.4699 -9.1423 51.7605 6.0624 2.0730 9.0166 25.8471 0.0000 0.0000 0.0000 29.2122 17.6465 -39.6689 -2.5159 -9.8667 28.5461 -1.7476 -20.0797 -38.7207 -1.0323 -6.4625 18.1323 4.9721 -0.4034 -18.0710 4.9331 -1.2132 -11.3629 2.2351 -0.6815 -2.1118 -0.8147 -2.6841 -13.4914 -1.9315 -3.1831 42.8120 -1.3548 -1.6503 18.3061 -0.0000 -0.0000 0.0000 -87.1744 27.1676 35.6641 15.8794 -25.3568 -3.5941 -0.0000 -0.0000 0.7501 -7.1653 13.2172 -1.6464 -7.1250 0.0000 -0.0000 -30.0612 41.1245 3.2055 -0.0000 -0.0000 0.0000 73.7244 -20.9605 36.4834 -13.6839 22.2810 -2.7071 0.0000 -0.0000 -22.6084 -6.9591 17.9055 -2.1491 7.1250 -0.0000 -0.0000 13.7957 -12.3292 10.8588
4.4995 16.5398 -15.1408 -4.0161 7.6278 28.3233 0.0000 0.0000 0.0000 -26.5554 13.0499 -24.9237 4.2205 12.4482 37.3365 -7.2721 50.7963 11.9831 1.3110 7.2527 20.4661 0.0000 0.0000 0.0000 29.7999 16.8774 -38.7785 -2.5052 -9.8474 28.4839 -1.6309 -19.8669 -37.9415 -0.8944 -6.0279 16.8653 5.1325 -0.2610 -17.8451 4.9076 -1.0588 -11.0149 2.1362 -0.6089 -1.8522 -0.4597 -2.6835 -14.1271 -2.1474 -3.2214 43.3846 -1.5657 -1.6253 18.8212 0.0000 -0.0000 0.0000 -87.2492 26.7318 35.6354 15.6804 -25.0854 -3.5094 -0.0000 -0.0000 0.6851 -7.2298 13.5174 -1.6984 -7.1250 0.0000 -0.0000 -30.2388 41.3805 3.0138 0.0000 -0.0000 0.0000 75.4478 -20.4312 31.2574 -13.0312 21.3329 -2.4646 0.0000 -0.0000 -23.0629 -9.7369 18.2087 -3.0693 7.1250 -0.0000 -0.0000 11.9893 -11.8236 9.4937
4.5130 16.5380 -15.1261 -4.1118 7.3779 27.9310 0.0000 0.0000 0.0000 -26.6213 13.6373 -24.4452 4.1546 12.3634 37.0298 0.1362 42.5564 31.0122 0.0375 -1.2504 -3.4380 0.0000 0.0000 0.0000 30.2420 15.8942 -38.6006 -2.5185 -9.8715 28.5615 -1.5233 -19.5134 -37.0544 -0.7684 -5.5975 15.6209 5.3132 -0.1878 -17.5532 4.9227 -0.9620 -11.0536 2.0695 -0.5724 -2.0504 -0.4783 -2.6038 -14.0077 -1.9692 -3.1766 43.6420 -1.4739 -1.5820 18.9593 -0.0000 0.0000 0.0000 -87.4266 27.0036 35.8804 15.7749 -25.2145 -3.5495 -0.0000 0.0000 -0.0481 -6.5746 13.2744 -1.5159 -7.1250 0.0000 -0.0000 -29.6123 41.2347 3.0563 -0.0000 0.0000 0.0000 76.7045 -20.6779 28.4660 -13.0861 21.4132 -2.4846 0.0000 -0.0000 -23.1891 -13.7337 16.6960 -4.0164 7.1250 -0.0000 -0.0000 9.3623 -12.9882 7.1164
4.5060 16.5359 -15.1228 -3.9990 7.5751 27.8555 0.0000 0.0000 0.0000 -26.5644 13.5061 -24.3203 4.1774 12.3928 37.1360 -8.6472 51.3588 7.3463 1.9082 8.6721 24.7749 0.0000 0.0000 0.0000 29.9086 16.5740 -38.2955 -2.5251 -9.8834 28.5999 -1.6536 -19.7575 -37.9510 -0.8728 -5.9565 16.6582 5.1359 -0.3855 -17.2149 5.0793 -1.1415 -11.4094 2.3206 -0.6576 -2.6070 -0.3187 -2.5441 -13.4819 -2.2781 -3.0084 43.6969 -1.6076 -1.5344 18.8347 0.0000 -0.0000 0.0000 -87.9245 27.7709 35.6357 15.9545 -25.4589 -3.6264 -0.0000 0.0000 -0.5025 -6.2009 13.8186 -1.4866 -7.1250 0.0000 -0.0000 -29.5388 41.7510 2.6260 0.0000 -0.0000 0.0000 77.6746 -21.0747 24.9258 -12.4585 20.4887 -2.2602 0.0000 -0.0000 -21.1579 -14.4570 17.0058 -4.3121 7.1250 -0.0000 -0.0000 8.8870 -12.6074 6.8173
4.4980 16.5375 -15.1330 -4.0305 7.6688 28.1414 0.0000 0.0000 0.0000 -26.5613 13.2582 -24.7430 4.2136 12.4393 37.3044 -8.4027 51.2661 8.1989 1.8061 8.4499 24.0891 0.0000 0.0000 0.0000 29.9707 16.5406 -38.6737 -2.5200 -9.8741 28.5700 -1.6530 -19.5885 -37.7880 -0.9493 -6.2050 17.3803 5.1437 -0.4130 -17.5577 5.1137 -1.2027 -11.4696 2.3417 -0.6859 -2.4959 -0.5802 -2.6862 -12.9254 -1.9515 -3.2891 43.2386 -1.4261 -1.6562 18.4039 0.0000 0.0000 0.0000 -88.0963 27.6765 35.4545 16.0424 -25.5781 -3.6642 -0.0000 0.0000 -0.3091 -5.4953 13.6464 -1.3003 -7.1250 0.0000 -0.0000 -28.8957 41.6724 2.6188 0.0000 0.0000 0.0000 78.9680 -20.3921 20.4264 -11.2220 18.6277 -1.8462 0.0000 -0.0000 -20.0676 -14.2754 19.5001 -4.8547 7.1250 -0.0000 -0.0000 9.0628 -10.1042 7.4282
4.5025 16.5343 -15.1240 -4.2416 7.5420 27.8102 0.0000 0.0000 0.0000 -26.3569 13.5231 -24.4413 4.2149 12.4410 37.3105 -0.8021 44.1762 28.8130 0.0001 -0.0758 -0.2082 0.0000 0.0000 0.0000 30.4353 15.9967 -38.3764 -2.5046 -9.8463 28.4806 -1.6231 -19.3352 -37.3963 -0.8882 -6.0073 16.8055 5.4897 -0.3450 -17.8381 5.1008 -1.2202 -11.0504 2.1181 -0.7035 -1.9039 -0.4251 -2.6702 -13.5234 -1.9277 -3.3317 43.3551 -1.4711 -1.6400 18.6374 -0.0000 -0.0000 0.0000 -88.2654 26.9882 34.9297 16.0321 -25.5641 -3.6598 -0.0000 -0.0000 0.3096 -6.4065 15.2631 -1.6931 -7.1250 0.0000 -0.0000 -30.3338 42.9927 1.6707 -0.0000 -0.0000 0.0000 80.0930 -19.7235 17.2519 -10.5946 17.6642 -1.6508 0.0000 -0.0000 -18.6698 -15.1609 19.1449 -5.0782 7.1250 -0.0000 -0.0000 8.4787 -10.3666 6.8925
4.4987 16.5370 -15.1315 -4.2521 7.8228 27.9919 0.0000 0.0000 0.0000 -26.2187 13.0461 -24.6193 4.2163 12.4428 37.3169 0.5474 42.2312 32.2932 0.1019 -2.0587 -5.6679 0.0000 0.0000 0.0000 30.6465 15.5908 -38.7416 -2.4827 -9.8063 28.3518 -1.3499 -19.9018 -36.5313 -0.7087 -5.3804 14.9967 5.6639 -0.4577 -18.1370 5.1510 -1.4150 -11.1112 2.0416 -0.8075 -1.8231 -0.4330 -2.6491 -13.6069 -1.9800 -3.2813 43.5702 -1.4955 -1.6259 18.7964 -0.0000 0.0000 0.0000 -88.4416 26.8952 34.9406 16.0108 -25.5353 -3.6506 -0.0000 -0.0000 0.5601 -5.8492 15.6359 -1.5816 -7.1250 0.0000 -0.0000 -30.0449 43.3805 1.3308 -0.0000 0.0000 0.0000 80.9416 -19.4964 14.2294 -9.8619 16.5233 -1.4354 0.0000 -0.0000 -16.9258 -15.6212 18.8032 -5.1497 7.1250 -0.0000 -0.0000 8.1682 -10.6627 6.5848
4.4922 16.5408 -15.1357 -4.3929 7.8645 28.0831 0.0000 0.0000 0.0000 -26.0582 13.0336 -24.8753 4.2228 12.4511 37.3470 1.7158 40.8623 35.6537 0.2043 -2.9102 -8.0289 0.0000 0.0000 0.0000 30.6680 16.0019 -38.6773 -2.4647 -9.7734 28.2461 -1.4506 -19.7132 -36.8716 -0.8758 -5.9662 16.6865 5.8797 -0.4160 -18.4199 5.1014 -1.4188 -11.0957 1.8637 -0.8188 -1.6712 -0.4926 -2.7026 -13.0878 -1.8458 -3.4015 43.2713 -1.4192 -1.6742 18.4677 -0.0000 0.0000 0.0000 -88.3718 26.7598 35.1492 16.0417 -25.5771 -3.6639 -0.0000 0.0000 -0.0722 -4.9397 15.8645 -1.3534 -7.1250 0.0000 -0.0000 -29.3968 43.6838 1.0524 -0.0000 0.0000 0.0000 82.0896 -19.0534 9.4616 -8.9189 15.0311 -1.1790 0.0000 -0.0000 -13.3399 -15.7041 19.8806 -5.4616 7.1250 -0.0000 -0.0000 8.1548 -9.5576 6.7583
4.4837 16.5444 -15.1364 -4.5985 7.8827 28.0745 0.0000 0.0000 0.0000 -25.8037 13.2453 -25.1778 4.2697 12.5110 37.5644 1.8812 39.6441 35.5474 0.3597 -3.8527 -10.6625 0.0000 0.0000 0.0000 30.9034 16.1111 -38.5776 -2.4445 -9.7364 28.1272 -1.3925 -19.9472 -36.8001 -0.8408 -5.8489 16.3465 6.0930 -0.3899 -18.4862 5.1312 -1.4226 -11.1037 1.7754 -0.8298 -1.6543 -0.4752 -2.7618 -13.0572 -1.8497 -3.5039 43.2651 -1.4426 -1.7145 18.4530 0.0000 0.0000 0.0000 -88.4179 26.6872 35.4949 15.7665 -25.2031 -3.5460 -0.0000 0.0000 -1.5381 -2.9896 15.1575 -0.7824 -7.1250 0.0000 -0.0000 -27.4656 43.2773 1.2713 0.0000 0.0000 0.0000 82.9313 -19.0704 6.9597 -8.5094 14.3751 -1.0751 0.0000 -0.0000 -12.1394 -16.4703 20.6462 -5.9513 7.1250 -0.0000 -0.0000 7.6980 -8.6854 6.5078
4.4923 16.5384 -15.1338 -4.9656 7.0954 28.1910 0.0000 0.0000 0.0000 -25.9255 13.8563 -25.5320 4.2616 12.5006 37.5269 -1.3905 45.5568 27.8481 0.0746 1.7617 4.8474 0.0000 0.0000 0.0000 31.6877 14.9543 -38.8905 -2.4113 -9.6748 27.9301 -1.3333 -18.6354 -35.1820 -0.6494 -5.1551 14.3513 6.3708 -0.0819 -18.7814 5.1701 -1.0976 -11.0665 1.7129 -0.6756 -1.4698 -0.4843 -2.6946 -12.8122 -1.8259 -3.4045 43.1262 -1.4002 -1.6773 18.3023 0.0000 -0.0000 0.0000 -88.6237 26.7491 35.3110 15.7045 -25.1183 -3.5196 -0.0000 0.0000 -2.0370 -2.3555 15.6074 -0.6341 -7.1250 0.0000 -0.0000 -27.1256 43.7487 0.9091 0.0000 -0.0000 0.0000 83.4953 -18.7342 3.8208 -7.9410 13.4572 -0.9384 0.0000 -0.0000 -10.8853 -17.2399 19.9851 -6.0541 7.1250 -0.0000 -0.0000 7.1708 -9.2646 5.9710
4.4837 16.5306 -15.1444 -4.9613 6.6029 28.0066 0.0000 0.0000 0.0000 -26.0151 14.0436 -25.1649 4.2212 12.4491 37.3397 -0.3635 43.7842 30.1091 0.0075 0.5590 1.5361 0.0000 0.0000 0.0000 31.6083 15.1962 -38.5667 -2.4003 -9.6543 27.8643 -1.6887 -17.8179 -36.3281 -0.9132 -6.0890 17.0428 6.2059 -0.1074 -18.5480 5.2450 -1.1086 -10.8227 1.8791 -0.6683 -1.3140 -0.5424 -2.5651 -13.3481 -1.8463 -3.1726 43.1085 -1.3707 -1.5959 18.4437 0.0000 -0.0000 0.0000 -88.9967 26.3867 34.6508 15.6235 -25.0075 -3.4853 -0.0000 0.0000 -1.9589 -2.2970 16.0281 -0.6345 -7.1250 0.0000 -0.0000 -27.2576 44.1303 0.6349 0.0000 -0.0000 0.0000 83.6965 -17.8808 2.1030 -7.3603 12.5106 -0.8079 0.0000 -0.0000 -10.1257 -18.0094 20.1030 -6.3758 7.1250 -0.0000 -0.0000 6.6823 -9.0452 5.5878
4.4805 16.5494 -15.1581 -4.8122 6.5417 28.0123 0.0000 0.0000 0.0000 -26.0697 13.7746 -24.9369 4.1463 12.3526 36.9912 1.1021 41.4137 33.7719 0.0276 -1.0728 -2.9491 0.0000 0.0000 0.0000 31.1193 15.7521 -38.7796 -2.4565 -9.7584 28.1980 -1.7635 -18.1573 -37.0268 -0.9694 -6.2685 17.5655 6.1498 -0.1312 -18.9028 5.0591 -1.1683 -10.7721 1.6978 -0.6969 -1.0790 -0.4284 -2.6137 -12.5906 -1.7747 -3.3202 42.8707 -1.3579 -1.6362 18.0868 0.0000 0.0000 0.0000 -88.6555 26.6263 35.0154 15.7474 -25.1770 -3.5378 -0.0000 0.0000 -2.4887 -1.8890 16.2387 -0.5284 -7.1250 0.0000 -0.0000 -27.0041 44.3652 0.4582 0.0000 0.0000 0.0000 84.3854 -17.7666 -0.4562 -7.0161 11.9457 -0.7350 0.0000 -0.0000 -8.1676 -18.4092 20.5361 -6.6596 7.1250 -0.0000 -0.0000 6.4515 -8.5462 5.4567
4.4778 16.5446 -15.1726 -4.7203 6.3494 28.1919 0.0000 0.0000 0.0000 -26.2305 13.6507 -25.1644 4.1560 12.3652 37.0364 1.5667 40.3918 34.8329 0.0213 -0.9431 -2.5922 0.0000 0.0000 0.0000 30.8333 16.2169 -38.8374 -2.4583 -9.7618 28.2086 -1.6768 -18.3758 -36.7765 -0.9006 -6.0482 16.9244 5.9875 -0.2128 -18.9491 5.1454 -1.2719 -10.6024 1.8583 -0.7352 -0.8630 -0.5971 -2.5492 -13.2433 -1.8096 -3.1477 42.8948 -1.3305 -1.5970 18.2862 -0.0000 0.0000 0.0000 -88.9236 26.1227 34.8318 15.5593 -24.9195 -3.4582 -0.0000 0.0000 -2.4454 -1.6819 16.2232 -0.4700 -7.1250 0.0000 -0.0000 -26.8216 44.3753 0.4473 -0.0000 0.0000 0.0000 84.3949 -16.9132 -3.1288 -6.5600 11.1929 -0.6435 0.0000 -0.0000 -5.9750 -18.4968 20.2480 -6.6041 7.1250 -0.0000 -0.0000 6.3777 -8.8316 5.3571
4.4808 16.5473 -15.1859 -5.0801 6.3536 28.1057 0.0000 0.0000 0.0000 -25.8846 13.7235 -25.2951 4.1948 12.4152 37.2169 2.6185 37.7420 37.2447 0.2265 -3.0633 -8.4551 0.0000 0.0000 0.0000 31.3612 15.9558 -38.7321 -2.4094 -9.6712 27.9185 -1.7150 -18.1646 -36.7819 -0.9531 -6.2171 17.4157 6.4467 -0.1647 -18.9116 5.1913 -1.2876 -10.5066 1.6466 -0.7598 -0.7941 -0.6357 -2.5806 -12.9628 -1.8712 -3.1595 42.7299 -1.3430 -1.6225 18.1083 0.0000 -0.0000 0.0000 -88.7955 26.1860 34.7974 15.6778 -25.0819 -3.5083 -0.0000 0.0000 -2.3981 -1.6166 15.7810 -0.4398 -7.1250 0.0000 -0.0000 -26.5764 43.9872 0.7180 0.0000 -0.0000 0.0000 84.4665 -16.6897 -4.9482 -6.2700 10.7117 -0.5884 0.0000 -0.0000 -4.9890 -17.4544 20.3684 -6.2454 7.1250 -0.0000 -0.0000 7.0534 -8.8445 5.9314
4.4798 16.5585 -15.1974 -5.0522 6.2028 28.2182 0.0000 0.0000 0.0000 -26.0385 13.6993 -25.3870 4.1568 12.3662 37.0400 1.5601 39.8988 34.5142 0.0155 -0.8045 -2.2111 0.0000 0.0000 0.0000 31.2695 15.9194 -39.1811 -2.4517 -9.7495 28.1693 -1.3335 -19.0086 -35.5521 -0.7809 -5.6416 15.7481 6.4571 -0.1272 -18.9729 5.0925 -1.2382 -10.5967 1.5455 -0.7410 -0.8629 -0.7060 -2.5962 -12.4703 -1.7437 -3.2182 42.5890 -1.2650 -1.6454 17.8956 -0.0000 -0.0000 0.0000 -88.6177 26.3930 34.8645 15.6898 -25.0982 -3.5133 -0.0000 0.0000 -2.3836 -1.0944 15.9608 -0.3010 -7.1250 0.0000 -0.0000 -26.2099 44.2079 0.5524 -0.0000 -0.0000 0.0000 84.5178 -16.8691 -4.2072 -6.4913 11.0791 -0.6302 0.0000 -0.0000 -6.1364 -15.0205 18.7231 -4.9229 7.1250 -0.0000 -0.0000 8.5568 -10.8097 6.8793
4.4780 16.5454 -15.2168 -5.1623 6.0441 28.2900 0.0000 0.0000 0.0000 -26.0424 13.7400 -25.7696 4.2264 12.4558 37.3641 1.0938 40.8597 33.3852 0.0001 -0.0759 -0.2086 0.0000 0.0000 0.0000 31.5043 15.7904 -39.0196 -2.4106 -9.6734 27.9255 -1.6719 -17.5555 -35.9999 -1.0972 -6.6561 18.7003 6.4838 -0.1077 -18.9010 5.0806 -1.2047 -10.6746 1.5261 -0.7296 -0.9854 -0.5816 -2.5544 -12.1677 -1.7347 -3.2015 42.6100 -1.2736 -1.6196 17.8236 -0.0000 -0.0000 0.0000 -88.6042 26.4872 34.3174 15.5119 -24.8544 -3.4382 -0.0000 0.0000 -1.7114 -1.0597 15.6167 -0.2853 -7.1250 0.0000 -0.0000 -26.0353 43.9025 0.7599 -0.0000 -0.0000 0.0000 84.3115 -17.0536 -4.0062 -6.4966 11.0879 -0.6313 0.0000 -0.0000 -5.8493 -11.2314 16.6144 -3.2497 7.1250 -0.0000 -0.0000 11.0207 -13.2840 8.3528
4.4735 16.5434 -15.2241 -5.0691 5.9242 28.1796 0.0000 0.0000 0.0000 -26.1629 13.8321 -25.7326 4.2310 12.4616 37.3851 3.1194 36.4830 38.4957 0.5344 -4.6840 -13.0094 0.0000 0.0000 0.0000 31.2497 16.1636 -39.0032 -2.4416 -9.7309 28.1098 -1.4221 -18.6260 -35.6589 -0.8105 -5.7453 16.0471 6.3145 -0.1211 -18.8136 5.0258 -1.1949 -10.5767 1.5624 -0.7170 -0.9171 -0.6043 -2.5831 -12.3026 -1.7107 -3.2475 42.5404 -1.2680 -1.6393 17.8190 0.0000 -0.0000 0.0000 -88.4871 26.3897 34.3773 15.4287 -24.7399 -3.4033 -0.0000 0.0000 -1.9167 -0.8587 15.0551 -0.2231 -7.1250 0.0000 -0.0000 -25.6339 43.4190 1.0761 0.0000 -0.0000 0.0000 84.0173 -17.1461 -2.6420 -6.7284 11.4713 -0.6766 0.0000 -0.0000 -6.7260 -6.2271 14.8458 -1.6014 7.1250 -0.0000 -0.0000 14.3926 -15.3544 10.4063
4.4735 16.5531 -15.2110 -4.6813 6.2442 27.5285 0.0000 0.0000 0.0000 -26.1764 13.9661 -24.6675 4.1629 12.3741 37.0684 1.6890 40.2133 35.1739 0.0780 -1.8016 -4.9577 0.0000 0.0000 0.0000 30.6433 16.5579 -38.3616 -2.4994 -9.8368 28.4497 -1.5410 -19.2223 -36.8654 -0.9661 -6.2581 17.5351 5.9360 -0.4396 -18.5063 5.0094 -1.5510 -10.2295 1.6894 -0.8735 -0.6844 -0.7614 -2.5567 -12.5903 -1.5841 -3.2098 42.5428 -1.1817 -1.6314 17.9068 -0.0000 0.0000 0.0000 -88.5942 26.2768 34.1111 15.7168 -25.1351 -3.5248 -0.0000 0.0000 -1.9795 -1.2084 15.3555 -0.3201 -7.1250 0.0000 -0.0000 -26.0526 43.6511 0.9351 -0.0000 0.0000 0.0000 83.4648 -17.0564 0.0682 -6.5730 11.2145 -0.6460 0.0000 -0.0000 -5.1719 -3.5492 14.2118 -0.8724 7.1250 -0.0000 -0.0000 16.2095 -16.0896 11.5596
4.4654 16.5355 -15.2400 -4.5232 6.5605 27.5840 0.0000 0.0000 0.0000 -26.1489 13.4972 -24.8458 4.2350 12.4667 37.4038 1.2905 41.0149 34.2058 0.0313 -1.1424 -3.1408 0.0000 0.0000 0.0000 30.6672 16.4268 -38.1841 -2.4538 -9.7534 28.1818 -1.9961 -17.7906 -37.8855 -1.3823 -7.4395 21.0242 5.7053 -0.6846 -18.1131 5.0925 -1.7894 -10.3922 1.8759 -0.9897 -1.0527 -0.7292 -2.4742 -12.6739 -1.6116 -3.0829 42.6266 -1.1821 -1.5782 17.9792 0.0000 0.0000 0.0000 -88.6454 26.3779 34.3207 15.7596 -25.1936 -3.5430 -0.0000 0.0000 -2.0582 -1.5816 15.5662 -0.4245 -7.1250 0.0000 -0.0000 -26.4558 43.7986 0.8476 0.0000 0.0000 0.0000 82.6535 -17.8394 6.4843 -7.3179 12.4412 -0.7987 0.0000 -0.0000 -6.8070 -1.8974 12.6704 -0.4163 7.1250 -0.0000 -0.0000 17.4328 -17.6207 11.9036
4.4664 16.5341 -15.2451 -4.5696 6.4797 27.4752 0.0000 0.0000 0.0000 -26.1407 13.5124 -24.8140 4.2531 12.4897 37.4873 0.5395 42.0093 32.1092 0.0036 0.3887 1.0679 0.0000 0.0000 0.0000 30.7647 16.3200 -38.1130 -2.4511 -9.7485 28.1660 -1.4411 -19.1527 -36.2731 -0.9342 -6.1567 17.2396 5.5740 -0.7410 -17.9238 5.1731 -1.8316 -10.3597 2.0303 -1.0041 -1.1063 -0.6736 -2.4002 -12.8379 -1.5440 -3.0157 42.6609 -1.1532 -1.5317 18.0452 -0.0000 0.0000 0.0000 -88.7159 26.2028 34.6248 15.6903 -25.0989 -3.5136 -0.0000 0.0000 -2.6911 -1.5603 15.7631 -0.4240 -7.1250 0.0000 -0.0000 -26.5211 43.9776 0.7231 -0.0000 0.0000 0.0000 81.6663 -18.3145 11.6310 -7.7763 13.1896 -0.9004 0.0000 -0.0000 -6.4084 -1.0624 13.0813 -0.2405 7.1250 -0.0000 -0.0000 17.9512 -17.2509 12.4499
4.4747 16.5335 -15.2529 -4.5476 6.6929 27.5104 0.0000 0.0000 0.0000 -26.0938 13.2018 -24.7957 4.2875 12.5334 37.6461 -0.8722 44.1005 28.4895 0.1607 2.5828 7.1193 0.0000 0.0000 0.0000 30.7904 16.0047 -38.3480 -2.4640 -9.7722 28.2423 -1.6462 -18.3772 -36.6177 -1.1254 -6.7383 18.9424 5.5602 -0.7259 -17.9923 5.0912 -1.8123 -10.3661 1.9530 -0.9949 -1.0798 -0.5951 -2.4524 -12.5749 -1.3117 -3.2203 42.5541 -1.0865 -1.5706 17.9125 -0.0000 0.0000 0.0000 -88.4703 26.4155 35.2333 15.8497 -25.3164 -3.5814 -0.0000 0.0000 -2.5332 -1.4385 15.3397 -0.3806 -7.1250 0.0000 -0.0000 -26.2404 43.6114 0.9708 -0.0000 0.0000 0.0000 80.7927 -18.5301 15.5477 -8.0967 13.7094 -0.9749 0.0000 -0.0000 -4.7254 0.6862 14.3821 0.1704 7.1250 -0.0000 -0.0000 18.9765 -16.0595 13.7719
4.4813 16.5284 -15.2623 -4.6370 6.5672 27.5779 0.0000 0.0000 0.0000 -26.1477 13.2045 -24.9606 4.3242 12.5798 37.8152 0.1142 42.2182 30.6808 0.0210 0.9357 2.5720 0.0000 0.0000 0.0000 31.0045 15.5765 -38.6226 -2.4742 -9.7908 28.3018 -1.8848 -17.3596 -36.9452 -1.2964 -7.2138 20.3504 5.5569 -0.6686 -17.9183 5.1178 -1.7409 -10.2399 1.9928 -0.9559 -0.9794 -0.5860 -2.4291 -13.1699 -1.1468 -3.2577 42.6588 -1.0341 -1.5556 18.1410 -0.0000 -0.0000 0.0000 -88.4755 25.8245 35.4152 15.6654 -25.0648 -3.5030 -0.0000 0.0000 -2.2073 -1.6068 14.6293 -0.4059 -7.1250 0.0000 -0.0000 -26.0908 42.9546 1.4223 -0.0000 -0.0000 0.0000 79.5267 -18.6675 20.3223 -8.5157 14.3853 -1.0766 0.0000 -0.0000 -3.4030 1.5975 13.8151 0.3816 7.1250 -0.0000 -0.0000 19.6253 -16.6131 14.0518
4.5011 16.5272 -15.2507 -4.9968 6.6201 27.0234 0.0000 0.0000 0.0000 -25.7728 13.6950 -24.3731 4.3100 12.5619 37.7499 -0.1325 42.3974 29.8901 0.0233 0.9860 2.7102 0.0000 0.0000 0.0000 31.7087 14.6763 -38.1160 -2.4467 -9.7404 28.1399 -1.5342 -17.7215 -35.4086 -0.9918 -6.3385 17.7697 6.1263 -0.6074 -17.2133 5.1061 -1.6677 -10.3604 1.6895 -0.9549 -1.4989 -0.6243 -2.3827 -12.7834 -0.9175 -3.2790 42.7752 -0.9181 -1.5404 18.1151 0.0000 -0.0000 0.0000 -88.4738 26.5107 35.0753 15.5597 -24.9200 -3.4583 -0.0000 0.0000 -1.6266 -1.8125 13.7675 -0.4315 -7.1250 0.0000 -0.0000 -25.9209 42.1576 1.9642 0.0000 -0.0000 0.0000 77.9924 -19.6606 26.1565 -9.0849 15.2957 -1.2224 0.0000 -0.0000 -4.1950 2.9533 13.1081 0.6703 7.1250 -0.0000 -0.0000 20.5845 -17.2957 14.5063
4.5007 16.5281 -15.2612 -4.9605 6.5935 27.0705 0.0000 0.0000 0.0000 -25.8828 13.8069 -24.5005 4.3029 12.5529 37.7172 -0.6438 43.2876 28.6692 0.0450 1.3688 3.7643 0.0000 0.0000 0.0000 31.5992 14.8632 -38.2055 -2.4488 -9.7441 28.1520 -1.4364 -18.1817 -35.3085 -0.9441 -6.1884 17.3319 5.9956 -0.5566 -17.8135 5.0021 -1.6824 -9.7996 1.6254 -0.9369 -0.5766 -0.4530 -2.4346 -13.2918 -0.7835 -3.4591 42.3706 -0.9212 -1.5675 18.0066 -0.0000 0.0000 0.0000 -88.3300 25.6053 34.7484 15.6482 -25.0413 -3.4957 -0.0000 0.0000 -1.1306 -2.4032 13.9529 -0.5798 -7.1250 0.0000 -0.0000 -26.4840 42.2635 1.9388 -0.0000 0.0000 0.0000 76.8005 -19.1819 30.0955 -9.6014 16.1137 -1.3622 0.0000 -0.0000 -3.5374 5.6770 12.6497 1.2471 7.1250 -0.0000 -0.0000 22.3992 -17.7311 15.7701
4.4860 16.5343 -15.2952 -4.6517 7.1173 27.8519 0.0000 0.0000 0.0000 -26.0417 12.9956 -25.4958 4.4067 12.6828 38.1924 0.1821 41.7508 30.5927 0.0009 -0.1939 -0.5327 0.0000 0.0000 0.0000 31.0362 15.5294 -39.2447 -2.4870 -9.8143 28.3775 -1.3693 -18.8374 -35.5784 -0.9707 -6.2724 17.5770 5.6806 -0.8149 -17.7300 4.9327 -1.9292 -10.2616 1.7001 -1.0636 -1.1115 -0.3598 -2.4181 -13.1981 -0.6076 -3.5372 42.1805 -0.8647 -1.5643 17.8708 0.0000 -0.0000 0.0000 -88.1279 25.8806 34.6539 15.6946 -25.1048 -3.5154 -0.0000 0.0000 -0.7095 -2.8317 14.1812 -0.6943 -7.1250 0.0000 -0.0000 -26.9307 42.4234 1.8612 0.0000 -0.0000 0.0000 75.5535 -19.3133 32.3803 -9.8031 16.4310 -1.4187 0.0000 -0.0000 -2.5946 7.1848 13.9490 1.7406 7.1250 -0.0000 -0.0000 23.1756 -16.5172 17.1039
4.4765 16.5435 -15.3309 -4.3274 7.5286 28.6353 0.0000 0.0000 0.0000 -26.3403 12.1892 -26.4293 4.4605 12.7492 38.4367 -0.4981 43.1010 29.0656 0.0199 0.9104 2.5022 0.0000 0.0000 0.0000 30.3176 16.3340 -40.1328 -2.4927 -9.8246 28.4105 -1.6617 -18.6262 -36.9297 -1.3596 -7.3807 20.8483 5.3728 -1.0088 -17.9937 4.8805 -2.1450 -10.4589 1.7814 -1.1627 -1.1787 -0.3525 -2.4523 -13.3272 -0.5931 -3.5933 41.9911 -0.8688 -1.5863 17.7931 -0.0000 0.0000 0.0000 -87.8510 25.5747 35.1228 15.6682 -25.0688 -3.5042 -0.0000 0.0000 -1.0270 -3.2051 14.8302 -0.8212 -7.1250 0.0000 -0.0000 -27.5075 42.9625 1.5074 -0.0000 0.0000 0.0000 74.2184 -19.1196 34.5349 -10.1339 16.9487 -1.5137 0.0000 -0.0000 -3.8706 8.1020 13.4681 1.8990 7.1250 -0.0000 -0.0000 23.8166 -16.9522 17.4230
4.4826 16.5464 -15.3384 -4.5262 7.4754 28.5830 0.0000 0.0000 0.0000 -26.1990 12.2862 -26.4932 4.4842 12.7783 38.5440 -6.7000 49.2671 11.7240 2.3282 9.5186 27.4315 0.0000 0.0000 0.0000 30.6068 16.1233 -40.0294 -2.4550 -9.7556 28.1889 -1.4262 -18.9401 -35.9863 -1.1055 -6.6806 18.7725 5.6653 -0.8867 -17.9472 4.8255 -2.0376 -10.2704 1.5731 -1.1187 -1.0131 -0.2492 -2.5107 -13.8016 -0.7102 -3.6703 42.0364 -0.9675 -1.6128 17.9393 -0.0000 -0.0000 0.0000 -87.5442 25.2530 35.4223 15.8198 -25.2757 -3.5687 -0.0000 0.0000 -1.4901 -3.4322 14.8549 -0.8809 -7.1250 0.0000 -0.0000 -27.7066 42.9600 1.5222 -0.0000 -0.0000 0.0000 72.7375 -19.0631 37.4794 -10.6826 17.8002 -1.6776 0.0000 -0.0000 -4.4099 9.9093 12.4104 2.1501 7.1250 -0.0000 -0.0000 25.1038 -17.8913 17.9970
4.4795 16.5460 -15.3431 -4.4759 7.3620 28.7063 0.0000 0.0000 0.0000 -26.3116 12.2044 -26.5787 4.4652 12.7550 38.4582 -7.4174 49.6122 9.2504 2.8159 10.3909 30.2521 0.0000 0.0000 0.0000 30.5032 16.2940 -40.0464 -2.4427 -9.7330 28.1162 -1.4299 -18.9091 -35.9760 -1.1710 -6.8688 19.3274 5.5285 -0.9333 -17.8963 4.8508 -2.0672 -10.3834 1.6756 -1.1309 -1.1548 -0.3243 -2.4682 -13.5334 -0.7167 -3.5775 42.0758 -0.9350 -1.5907 17.8933 0.0000 -0.0000 0.0000 -87.5753 25.2667 35.1308 15.5661 -24.9288 -3.4610 -0.0000 0.0000 -1.3379 -3.6650 14.6016 -0.9251 -7.1250 0.0000 -0.0000 -27.7933 42.7097 1.7162 0.0000 -0.0000 0.0000 71.1339 -19.2178 39.5124 -10.7357 17.8820 -1.6939 0.0000 -0.0000 -3.4394 10.6068 13.0984 2.4302 7.1250 -0.0000 -0.0000 25.4217 -17.2412 18.6929
4.4767 16.5443 -15.3593 -4.4558 7.4191 28.8458 0.0000 0.0000 0.0000 -26.2927 11.7915 -26.7055 4.4727 12.7641 38.4919 -1.3891 43.8270 26.2970 0.3086 3.5714 9.8739 0.0000 0.0000 0.0000 30.3509 16.6041 -40.3004 -2.4623 -9.7690 28.2317 -1.3385 -19.4365 -36.0051 -1.0745 -6.5892 18.5040 5.6641 -0.8295 -17.2285 4.6423 -1.8592 -10.7900 1.4378 -1.0559 -1.9531 -0.2519 -2.5510 -13.1532 -0.5634 -3.7994 42.2216 -0.9117 -1.6474 17.8805 0.0000 -0.0000 0.0000 -86.8961 25.8410 35.9833 15.8078 -25.2594 -3.5636 -0.0000 0.0000 -1.3266 -4.6907 15.5975 -1.2639 -7.1250 0.0000 -0.0000 -29.0713 43.4774 1.2018 0.0000 -0.0000 0.0000 70.0251 -20.0538 40.4902 -11.2378 18.6518 -1.8512 0.0000 -0.0000 -3.0379 12.2670 11.7680 2.5391 7.1250 -0.0000 -0.0000 26.6634 -18.4026 19.0650
4.4755 16.5605 -15.3513 -4.4095 7.2409 28.4911 0.0000 0.0000 0.0000 -26.2972 12.2307 -26.2461 4.4273 12.7083 38.2862 -2.3661 45.1802 23.8249 0.6826 5.2825 14.7161 0.0000 0.0000 0.0000 29.8629 17.2986 -40.1270 -2.5560 -9.9390 28.7795 -1.2644 -20.2725 -36.4553 -0.9639 -6.2513 17.5153 5.4697 -0.8554 -17.0125 4.6979 -1.8663 -10.5592 1.6013 -1.0446 -1.8022 -0.2307 -2.5148 -13.1929 -0.6606 -3.7071 42.2144 -0.9444 -1.6197 17.8830 0.0000 0.0000 0.0000 -87.0485 25.9561 35.5704 15.9289 -25.4242 -3.6154 -0.0000 0.0000 -0.7569 -5.0989 15.2032 -1.3405 -7.1250 0.0000 -0.0000 -29.2347 43.0853 1.5231 0.0000 0.0000 0.0000 68.4936 -19.9951 41.7667 -11.1989 18.5926 -1.8389 0.0000 -0.0000 -2.1902 12.0543 11.8416 2.5092 7.1250 -0.0000 -0.0000 26.5206 -18.3438 18.9748
4.4689 16.5573 -15.3564 -4.2758 7.0863 28.6006 0.0000 0.0000 0.0000 -26.4504 12.2788 -26.5663 4.4473 12.7330 38.3771 2.1290 37.6816 35.3887 0.1756 -2.6997 -7.4438 0.0000 0.0000 0.0000 29.7747 17.2793 -40.2238 -2.5476 -9.9240 28.7310 -1.3035 -20.1963 -36.5841 -0.9607 -6.2410 17.4853 5.1646 -0.8530 -17.2795 4.7451 -1.8622 -10.3117 1.8095 -1.0186 -1.3794 -0.2611 -2.5393 -13.4373 -0.7056 -3.7089 42.0349 -0.9616 -1.6316 17.8410 -0.0000 0.0000 0.0000 -87.1310 25.6003 35.5842 15.9365 -25.4344 -3.6186 -0.0000 0.0000 -0.7267 -5.1328 14.5558 -1.2932 -7.1250 0.0000 -0.0000 -28.9824 42.5121 1.9612 -0.0000 0.0000 0.0000 67.0643 -19.7008 43.2252 -10.8311 18.0290 -1.7233 0.0000 -0.0000 -1.0792 10.7979 13.0863 2.4726 7.1250 -0.0000 -0.0000 25.5405 -17.2470 18.7983
4.4739 16.5653 -15.3589 -4.2991 7.1667 28.6254 0.0000 0.0000 0.0000 -26.3220 12.1870 -26.4974 4.4247 12.7051 38.2742 2.3328 37.3277 35.9718 0.2121 -2.9652 -8.1818 0.0000 0.0000 0.0000 29.8084 17.1538 -40.3276 -2.5467 -9.9223 28.7255 -1.0012 -20.8901 -35.6928 -0.6879 -5.3025 14.7734 5.3734 -0.7142 -16.9729 4.6777 -1.6746 -10.3953 1.6582 -0.9397 -1.6390 -0.4052 -2.6360 -13.0919 -0.5599 -3.8588 41.7484 -0.8812 -1.7002 17.5900 0.0000 0.0000 0.0000 -86.9086 25.7612 35.9981 15.9626 -25.4699 -3.6299 -0.0000 0.0000 -1.2559 -4.9480 14.3408 -1.2284 -7.1250 0.0000 -0.0000 -28.7398 42.3422 2.0748 0.0000 0.0000 0.0000 66.2891 -19.9398 42.8398 -10.6693 17.7797 -1.6736 0.0000 0.0000 0.9162 10.9517 12.5525 2.4082 7.1250 -0.0000 -0.0000 25.7230 -17.7317 18.6543
4.4844 16.5730 -15.3839 -4.4522 6.8428 29.0399 0.0000 0.0000 0.0000 -26.4940 12.2477 -27.2510 4.4525 12.7394 38.4006 2.0778 38.5336 35.6556 0.1386 -2.3995 -6.6111 0.0000 0.0000 0.0000 29.8186 17.2040 -41.0554 -2.5588 -9.9440 28.7957 -0.7130 -21.2702 -34.5087 -0.4983 -4.5254 12.5598 5.5481 -0.5211 -17.1527 4.7520 -1.4695 -10.2906 1.6651 -0.8382 -1.4361 -0.4285 -2.6649 -13.3935 -0.6644 -3.8422 41.4821 -0.9231 -1.7126 17.5118 -0.0000 0.0000 0.0000 -87.2350 25.0553 35.3293 15.3347 -24.6103 -3.3641 -0.0000 0.0000 -0.6331 -5.0899 13.9643 -1.2313 -7.1250 0.0000 -0.0000 -28.6981 41.9950 2.3436 -0.0000 0.0000 0.0000 65.9857 -19.4834 40.1644 -10.1122 16.9149 -1.5074 0.0000 0.0000 4.6122 10.6203 13.7132 2.5452 7.1250 -0.0000 -0.0000 25.3313 -16.6765 18.9650
4.4928 16.5618 -15.4095 -4.3313 6.8364 29.0146 0.0000 0.0000 0.0000 -26.6912 12.3689 -27.4656 4.5143 12.8151 38.6801 1.9448 38.7306 35.2691 0.1195 -2.2289 -6.1387 0.0000 0.0000 0.0000 29.6908 17.1589 -40.9320 -2.5611 -9.9482 28.8092 -1.1563 -19.9280 -35.5178 -0.8264 -5.7999 16.2051 5.6071 -0.4542 -16.9078 4.6636 -1.3716 -10.2267 1.5552 -0.7948 -1.4966 -0.2733 -2.6394 -13.4474 -0.6895 -3.8397 41.4888 -0.9627 -1.6883 17.5241 -0.0000 0.0000 0.0000 -87.0968 25.2194 36.0212 15.5335 -24.8840 -3.4473 -0.0000 0.0000 -1.3552 -4.5212 14.3131 -1.1199 -7.1250 0.0000 -0.0000 -28.3783 42.3629 2.0274 -0.0000 0.0000 0.0000 66.5894 -19.0988 36.2732 -9.2580 15.5707 -1.2685 0.0000 0.0000 9.7242 6.3305 15.3625 1.6835 7.1250 -0.0000 -0.0000 22.4588 -15.2085 17.1748
4.4894 16.5550 -15.4322 -4.3338 6.3789 29.0818 0.0000 0.0000 0.0000 -27.0028 12.7315 -28.1601 4.6444 12.9718 39.2630 2.6189 36.9424 36.8522 0.2887 -3.4555 -9.5496 0.0000 0.0000 0.0000 29.5289 17.6079 -40.7015 -2.5233 -9.8802 28.5897 -1.8853 -18.1195 -37.6156 -1.4521 -7.6169 21.5564 5.5089 -0.2659 -16.6454 4.6429 -1.0870 -10.2449 1.6339 -0.6506 -1.6468 -0.3898 -2.6336 -13.2585 -0.5439 -3.8459 41.3754 -0.8691 -1.6905 17.4181 0.0000 0.0000 0.0000 -87.2060 25.4520 36.0948 15.6923 -25.1016 -3.5144 -0.0000 0.0000 -1.8822 -3.4367 14.2469 -0.8467 -7.1250 0.0000 -0.0000 -27.4580 42.4186 1.9079 0.0000 0.0000 0.0000 67.7413 -18.9517 32.0933 -8.0979 13.7115 -0.9752 0.0000 0.0000 16.2914 2.8598 16.0654 0.7920 7.1250 -0.0000 -0.0000 20.2055 -14.5183 15.5085
4.4885 16.5540 -15.4455 -4.2809 6.3932 28.8204 0.0000 0.0000 0.0000 -27.0227 13.0373 -28.1169 4.6839 13.0188 39.4388 2.9919 35.8238 37.7239 0.3770 -3.9437 -10.9182 0.0000 0.0000 0.0000 29.3645 17.9347 -40.4065 -2.5344 -9.9003 28.6543 -1.2917 -19.8483 -36.1686 -0.9881 -6.3268 17.7356 5.5837 -0.0876 -16.2312 4.5104 -0.8333 -10.1024 1.4892 -0.5295 -1.7089 -0.4581 -2.8400 -13.0829 -0.4275 -4.1784 41.1266 -0.8537 -1.8230 17.2361 0.0000 0.0000 0.0000 -87.0782 25.0704 36.2665 15.6203 -25.0031 -3.4839 -0.0000 0.0000 -1.1516 -3.0746 15.3708 -0.8157 -7.1250 0.0000 -0.0000 -27.6274 43.4576 1.1457 0.0000 0.0000 0.0000 69.9136 -18.8387 25.1604 -7.0014 11.9215 -0.7319 0.0000 0.0000 23.0383 -4.7102 17.7226 -1.4368 7.1250 -0.0000 -0.0000 15.2537 -12.6485 11.9859
4.5098 16.5353 -15.4045 -4.4212 5.3703 26.8367 0.0000 0.0000 0.0000 -27.0222 15.1346 -25.9570 4.5916 12.9085 39.0270 1.3670 39.3311 33.4509 0.0073 -0.5523 -1.5176 0.0000 0.0000 0.0000 29.9682 17.0209 -38.1263 -2.5588 -9.9440 28.7955 -1.8872 -18.0480 -37.5619 -1.3998 -7.4843 21.1585 5.6498 0.3238 -14.9328 4.3878 -0.2422 -9.3251 1.3955 -0.2303 -1.5439 -0.6705 -2.9859 -12.7996 -0.2001 -4.4182 40.9354 -0.7443 -1.9249 17.0715 0.0000 -0.0000 0.0000 -87.0819 24.8742 37.3236 15.6707 -25.0721 -3.5052 -0.0000 0.0000 -1.8028 -1.2838 16.4902 -0.3645 -7.1250 0.0000 -0.0000 -26.5993 44.6605 0.2406 0.0000 -0.0000 0.0000 72.8396 -17.8539 8.6624 -5.2965 9.0839 -0.4210 0.0000 0.0000 35.1377 -14.8873 21.8510 -5.6507 7.1250 -0.0000 -0.0000 8.7608 -7.6603 7.6066
4.4889 16.5497 -15.4608 -4.1792 6.5572 27.8905 0.0000 0.0000 0.0000 -26.9023 13.5152 -27.1327 4.6922 13.0285 39.4754 -0.2818 42.7263 29.5822 0.1212 2.2442 6.1811 0.0000 0.0000 0.0000 29.4553 17.6051 -39.5840 -2.5641 -9.9535 28.8264 -1.3598 -19.9516 -36.6332 -1.0997 -6.6634 18.7221 5.7374 0.1948 -15.2566 4.2309 -0.3906 -10.0747 1.1723 -0.3286 -2.1881 -0.7638 -3.1248 -11.9172 0.1865 -4.7585 41.0008 -0.5922 -2.0298 16.9035 -0.0000 0.0000 0.0000 -86.9229 25.2268 37.2084 15.7558 -25.1884 -3.5414 -0.0000 0.0000 -1.2231 -0.8147 16.9269 -0.2372 -7.1250 0.0000 -0.0000 -26.3900 45.1074 -0.0754 -0.0000 0.0000 0.0000 76.4009 -17.6346 7.1862 -4.3277 7.4465 -0.2818 0.0000 0.0000 27.1424 -23.9868 22.1864 -9.5379 7.1250 -0.0000 -0.0000 3.0557 -5.9543 2.7262
4.5055 16.5520 -15.4432 -4.4710 5.9074 26.8296 0.0000 0.0000 0.0000 -26.8003 14.7001 -26.1184 4.6485 12.9767 39.2813 -0.0914 41.8812 29.6529 0.1092 2.1309 5.8675 0.0000 0.0000 0.0000 30.1747 16.4172 -38.8876 -2.6065 -10.0291 29.0709 -1.5151 -18.9720 -36.4898 -1.1058 -6.6814 18.7749 6.1768 0.5504 -14.4523 4.0530 0.0779 -9.7740 0.7945 -0.1189 -2.2834 -0.8327 -3.2750 -11.5684 0.3658 -5.0379 40.9178 -0.5376 -2.1351 16.7816 0.0000 -0.0000 0.0000 -86.7965 25.2559 37.9291 15.9016 -25.3871 -3.6037 -0.0000 0.0000 -2.1646 -0.3719 16.9572 -0.1085 -7.1250 0.0000 -0.0000 -26.0228 45.1877 -0.1295 0.0000 -0.0000 0.0000 79.5362 -16.1697 6.0938 -3.0810 5.3185 -0.1431 0.0000 0.0000 17.5223 -31.6630 24.1695 -14.1714 7.1250 -0.0000 -0.0000 -1.4002 -2.1861 -1.3462
4.4623 16.5633 -15.5219 -3.7490 6.5009 28.0806 0.0000 0.0000 0.0000 -27.4186 13.1328 -27.6961 4.7666 13.1160 39.8042 -0.2071 42.2903 29.5261 0.1062 2.1013 5.7856 0.0000 0.0000 0.0000 28.3935 18.6961 -40.3121 -2.6477 -10.1017 29.3067 -1.4328 -20.7098 -37.7685 -1.2771 -7.1621 20.1965 5.1304 0.2104 -14.7964 4.0274 -0.2442 -10.2946 1.3185 -0.2403 -2.6541 -0.7012 -3.3152 -11.6976 0.2412 -5.0969 41.1415 -0.6332 -2.1497 16.9288 -0.0000 0.0000 0.0000 -86.9925 25.0115 38.1857 15.8448 -25.3097 -3.5793 -0.0000 0.0000 -2.7100 0.9181 16.3616 0.2586 -7.1250 0.0000 -0.0000 -24.6559 44.8027 0.1281 -0.0000 0.0000 0.0000 82.0621 -14.8724 5.3172 -2.9368 5.0712 -0.1301 0.0000 0.0000 10.1311 -30.2964 22.9401 -12.8291 7.1250 -0.0000 -0.0000 -0.7651 -3.8683 -0.7118
4.4618 16.5535 -15.5496 -3.9947 6.7389 27.9132 0.0000 0.0000 0.0000 -27.0997 12.9142 -27.9141 4.8875 13.2560 40.3345 0.2481 41.2809 30.5015 0.0310 1.1373 3.1266 0.0000 0.0000 0.0000 29.2785 17.4708 -40.2542 -2.6111 -10.0371 29.0970 -1.3026 -19.8662 -36.2448 -1.1795 -6.8927 19.3980 5.1601 0.1606 -15.5487 4.3115 -0.4171 -9.6651 1.5691 -0.2987 -1.5795 -0.5062 -3.3031 -11.9737 -0.0075 -5.0210 40.8622 -0.7678 -2.1233 16.8238 -0.0000 0.0000 0.0000 -87.4978 24.0610 38.4618 15.8464 -25.3120 -3.5800 -0.0000 0.0000 -2.3921 0.7185 16.3678 0.2025 -7.1250 0.0000 -0.0000 -24.8306 44.7850 0.1408 -0.0000 0.0000 0.0000 83.5587 -12.3709 4.9252 -2.1709 3.7537 -0.0711 0.0000 0.0000 7.7918 -27.3103 22.5876 -11.2181 7.1250 -0.0000 -0.0000 1.0294 -4.8945 0.9380
4.4628 16.5702 -15.5642 -4.1237 7.3228 27.4835 0.0000 0.0000 0.0000 -26.6662 12.9193 -27.3491 4.8740 13.2405 40.2755 -4.4641 47.3403 18.0545 1.5209 7.7873 22.0698 0.0000 0.0000 0.0000 29.6231 16.8824 -40.2099 -2.6221 -10.0567 29.1604 -1.0767 -20.6367 -35.8308 -0.9489 -6.2036 17.3762 5.4191 -0.0991 -15.1726 4.4981 -0.7614 -9.6424 1.5757 -0.4808 -1.7604 -0.4555 -3.2709 -11.9071 -0.1832 -4.9290 41.0922 -0.8424 -2.0997 16.9244 -0.0000 -0.0000 0.0000 -87.4440 23.8477 40.3357 15.6701 -25.0713 -3.5050 -0.0000 0.0000 -3.0476 1.3676 15.7821 0.3720 -7.1250 0.0000 -0.0000 -24.0307 44.3270 0.4248 -0.0000 -0.0000 0.0000 84.0736 -12.9300 5.0431 -3.8678 6.6639 -0.2253 0.0000 0.0000 12.8080 -18.6420 19.7057 -6.4896 7.1250 -0.0000 -0.0000 6.2516 -9.3721 5.1819
4.4788 16.5533 -15.5505 -4.6693 6.6626 26.4709 0.0000 0.0000 0.0000 -26.3932 14.1084 -26.5677 4.9024 13.2731 40.3995 -6.2914 48.4063 12.0242 2.3545 9.5685 27.5904 0.0000 0.0000 0.0000 30.7172 15.7987 -39.1026 -2.5819 -9.9853 28.9291 -1.0567 -19.7599 -34.7887 -0.9502 -6.2078 17.3884 5.7195 0.0338 -14.5616 4.7307 -0.5848 -9.4525 1.6764 -0.4005 -1.8822 -0.4387 -3.3196 -11.1885 -0.3547 -4.9446 41.0772 -0.9050 -2.1371 16.7247 -0.0000 0.0000 0.0000 -87.4765 24.0576 41.9499 15.7734 -25.2124 -3.5489 -0.0000 0.0000 -2.7709 0.8468 16.5373 0.2411 -7.1250 0.0000 -0.0000 -24.7913 44.9539 0.0301 -0.0000 0.0000 0.0000 82.6160 -14.1260 12.7700 -5.6780 9.7241 -0.4834 0.0000 0.0000 14.7309 -10.0802 20.8145 -3.6146 7.1250 -0.0000 -0.0000 11.7714 -9.2189 9.9515
4.4604 16.5525 -15.6092 -4.1159 7.0686 27.4833 0.0000 0.0000 0.0000 -27.0623 12.8925 -27.9272 5.0013 13.3852 40.8282 -3.9959 46.7791 19.2143 1.0816 6.6103 18.5659 0.0000 0.0000 0.0000 29.6191 16.9129 -40.3060 -2.6100 -10.0352 29.0909 -1.0836 -20.3408 -35.5538 -1.0835 -6.6158 18.5821 4.8796 -0.2166 -15.2588 4.6292 -0.8248 -10.1387 2.0163 -0.4938 -2.2365 0.3202 -3.4150 -9.5361 -0.6261 -5.1704 40.7730 -1.1408 -2.1749 16.1052 -0.0000 -0.0000 0.0000 -86.4563 24.4210 45.3199 15.6313 -25.0181 -3.4886 -0.0000 0.0000 -2.8718 0.2132 17.0825 0.0626 -7.1250 0.0000 -0.0000 -25.5733 45.3713 -0.2511 -0.0000 -0.0000 0.0000 79.0037 -16.5037 34.7605 -9.1996 15.4780 -1.2528 0.0000 0.0000 4.8293 -4.6552 18.5730 -1.4857 7.1250 -0.0000 -0.0000 15.2548 -11.8300 12.2568
4.4843 16.5634 -15.6361 -4.4906 7.1583 27.0813 0.0000 0.0000 0.0000 -26.7826 13.1195 -28.0053 5.1316 13.5305 41.3882 -9.3163 50.0128 1.1130 3.6300 11.6510 34.5084 0.0000 0.0000 0.0000 30.2386 16.0569 -40.3929 -2.6240 -10.0600 29.1712 -0.8213 -20.4769 -34.2287 -0.9441 -6.1885 17.3322 5.2343 -0.4173 -15.3542 4.9650 -1.1589 -9.9149 2.1239 -0.6647 -1.9502 0.4577 -3.4092 -8.7369 -0.6694 -5.1743 40.5129 -1.1556 -2.1793 15.7658 -0.0000 0.0000 0.0000 -86.1042 24.4091 47.6057 15.9224 -25.4153 -3.6126 -0.0000 0.0000 -2.4931 0.5446 16.6789 0.1563 -7.1250 0.0000 -0.0000 -25.1123 45.0464 -0.0307 -0.0000 0.0000 0.0000 71.0257 -17.8318 55.7687 -15.7682 25.2053 -3.5467 0.0000 -0.0000 -4.0766 -2.7896 16.2342 -0.7804 7.1250 -0.0000 -0.0000 16.5730 -14.1794 12.5550
4.5135 16.5486 -15.6483 -4.7018 6.5741 26.7232 0.0000 0.0000 0.0000 -27.0971 14.1087 -28.1674 5.2189 13.6261 41.7598 -8.3480 48.3951 2.1375 4.1250 12.3249 36.8913 0.0000 0.0000 0.0000 30.6174 15.6593 -39.7173 -2.5722 -9.9681 28.8734 -1.0055 -19.2892 -33.9972 -1.0688 -6.5721 18.4538 5.2570 -0.6717 -15.6235 5.2955 -1.5420 -9.7422 2.4015 -0.8464 -1.6151 1.0845 -3.2125 -7.8519 -1.2585 -4.8124 40.5774 -1.4426 -2.0250 15.5428 0.0000 -0.0000 0.0000 -85.6430 25.1908 49.7007 16.7575 -26.5370 -3.9784 -0.0000 0.0000 -3.1195 -0.6787 17.0284 -0.1987 -7.1250 0.0000 -0.0000 -26.3181 45.2147 -0.1501 0.0000 -0.0000 0.0000 60.9018 -17.7432 70.4140 -24.5649 35.7559 -8.0343 0.0000 -0.0000 -4.6701 3.2746 12.2885 0.6977 7.1250 -0.0000 -0.0000 20.8928 -18.0658 14.3729
4.5270 16.5339 -15.6696 -4.8502 6.1339 26.2840 0.0000 0.0000 0.0000 -27.3443 14.9013 -28.2363 5.2835 13.6962 42.0337 -1.8160 43.6859 24.4997 0.3581 3.8447 10.6400 0.0000 0.0000 0.0000 30.6078 16.0484 -39.0753 -2.5703 -9.9647 28.8624 -1.0413 -19.3033 -34.2188 -1.2931 -7.2050 20.3242 5.2047 -1.0629 -15.6279 5.7536 -2.0525 -9.8538 2.8496 -1.0931 -1.7139 1.3275 -2.9345 -6.0256 -1.7780 -4.2319 40.4982 -1.5721 -1.8326 15.0547 0.0000 0.0000 0.0000 -84.7892 26.0996 54.3499 17.3024 -27.2548 -4.2249 -0.0000 0.0000 -5.2910 -1.0554 16.7295 -0.3038 -7.1250 0.0000 -0.0000 -26.5092 44.9019 0.0692 0.0000 0.0000 0.0000 49.5600 -16.3064 81.8983 -35.9218 45.4592 -15.4667 0.0000 0.0000 5.5032 9.9535 11.6893 2.0363 7.1250 -0.0000 -0.0000 25.2506 -18.5520 17.7091
4.5315 16.5346 -15.6821 -5.1985 5.9546 26.2400 0.0000 0.0000 0.0000 -27.2450 15.1444 -28.2966 5.2681 13.6795 41.9684 -2.6242 43.4302 20.9424 0.6095 4.9971 13.9002 0.0000 0.0000 0.0000 30.5980 16.6500 -39.3991 -2.6428 -10.0931 29.2788 -0.8970 -19.9643 -34.0975 -1.2057 -6.9662 19.6153 5.3593 -1.5224 -16.8412 6.3734 -2.8158 -9.6686 3.2734 -1.4572 -0.8510 1.7078 -2.6932 -4.6995 -2.6272 -3.6347 40.6820 -1.8899 -1.6405 14.8171 -0.0000 0.0000 0.0000 -83.8838 26.7964 57.9574 18.6133 -28.9354 -4.8423 -0.0000 0.0000 -6.4115 -2.6348 15.9675 -0.7253 -7.1250 0.0000 -0.0000 -27.5161 44.0377 0.7105 -0.0000 0.0000 0.0000 39.2005 -13.2668 88.0892 -53.5342 54.3251 -29.0216 0.0000 0.0000 10.4356 18.9158 6.7365 2.3019 7.1250 -0.0000 -0.0000 31.7295 -22.5165 20.4457
4.5203 16.5231 -15.6932 -5.6294 5.2087 26.1940 0.0000 0.0000 0.0000 -27.1423 15.5943 -28.4987 5.2938 13.7072 42.0770 -3.0142 43.5893 19.4615 0.7047 5.3654 14.9537 0.0000 0.0000 0.0000 31.1367 16.6675 -39.2573 -2.6196 -10.0521 29.1457 -0.8321 -19.6482 -33.3679 -1.1154 -6.7092 18.8568 5.3774 -1.7256 -17.9706 7.0828 -3.2200 -9.5840 3.9202 -1.6361 -0.1306 1.8404 -2.4908 -3.7123 -3.6426 -2.9965 41.4380 -2.2642 -1.4699 14.9640 -0.0000 0.0000 0.0000 -83.1068 27.0897 61.1070 19.6536 -30.2227 -5.3559 -0.0000 0.0000 -5.7275 -4.4752 15.6642 -1.2106 -7.1250 0.0000 -0.0000 -28.9220 43.5604 1.1291 -0.0000 0.0000 0.0000 31.1883 -9.5514 88.0948 -77.1957 59.3713 -48.9345 0.0000 0.0000 5.3417 32.8813 -0.4083 -0.2639 7.1250 -0.0000 -0.0000 41.1290 -26.6037 25.2914
4.4974 16.5039 -15.7170 -5.7792 4.2998 26.1726 0.0000 0.0000 0.0000 -27.2152 15.3175 -28.4937 5.2994 13.7133 42.1008 -5.4746 47.7327 14.4477 1.4765 7.6781 21.7404 0.0000 0.0000 0.0000 31.5665 16.3443 -38.9894 -2.5776 -9.9777 28.9046 -1.1240 -17.6494 -32.9950 -1.2069 -6.9695 19.6250 5.4049 -1.5966 -18.6443 7.1546 -3.1006 -9.8664 3.9952 -1.5765 -0.0931 2.4268 -2.5882 -2.3688 -4.2386 -3.0330 42.3232 -2.6298 -1.4592 15.0826 0.0000 -0.0000 0.0000 -81.9754 27.1780 62.7130 20.1495 -30.8220 -5.6077 -0.0000 0.0000 -5.0867 -7.3485 15.2027 -1.9369 -7.1250 0.0000 -0.0000 -31.0731 42.8353 1.8570 0.0000 -0.0000 0.0000 27.7422 -7.8182 79.8024 -100.6303 59.5687 -69.1928 0.0000 -0.0000 -8.2967 45.1544 -4.3085 -4.3195 7.1250 -0.0000 -0.0000 45.7189 -25.1843 34.6924
4.4666 16.5110 -15.6924 -5.7298 3.6344 25.3810 0.0000 0.0000 0.0000 -26.9404 15.1618 -26.9055 5.1190 13.5166 41.3345 -8.4467 49.8330 5.0043 2.9661 10.6399 31.0748 0.0000 0.0000 0.0000 31.8327 15.7988 -38.3778 -2.6216 -10.0557 29.1571 -0.9790 -17.7850 -32.2530 -0.9153 -6.0959 17.0628 5.0862 -1.5308 -18.8656 7.1094 -3.0105 -9.5947 4.1274 -1.5162 0.3295 2.8497 -2.7473 -3.7047 -4.1413 -3.4921 43.9456 -2.8438 -1.5414 16.2464 0.0000 -0.0000 0.0000 -81.3057 26.0302 63.5372 19.9373 -30.5667 -5.4994 -0.0000 0.0000 -4.9815 -9.6047 14.3967 -2.4092 -7.1250 0.0000 -0.0000 -32.5137 41.8906 2.8324 0.0000 -0.0000 0.0000 28.6915 -6.4073 65.8007 -119.0396 56.5605 -84.8586 0.0000 -0.0000 -28.6073 46.4046 -4.0441 -4.2361 7.1250 -0.0000 -0.0000 45.5994 -24.0434 36.8399
4.4325 16.5002 -15.6926 -6.0184 3.2283 25.1693 0.0000 0.0000 0.0000 -26.3918 14.6094 -26.5083 5.1192 13.5168 41.3353 -2.6756 46.0506 23.5369 0.6059 4.9824 13.8584 0.0000 0.0000 0.0000 32.9694 14.3070 -38.1487 -2.5418 -9.9136 28.6973 -1.0381 -16.2828 -31.0872 -0.9174 -6.1026 17.0823 4.9919 -1.4816 -19.3584 7.1764 -2.8882 -10.6079 4.2994 -1.4582 -0.5203 2.7707 -2.9746 -1.0040 -3.6895 -3.9329 43.8437 -2.5932 -1.6997 15.5527 0.0000 -0.0000 0.0000 -81.1922 27.6771 62.7684 20.1951 -30.8767 -5.6311 -0.0000 0.0000 -4.5763 -13.2032 14.1675 -3.2864 -7.1250 0.0000 -0.0000 -35.2045 41.2977 3.7514 0.0000 -0.0000 0.0000 33.5858 -6.5110 53.9261 -133.8577 51.3160 -96.8730 0.0000 -0.0000 -49.2076 30.8006 -1.6905 -1.0075 7.1250 -0.0000 -0.0000 40.7445 -28.2335 22.4845
4.3907 16.5191 -15.6901 -6.1236 2.9258 25.2434 0.0000 0.0000 0.0000 -26.0938 13.8992 -26.4845 5.1042 13.5002 41.2710 2.8867 34.5207 36.7399 0.6922 -5.3187 -14.8199 0.0000 0.0000 0.0000 33.2494 14.2198 -38.2400 -2.5131 -9.8617 28.5300 -1.1242 -15.8826 -31.2417 -1.0155 -6.4113 17.9824 4.7328 -1.2290 -19.4418 7.1322 -2.4665 -11.2238 4.4971 -1.2391 -1.1616 3.1194 -3.2894 -1.7154 -3.5501 -4.5241 42.9671 -2.6452 -1.9001 15.2087 0.0000 -0.0000 0.0000 -81.0501 28.0848 62.8777 20.6577 -31.4266 -5.8704 -0.0000 0.0000 -5.6955 -14.4848 13.3174 -3.4054 -7.1250 0.0000 -0.0000 -35.7712 40.4364 4.7419 0.0000 -0.0000 0.0000 42.7085 -4.3640 42.3191 -142.6310 46.4316 -103.4931 0.0000 -0.0000 -61.1757 23.5305 3.8853 1.6901 7.1250 -0.0000 -0.0000 35.1315 -24.5433 21.6128
4.3421 16.5129 -15.6808 -6.1671 2.9668 25.0984 0.0000 0.0000 0.0000 -25.7594 13.9990 -26.4864 5.1685 13.5711 41.5457 1.6558 38.1752 33.8650 0.0808 -1.8341 -5.0473 0.0000 0.0000 0.0000 34.2292 12.3447 -38.7063 -2.5257 -9.8845 28.6034 -0.8528 -15.3775 -28.9251 -0.6092 -4.9957 13.8963 4.5786 -1.3506 -19.1315 7.4252 -2.5072 -12.0356 4.9354 -1.2470 -2.1962 2.1263 -3.1605 -0.4052 -2.5694 -4.3537 38.5066 -1.8378 -1.9581 12.8224 0.0000 -0.0000 0.0000 -82.0347 29.1593 61.4916 20.7486 -31.5337 -5.9179 -0.0000 0.0000 -6.4245 -16.8503 13.2773 -3.9791 -7.1250 0.0000 -0.0000 -37.4943 40.1354 5.4055 0.0000 -0.0000 0.0000 52.6285 -0.9269 35.7284 -149.0043 41.7317 -107.9330 0.0000 -0.0000 -70.9481 13.4945 8.3331 1.9919 7.1250 -0.0000 -0.0000 28.0913 -21.4680 18.1238
4.2687 16.4995 -15.7212 -5.6238 2.2918 25.5145 0.0000 0.0000 0.0000 -26.5195 14.0196 -27.6087 5.3125 13.7273 42.1558 3.0456 34.7415 37.4469 0.7220 -5.4294 -15.1375 0.0000 0.0000 0.0000 33.3951 13.6619 -38.9869 -2.5589 -9.9443 28.7965 -1.0604 -15.1958 -30.1580 -0.9316 -6.1486 17.2160 3.3279 -1.1428 -18.4039 7.5727 -1.9093 -13.0444 5.9675 -0.8567 -3.6778 1.9420 -3.1708 -1.0830 -2.5264 -4.2563 34.0478 -1.6682 -1.9964 11.0687 -0.0000 0.0000 0.0000 -82.7960 29.4644 61.4908 19.8045 -30.4060 -5.4320 -0.0000 0.0000 -6.1063 -18.1159 13.4474 -4.3508 -7.1250 0.0000 -0.0000 -38.4889 40.1296 5.6201 -0.0000 0.0000 0.0000 60.4244 3.0742 32.4825 -152.7993 38.3699 -110.3766 0.0000 -0.0000 -81.8281 4.1838 11.0790 0.8053 7.1250 -0.0000 -0.0000 21.6470 -19.1969 14.3828
4.2430 16.4849 -15.7204 -5.7175 2.2552 24.9134 0.0000 0.0000 0.0000 -26.1869 14.7131 -26.9338 5.2817 13.6942 42.0258 4.1952 33.5516 41.2911 1.0158 -6.4123 -17.9855 0.0000 0.0000 0.0000 34.2353 12.0918 -38.3327 -2.5039 -9.8449 28.4760 -1.1493 -13.6529 -29.2974 -0.9507 -6.2093 17.3928 3.3683 -1.0039 -18.2787 7.9426 -1.6955 -13.2952 6.4018 -0.7272 -4.0421 1.5671 -3.0078 0.4425 -2.2589 -3.9169 26.7263 -1.2841 -1.9221 8.1019 -0.0000 0.0000 0.0000 -83.8484 29.8464 60.9311 18.7904 -29.1573 -4.9283 -0.0000 0.0000 -4.2710 -18.3937 12.6691 -4.1712 -7.1250 0.0000 -0.0000 -38.3046 39.4476 6.3842 -0.0000 0.0000 0.0000 66.4342 11.3870 30.9671 -154.3753 36.8357 -111.3383 0.0000 -0.0000 -88.6649 -1.7601 9.6665 -0.2956 7.1250 -0.0000 -0.0000 17.8275 -20.4874 10.9973
4.2108 16.5047 -15.7403 -5.3934 2.0405 25.3505 0.0000 0.0000 0.0000 -26.5894 14.9448 -27.3520 5.1730 13.5760 41.5647 3.7869 34.5020 40.1339 0.7885 -5.6684 -15.8252 0.0000 0.0000 0.0000 33.5900 13.0530 -38.7579 -2.5082 -9.8528 28.5015 -0.9925 -14.6854 -29.2015 -0.7957 -5.6939 15.8989 2.7414 -1.0049 -17.2072 8.5043 -1.4046 -14.7472 7.5364 -0.4610 -6.2738 0.6312 -2.8930 3.2762 -2.4769 -3.6298 19.4310 -1.0077 -1.8900 5.2544 0.0000 -0.0000 0.0000 -84.9548 31.7363 60.9971 18.5245 -28.8236 -4.7994 -0.0000 0.0000 -1.9725 -19.7121 13.2057 -4.6793 -7.1250 0.0000 -0.0000 -39.4940 39.7369 6.3221 0.0000 -0.0000 0.0000 69.9048 19.1359 30.9566 -154.4595 36.7514 -111.3888 0.0000 -0.0000 -90.9928 -3.8321 10.3775 -0.6913 7.1250 -0.0000 -0.0000 16.3303 -19.7675 10.2663
4.1868 16.5084 -15.7527 -5.2310 2.5465 25.8725 0.0000 0.0000 0.0000 -26.5036 14.4541 -27.7467 5.1630 13.5650 41.5222 5.4620 30.2187 44.9388 1.5342 -7.8198 -22.1681 0.0000 0.0000 0.0000 32.6883 15.0771 -38.8027 -2.5178 -9.8702 28.5573 -0.9901 -15.9221 -30.4120 -1.0009 -6.3664 17.8514 2.3873 -0.9357 -17.5729 9.1019 -1.2394 -15.1151 8.4625 -0.2905 -6.5350 0.2842 -3.1362 2.4190 -3.6663 -3.8584 14.1921 -1.3822 -2.0552 4.1398 -0.0000 0.0000 0.0000 -85.3188 31.5829 63.8658 18.9288 -29.3301 -4.9959 -0.0000 0.0000 -0.9723 -21.3422 12.4747 -4.8244 -7.1250 0.0000 -0.0000 -40.2416 38.9287 7.5380 -0.0000 0.0000 0.0000 71.1274 29.4716 30.9806 -153.1088 38.0753 -110.5680 0.0000 -0.0000 -92.2219 -7.8660 10.3005 -1.4151 7.1250 -0.0000 -0.0000 13.5399 -19.7207 8.4129
4.2003 16.5259 -15.7515 -4.7575 3.4035 25.7888 0.0000 0.0000 0.0000 -26.6120 14.4119 -27.2024 5.0517 13.4417 41.0454 5.1866 31.1507 44.1784 1.2491 -7.0860 -19.9703 0.0000 0.0000 0.0000 31.8393 15.5156 -38.5722 -2.5077 -9.8519 28.4984 -1.3598 -15.6610 -32.4936 -1.5061 -7.7512 21.9608 2.6767 -0.7928 -17.3750 9.0647 -1.0138 -15.5159 8.3137 -0.1780 -7.1484 0.4277 -3.6363 3.6560 -4.5962 -4.5981 8.6878 -1.5486 -2.3826 1.9827 0.0000 -0.0000 0.0000 -84.9453 32.1233 65.5581 19.5861 -30.1405 -5.3220 -0.0000 -0.0000 0.1258 -21.3243 11.8231 -4.5730 -7.1250 0.0000 -0.0000 -39.9061 38.3888 8.1280 0.0000 -0.0000 0.0000 72.1159 40.4577 31.0672 -150.2448 40.6827 -108.7503 0.0000 -0.0000 -96.6655 -10.7856 9.6828 -1.8352 7.1250 -0.0000 -0.0000 11.5259 -20.2172 6.9734
4.2054 16.5435 -15.7556 -4.6574 4.2199 25.8317 0.0000 0.0000 0.0000 -26.3997 14.4005 -27.1076 4.9971 13.3805 40.8102 4.6874 32.1251 42.6327 0.8360 -5.8326 -16.2994 0.0000 0.0000 0.0000 31.7473 15.3529 -38.6833 -2.4546 -9.7549 28.1868 -1.3074 -16.4201 -32.8883 -1.4195 -7.5346 21.3091 3.2690 -0.3264 -16.6606 8.9471 -0.3387 -15.9410 7.9580 0.1354 -8.1310 0.8913 -4.1747 2.1730 -6.1428 -5.3476 5.6421 -2.0931 -2.7464 1.1909 0.0000 -0.0000 0.0000 -84.0882 32.4347 67.9081 19.9702 -30.6065 -5.5162 -0.0000 0.0000 -0.2703 -21.8239 12.8200 -5.0778 -7.1250 0.0000 -0.0000 -40.7395 39.1540 7.3879 0.0000 -0.0000 0.0000 70.6820 51.2990 29.7163 -146.4080 43.7802 -106.1700 0.0000 -0.0000 -100.5110 -14.2504 8.5221 -2.1554 7.1250 -0.0000 -0.0000 9.1069 -21.2359 5.2554
4.2024 16.5602 -15.7675 -3.5695 5.6260 25.9346 0.0000 0.0000 0.0000 -26.7858 13.0803 -26.3499 4.8791 13.2463 40.2975 5.4533 30.1845 44.8985 1.3282 -7.2982 -20.6018 0.0000 0.0000 0.0000 30.0349 16.3236 -38.8655 -2.5174 -9.8695 28.5552 -1.6614 -17.0673 -35.5023 -1.8589 -8.5658 24.4461 2.8647 -0.4961 -15.7379 8.9100 -0.3657 -16.5620 8.2086 0.2030 -9.3723 0.6799 -4.4275 1.3473 -7.4857 -5.7776 3.1328 -2.4605 -2.9428 0.4930 -0.0000 0.0000 0.0000 -83.9222 33.2143 69.1268 20.1598 -30.8344 -5.6130 -0.0000 -0.0000 0.5337 -21.2209 11.9999 -4.6155 -7.1250 0.0000 -0.0000 -39.9240 38.5490 7.9294 -0.0000 0.0000 0.0000 68.0945 61.8199 28.7435 -140.3705 47.8489 -101.8359 0.0000 -0.0000 -101.2650 -14.9055 7.5132 -1.9934 7.1250 -0.0000 -0.0000 8.6710 -22.2367 4.7985
4.2084 16.5725 -15.7938 -3.4549 6.2963 25.8267 0.0000 0.0000 0.0000 -26.6698 12.5817 -26.3627 4.9090 13.2806 40.4280 5.1124 30.9740 43.8586 1.1444 -6.7931 -19.1039 0.0000 0.0000 0.0000 29.9836 16.2417 -38.6123 -2.4449 -9.7369 28.1290 -1.5490 -17.7743 -35.5385 -1.8699 -8.5896 24.5198 3.4153 -0.0267 -14.7825 8.7317 0.3346 -16.7912 7.7759 0.5135 -10.2690 0.5721 -4.8403 1.5841 -8.1218 -6.5712 -0.5142 -2.5767 -3.2422 -0.7477 -0.0000 0.0000 0.0000 -83.2862 33.6407 69.7449 20.3965 -31.1171 -5.7349 -0.0000 -0.0000 0.2742 -20.9723 11.7065 -4.4471 -7.1250 0.0000 -0.0000 -39.6136 38.3350 8.1046 -0.0000 0.0000 0.0000 62.9958 71.7929 24.9034 -132.4097 51.9762 -95.7374 0.0000 -0.0000 -102.0060 -12.5865 7.3208 -1.6297 7.1250 -0.0000 -0.0000 10.3633 -22.5157 5.6960
4.2117 16.5996 -15.8052 -3.2557 7.0631 26.0153 0.0000 0.0000 0.0000 -26.7098 12.0507 -26.2730 4.8757 13.2424 40.2830 4.8952 31.2578 43.1394 1.1062 -6.6825 -18.7781 0.0000 0.0000 0.0000 29.5336 16.5082 -38.9175 -2.4403 -9.7286 28.1023 -1.5683 -18.2793 -36.1149 -1.9913 -8.8480 25.3210 4.0483 0.4209 -13.3424 8.3692 1.0694 -17.2027 7.0860 0.8152 -11.6594 1.5473 -5.1292 -0.7211 -10.0068 -7.0568 -1.8767 -3.4314 -3.4956 -0.9278 -0.0000 -0.0000 0.0000 -82.1086 34.3438 70.4864 20.7819 -31.5729 -5.9353 -0.0000 0.0000 -0.1683 -21.4960 11.3999 -4.4511 -7.1250 0.0000 -0.0000 -39.8137 38.0143 8.5755 -0.0000 -0.0000 0.0000 51.3645 80.4241 14.1962 -123.9006 55.1776 -88.8834 0.0000 -0.0000 -103.9080 -12.4133 7.3885 -1.6213 7.1250 -0.0000 -0.0000 10.4851 -22.4532 5.7804
4.2391 16.6081 -15.7549 -3.3260 6.8321 25.6923 0.0000 0.0000 0.0000 -26.9090 12.7154 -25.5664 4.7258 13.0682 39.6242 4.1764 33.8558 41.3300 0.6716 -5.2405 -14.5957 0.0000 0.0000 0.0000 30.1297 14.9461 -38.7786 -2.4214 -9.6935 27.9899 -1.3697 -17.7973 -34.5676 -1.6524 -8.1012 23.0218 4.7756 1.0254 -12.6225 8.3970 1.9414 -17.2757 6.7461 1.1799 -12.2570 0.6700 -5.1720 -1.7679 -10.7949 -7.1852 -2.7957 -3.5612 -3.5469 -1.0483 0.0000 0.0000 0.0000 -81.9604 35.3143 70.6881 20.6378 -31.4032 -5.8601 -0.0000 0.0000 -1.3811 -23.2081 13.2304 -5.6045 -7.1250 0.0000 -0.0000 -41.8683 39.3124 7.4966 0.0000 0.0000 0.0000 3.9357 86.7486 -31.2577 -111.6670 58.1496 -78.6476 0.0000 -0.0000 -100.9160 -11.4224 6.0311 -1.2161 7.1250 -0.0000 -0.0000 11.2945 -23.8416 5.8758
4.2338 16.6096 -15.7427 -3.5734 7.5161 26.1590 0.0000 0.0000 0.0000 -26.5455 12.4757 -26.1819 4.7568 13.1046 39.7612 2.7496 38.4244 38.0619 0.0983 -2.0214 -5.5648 0.0000 0.0000 0.0000 30.7031 14.4693 -39.1445 -2.3342 -9.5301 27.4679 -1.3944 -17.5004 -34.4227 -1.8292 -8.5008 24.2460 5.5636 1.4362 -12.4615 8.4744 2.5467 -17.6046 6.4329 1.4115 -12.8295 0.1727 -5.1013 -2.1819 -11.7816 -7.2688 -4.4818 -3.8133 -3.5212 -1.5561 0.0000 -0.0000 0.0000 -81.4260 35.8085 71.5373 20.5298 -31.2753 -5.8039 -0.0000 0.0000 -1.9895 -22.5743 12.9050 -5.3046 -7.1250 0.0000 -0.0000 -41.2817 39.1276 7.5779 0.0000 -0.0000 0.0000 -85.1057 84.1533 -119.1292 -98.8161 59.7043 -67.6274 0.0000 -0.0000 -99.6010 -9.8699 4.8778 -0.8476 7.1250 -0.0000 -0.0000 12.5307 -25.0158 6.1984
4.1969 16.6323 -15.7893 -2.3422 9.1696 27.4686 0.0000 0.0000 0.0000 -27.1160 10.3525 -26.9432 4.7487 13.0951 39.7255 4.8541 31.7484 43.1318 0.9937 -6.3444 -17.7869 0.0000 0.0000 0.0000 28.5473 16.0323 -40.9727 -2.4524 -9.7509 28.1738 -1.4735 -19.2943 -36.5822 -2.2836 -9.4334 27.1608 4.9304 1.1125 -12.5217 8.2895 2.2188 -18.2029 6.6142 1.3394 -13.5431 0.6028 -5.0581 -3.5314 -13.7958 -7.2464 -4.4329 -4.6648 -3.5513 -1.4166 -0.0000 -0.0000 0.0000 -80.7636 36.1360 71.8805 20.6951 -31.4707 -5.8900 -0.0000 0.0000 -2.3270 -21.7031 12.3598 -4.8695 -7.1250 0.0000 -0.0000 -40.4255 38.7879 7.7738 -0.0000 -0.0000 0.0000 -103.0792 79.2222 -136.4050 -85.3755 59.9190 -55.9962 0.0000 -0.0000 -95.7603 -7.0669 5.0982 -0.6312 7.1250 -0.0000 -0.0000 14.5669 -24.8259 7.3329
4.1844 16.6322 -15.7660 -2.1112 9.0758 27.3212 0.0000 0.0000 0.0000 -27.2421 10.7690 -26.8980 4.7732 13.1238 39.8336 3.9717 35.1281 41.0529 0.4093 -4.1068 -11.3774 0.0000 0.0000 0.0000 27.8999 17.0645 -40.4481 -2.4719 -9.7867 28.2887 -1.7418 -19.2230 -37.8920 -2.3769 -9.6107 27.7249 5.2089 1.4274 -11.3611 8.0492 2.8028 -18.6102 6.2107 1.5869 -14.8086 1.0409 -5.0088 -2.2749 -15.8323 -7.5344 -5.9250 -4.8340 -3.5356 -2.0098 -0.0000 0.0000 0.0000 -79.2876 37.5738 72.7794 21.8237 -32.7772 -6.4901 -0.0000 0.0000 -3.1191 -21.9828 12.9261 -5.1598 -7.1250 0.0000 -0.0000 -40.9002 39.2215 7.3445 -0.0000 0.0000 0.0000 -113.6960 76.0352 -147.3103 -71.8290 58.7149 -44.3314 0.0000 -0.0000 -90.5287 -4.9254 6.0266 -0.5184 7.1250 -0.0000 -0.0000 16.0149 -23.9406 8.4605
4.1728 16.6125 -15.7600 -2.2076 9.4090 27.6280 0.0000 0.0000 0.0000 -26.9841 10.7254 -27.4137 4.8779 13.2450 40.2925 4.8085 31.2056 42.8034 0.9046 -6.0610 -16.9615 0.0000 0.0000 0.0000 28.2832 16.7657 -40.7056 -2.4338 -9.7166 28.0637 -1.5951 -19.5839 -37.4902 -2.5045 -9.8460 28.4795 5.7351 1.9093 -11.3293 7.7903 3.4414 -18.6020 5.6059 1.8080 -14.8259 1.0374 -4.9158 -4.5740 -16.9256 -7.1292 -4.3297 -5.2667 -3.5145 -1.1529 -0.0000 0.0000 0.0000 -77.1712 37.4291 75.3259 23.1113 -34.2103 -7.2008 -0.0000 0.0000 -4.2336 -22.0768 13.3349 -5.3442 -7.1250 0.0000 -0.0000 -41.1748 39.5470 6.9894 -0.0000 0.0000 0.0000 -118.1287 73.1561 -152.7578 -60.0434 56.3215 -34.3772 0.0000 -0.0000 -85.8769 -4.0645 6.3389 -0.4495 7.1250 -0.0000 -0.0000 16.5954 -23.6456 8.9119
4.1716 16.6053 -15.7302 -2.0149 8.6826 27.4705 0.0000 0.0000 0.0000 -27.5877 11.8592 -27.2824 4.8349 13.1954 40.1043 1.3965 40.8465 34.4879 0.0250 1.0215 2.8081 0.0000 0.0000 0.0000 27.5836 17.6437 -40.6642 -2.5789 -9.9800 28.9121 -1.5875 -19.9444 -37.7977 -2.3760 -9.6090 27.7195 6.0573 2.3329 -10.9573 7.4274 4.0209 -18.6547 4.9938 2.0057 -15.1049 0.4008 -4.8895 -3.3138 -16.7970 -7.2112 -4.9313 -5.0745 -3.4512 -1.5248 0.0000 0.0000 0.0000 -74.5630 37.8056 79.6674 25.0258 -36.2304 -8.3052 -0.0000 0.0000 -6.5811 -20.8888 13.4749 -5.0819 -7.1250 0.0000 -0.0000 -40.4434 39.8140 6.4547 0.0000 0.0000 0.0000 -127.6035 72.4883 -164.3870 -52.4474 53.9361 -28.1408 0.0000 -0.0000 -82.3424 -4.3053 7.4114 -0.5564 7.1250 -0.0000 -0.0000 16.3007 -22.6122 9.1457
4.1528 16.6018 -15.7388 -2.1995 8.8754 27.6738 0.0000 0.0000 0.0000 -27.3957 12.1086 -27.9764 4.9199 13.2930 40.4755 1.3293 40.9685 34.3183 0.0287 1.0942 3.0081 0.0000 0.0000 0.0000 27.5703 18.3169 -40.8375 -2.6002 -10.0178 29.0344 -1.6864 -20.1685 -38.5044 -2.4036 -9.6604 27.8839 6.9337 2.4057 -11.6555 7.0941 4.0045 -18.9336 4.1608 1.8383 -14.9760 0.0042 -4.9659 -1.7599 -16.3502 -7.1020 -3.0557 -4.8441 -3.4378 -1.2016 0.0000 -0.0000 0.0000 -70.8266 38.9654 83.8896 29.3741 -40.3509 -11.0021 -0.0000 0.0000 -8.2337 -21.8572 15.3956 -6.0787 -7.1250 0.0000 -0.0000 -42.1389 41.2638 4.9088 0.0000 -0.0000 0.0000 -140.3580 73.5562 -179.2266 -48.1980 52.2424 -24.7422 0.0000 -0.0000 -85.2997 -8.4314 8.7340 -1.2894 7.1250 -0.0000 -0.0000 13.2526 -21.2401 7.7573
4.1328 16.5910 -15.7327 -2.0187 8.5979 27.7833 0.0000 0.0000 0.0000 -27.6466 12.5668 -28.3000 4.9761 13.3569 40.7194 2.2854 38.6047 36.4612 0.0081 -0.5807 -1.5957 0.0000 0.0000 0.0000 27.6738 17.8711 -40.9590 -2.5973 -10.0127 29.0180 -1.6892 -19.7483 -38.1206 -2.4225 -9.6956 27.9964 7.3919 2.0871 -11.8116 6.9666 3.4323 -18.4198 3.7376 1.4644 -14.1284 -1.2332 -4.4105 -4.8069 -13.9924 -5.6802 0.0182 -4.4882 -3.0192 0.4455 -0.0000 0.0000 0.0000 -68.5948 39.2013 83.7463 35.7961 -45.3723 -15.3772 -0.0000 0.0000 -8.0094 -23.6500 17.6593 -7.5673 -7.1250 0.0000 -0.0000 -44.6953 42.8401 3.0786 -0.0000 0.0000 0.0000 -159.0123 75.2833 162.9398 -52.3729 53.9088 -28.0806 0.0000 -0.0000 -99.6200 -18.7026 9.2031 -3.0991 7.1250 -0.0000 -0.0000 5.8975 -20.2977 3.5039
4.1090 16.5972 -15.7338 -2.1228 8.4405 27.8734 0.0000 0.0000 0.0000 -27.5399 12.7135 -28.6535 5.0178 13.4038 40.8995 2.4734 38.3627 37.0250 0.0163 -0.8236 -2.2636 0.0000 0.0000 0.0000 27.2752 19.1386 -40.8756 -2.6519 -10.1091 29.3307 -1.6952 -20.2371 -38.6129 -2.4704 -9.7839 28.2798 7.8088 1.8174 -13.2090 6.4034 2.8745 -19.1171 2.9299 1.0691 -14.1572 -2.4706 -4.5109 0.5648 -10.2851 -5.8859 2.3279 -2.8377 -3.0350 0.3781 0.0000 0.0000 0.0000 -65.1334 41.7617 83.4767 42.7238 -49.6034 -20.4902 -0.0000 0.0000 -8.9637 -25.8844 19.3085 -9.1152 -7.1250 0.0000 -0.0000 -47.2603 43.8142 1.8370 0.0000 0.0000 0.0000 149.6697 76.3296 113.5031 -64.9760 57.4964 -38.5108 0.0000 -0.0000 -112.6050 -25.9993 10.6830 -5.1661 7.1250 -0.0000 -0.0000 0.7539 -18.1268 0.4819
4.0671 16.6005 -15.7275 -2.7222 8.3704 27.8646 0.0000 0.0000 0.0000 -26.7644 12.7348 -28.9809 5.0598 13.4509 41.0806 2.2532 39.4429 36.7914 0.0001 0.0524 0.1440 0.0000 0.0000 0.0000 27.5814 20.7076 -40.2293 -2.6082 -10.0320 29.0806 -2.0182 -20.2668 -40.1824 -2.8559 -10.4581 30.4733 8.2997 1.4464 -14.3058 5.9470 2.0393 -18.3294 2.0906 0.5573 -12.4365 -1.8663 -3.8719 -4.0095 -6.5088 -4.5401 8.2828 -1.9933 -2.5711 3.2681 -0.0000 0.0000 0.0000 -64.2689 42.1126 76.6947 51.4178 -53.5516 -27.3105 -0.0000 0.0000 -9.5938 -31.2578 22.6258 -13.1441 -7.1250 0.0000 -0.0000 -53.1189 45.4965 -0.9286 -0.0000 0.0000 0.0000 115.6822 69.5322 83.2694 -81.4278 59.7205 -52.5833 0.0000 -0.0000 -111.3960 -15.5790 9.0531 -2.5120 7.1250 -0.0000 -0.0000 8.1378 -20.6300 4.7967
4.0350 16.5953 -15.7168 -1.7043 7.0914 27.6342 0.0000 0.0000 0.0000 -28.1195 12.8781 -28.0646 4.8866 13.2549 40.3305 -3.4212 48.6347 23.5747 1.3884 7.4551 21.0707 0.0000 0.0000 0.0000 26.1984 21.4151 -39.9328 -2.7138 -10.2167 29.6814 -2.1683 -19.7491 -40.4177 -2.6868 -10.1698 29.5285 6.5239 1.3612 -14.9719 4.4614 1.8371 -18.4210 1.4001 0.5437 -12.0667 -1.6517 -4.4202 -2.8174 -2.1966 -5.6293 11.9909 -0.7137 -2.9640 4.4346 -0.0000 -0.0000 0.0000 -63.5958 43.5205 69.2533 58.4143 -55.8724 -33.0250 -0.0000 0.0000 -12.0796 -35.5651 23.5639 -15.9521 -7.1250 0.0000 -0.0000 -56.3799 45.4621 -0.9739 -0.0000 -0.0000 0.0000 96.8141 55.2468 68.1903 -98.1752 59.7459 -67.0739 0.0000 -0.0000 -103.9860 -4.4814 7.7310 -0.6041 7.1250 -0.0000 -0.0000 16.1413 -22.3021 9.1686
4.0075 16.5883 -15.7358 -1.5675 6.6831 27.7552 0.0000 0.0000 0.0000 -28.3252 12.2622 -28.3143 4.9559 13.3340 40.6320 -0.7275 45.6432 30.3010 0.4769 4.4285 12.2855 0.0000 0.0000 0.0000 26.2947 20.9752 -40.2100 -2.7108 -10.2115 29.6645 -2.1303 -19.1283 -39.6984 -2.9767 -10.6573 31.1325 5.3728 0.7115 -14.8179 4.3882 1.0166 -18.1861 1.9038 0.2635 -11.8405 -2.4821 -4.3711 -6.8010 1.7360 -6.0271 18.5327 0.4867 -2.9362 6.9010 -0.0000 0.0000 0.0000 -69.2010 43.6912 56.0705 60.6963 -56.4926 -34.9210 -0.0000 0.0000 -16.0136 -39.8013 25.6872 -19.8576 -7.1250 0.0000 -0.0000 -60.5065 46.2538 -3.0335 -0.0000 0.0000 0.0000 89.4522 38.7305 65.3665 -108.9477 58.5990 -76.3320 0.0000 -0.0000 -98.1850 11.2078 4.0679 0.8053 7.1250 -0.0000 -0.0000 27.5780 -25.4420 14.7538
3.9924 16.5799 -15.7010 -2.3033 6.6429 27.2435 0.0000 0.0000 0.0000 -27.4228 12.8285 -28.0718 4.9898 13.3723 40.7787 -0.7845 44.7141 29.3261 0.5728 4.8468 13.4721 0.0000 0.0000 0.0000 28.4345 18.4073 -39.9906 -2.6292 -10.0691 29.2009 -1.7841 -18.4206 -37.3710 -2.4740 -9.7904 28.3007 4.6929 0.8339 -14.4603 4.1965 1.2143 -17.7642 2.0555 0.4370 -11.4917 -3.2829 -5.2832 -7.4121 5.6229 -8.0017 19.9656 1.6675 -3.5718 7.7224 0.0000 -0.0000 0.0000 -73.4364 42.9206 45.7059 58.5907 -55.9226 -33.1711 -0.0000 0.0000 -16.9121 -40.5553 23.9655 -19.1672 -7.1250 0.0000 -0.0000 -59.1631 44.8627 0.3263 0.0000 -0.0000 0.0000 84.0128 20.0576 60.3908 -115.9486 57.2963 -82.2682 0.0000 -0.0000 -90.4841 21.1488 2.9048 1.1231 7.1250 -0.0000 -0.0000 34.0880 -25.7025 19.4534
3.9786 16.5589 -15.7000 -2.5485 6.1780 27.3848 0.0000 0.0000 0.0000 -27.2722 13.0350 -28.3097 5.0113 13.3965 40.8713 2.8055 38.8784 38.4877 0.0333 -1.1779 -3.2385 0.0000 0.0000 0.0000 29.4739 16.7227 -40.5960 -2.5977 -10.0135 29.0203 -1.5305 -17.2075 -34.9111 -1.9767 -8.8174 25.2258 2.8532 1.0517 -13.9737 4.5493 1.6651 -17.3122 3.4649 0.9214 -11.2463 -4.0982 -6.3727 -7.8772 7.8946 -9.7441 18.6027 2.3579 -4.2747 7.6055 -0.0000 -0.0000 0.0000 -77.8717 43.1031 36.2717 53.7050 -54.3847 -29.1603 -0.0000 0.0000 -20.7708 -40.9081 26.1161 -20.8776 -7.1250 0.0000 -0.0000 -61.4561 46.3620 -3.4079 -0.0000 -0.0000 0.0000 79.3381 0.9558 52.8345 -115.4384 57.4078 -81.8386 0.0000 -0.0000 -89.5018 25.1239 1.2615 0.5915 7.1250 -0.0000 -0.0000 36.8331 -26.6427 20.8268
3.9998 16.5389 -15.7238 -3.0766 6.6968 28.0238 0.0000 0.0000 0.0000 -26.5205 11.7107 -29.3942 5.3038 13.7179 42.1190 5.1171 29.1070 43.3849 1.3165 -7.2673 -20.5097 0.0000 0.0000 0.0000 31.2751 13.9869 -42.1797 -2.4883 -9.8167 28.3850 -1.2093 -16.1179 -32.0037 -1.6484 -8.0918 22.9932 2.5843 1.1929 -11.4802 4.8827 2.1276 -18.1338 3.9971 1.2412 -13.7986 -3.4613 -7.0272 -9.0018 7.9777 -10.7228 18.2361 2.1418 -4.6648 7.7247 0.0000 -0.0000 0.0000 -80.3347 46.1625 28.4935 45.6109 -51.0643 -22.7130 -0.0000 0.0000 -28.0239 -41.4862 24.2824 -19.9840 -7.1250 0.0000 -0.0000 -59.8593 44.9247 0.1838 0.0000 -0.0000 0.0000 76.5814 -18.0709 44.0878 -108.2194 58.7078 -75.7100 0.0000 -0.0000 -92.8359 23.3645 3.5829 1.5464 7.1250 -0.0000 -0.0000 35.1325 -24.8336 21.3002
4.0123 16.5384 -15.7494 -3.8122 6.1427 29.2569 0.0000 0.0000 0.0000 -26.6233 12.0259 -31.3655 5.3620 13.7802 42.3639 4.1164 32.9351 40.7822 0.6250 -5.0588 -14.0765 0.0000 0.0000 0.0000 32.1445 13.8660 -43.9388 -2.5341 -9.8996 28.6522 -1.1402 -15.0918 -30.5825 -1.4584 -7.6329 21.6045 2.7049 1.2967 -11.6852 5.5070 2.2843 -17.9062 4.6312 1.3578 -13.4416 -1.1681 -6.8629 -8.2845 6.9291 -10.3032 14.5354 1.5507 -4.5483 6.2040 -0.0000 -0.0000 0.0000 -81.3633 49.2966 23.5533 36.4641 -45.8297 -15.8545 -0.0000 0.0000 -36.7340 -43.4742 22.5974 -20.0174 -7.1250 0.0000 -0.0000 -58.9072 43.2326 4.3342 -0.0000 -0.0000 0.0000 75.7525 -31.5260 32.4959 -94.3812 59.9273 -63.7933 0.0000 -0.0000 -88.6931 24.5870 3.7151 1.6982 7.1250 -0.0000 -0.0000 35.7529 -24.5485 22.2075
4.0327 16.5408 -15.7642 -3.7848 6.1255 29.7173 0.0000 0.0000 0.0000 -27.3810 12.6016 -32.2693 5.3980 13.8184 42.5150 -0.1271 42.0404 29.6382 0.2508 3.2223 8.8984 0.0000 0.0000 0.0000 31.4040 15.1749 -44.1370 -2.5421 -9.9141 28.6989 -0.9435 -16.7936 -30.9978 -1.5895 -7.9529 22.5711 2.6159 0.5352 -11.3145 6.4591 1.2682 -17.0085 5.7083 0.9121 -12.4863 0.9077 -6.0111 -9.4675 6.3005 -9.1087 11.5627 1.1334 -3.9850 5.3022 -0.0000 -0.0000 0.0000 -82.7158 51.4810 17.9288 28.0602 -39.1716 -10.1617 -0.0000 0.0000 -37.3372 -44.5904 23.4684 -21.4345 -7.1250 0.0000 -0.0000 -60.1247 43.6871 3.3517 -0.0000 -0.0000 0.0000 72.6893 -40.3245 24.6922 -77.1554 59.3673 -48.8999 0.0000 -0.0000 -83.8570 29.2122 3.4989 1.9545 7.1250 -0.0000 -0.0000 38.1297 -23.9458 25.4489
4.0557 16.5500 -15.7750 -2.6124 6.4885 28.7763 0.0000 0.0000 0.0000 -28.5725 13.3238 -30.6403 5.2548 13.6651 41.9121 2.4902 35.4986 35.6607 0.1558 -2.5433 -7.0097 0.0000 0.0000 0.0000 29.3296 16.4418 -42.6194 -2.5505 -9.9292 28.7479 -0.9778 -18.8786 -33.3983 -1.7452 -8.3138 23.6712 2.0701 -0.6773 -8.1649 6.9412 -0.2004 -16.3622 6.5935 0.2778 -13.4115 1.5984 -4.9807 -12.6492 7.0798 -8.0601 11.7281 1.2631 -3.3042 5.8763 0.0000 -0.0000 0.0000 -81.2639 54.3996 13.2100 21.4689 -32.3716 -6.2991 -0.0000 0.0000 -20.1469 -43.3221 21.4635 -19.0386 -7.1250 0.0000 -0.0000 -57.7620 42.3519 6.3210 0.0000 -0.0000 0.0000 66.1530 -47.0371 22.8917 -61.7714 56.7638 -35.8189 0.0000 -0.0000 -80.9880 29.6094 2.1254 1.2074 7.1250 -0.0000 -0.0000 38.7779 -25.0912 24.7143
4.0939 16.5930 -15.9039 -2.5248 5.6640 30.2687 0.0000 0.0000 0.0000 -30.1114 12.9380 -33.0017 5.2358 13.6446 41.8319 4.1150 31.2624 40.2106 1.0472 -6.5077 -18.2648 0.0000 0.0000 0.0000 27.8622 18.2640 -44.4702 -2.5716 -9.9670 28.8699 -0.8918 -19.2318 -33.2668 -1.8707 -8.5914 24.5252 2.1480 -1.1894 -6.3601 7.7698 -0.6927 -16.8746 7.6729 0.1511 -15.1660 2.5414 -4.0354 -10.5371 6.4086 -6.4459 7.9145 1.1236 -2.7250 4.2351 0.0000 -0.0000 0.0000 -76.7868 58.0967 10.2138 16.2401 -25.8451 -3.7500 -0.0000 -0.0000 2.2490 -41.8419 18.8219 -16.1133 -7.1250 0.0000 -0.0000 -54.9554 40.5015 9.9006 0.0000 -0.0000 0.0000 55.5663 -51.4104 25.6938 -47.9899 52.1519 -24.5777 0.0000 -0.0000 -74.1950 31.5989 1.8636 1.1461 7.1250 -0.0000 -0.0000 39.7503 -24.8817 26.1239
4.1433 16.6104 -16.0060 -2.2847 5.9821 30.6796 0.0000 0.0000 0.0000 -30.8101 12.4788 -33.8811 5.3223 13.7378 42.1971 4.1845 31.2693 40.4782 1.1431 -6.7893 -19.0926 0.0000 0.0000 0.0000 27.1211 18.4700 -45.4943 -2.5949 -10.0084 29.0040 -0.7270 -20.0316 -33.1704 -1.7624 -8.3526 23.7902 2.4791 -1.7842 -4.1583 8.6289 -1.2819 -16.6702 8.6687 -0.0598 -16.2593 3.6493 -3.2081 -10.4459 4.5674 -5.1285 4.9515 0.5450 -2.2522 3.4957 0.0000 -0.0000 0.0000 -68.4934 59.5434 9.2532 12.1474 -20.0253 -2.1525 -0.0000 -0.0000 18.6947 -39.1468 17.7337 -13.9256 -7.1250 0.0000 -0.0000 -53.1910 40.2195 9.7914 0.0000 -0.0000 0.0000 44.0519 -52.1061 29.3022 -34.7357 44.6224 -14.6274 0.0000 -0.0000 -69.1426 33.0751 1.2148 0.7911 7.1250 -0.0000 -0.0000 40.5902 -25.0916 26.8596
4.1840 16.6120 -16.0724 -1.1864 6.5633 29.5072 0.0000 0.0000 0.0000 -31.6194 12.6435 -32.5363 5.3087 13.7232 42.1397 4.6716 31.5794 42.4072 0.9983 -6.3584 -17.8279 0.0000 0.0000 0.0000 24.8654 19.9113 -44.3717 -2.7043 -10.2002 29.6275 -0.8285 -21.8989 -35.8721 -1.9685 -8.8002 25.1722 1.8357 -2.4453 -1.1376 9.2630 -2.0162 -15.9283 10.0323 -0.2174 -17.1327 3.7577 -2.4026 -11.2547 3.0253 -3.9387 3.7245 0.0876 -1.7574 3.1752 -0.0000 0.0000 0.0000 -56.3878 59.4803 10.7459 9.6145 -16.1344 -1.3659 -0.0000 -0.0000 31.8268 -38.9199 17.7296 -13.8147 -7.1250 0.0000 -0.0000 -53.1049 40.2668 9.6503 -0.0000 0.0000 0.0000 33.4055 -51.0058 30.7032 -24.8917 36.0931 -8.2260 0.0000 -0.0000 -58.1943 32.9391 1.1613 0.7523 7.1250 -0.0000 -0.0000 40.5561 -25.1760 26.6947
4.2550 16.6187 -16.2091 -1.6094 7.3318 29.1897 0.0000 0.0000 0.0000 -31.2250 12.1790 -33.2618 5.5842 14.0129 43.2892 3.9532 32.5858 40.0461 0.9255 -6.1289 -17.1588 0.0000 0.0000 0.0000 25.9524 17.9770 -45.3896 -2.7677 -10.3092 29.9838 -0.5964 -21.4990 -34.1036 -1.7662 -8.3611 23.8163 3.1951 -2.6388 2.1709 10.2453 -1.7616 -15.6079 10.7600 -0.0522 -19.0869 3.5061 -1.7105 -13.0110 1.0508 -2.9173 3.3620 -0.4762 -1.3395 3.3637 0.0000 -0.0000 0.0000 -43.1876 57.7063 16.5847 8.5760 -14.4822 -1.0917 -0.0000 -0.0000 39.5650 -37.4611 18.6143 -13.7437 -7.1250 0.0000 -0.0000 -53.2132 41.2987 7.4424 0.0000 -0.0000 0.0000 23.6889 -48.1177 29.1822 -17.4936 27.5039 -4.3128 0.0000 -0.0000 -42.9455 33.4037 1.8501 1.2197 7.1250 -0.0000 -0.0000 40.4865 -24.4281 27.6868
4.3132 16.5919 -16.3653 -1.7716 7.2403 29.3934 0.0000 0.0000 0.0000 -31.6643 11.7375 -35.0593 6.0013 14.4296 44.9869 3.5450 34.2072 39.1158 0.7165 -5.4092 -15.0796 0.0000 0.0000 0.0000 25.6875 18.2314 -46.2979 -2.7862 -10.3407 30.0871 -0.4174 -22.0208 -33.6835 -1.5959 -7.9680 22.6169 3.1853 -2.6030 4.1018 11.4735 -1.3562 -15.1708 11.7911 0.1957 -19.3600 2.9941 -1.0798 -13.2356 -0.2942 -1.8976 1.4483 -0.7445 -0.9296 2.7494 0.0000 0.0000 0.0000 -32.2371 52.8961 22.4116 8.3281 -14.0833 -1.0305 -0.0000 -0.0000 42.7166 -36.7054 18.7423 -13.4711 -7.1250 0.0000 -0.0000 -52.9837 41.5519 6.8381 0.0000 0.0000 0.0000 16.3759 -43.3904 22.7906 -12.9058 21.1491 -2.4192 0.0000 -0.0000 -23.5594 34.3923 1.3663 0.9351 7.1250 -0.0000 -0.0000 41.0348 -24.5833 28.1846
4.3934 16.6000 -16.5026 -2.0487 7.5096 29.1467 0.0000 0.0000 0.0000 -31.8423 11.4956 -35.7094 6.2169 14.6353 45.8460 2.7643 35.6177 36.7693 0.5578 -4.7840 -13.2935 0.0000 0.0000 0.0000 25.2368 18.6626 -46.6941 -2.8375 -10.4273 30.3719 -0.4507 -22.3582 -34.2957 -1.7165 -8.2488 23.4723 4.1254 -2.6803 6.1118 12.2533 -1.0500 -14.3210 12.1843 0.3000 -19.7613 2.9930 -0.2022 -15.0030 -1.8692 -0.7093 0.8663 -1.1994 -0.4153 2.9058 -0.0000 0.0000 0.0000 -23.7286 46.4045 26.9485 8.1679 -13.8246 -0.9919 -0.0000 -0.0000 44.2879 -35.9937 19.3899 -13.5582 -7.1250 0.0000 -0.0000 -53.1574 42.2030 5.5244 -0.0000 0.0000 0.0000 10.3171 -38.4198 16.0493 -10.4590 17.4544 -1.6099 0.0000 -0.0000 -8.6990 34.6061 1.0821 0.7466 7.1250 -0.0000 -0.0000 41.2181 -24.7779 28.1388
4.4690 16.5825 -16.6533 -2.3445 7.9424 29.4564 0.0000 0.0000 0.0000 -32.0828 10.8444 -36.9627 6.5295 14.9226 47.0717 1.4892 37.5464 32.8575 0.3981 -4.0508 -11.2197 0.0000 0.0000 0.0000 25.3205 18.2599 -48.0927 -2.9022 -10.5351 30.7275 -0.5229 -21.5728 -33.7609 -1.3840 -7.4438 21.0369 5.1770 -2.8381 7.5843 12.9395 -0.8091 -13.9870 12.4490 0.3722 -20.4635 3.0402 0.4618 -15.4722 -3.4719 0.2299 0.6148 -1.6791 -0.0226 2.9482 0.0000 -0.0000 0.0000 -17.0174 38.8649 29.7090 8.1389 -13.7778 -0.9849 -0.0000 -0.0000 45.5237 -36.2886 19.9555 -14.0685 -7.1250 0.0000 -0.0000 -53.7407 42.5925 4.8344 0.0000 -0.0000 0.0000 4.5336 -32.9602 14.1482 -9.6722 16.2252 -1.3819 0.0000 0.0000 0.0698 34.3735 -0.0189 -0.0130 7.1250 -0.0000 -0.0000 41.5536 -25.8467 26.9532
4.5265 16.5505 -16.8002 -1.8382 7.4156 29.9192 0.0000 0.0000 0.0000 -33.5457 10.6265 -38.0181 6.6884 15.0638 47.6858 0.1244 39.4701 28.7036 0.1078 -2.1174 -5.8303 0.0000 0.0000 0.0000 24.1847 18.5684 -49.2886 -2.9715 -10.6487 31.1040 -0.5090 -21.3832 -33.4489 -1.3848 -7.4458 21.0431 4.7917 -2.8017 8.9944 13.2367 -0.6014 -13.8139 13.1386 0.6288 -21.2934 3.0893 1.0686 -14.1853 -4.8901 1.0730 -0.9953 -2.0787 0.3574 2.2105 -0.0000 0.0000 0.0000 -11.9056 30.7972 32.3056 8.1657 -13.8212 -0.9913 -0.0000 -0.0000 46.1873 -35.0754 20.7866 -13.9927 -7.1250 0.0000 -0.0000 -53.8041 43.4587 3.0563 -0.0000 0.0000 0.0000 -0.2744 -27.0913 14.6720 -9.4894 15.9369 -1.3313 0.0000 0.0000 4.4952 33.2968 0.9642 0.6332 7.1250 -0.0000 -0.0000 40.7703 -25.2584 26.8429
4.6069 16.5511 -16.9123 -2.4103 7.4141 29.9739 0.0000 0.0000 0.0000 -33.6963 10.8103 -38.8194 6.7895 15.1521 48.0738 0.7130 37.1526 29.4980 0.3349 -3.7190 -10.2873 0.0000 0.0000 0.0000 24.6666 18.0263 -50.1710 -3.0025 -10.6990 31.2715 -0.4073 -21.0058 -32.3660 -1.3359 -7.3187 20.6630 5.9415 -2.8002 10.0652 13.6695 -0.1994 -13.2224 12.8758 0.6699 -21.3724 3.1990 1.6017 -14.2894 -6.0440 1.7656 -1.8055 -2.4377 0.6666 2.0121 -0.0000 0.0000 0.0000 -8.4423 22.2328 33.9493 8.5369 -14.4194 -1.0819 -0.0000 -0.0000 46.0251 -35.3834 21.4067 -14.5325 -7.1250 0.0000 -0.0000 -54.4626 43.8787 2.2639 -0.0000 0.0000 0.0000 -3.2149 -20.2155 12.7078 -9.3151 15.6612 -1.2839 0.0000 0.0000 6.1389 31.5975 -0.2841 -0.1748 7.1250 -0.0000 -0.0000 40.5450 -26.8052 24.3316
4.6720 16.5285 -17.0796 -2.5518 7.1352 30.0171 0.0000 0.0000 0.0000 -34.2769 10.5726 -39.9053 7.0406 15.3660 49.0278 -0.4456 39.1468 26.1119 0.0714 -1.7236 -4.7424 0.0000 0.0000 0.0000 24.5614 17.8768 -51.1788 -3.0477 -10.7719 31.5143 -0.1552 -21.2987 -31.1176 -1.1702 -6.8667 19.3211 6.2534 -2.6854 11.7520 14.0385 0.3069 -12.6993 13.0878 0.9293 -21.9919 2.7422 1.8923 -14.8029 -6.9287 2.2289 -2.0935 -2.6242 0.8633 2.0430 0.0000 -0.0000 0.0000 -6.1022 13.0092 36.4843 8.9234 -15.0383 -1.1802 -0.0000 -0.0000 42.3143 -37.4744 21.8705 -15.9379 -7.1250 0.0000 -0.0000 -55.8800 43.8541 2.4456 0.0000 -0.0000 0.0000 -5.9063 -13.0798 11.7211 -9.4392 15.8576 -1.3176 0.0000 0.0000 6.2595 31.3774 -2.3176 -1.4127 7.1250 -0.0000 -0.0000 41.2574 -28.6639 22.3709
4.7435 16.5194 -17.2058 -2.9068 6.8446 29.7409 0.0000 0.0000 0.0000 -34.4450 10.7958 -40.5376 7.2267 15.5199 49.7266 -0.9315 39.6715 24.4832 0.0233 -0.9860 -2.7103 0.0000 0.0000 0.0000 24.8165 17.6117 -51.5473 -3.0823 -10.8271 31.6988 -0.0546 -21.1535 -30.2434 -1.0946 -6.6487 18.6786 6.8589 -2.5359 13.1507 14.2034 0.8508 -12.1305 12.7808 1.0976 -22.3106 2.3595 2.1717 -15.0605 -7.3835 2.6586 -2.3865 -2.6781 1.0632 2.0162 -0.0000 0.0000 0.0000 -4.0849 3.1357 37.2670 9.4865 -15.9323 -1.3305 -0.0000 -0.0000 37.5953 -38.0527 23.4358 -17.2926 -7.1250 0.0000 -0.0000 -57.5346 44.9279 0.1605 -0.0000 0.0000 0.0000 -7.1339 -5.4512 7.4614 -9.4668 15.9012 -1.3251 0.0000 0.0000 10.3244 31.3295 -3.5871 -2.1811 7.1250 -0.0000 -0.0000 41.7696 -29.7962 21.1751
4.7870 16.5006 -17.3118 -2.7655 6.6255 29.6202 0.0000 0.0000 0.0000 -34.8263 10.8122 -41.1490 7.4277 15.6817 50.4739 0.0207 37.6520 26.9417 0.1996 -2.8770 -7.9366 0.0000 0.0000 0.0000 24.4074 17.6858 -52.0202 -3.1497 -10.9335 32.0559 0.0714 -21.5022 -29.8468 -0.9805 -6.3033 17.6671 6.8821 -2.4284 13.9344 14.2145 1.0493 -11.5284 12.6600 1.1530 -22.0562 2.0963 2.1750 -15.0920 -7.8216 2.6888 -2.8569 -2.7740 1.0731 1.8703 0.0000 0.0000 0.0000 -2.5910 -7.0303 36.3970 10.1258 -16.9361 -1.5114 -0.0000 -0.0000 33.0781 -33.2477 25.3810 -15.6954 -7.1250 0.0000 -0.0000 -56.6508 47.1685 -4.4692 0.0000 0.0000 0.0000 -7.4164 2.9257 -0.1378 -8.7323 14.7328 -1.1311 0.0000 0.0000 17.7337 30.1276 -3.5235 -2.0426 7.1250 -0.0000 -0.0000 41.1860 -29.9877 20.3553
4.8448 16.4851 -17.4251 -2.7488 6.2523 30.0188 0.0000 0.0000 0.0000 -35.3555 10.5328 -42.3917 7.6637 15.8662 51.3420 -0.1282 37.7233 26.3572 0.2135 -2.9744 -8.2076 0.0000 0.0000 0.0000 24.3684 17.1983 -53.3238 -3.1960 -11.0057 32.2992 0.1999 -21.2608 -28.5652 -0.7617 -5.5735 15.5518 7.1298 -2.3409 14.1218 14.1650 1.1832 -11.1219 12.3322 1.1277 -21.6307 2.1650 2.4972 -14.8349 -8.4123 3.0918 -3.3250 -2.9605 1.2714 1.7080 0.0000 0.0000 0.0000 -1.6301 -16.9010 34.3281 10.6725 -17.7846 -1.6745 -0.0000 -0.0000 31.7226 -33.1932 25.3335 -15.6384 -7.1250 0.0000 -0.0000 -56.5756 47.1439 -4.4089 0.0000 0.0000 0.0000 -6.4308 13.9572 -20.8672 -7.1043 12.0907 -0.7533 0.0000 0.0000 38.3408 29.7024 -1.4783 -0.8432 7.1250 -0.0000 -0.0000 40.1518 -28.2720 21.8446
4.8752 16.4662 -17.5111 -2.8218 5.7569 29.9842 0.0000 0.0000 0.0000 -35.5972 10.4817 -43.0635 7.8131 15.9801 51.8868 0.1595 38.4022 28.0717 0.2695 -3.3394 -9.2252 0.0000 0.0000 0.0000 24.2074 17.3301 -53.9694 -3.2158 -11.0365 32.4032 0.6066 -22.4048 -27.1714 -0.4488 -4.2983 11.9173 6.9087 -2.2476 14.7050 14.2695 1.2885 -10.5958 12.5115 1.1960 -21.3466 2.6293 2.7646 -15.3000 -9.6153 3.4227 -3.0334 -3.4504 1.3798 1.9620 0.0000 -0.0000 0.0000 -1.6317 -27.1634 30.5498 10.9565 -18.2216 -1.7623 -0.0000 -0.0000 31.7980 -34.8181 25.6793 -16.7716 -7.1250 0.0000 -0.0000 -57.8527 47.1130 -4.5483 0.0000 -0.0000 0.0000 -5.0696 25.4745 -45.4087 -6.1562 10.5225 -0.5674 0.0000 0.0000 60.8372 26.9859 0.3274 0.1667 7.1250 -0.0000 -0.0000 38.1344 -27.1741 21.3800
4.9136 16.4298 -17.6665 -3.5694 3.0546 32.0945 0.0000 0.0000 0.0000 -36.7610 9.9650 -46.9984 8.0642 16.1663 52.7935 -0.5256 39.5963 26.1370 0.0911 -1.9461 -5.3568 0.0000 0.0000 0.0000 25.5375 17.1781 -56.7833 -3.1121 -10.8743 31.8570 0.7424 -20.2627 -22.0447 -0.2244 -3.0494 8.4162 5.9643 -1.1878 12.9102 13.9855 2.0977 -10.1657 12.2657 1.5674 -19.6996 2.5704 2.9247 -14.5472 -9.0993 3.5578 -4.1112 -3.2421 1.5061 1.4540 0.0000 0.0000 0.0000 -2.9530 -38.3917 19.6396 10.9347 -18.1882 -1.7555 -0.0000 -0.0000 34.8579 -35.1703 26.2500 -17.3101 -7.1250 0.0000 -0.0000 -58.5857 47.4531 -5.3817 0.0000 0.0000 0.0000 -2.5693 36.9734 -71.7075 -5.9382 10.1590 -0.5283 0.0000 0.0000 81.6066 25.3086 0.3277 0.1549 7.1250 -0.0000 -0.0000 37.2530 -27.4384 20.2540
4.9208 16.4125 -17.7243 -4.0705 1.7666 32.3850 0.0000 0.0000 0.0000 -36.7290 9.9442 -48.1223 8.2795 16.3210 53.5631 -1.5201 41.6679 23.7894 0.0001 -0.0598 -0.1643 0.0000 0.0000 0.0000 26.3548 17.3537 -57.0186 -3.0592 -10.7903 31.5759 0.7035 -19.3599 -20.7171 -0.2689 -3.3360 9.2155 5.4849 -0.7921 12.6048 13.6123 2.3431 -9.7039 11.9248 1.6556 -18.9094 2.8172 3.0939 -14.6623 -8.3566 3.7690 -3.6125 -3.0180 1.6177 1.6365 -0.0000 0.0000 0.0000 -7.5402 -51.5236 4.3048 10.1064 -16.9059 -1.5057 -0.0000 -0.0000 40.5859 -32.1670 26.2472 -15.5434 -7.1250 0.0000 -0.0000 -56.7548 47.9615 -6.0375 -0.0000 0.0000 0.0000 2.0328 47.4064 -91.0839 -5.6261 9.6372 -0.4747 0.0000 0.0000 97.4738 20.9267 4.5685 1.7446 7.1250 -0.0000 -0.0000 33.4743 -24.2500 20.3845
4.8903 16.3976 -17.7159 -3.8684 0.8523 31.9103 0.0000 0.0000 0.0000 -36.9379 10.2590 -47.9043 8.3194 16.3492 53.7050 -0.5090 40.4808 26.9181 0.0780 -1.8021 -4.9589 0.0000 0.0000 0.0000 26.5788 17.1222 -56.3661 -3.0888 -10.8374 31.7336 0.5299 -18.2802 -20.7032 -0.1927 -2.8270 7.7974 4.1729 -0.5741 12.9748 13.4181 2.3866 -9.7227 12.4976 1.8582 -19.2352 1.8165 3.1995 -14.9401 -7.2327 4.2128 -1.0002 -2.4237 1.8272 2.5264 0.0000 0.0000 0.0000 -22.7905 -66.4328 -13.9323 8.1745 -13.8354 -0.9934 -0.0000 -0.0000 56.8930 -27.4222 25.4691 -12.5775 -7.1250 0.0000 -0.0000 -52.9231 48.2023 -5.7182 0.0000 0.0000 0.0000 10.8198 57.0828 -107.5418 -5.4801 9.3923 -0.4505 0.0000 0.0000 112.5720 15.8745 7.1153 2.0174 7.1250 -0.0000 -0.0000 29.8250 -22.4207 18.8456
4.8775 16.4006 -17.7028 -4.3633 -0.1962 31.6308 0.0000 0.0000 0.0000 -36.6383 10.5570 -48.0910 8.3859 16.3959 53.9410 -1.0161 41.6861 25.8721 0.0149 -0.7893 -2.1693 0.0000 0.0000 0.0000 28.1277 16.1915 -56.3798 -3.1194 -10.8859 31.8960 0.4197 -16.7739 -19.2955 -0.0697 -1.7036 4.6873 3.5106 -0.1861 12.7373 13.0392 2.6167 -9.2825 12.2870 1.9683 -18.5436 2.1953 3.1117 -14.7205 -6.6058 4.0399 -0.4236 -2.2960 1.7606 2.6652 -0.0000 -0.0000 0.0000 -53.2127 -77.6199 -2.3939 7.1127 -12.1046 -0.7551 -0.0000 -0.0000 58.0229 -23.8920 23.7070 -10.0985 -7.1250 0.0000 -0.0000 -49.0115 47.4786 -3.9220 -0.0000 -0.0000 0.0000 24.6948 65.0975 -120.6118 -5.3119 9.1098 -0.4235 0.0000 0.0000 125.6210 12.4643 9.9714 2.1919 7.1250 -0.0000 -0.0000 27.1209 -20.0314 18.3410
4.8787 16.4052 -17.6340 -4.9067 -0.6007 30.6299 0.0000 0.0000 0.0000 -35.8392 10.8537 -46.7848 8.3947 16.4020 53.9721 -2.1756 43.2902 22.6599 0.0097 0.6343 1.7432 0.0000 0.0000 0.0000 30.2987 14.0917 -55.3901 -3.1468 -10.9290 32.0406 0.2570 -15.0585 -18.3946 -0.0270 -1.0599 2.9136 3.4477 -0.1357 12.5438 12.7858 2.5144 -8.7121 11.9539 1.8459 -17.6402 2.2562 3.0361 -13.5267 -5.8946 3.9012 -0.6167 -2.0812 1.7418 2.3497 0.0000 -0.0000 0.0000 -117.0914 -76.3158 43.4477 6.9914 -11.9051 -0.7299 -0.0000 -0.0000 59.8512 -17.8282 24.0227 -7.4591 -7.1250 0.0000 -0.0000 -44.6432 48.6693 -4.9681 0.0000 -0.0000 0.0000 47.7050 69.4665 -128.3294 -4.5731 7.8628 -0.3144 0.0000 0.0000 139.9300 4.8100 12.3245 1.0290 7.1250 -0.0000 -0.0000 21.8855 -18.0357 15.1850
4.8569 16.3910 -17.5167 -4.8178 -0.8216 30.7173 0.0000 0.0000 0.0000 -35.7475 10.0257 -46.3664 8.4965 16.4725 54.3319 -3.1961 45.8343 21.2764 0.0905 1.9401 5.3402 0.0000 0.0000 0.0000 30.6382 13.4283 -55.8609 -3.3874 -11.2973 33.2891 -0.0107 -13.5351 -19.3629 -0.0489 -1.4277 3.9265 2.8353 -0.2446 11.1485 12.3015 1.9958 -8.8729 12.5304 1.7459 -17.1152 1.6819 2.8521 -12.7042 -5.0663 3.7944 1.1236 -1.7166 1.7071 2.7436 -0.0000 -0.0000 0.0000 -136.9303 -66.4175 63.1511 7.3551 -12.5022 -0.8068 -0.0000 -0.0000 50.6894 -12.8336 26.0134 -5.7057 -7.1250 0.0000 -0.0000 -42.0365 51.0200 -7.3515 -0.0000 -0.0000 0.0000 77.5188 68.5881 -129.5974 -4.6746 8.0346 -0.3285 0.0000 0.0000 149.7470 -5.1300 17.7230 -1.5655 7.1250 -0.0000 -0.0000 14.9832 -12.6235 11.7654
4.7766 16.3061 -17.5024 -4.5850 -1.5536 30.0048 0.0000 0.0000 0.0000 -35.9159 9.2275 -46.9365 9.1829 16.9240 56.7205 -6.7567 46.3512 6.0295 1.3302 7.3036 20.6179 0.0000 0.0000 0.0000 29.1371 15.7903 -55.1536 -3.7221 -11.7811 34.9621 -0.0927 -14.8597 -22.0558 -0.1517 -2.5095 6.9160 1.1327 -0.3031 10.8729 11.9019 1.4414 -8.3819 13.0864 1.5866 -16.2004 2.2374 2.9079 -11.8366 -4.5449 3.7837 1.4893 -1.6503 1.7340 2.7051 -0.0000 0.0000 0.0000 -141.0681 -59.1471 89.6232 8.4489 -14.2779 -1.0601 -0.0000 -0.0000 29.5854 -11.4605 30.2689 -5.8348 -7.1250 0.0000 -0.0000 -44.3641 54.5321 -12.1869 -0.0000 0.0000 0.0000 103.2603 63.3786 -103.9715 -4.2059 7.2394 -0.2662 0.0000 0.0000 128.6290 -11.2682 19.9898 -3.8965 7.1250 -0.0000 -0.0000 11.0063 -9.9222 9.1196
4.6839 16.1910 -17.4656 -4.7186 -2.2585 28.5732 0.0000 0.0000 0.0000 -36.2282 9.4884 -47.9986 10.3947 17.6259 60.7996 -7.1670 43.9996 -2.4423 2.4543 9.7544 28.1850 0.0000 0.0000 0.0000 29.2898 16.6932 -54.3161 -4.1515 -12.3593 37.0151 -0.0232 -16.0460 -22.9878 -0.0386 -1.2683 3.4874 -0.4061 -0.2712 10.8186 11.6852 1.1124 -7.8819 13.7577 1.5313 -15.4893 1.8916 2.9175 -9.2485 -3.3180 3.8251 1.7849 -1.2064 1.8202 2.2794 -0.0000 0.0000 0.0000 -144.1530 -51.3193 98.4184 9.2316 -15.5287 -1.2614 -0.0000 -0.0000 23.5494 -11.2142 29.8359 -5.6334 -7.1250 0.0000 -0.0000 -43.7644 54.2526 -11.6419 -0.0000 0.0000 0.0000 118.3127 54.5394 -46.1835 -3.0030 5.1847 -0.1360 0.0000 0.0000 61.7372 -8.8716 14.4872 -2.2361 7.1250 -0.0000 -0.0000 12.6389 -15.5567 9.0112
4.6179 16.0806 -17.3315 -4.6396 -1.8149 26.6961 0.0000 0.0000 0.0000 -36.8105 10.3294 -47.9030 11.4627 18.1542 64.2754 -4.0233 33.4200 -6.8379 1.0862 6.6238 18.6055 0.0000 0.0000 0.0000 30.4432 14.5259 -54.4233 -4.9440 -13.3204 40.5802 -0.4576 -14.2720 -24.6917 -0.0828 -1.8566 5.1096 -0.4931 -0.5729 9.8228 11.2680 0.4668 -6.9511 13.1972 1.0319 -13.5232 0.8247 2.7313 -8.8366 -1.1913 3.6172 3.2037 -0.3462 1.7701 2.5930 -0.0000 0.0000 0.0000 -147.3211 -44.9948 98.2618 9.0486 -15.2378 -1.2129 -0.0000 -0.0000 23.1228 -17.8066 26.1620 -8.0605 -7.1250 0.0000 -0.0000 -46.2438 50.3019 -7.4518 -0.0000 0.0000 0.0000 127.1824 44.9460 5.1053 -5.0978 8.7493 -0.3902 0.0000 -0.0000 -6.9895 -10.3390 6.2450 -1.1369 7.1250 -0.0000 -0.0000 12.0701 -23.6516 6.3508
4.5347 15.9048 -17.2399 -4.9512 -1.4541 24.2374 0.0000 0.0000 0.0000 -36.7899 10.9989 -48.2011 12.5746 18.6232 67.7991 -2.2331 25.3332 -9.1042 0.0166 -0.8316 -2.2856 0.0000 0.0000 0.0000 31.5048 13.5442 -53.7126 -5.7400 -14.1716 43.9292 -0.8465 -14.2300 -27.7129 -0.1439 -2.4450 6.7372 0.1090 -0.8035 8.8665 10.4764 -0.0207 -5.7380 11.7168 0.5257 -11.3483 2.4704 2.2989 -7.0085 -2.0105 2.9511 3.9043 -0.9444 1.4436 2.5317 0.0000 0.0000 0.0000 -145.4032 -43.0914 114.4206 12.0304 -19.8502 -2.1126 -0.0000 -0.0000 8.9071 -27.1397 27.4751 -13.3057 -7.1250 0.0000 -0.0000 -54.4483 49.6734 -8.5851 0.0000 0.0000 0.0000 130.1807 34.2368 38.5786 -10.8575 18.0694 -1.7315 0.0000 -0.0000 -47.7254 -16.7302 -2.5406 0.7634 7.1250 -0.0000 -0.0000 7.9695 -32.5620 2.4480
4.4541 15.6973 -17.1425 -5.2433 0.0525 21.3608 0.0000 0.0000 0.0000 -36.5414 11.8743 -47.7118 13.3302 18.8982 70.1480 -0.7606 17.4077 -15.5475 0.7555 -5.5514 -15.4881 0.0000 0.0000 0.0000 32.2745 12.4078 -52.9933 -6.8012 -15.1622 48.1186 -0.7537 -15.7117 -28.5743 -0.0207 -0.9289 2.5532 0.5649 -0.7797 9.3211 10.4110 0.0217 -4.7990 11.2878 0.4507 -10.5524 1.1419 1.7198 -4.6013 -1.0843 2.2695 3.3389 -0.4656 1.1208 1.8504 -0.0000 0.0000 0.0000 -142.8374 -43.8425 126.8501 18.6721 -29.0092 -4.8708 -0.0000 -0.0000 8.0241 -36.6307 24.2918 -17.0069 -7.1250 0.0000 -0.0000 -57.5939 45.8085 -1.7706 -0.0000 0.0000 0.0000 129.6613 31.4430 60.2611 -13.7866 22.4289 -2.7462 0.0000 -0.0000 -50.0116 -17.8774 -7.1955 2.3136 7.1250 -0.0000 -0.0000 7.5898 -37.4390 1.4222
4.3523 15.4678 -17.0782 -5.5907 1.8917 18.8942 0.0000 0.0000 0.0000 -36.2867 12.8119 -47.7676 13.7447 19.0348 71.4232 0.4150 12.3490 -22.1468 1.1852 -6.9088 -19.4456 0.0000 0.0000 0.0000 33.0479 11.7109 -52.6473 -7.8488 -16.0069 52.0164 -1.0655 -16.4785 -31.4578 -0.0953 -1.9909 5.4804 1.8513 -0.4969 9.8269 9.8337 0.5643 -4.6066 9.7402 0.5949 -10.7039 -0.7050 0.8103 -0.8407 1.5234 1.0517 2.7694 0.5945 0.5360 0.9736 0.0000 -0.0000 0.0000 -137.7404 -49.3756 140.4244 33.3671 -43.6103 -13.6747 -0.0000 -0.0000 17.4068 -38.3722 13.6047 -10.5504 -7.1250 0.0000 -0.0000 -49.9376 36.8889 15.2039 0.0000 -0.0000 0.0000 122.3801 31.7984 87.2753 -21.1595 32.0141 -6.1343 0.0000 -0.0000 -39.5121 -8.4982 -5.8025 0.8655 7.1250 -0.0000 -0.0000 15.1148 -35.4950 3.6346
4.2489 15.3120 -16.9889 -5.9164 4.7986 16.3195 0.0000 0.0000 0.0000 -35.8691 14.1110 -47.1835 13.6289 18.9976 71.0679 0.6351 12.7226 -24.5200 3.9961 -12.1553 -36.2835 0.0000 0.0000 0.0000 34.1957 9.6217 -51.7885 -8.5374 -16.5006 54.4761 -1.6632 -16.4011 -34.9172 -0.2793 -3.3994 9.3927 3.9083 -0.5082 10.0465 9.3411 0.7694 -4.0344 7.8826 0.5079 -10.1761 -2.0349 0.1267 1.2032 3.0358 0.1004 2.5210 1.2740 0.0493 0.5709 -0.0000 0.0000 0.0000 -130.0744 -57.5069 144.2267 61.9315 -56.8030 -35.9529 -0.0000 -0.0000 42.2947 -31.1309 -0.4617 0.2788 -7.1250 0.0000 -0.0000 -40.0601 26.2463 24.5847 -0.0000 0.0000 0.0000 113.1245 36.2961 103.5392 -33.7880 43.9270 -13.9658 0.0000 -0.0000 -11.8275 -0.6210 1.6913 -0.0183 7.1250 -0.0000 -0.0000 19.7861 -28.0355 8.6483
4.1033 15.2064 -16.9388 -5.7141 7.8476 15.3780 0.0000 0.0000 0.0000 -36.0057 14.2162 -47.1718 13.1500 18.8357 69.5909 1.0901 13.4468 -28.7000 4.6471 -12.9749 -39.2748 0.0000 0.0000 0.0000 34.4431 8.6659 -52.6787 -9.1088 -16.8772 56.4656 -1.8321 -17.3701 -36.6803 -0.3656 -3.8838 10.7501 4.7843 0.0153 8.9395 9.2293 1.4188 -3.4708 7.0543 0.7518 -8.9383 -4.0975 -0.7674 1.4839 4.4143 -1.1309 2.2474 2.0821 -0.5787 0.4992 0.0000 0.0000 0.0000 -110.0186 -67.3026 133.4254 104.5456 -59.1853 -72.5624 -0.0000 -0.0000 53.4554 -14.3360 -2.2446 0.5735 -7.1250 0.0000 -0.0000 -30.0837 26.8911 15.3037 0.0000 0.0000 0.0000 100.5522 43.1474 109.4439 -52.3192 53.8891 -28.0372 0.0000 0.0000 15.5862 -4.1198 8.4372 -0.6055 7.1250 -0.0000 -0.0000 16.3216 -21.6277 9.5424
3.9130 15.2524 -16.8584 -5.1271 12.8775 15.4551 0.0000 0.0000 0.0000 -35.8557 13.4309 -46.0860 12.5677 18.6205 67.7774 1.4609 13.1902 -30.9370 3.6450 -11.6724 -34.5828 0.0000 0.0000 0.0000 35.1122 6.1513 -53.6074 -8.8798 -16.7297 55.6735 -1.7837 -19.0488 -37.9419 -0.3584 -3.8459 10.6434 6.0002 0.6511 8.9801 8.4947 2.5683 -4.9685 5.4150 1.2148 -10.6477 -5.4361 -2.6112 3.6500 6.2556 -3.7121 1.9556 2.9723 -1.9022 0.2207 -0.0000 0.0000 0.0000 -69.8122 -67.7179 101.5502 126.1190 -54.4457 -90.6965 -0.0000 -0.0000 46.7812 9.6478 7.4121 1.2563 -7.1250 0.0000 -0.0000 -14.5043 37.1366 2.8803 -0.0000 0.0000 0.0000 83.7699 44.8082 103.4218 -77.1793 59.3697 -48.9205 0.0000 0.0000 24.6510 -7.9556 10.5341 -1.4635 7.1250 -0.0000 -0.0000 13.4620 -19.4882 8.4339
3.7318 15.4940 -16.7613 -5.0810 17.4710 15.9942 0.0000 0.0000 0.0000 -34.5698 11.8697 -43.9176 11.2300 18.0458 63.5262 1.2449 13.8789 -30.1427 2.4822 -9.8055 -28.3491 0.0000 0.0000 0.0000 36.0172 4.8915 -52.6867 -7.7771 -15.9528 51.7557 -1.9816 -19.4713 -39.2940 -0.7042 -5.3636 14.9486 6.1008 1.4770 7.2349 9.0274 3.5022 -4.4982 5.7719 1.7084 -9.1692 -6.8888 -4.5322 1.7129 7.4452 -6.2023 1.1491 3.6059 -3.1247 0.5571 -0.0000 0.0000 0.0000 -33.2435 -60.9312 71.9247 132.6148 -51.8849 -95.8989 -0.0000 -0.0000 44.1426 27.1906 8.3060 4.2443 -7.1250 0.0000 -0.0000 0.2800 39.3004 -0.0393 -0.0000 0.0000 0.0000 64.5038 43.9001 93.0153 -98.8448 59.7023 -67.6522 0.0000 0.0000 17.2294 -16.1005 18.1209 -5.1300 7.1250 -0.0000 -0.0000 7.8320 -11.3050 6.2044
3.5520 15.8909 -16.5803 -3.3735 23.3446 17.6757 0.0000 0.0000 0.0000 -33.8841 8.4430 -39.5722 9.3946 17.0551 57.4451 0.9350 13.3340 -27.4839 1.9703 -8.8039 -25.1837 0.0000 0.0000 0.0000 35.2346 3.6108 -50.8984 -6.1343 -14.5572 45.5183 -1.5252 -22.1552 -39.6692 -0.8757 -5.9662 16.6864 4.8230 2.0182 5.9034 8.9243 4.0891 -5.4632 6.3433 2.0998 -9.5642 -7.2671 -6.6152 2.1799 8.7185 -8.9656 -0.1601 4.1114 -4.5195 0.3600 -0.0000 0.0000 0.0000 -19.8035 -47.6790 61.8114 134.5213 -51.0009 -97.3898 -0.0000 -0.0000 45.4213 34.7099 1.8825 1.3035 -7.1250 0.0000 -0.0000 6.5503 32.2239 -2.0602 -0.0000 0.0000 0.0000 49.1621 34.9362 84.3151 -106.1935 58.9856 -73.9762 0.0000 0.0000 15.8829 -30.1185 33.6642 -17.8262 7.1250 -0.0000 -0.0000 1.2948 7.6067 1.4551
3.3701 16.3139 -16.4566 -2.5706 29.1195 20.3682 0.0000 0.0000 0.0000 -32.0296 3.4739 -36.5385 7.5532 15.7806 50.9367 0.3975 13.6317 -23.4324 2.2234 -9.3166 -26.7908 0.0000 0.0000 0.0000 33.3190 6.5535 -48.6952 -4.6423 -12.9692 39.2534 -0.5275 -25.6785 -38.7810 -0.7801 -5.6390 15.7406 4.4681 2.3554 4.7644 9.0990 4.5976 -6.6071 6.7308 2.4219 -10.2652 -8.0006 -8.3816 0.0405 10.4059 -11.2570 0.2708 4.1827 -5.6021 1.1277 0.0000 -0.0000 0.0000 -14.1093 -32.5178 55.4348 134.5768 -50.9741 -97.4330 -0.0000 -0.0000 47.4161 36.6868 -4.6080 -3.4253 -7.1250 0.0000 -0.0000 7.4612 24.2444 -3.7700 0.0000 -0.0000 0.0000 38.9354 24.3504 78.1079 -103.3236 59.3185 -71.5122 0.0000 0.0000 23.8377 -44.5665 45.5118 -35.0950 7.1250 -0.0000 -0.0000 -2.1779 25.0035 -2.8958
3.2661 16.7631 -16.2473 1.0801 36.2733 24.0543 0.0000 0.0000 0.0000 -31.8902 -1.0482 -30.7647 5.3229 13.7384 42.1995 -0.2833 14.2199 -16.5874 3.6218 -11.6394 -34.4678 0.0000 0.0000 0.0000 26.4504 9.8721 -45.9625 -3.9376 -12.0769 36.0047 0.3916 -26.2297 -34.6368 -0.5438 -4.7247 13.1250 3.0743 2.1646 4.0262 8.2168 4.3448 -8.7151 6.6584 2.4288 -12.2251 -8.5712 -11.1147 -2.4834 11.0908 -15.0573 3.9486 4.0080 -7.3421 3.0741 -0.0000 -0.0000 0.0000 -11.0169 -18.3820 55.2873 132.0778 -52.1223 -95.4757 -0.0000 -0.0000 47.9882 37.8400 1.0142 0.7877 -7.1250 0.0000 -0.0000 8.9743 31.1883 -3.0631 -0.0000 -0.0000 0.0000 32.8504 10.6424 75.2007 -98.7226 59.7105 -67.5466 0.0000 0.0000 25.9574 -43.6844 40.8425 -31.9897 7.1250 -0.0000 -0.0000 -3.5856 20.0248 -4.6037
3.1878 17.2276 -16.0879 4.2997 42.9726 28.1120 0.0000 0.0000 0.0000 -31.2149 -4.4658 -26.9148 3.5266 11.5023 33.9933 -0.6871 14.5701 -7.0238 4.7586 -13.1067 -39.7691 0.0000 0.0000 0.0000 19.4468 15.2746 -42.5239 -3.2349 -11.0659 32.5024 1.4472 -28.4100 -31.6496 -0.4919 -4.4971 12.4795 1.6730 1.8737 2.8042 8.6405 3.9657 -9.7603 8.0729 2.4889 -12.8179 -9.4854 -12.8692 -3.3643 11.3851 -17.2503 2.7996 4.0110 -8.4214 3.1906 -0.0000 0.0000 0.0000 -11.3401 -5.4175 50.6161 128.3898 -53.6246 -92.5346 -0.0000 -0.0000 49.0762 38.9795 -3.3565 -2.7125 -7.1250 0.0000 -0.0000 9.3142 25.6520 -4.4194 -0.0000 0.0000 0.0000 26.4495 1.8538 70.0226 -87.7067 59.9801 -58.0141 0.0000 0.0000 20.2334 -44.8424 41.9011 -33.5915 7.1250 -0.0000 -0.0000 -3.7391 21.6131 -4.8612
3.1557 17.6195 -16.0192 5.2735 49.6788 31.9152 0.0000 0.0000 0.0000 -28.9952 -9.1850 -27.0060 2.7387 10.2595 29.8213 -0.8462 16.5035 -1.9516 2.6465 -10.0996 -29.2997 0.0000 0.0000 0.0000 15.7849 17.2242 -42.8282 -2.7696 -10.3125 29.9947 2.4790 -29.0198 -24.2688 -0.2786 -3.3948 9.3800 2.9022 1.4831 1.8290 9.4695 3.9794 -11.8173 8.4650 2.5991 -14.7510 -9.8056 -14.1891 -4.2483 10.8439 -18.9180 2.8665 3.6738 -9.2300 3.4934 0.0000 0.0000 0.0000 -11.9981 9.7807 50.3126 125.2851 -54.7287 -90.0169 -0.0000 -0.0000 49.2855 41.6173 0.4346 0.3861 -7.1250 0.0000 -0.0000 11.8703 30.4395 -4.3030 0.0000 0.0000 0.0000 22.0064 -5.0664 64.9767 -74.0037 59.0107 -46.1928 0.0000 0.0000 20.0736 -48.6201 44.6467 -38.5779 7.1250 -0.0000 -0.0000 -4.3317 26.1018 -5.8070
3.1311 17.9153 -16.0219 5.4039 56.7875 33.8911 0.0000 0.0000 0.0000 -27.1478 -11.9416 -28.5422 2.4644 9.7728 28.2441 -1.6104 23.1814 -0.1888 1.6347 -8.0597 -22.8955 0.0000 0.0000 0.0000 13.4896 19.3110 -41.7717 -2.4167 -9.6848 27.9619 3.2851 -30.7913 -19.7025 -0.1183 -2.2175 6.1072 5.2626 1.2852 0.8785 10.4283 4.2338 -12.5964 8.2678 2.6322 -15.1543 -9.5083 -15.7390 -6.1509 10.5175 -20.8042 2.2411 3.2259 -10.1136 3.7189 -0.0000 0.0000 0.0000 -13.0633 22.9514 45.5702 123.2548 -55.3783 -88.3526 -0.0000 -0.0000 50.8492 41.1425 -3.9588 -3.4517 -7.1250 0.0000 -0.0000 10.8201 24.7265 -5.3943 -0.0000 0.0000 0.0000 17.2598 -10.0220 60.2470 -63.6004 57.1954 -37.3526 0.0000 0.0000 19.5145 -47.2854 47.5112 -38.6149 7.1250 -0.0000 -0.0000 -2.4691 28.1244 -3.3434
3.0787 18.1044 -15.9779 8.5847 63.5273 37.4624 0.0000 0.0000 0.0000 -27.8050 -11.1599 -30.0170 2.1933 9.2576 26.6045 -2.5298 28.0109 -2.0075 0.7598 -5.5669 -15.5327 0.0000 0.0000 0.0000 10.0543 22.1829 -39.9431 -2.3046 -9.4737 27.2886 2.6219 -30.2110 -26.2986 -1.1297 -6.7507 18.9788 5.0282 0.7873 -0.3067 11.4254 3.7177 -12.8804 9.6915 2.5964 -14.8516 -9.2585 -16.8483 -6.8536 10.6146 -22.1198 0.4630 3.0997 -10.7724 3.3892 -0.0000 -0.0000 0.0000 -15.1117 32.6869 40.8362 114.2638 -57.6542 -80.8475 -0.0000 -0.0000 50.7721 43.9147 -3.1503 -3.0288 -7.1250 0.0000 -0.0000 12.9875 25.5810 -6.2598 -0.0000 -0.0000 0.0000 12.7359 -13.4360 56.6722 -53.4241 54.2865 -28.9321 0.0000 0.0000 18.3219 -47.6200 47.7584 -39.0531 7.1250 -0.0000 -0.0000 -2.4939 28.5082 -3.3839
2.9889 18.2144 -15.9791 16.2931 70.3036 44.5235 0.0000 0.0000 0.0000 -29.6791 -10.7216 -30.8423 2.0309 8.9301 25.5768 -3.7372 33.3523 -2.3878 0.1515 -2.5084 -6.9131 0.0000 0.0000 0.0000 8.2398 20.5434 -39.3243 -2.3802 -9.6168 27.7445 1.5290 -28.0135 -30.3003 -2.3189 -9.5009 27.3751 4.5645 0.9695 -0.1354 10.7278 4.1671 -13.7955 9.1292 2.9146 -16.1550 -6.8494 -18.9837 -6.2503 10.0094 -25.0337 -1.1758 2.7932 -12.2913 2.9675 0.0000 0.0000 0.0000 -13.9232 38.4773 36.9327 107.3422 -58.8325 -74.9599 -0.0000 -0.0000 51.0419 57.5651 1.8548 2.9157 -7.1250 0.0000 -0.0000 24.6413 32.5967 -8.1541 0.0000 0.0000 0.0000 11.5760 -19.3550 51.4535 -43.7172 50.1244 -21.2497 0.0000 0.0000 20.1581 -47.9461 49.9342 -40.3096 7.1250 -0.0000 -0.0000 -1.5753 30.6080 -2.1584
2.8913 18.2624 -15.8841 23.5419 79.1290 51.0580 0.0000 0.0000 0.0000 -27.5298 -10.6139 -32.0869 2.1901 9.2513 26.5847 -4.5491 35.9390 -3.9396 0.0201 0.9155 2.5163 0.0000 0.0000 0.0000 10.8584 18.5890 -37.4338 -2.3126 -9.4890 27.3373 0.6417 -26.1935 -33.0742 -3.3505 -11.2419 33.1000 6.3361 0.1354 0.1656 11.9110 3.7449 -14.3296 9.6811 2.7665 -17.1254 -6.0219 -19.3214 -6.3714 9.6844 -25.4740 -1.6290 2.5681 -12.5246 2.6911 -0.0000 0.0000 0.0000 -14.8315 45.2652 32.0070 99.5776 -59.6505 -68.2847 -0.0000 -0.0000 49.6032 45.5004 -3.5777 -3.6335 -7.1250 0.0000 -0.0000 14.0549 24.8665 -7.0456 -0.0000 0.0000 0.0000 9.5573 -20.5568 48.3153 -34.2273 44.2524 -14.2715 0.0000 0.0000 20.0114 -48.2225 48.1178 -39.8064 7.1250 -0.0000 -0.0000 -2.5739 29.1207 -3.5034
2.8252 18.2839 -15.8676 75.2088 86.6454 101.5970 0.0000 0.0000 0.0000 -25.1421 -11.7654 -32.1348 2.4308 9.7110 28.0457 -4.6682 36.0774 -5.0281 0.4828 4.4555 12.3618 0.0000 0.0000 0.0000 13.3462 15.4540 -34.5385 -2.0811 -9.0329 25.8984 1.0542 -25.8615 -29.7177 -2.9386 -10.5950 30.9259 8.5075 -0.3518 -0.4310 12.7368 3.5525 -14.2856 9.4527 2.5781 -16.7205 -4.2483 -19.1779 -7.8853 9.6771 -25.2015 -3.1675 2.3235 -12.3911 2.1484 0.0000 0.0000 0.0000 -16.5621 48.8161 25.8307 88.9343 -59.9957 -59.0771 -0.0000 -0.0000 48.3380 44.7935 -2.1551 -2.1381 -7.1250 0.0000 -0.0000 13.8264 26.8720 -6.2551 0.0000 0.0000 0.0000 10.6371 -21.5781 37.6188 -26.0502 37.2583 -8.9180 0.0000 0.0000 24.0609 -48.7116 49.6427 -40.9496 7.1250 -0.0000 -0.0000 -2.0255 30.7117 -2.7770
2.6873 18.2818 -15.7506 168.1920 80.7762 194.5600 0.0000 0.0000 0.0000 -22.1639 -12.2713 -33.7538 2.4551 9.7558 28.1897 -3.5586 34.9191 3.6102 0.1858 2.7760 7.6558 0.0000 0.0000 0.0000 15.2324 15.5389 -33.0114 -2.0230 -8.9137 25.5259 0.9306 -25.3433 -29.7060 -3.0935 -10.8449 31.7585 9.6316 -0.4980 -1.1395 13.2490 3.9967 -15.0546 9.4607 2.9215 -17.4704 -4.3223 -19.4580 -8.7817 11.6450 -25.4523 -4.1299 2.8261 -12.4518 2.3129 -0.0000 -0.0000 0.0000 -17.8417 48.8766 20.2061 77.9880 -59.4477 -49.6166 -0.0000 -0.0000 46.9443 41.7766 -3.7063 -3.3051 -7.1250 0.0000 -0.0000 11.3248 25.0061 -5.5803 -0.0000 -0.0000 0.0000 9.9894 -23.4470 31.3390 -20.5585 31.3094 -5.8188 0.0000 0.0000 24.1474 -48.1571 48.5443 -39.9284 7.1250 -0.0000 -0.0000 -2.3424 29.4733 -3.1933
2.5649 18.2832 -15.6581 174.2310 70.8697 200.5140 0.0000 0.0000 0.0000 -21.8647 -11.3430 -35.6425 2.4960 9.8307 28.4302 -2.0292 31.8420 10.4959 0.2319 3.0993 8.5553 0.0000 0.0000 0.0000 15.4123 14.8185 -31.4982 -1.9831 -8.8309 25.2677 0.3458 -22.5913 -29.4776 -4.3022 -12.5520 37.7139 10.3766 -0.6429 -1.6291 13.0732 4.3916 -16.2926 8.1102 2.9818 -18.0530 -1.4041 -19.8339 -10.9354 10.6093 -25.9731 -5.5466 2.0371 -12.7356 1.6368 0.0000 0.0000 0.0000 -18.8899 47.8150 14.8855 67.3504 -57.9700 -40.5186 -0.0000 -0.0000 45.7925 43.5502 -2.1281 -2.0217 -7.1250 0.0000 -0.0000 12.9082 26.9809 -5.7846 0.0000 0.0000 0.0000 9.7539 -25.4760 24.4517 -16.3134 25.9437 -3.7820 0.0000 0.0000 25.5395 -47.3707 48.1113 -38.9640 7.1250 -0.0000 -0.0000 -2.2249 28.7111 -3.0216
2.4497 18.3449 -15.5915 177.1720 61.7744 202.5590 0.0000 0.0000 0.0000 -20.3306 -12.8739 -35.9532 2.5089 9.8542 28.5057 -3.7378 34.1925 0.1420 2.5730 9.9695 28.8779 0.0000 0.0000 0.0000 16.1474 14.1287 -28.5263 -1.8179 -8.4760 24.1695 -0.4728 -18.4629 -29.7045 -6.2141 -14.6327 45.8350 10.9098 -1.0379 -2.1719 13.7568 4.2948 -16.2904 8.5957 3.1116 -17.8108 -2.7171 -19.6625 -10.9336 11.9864 -25.4053 -7.3916 2.7194 -12.4652 1.3821 -0.0000 0.0000 0.0000 -22.4932 48.8151 9.4942 58.2057 -55.8125 -32.8525 -0.0000 -0.0000 46.1948 41.9285 -2.8007 -2.5129 -7.1250 0.0000 -0.0000 11.5864 26.1838 -5.3890 -0.0000 0.0000 0.0000 9.5767 -25.1564 15.5658 -13.1221 21.4658 -2.4978 0.0000 0.0000 30.7137 -43.3252 45.4197 -33.8932 7.1250 -0.0000 -0.0000 -1.6682 24.3654 -2.2085
2.3106 18.3061 -15.4287 177.6570 51.9721 202.9420 0.0000 0.0000 0.0000 -21.1583 -11.1816 -38.6490 2.5694 9.9631 28.8572 -3.3272 32.7752 0.9076 2.1067 9.0849 26.0611 0.0000 0.0000 0.0000 17.6249 11.8849 -29.2289 -1.8061 -8.4500 24.0896 3.3901 -30.6818 -16.0677 -0.2009 -2.8859 7.9612 10.2712 -1.0617 -2.6144 13.3989 4.5980 -16.7925 8.4838 3.4896 -18.2079 -2.1517 -19.6346 -11.5310 11.6351 -25.2677 -8.4217 2.5777 -12.4178 0.9914 -0.0000 -0.0000 0.0000 -24.5052 47.0094 4.4104 50.9430 -53.3688 -26.9291 -0.0000 -0.0000 47.9376 40.7945 -3.9920 -3.4382 -7.1250 0.0000 -0.0000 10.5603 24.7110 -5.2643 -0.0000 -0.0000 0.0000 10.4439 -26.6099 7.0429 -10.9990 18.2868 -1.7756 0.0000 0.0000 35.9619 -42.8038 44.8694 -33.1598 7.1250 -0.0000 -0.0000 -1.6565 23.6106 -2.1819
2.1855 18.2975 -15.2479 180.4430 43.4307 204.4430 0.0000 0.0000 0.0000 -19.6861 -11.6118 -39.4914 2.6215 10.0555 29.1568 -3.9245 32.9679 -7.3389 2.7343 10.2520 29.7968 0.0000 0.0000 0.0000 20.0445 11.8851 -27.7781 -1.7537 -8.3329 23.7299 2.4322 -26.8751 -16.5493 -2.0008 -8.8677 25.3824 10.1244 -0.8781 -2.3097 14.1620 5.6715 -16.7859 9.2677 4.3810 -18.7546 -2.7976 -18.6679 -11.1316 9.5788 -23.9609 -8.7193 2.2503 -11.8073 0.5407 0.0000 0.0000 0.0000 -25.7953 49.6644 5.4519 49.3245 -52.7194 -25.6357 -0.0000 -0.0000 44.2467 39.7162 -3.5187 -2.9186 -7.1250 0.0000 -0.0000 9.8376 25.3979 -4.7338 0.0000 0.0000 0.0000 13.5393 -23.2631 -37.7051 -8.3734 14.1563 -1.0415 0.0000 0.0000 74.7235 -40.4397 40.8787 -29.1515 7.1250 -0.0000 -0.0000 -2.0213 18.6700 -2.5632
2.0439 18.2401 -15.0438 182.8630 33.0822 204.2260 0.0000 0.0000 0.0000 -18.3490 -11.1612 -40.4493 2.8661 10.4751 30.5294 -3.4713 31.1687 -7.5063 2.3370 9.5353 27.4846 0.0000 0.0000 0.0000 23.0008 11.9073 -24.8922 -1.5659 -7.8964 22.3999 2.5517 -27.1161 -6.9385 -0.4966 -4.5180 12.5388 12.2773 -0.5929 -1.7377 13.6516 6.6631 -16.5501 7.1856 4.5727 -18.7644 0.4448 -16.8486 -13.3106 3.9624 -22.0850 -7.1447 0.2151 -10.9414 0.2201 -0.0000 -0.0000 0.0000 -26.9347 48.5857 1.4926 45.8992 -51.2015 -22.9374 -0.0000 -0.0000 44.9682 40.0703 -2.3941 -2.0125 -7.1250 0.0000 -0.0000 10.2629 26.8174 -4.5981 -0.0000 -0.0000 0.0000 14.2528 -28.4957 -12.4804 -8.8822 14.9725 -1.1695 0.0000 0.0000 42.1026 -32.5588 30.4254 -17.9188 7.1250 -0.0000 -0.0000 -0.7430 4.8865 -0.8036
1.9558 18.1751 -14.7786 182.7950 22.6686 202.6250 0.0000 0.0000 0.0000 -19.5753 -10.3641 -41.2229 2.8394 10.4304 30.3820 -2.9835 30.1211 -2.3704 2.1011 9.0736 26.0259 0.0000 0.0000 0.0000 22.8917 15.5183 -22.9463 -1.7240 -8.2657 23.5242 1.7536 -23.6693 -1.6096 -0.0268 1.0563 -2.9037 12.0106 -0.2145 -2.5668 12.4468 6.6478 -15.5038 6.5574 4.6838 -17.4103 1.8223 -14.1061 -16.1901 -1.0631 -18.7627 -3.6036 -1.6702 -9.3523 1.1963 0.0000 -0.0000 0.0000 -29.7910 45.4803 -5.5471 40.4392 -48.3279 -18.7666 -0.0000 -0.0000 46.1406 38.9161 -4.0656 -3.2761 -7.1250 0.0000 -0.0000 9.1709 24.7589 -4.5427 0.0000 -0.0000 0.0000 18.6388 -28.1676 -27.2509 -8.3973 14.1948 -1.0474 0.0000 0.0000 42.8933 -31.2312 24.4142 -14.0701 7.1250 -0.0000 -0.0000 -1.0985 -2.0228 -1.0592
1.8755 18.1166 -14.4863 183.9650 11.6349 201.4720 0.0000 0.0000 0.0000 -19.1076 -10.5948 -42.6417 3.0104 10.7119 31.3144 -2.1091 27.6523 3.0247 2.0142 8.8955 25.4690 0.0000 0.0000 0.0000 23.8553 18.4222 -21.1998 -1.8076 -8.4533 24.0997 0.8705 -18.9398 3.4235 -0.0044 0.4263 -1.1714 12.2813 -0.3489 -1.2486 12.4376 7.5432 -16.0988 5.4690 5.0914 -18.3510 1.6210 -9.9752 -17.8574 -5.0214 -13.1075 1.6247 -2.7039 -6.7045 2.8125 -0.0000 0.0000 0.0000 -31.5355 45.6489 -8.5340 38.1689 -46.9468 -17.0889 -0.0000 -0.0000 45.1575 38.5252 -3.7875 -3.0105 -7.1250 0.0000 -0.0000 8.9197 25.1372 -4.3360 -0.0000 0.0000 0.0000 21.5542 -28.2320 -39.6236 -8.0646 13.6575 -0.9673 0.0000 0.0000 42.2217 -29.3998 21.1570 -11.4954 7.1250 -0.0000 -0.0000 -0.4676 -6.0287 -0.4160
1.8032 18.0615 -14.2017 186.5030 -1.7110 200.0560 0.0000 0.0000 0.0000 -16.7581 -11.7220 -43.9603 3.2238 11.0489 32.4449 -0.6008 25.0222 13.4162 1.4880 7.7064 21.8259 0.0000 0.0000 0.0000 27.0204 17.2997 -20.7836 -1.7679 -8.3648 23.8277 0.0341 -13.7006 9.1951 -0.2532 3.2374 -8.9403 15.6845 6.6375 -2.7201 10.1723 5.8022 -16.3768 3.3702 -0.5505 -16.6307 2.9299 -5.0411 -20.4211 -9.4063 -6.9334 3.9791 -4.0436 -4.1272 4.0032 0.0000 -0.0000 0.0000 -35.9322 43.3447 -15.3039 34.3664 -44.3544 -14.3686 -0.0000 -0.0000 45.2179 39.0647 -6.0127 -4.8596 -7.1250 0.0000 -0.0000 9.0056 22.2846 -4.9781 0.0000 -0.0000 0.0000 25.3906 -29.1251 -40.5137 -8.3914 14.1853 -1.0460 0.0000 0.0000 29.5499 -25.2288 16.6332 -7.6812 7.1250 -0.0000 -0.0000 1.7161 -11.7105 1.3326
1.9252 17.9613 -13.8468 186.0840 -12.9353 197.8960 0.0000 0.0000 0.0000 -18.3299 -10.3669 -44.1746 3.0162 10.7212 31.3454 0.2334 19.8433 15.8415 0.6073 4.9880 13.8744 0.0000 0.0000 0.0000 27.1164 19.8592 -20.8741 -2.1140 -9.0995 26.1071 0.3488 -16.0817 7.2332 -0.5985 4.9524 -13.7730 13.3276 5.6556 -1.7070 9.5951 5.5585 -16.3942 3.7905 -0.0199 -17.5131 4.8229 0.1831 -18.5228 -12.6272 0.1349 6.4333 -4.8046 -0.8637 4.9833 0.0000 -0.0000 0.0000 -37.2263 43.9753 -17.2157 31.9421 -42.5009 -12.7017 -0.0000 -0.0000 46.6170 37.9345 -5.7303 -4.4501 -7.1250 0.0000 -0.0000 8.2311 22.7495 -4.4525 0.0000 -0.0000 0.0000 27.6516 -29.6623 -41.4573 -8.3929 14.1878 -1.0463 0.0000 0.0000 25.0758 -22.7835 12.6180 -5.2424 7.1250 -0.0000 -0.0000 3.1027 -16.3455 2.1072
2.0383 17.8205 -13.6035 186.1370 -25.0403 196.2020 0.0000 0.0000 0.0000 -20.3879 -8.2402 -43.6609 2.7739 10.3197 30.0183 0.0834 15.9123 12.0314 0.0142 0.7706 2.1179 0.0000 0.0000 0.0000 27.7292 17.6296 -23.1783 -2.6291 -10.0689 29.2001 0.6605 -17.0318 3.7665 -0.6322 5.0875 -14.1582 11.4779 5.1861 -2.2209 8.9412 5.5851 -15.1631 3.6761 0.6890 -15.6100 4.5302 4.7098 -24.4111 -13.6865 7.2899 13.8091 -4.4281 1.9735 9.0851 0.0000 -0.0000 0.0000 -39.2064 40.7623 -19.4283 30.0993 -40.9783 -11.4747 -0.0000 -0.0000 46.0927 37.5384 -5.0637 -3.8799 -7.1250 0.0000 -0.0000 8.0299 23.6144 -4.1805 0.0000 -0.0000 0.0000 30.9322 -30.0811 -40.8623 -9.1437 15.3892 -1.2380 0.0000 0.0000 19.5530 -21.3040 9.3386 -3.6208 7.1250 -0.0000 -0.0000 4.0351 -19.9820 2.4193
2.1671 17.6493 -13.3949 188.0560 -37.0551 194.2330 0.0000 0.0000 0.0000 -20.2503 -7.1006 -43.8367 2.8732 10.4870 30.5685 0.0261 1.3642 2.8848 1.2419 -7.0662 -19.9115 0.0000 0.0000 0.0000 29.2842 15.7851 -25.7920 -3.0806 -10.8244 31.6899 0.9023 -17.4101 -0.6403 -0.5315 4.6715 -12.9741 10.7054 4.7836 -2.8877 8.6513 5.3277 -14.9442 3.6954 0.8683 -14.9455 7.1041 9.9125 -22.2187 -16.3188 14.6805 15.5810 -4.5735 5.1880 10.5321 -0.0000 -0.0000 0.0000 -40.1193 39.4817 -21.4670 28.3722 -39.4567 -10.3594 -0.0000 -0.0000 46.0890 36.8702 -3.9850 -2.9837 -7.1250 0.0000 -0.0000 7.6696 25.0004 -3.7416 -0.0000 -0.0000 0.0000 31.9247 -30.0172 -46.7936 -9.0345 15.2154 -1.2091 0.0000 0.0000 25.8127 -20.5231 12.9319 -4.7888 7.1250 -0.0000 -0.0000 4.6788 -16.2340 3.1951
2.3160 17.4946 -13.2096 190.2020 -47.6415 191.1350 0.0000 0.0000 0.0000 -20.8073 -4.4085 -44.6183 3.1845 10.9879 32.2391 0.0482 6.0637 -9.8568 4.4626 -12.7518 -38.4463 0.0000 0.0000 0.0000 30.0646 15.9200 -27.1793 -3.6102 -11.6229 34.4105 1.1415 -18.8057 -3.4912 -0.5200 4.6215 -12.8322 9.4608 4.4248 -2.2031 8.0682 5.3287 -14.6585 3.5868 1.1841 -15.0479 9.3034 14.0260 -16.4330 -18.5121 20.5929 14.5089 -4.7203 8.1369 10.3946 0.0000 0.0000 0.0000 -39.9734 38.4079 -22.8015 26.5138 -37.7116 -9.2002 -0.0000 -0.0000 46.8764 38.8043 -5.7071 -4.5721 -7.1250 0.0000 -0.0000 8.8619 22.6960 -4.8125 0.0000 0.0000 0.0000 32.6560 -30.6599 -45.3688 -9.2671 15.5851 -1.2709 0.0000 0.0000 25.2134 -20.5752 13.0392 -4.8410 7.1250 -0.0000 -0.0000 4.6466 -16.1158 3.1848
2.3579 17.4053 -13.0361 192.2130 -59.0914 188.2900 0.0000 0.0000 0.0000 -22.6598 -1.7072 -45.6043 3.6410 11.6667 34.5628 0.3110 12.4674 -21.2596 1.5608 -7.8840 -22.3624 0.0000 0.0000 0.0000 29.5349 13.8046 -28.9269 -4.0050 -12.1671 36.3256 1.2262 -19.2550 -5.1026 -1.1472 6.8011 -19.1274 6.5368 3.6030 -3.9548 9.4619 4.1613 -13.1019 6.7374 1.2923 -12.3662 9.8859 17.3541 -14.2397 -23.3169 26.5089 14.2036 -5.2787 10.3982 11.7677 -0.0000 -0.0000 0.0000 -45.8856 36.8376 -27.5158 25.4249 -36.6351 -8.5422 -0.0000 -0.0000 47.2613 40.0799 -6.7269 -5.6294 -7.1250 0.0000 -0.0000 9.6218 21.2655 -5.5542 -0.0000 -0.0000 0.0000 30.2128 -29.0592 -45.3887 -9.7102 16.2850 -1.3926 0.0000 0.0000 22.5769 -22.0057 14.1242 -5.6324 7.1250 -0.0000 -0.0000 3.7116 -14.8175 2.6446
2.4596 17.2548 -13.1678 212.0990 -66.4116 167.4840 0.0000 0.0000 0.0000 -15.2806 3.6544 -49.1082 4.8828 13.2506 40.3140 1.7565 15.1968 -34.3957 0.0394 1.2806 3.5213 0.0000 0.0000 0.0000 37.2953 17.9867 -24.3454 -3.8167 -11.9123 35.4226 2.0279 -24.2345 -9.9900 -0.7956 5.6934 -15.8973 9.8730 3.9873 -1.3683 9.2873 5.4141 -13.2465 4.5582 1.5526 -13.9742 13.7367 19.0412 -9.4427 -23.7749 29.0984 15.0826 -5.6409 12.1156 12.3913 0.0000 -0.0000 0.0000 -41.6606 36.1671 -25.8023 24.3727 -35.5559 -7.9222 -0.0000 -0.0000 46.4898 38.6868 -4.9619 -3.9620 -7.1250 0.0000 -0.0000 8.8803 23.6457 -4.6268 0.0000 -0.0000 0.0000 33.9169 -32.3210 -41.7864 -10.5582 17.6079 -1.6398 0.0000 0.0000 17.2918 -23.8949 14.9947 -6.5390 7.1250 -0.0000 -0.0000 2.4814 -13.6624 1.8268
2.4108 17.2760 -12.9001 226.8650 -78.5177 151.9690 0.0000 0.0000 0.0000 -19.7524 2.9480 -49.4375 4.8917 13.2608 40.3527 2.3911 16.2620 -38.5831 0.2481 3.2053 8.8508 0.0000 0.0000 0.0000 33.1868 11.2093 -27.5898 -4.0330 -12.2042 36.4581 1.8635 -23.4935 -12.3638 -1.1457 6.7967 -19.1144 9.1769 3.6871 -1.9363 6.2829 5.0634 -13.3146 1.5237 1.4290 -13.3437 13.9894 19.3827 -8.8508 -23.0242 30.0756 17.3661 -5.2396 12.5546 13.2720 -0.0000 -0.0000 0.0000 -40.3494 33.5320 -23.2566 23.5996 -34.7380 -7.4772 -0.0000 -0.0000 45.2609 38.2661 -2.9559 -2.3293 -7.1250 0.0000 -0.0000 8.8345 26.1990 -4.0721 -0.0000 -0.0000 0.0000 36.6473 -34.7311 -47.0318 -10.2563 17.1395 -1.5496 0.0000 0.0000 19.2307 -26.4746 18.0938 -8.7925 7.1250 -0.0000 -0.0000 1.0352 -9.9299 0.8413
2.3853 17.2600 -12.7999 288.5520 -81.6028 88.8377 0.0000 0.0000 0.0000 -19.0874 2.9733 -49.1063 4.6326 12.9577 39.2104 2.0193 18.8176 -38.8951 0.3119 3.5905 9.9275 0.0000 0.0000 0.0000 33.7776 7.4982 -27.6266 -4.0589 -12.2384 36.5807 2.0458 -25.1814 -16.9149 -0.5625 4.8039 -13.3502 8.3997 3.0970 -1.2758 5.6362 4.4533 -12.4093 1.1888 1.3248 -12.6444 15.3077 19.7145 -6.8770 -24.0145 31.0433 17.8285 -5.6719 13.1482 13.7816 -0.0000 -0.0000 0.0000 -40.1246 32.0755 -22.4456 21.9782 -32.9523 -6.5740 -0.0000 -0.0000 43.1398 37.6082 -1.7624 -1.3572 -7.1250 0.0000 -0.0000 8.4824 27.7229 -3.5992 -0.0000 -0.0000 0.0000 38.8732 -35.3465 -48.2178 -10.5330 17.5689 -1.6322 0.0000 0.0000 18.2587 -27.8208 19.1342 -9.8134 7.1250 -0.0000 -0.0000 0.2778 -8.5602 0.2334
2.3435 17.2846 -12.6089 326.8570 -75.1993 50.6205 0.0000 0.0000 0.0000 -18.5108 2.5046 -50.0040 4.0325 12.2036 36.4560 2.0545 18.4809 -38.7724 0.3143 3.6038 9.9647 0.0000 0.0000 0.0000 34.5166 4.7029 -27.9360 -3.7342 -11.7981 35.0214 2.4633 -27.4327 -18.7167 -0.6494 5.1548 -14.3506 8.6561 2.9990 -1.7082 5.4604 4.3493 -12.0529 0.8561 1.3168 -11.9270 13.5398 19.1192 -7.5684 -22.4813 30.6182 20.6085 -5.0564 12.7597 14.3084 -0.0000 0.0000 0.0000 -42.1100 29.2296 -28.6251 19.7863 -30.3840 -5.4228 -0.0000 -0.0000 47.9631 35.5964 -4.1759 -2.9839 -7.1250 0.0000 -0.0000 6.7035 24.8482 -3.2874 -0.0000 0.0000 0.0000 38.4664 -35.3562 -49.3523 -10.0835 16.8701 -1.4991 0.0000 0.0000 17.6928 -28.8636 20.0063 -10.6793 7.1250 -0.0000 -0.0000 -0.2821 -7.4053 -0.2434
2.2390 17.2987 -12.3887 337.3760 -65.8950 38.7538 0.0000 0.0000 0.0000 -17.1719 1.3715 -49.4035 3.6634 11.6985 34.6736 2.0009 18.2009 -38.2653 0.4980 4.5241 12.5559 0.0000 0.0000 0.0000 36.4365 1.1413 -26.6793 -3.4478 -11.3869 33.5960 2.9733 -29.8757 -20.7520 -0.7953 5.6924 -15.8945 10.2198 2.6046 -1.5034 5.3310 3.9673 -11.4850 -0.1361 1.0469 -11.3292 13.2569 18.1185 -7.6885 -20.8492 29.4357 23.6977 -4.8326 12.2054 14.9984 -0.0000 0.0000 0.0000 -43.5369 29.0549 -28.9225 18.2613 -28.4904 -4.6732 -0.0000 -0.0000 48.3415 36.3401 -3.4968 -2.5691 -7.1250 0.0000 -0.0000 7.3302 25.6342 -3.4643 -0.0000 0.0000 0.0000 39.8998 -34.7667 -52.7025 -9.9132 16.6037 -1.4500 0.0000 0.0000 17.1276 -32.2968 20.2268 -12.3275 7.1250 -0.0000 -0.0000 -2.4217 -6.4452 -2.1365
2.1264 17.2663 -12.1655 343.2260 -58.0209 31.9720 0.0000 0.0000 0.0000 -18.9305 2.4896 -50.1241 3.5662 11.5596 34.1912 2.6388 19.8972 -42.6411 1.3667 7.3990 20.9029 0.0000 0.0000 0.0000 36.8892 0.7311 -25.3376 -3.3834 -11.2912 33.2685 3.3427 -32.9328 -27.5434 -0.3652 3.8818 -10.7443 9.6891 2.3098 -1.4185 5.4982 3.6326 -11.2355 0.3389 0.9940 -11.1460 10.9620 16.5774 -8.1020 -18.2841 27.4878 27.5590 -4.1634 11.1741 15.4483 -0.0000 -0.0000 0.0000 -45.8205 27.8756 -31.5561 17.1639 -27.0734 -4.1617 -0.0000 -0.0000 45.1994 34.5614 -3.3939 -2.3353 -7.1250 0.0000 -0.0000 6.0078 25.8549 -2.8010 -0.0000 -0.0000 0.0000 39.5108 -33.2196 -56.8483 -9.5838 16.0859 -1.3573 0.0000 0.0000 16.7834 -32.5313 20.1295 -12.3805 7.1250 -0.0000 -0.0000 -2.5839 -6.5031 -2.2770
1.9703 17.2602 -11.9332 348.0540 -50.0059 27.7213 0.0000 0.0000 0.0000 -20.7981 1.5701 -49.7995 3.4211 11.3474 33.4605 3.2802 20.7448 -45.9456 1.9929 8.8513 25.3312 0.0000 0.0000 0.0000 36.7301 -1.1723 -26.6489 -3.6029 -11.6124 34.3743 3.6002 -34.7127 -30.7309 -0.4732 4.4117 -12.2379 7.9318 2.2233 -3.1223 4.9636 3.2505 -11.1773 0.7742 1.0122 -10.0844 9.6523 14.3762 -9.4505 -15.7042 24.3125 31.6841 -3.7533 9.6647 16.3646 0.0000 -0.0000 0.0000 -47.5781 27.0053 -31.9755 16.4362 -26.1086 -3.8359 -0.0000 -0.0000 44.2084 34.8715 -1.3147 -0.9160 -7.1250 0.0000 -0.0000 6.4292 28.3555 -2.6194 0.0000 -0.0000 0.0000 41.7419 -31.7367 -64.0648 -9.4681 15.9033 -1.3255 0.0000 0.0000 16.5942 -32.0489 20.9231 -12.6026 7.1250 -0.0000 -0.0000 -2.1599 -5.7156 -1.9354
1.7793 17.2121 -11.5906 350.2330 -42.9212 25.0604 0.0000 0.0000 0.0000 -23.1361 3.3461 -49.3437 3.5834 11.5844 34.2771 0.5361 21.5025 -33.7539 0.2262 3.0615 8.4500 0.0000 0.0000 0.0000 36.1048 -1.4433 -26.2441 -4.0010 -12.1618 36.3068 3.8992 -36.1096 -32.5220 -0.3516 3.8098 -10.5421 7.0199 2.1551 -4.4605 4.6678 3.0032 -10.9324 0.9910 1.0147 -9.0291 8.0847 12.0692 -9.8337 -13.1120 20.7612 35.1404 -3.3290 8.1216 16.8514 0.0000 0.0000 0.0000 -49.9658 26.0783 -34.4569 16.2422 -25.8479 -3.7509 -0.0000 -0.0000 43.1789 33.2609 4.2062 2.7543 -7.1250 0.0000 -0.0000 5.4920 34.9641 -1.3587 0.0000 0.0000 0.0000 43.7966 -30.2780 -65.2242 -9.4942 15.9446 -1.3326 0.0000 0.0000 10.8722 -33.4011 19.9781 -12.6964 7.1250 -0.0000 -0.0000 -3.1538 -6.4785 -2.7821
1.5944 17.2050 -11.1025 350.0360 -36.3424 22.7085 0.0000 0.0000 0.0000 -21.6803 2.1095 -44.9725 3.8151 11.9102 35.4150 0.3640 19.2131 -29.8639 0.0295 -1.1088 -3.0483 0.0000 0.0000 0.0000 36.3621 -4.1358 -23.5956 -4.1822 -12.3990 37.1585 4.6395 -36.7546 -28.5276 -0.4095 4.1082 -11.3812 8.5952 2.6897 -5.3011 4.3265 3.5737 -9.8557 -0.2251 1.2588 -7.2297 8.2871 10.1256 -10.3692 -12.4608 17.8977 37.6077 -3.7779 6.9508 17.7745 0.0000 0.0000 0.0000 -52.6035 24.8525 -35.5863 15.5570 -24.9163 -3.4572 -0.0000 -0.0000 41.6052 32.6166 5.5346 3.5318 -7.1250 0.0000 -0.0000 4.9940 36.5031 -1.0467 0.0000 0.0000 0.0000 47.3069 -28.2370 -72.7484 -9.5313 16.0031 -1.3428 0.0000 0.0000 11.2924 -33.6123 19.9845 -12.7989 7.1250 -0.0000 -0.0000 -3.2853 -6.4226 -2.9021
1.4580 17.0831 -10.7893 351.6900 -29.6600 21.9906 0.0000 0.0000 0.0000 -22.8744 0.0568 -44.8308 4.0872 12.2755 36.7137 0.3312 17.6249 -27.6612 0.2110 -2.9574 -8.1601 0.0000 0.0000 0.0000 35.1131 -4.2508 -25.8044 -5.3175 -13.7326 42.1769 4.8116 -36.2274 -24.0158 -0.7499 5.5310 -15.4296 7.3050 2.7128 -7.0920 3.7486 3.4050 -9.4275 -0.0585 1.3180 -5.7575 6.1219 8.0605 -11.5105 -9.9192 14.4625 39.3558 -2.9690 5.4714 17.8617 -0.0000 -0.0000 0.0000 -55.4889 23.6251 -38.6125 14.3061 -23.1706 -2.9475 -0.0000 -0.0000 43.6797 33.8616 1.1442 0.7677 -7.1250 0.0000 -0.0000 5.8217 31.3259 -1.9552 -0.0000 -0.0000 0.0000 51.5413 -25.8181 -73.6275 -9.6203 16.1435 -1.3675 0.0000 0.0000 6.1221 -33.7314 18.6696 -12.0649 7.1250 -0.0000 -0.0000 -3.5662 -7.9037 -3.0480
1.3501 16.8977 -10.4294 351.6680 -24.6190 20.7531 0.0000 0.0000 0.0000 -23.1051 -0.6772 -43.4309 4.4766 12.7690 38.5099 1.1261 14.7815 -30.1946 0.0072 -0.5491 -1.5087 0.0000 0.0000 0.0000 33.0315 -3.6807 -27.7213 -7.4288 -15.6826 50.4779 4.6103 -34.9148 -11.2828 -0.9440 6.1881 -17.3312 7.4292 2.8989 -7.0450 3.8080 3.6457 -8.7649 -0.0542 1.4814 -5.0506 4.1629 6.3006 -12.0064 -8.1431 11.7468 40.8273 -2.3731 4.2649 18.0941 -0.0000 0.0000 0.0000 -59.3217 24.2909 -41.0985 12.9881 -21.2698 -2.4490 -0.0000 -0.0000 46.3966 33.6054 4.4454 2.9485 -7.1250 0.0000 -0.0000 5.7888 35.2645 -1.3902 -0.0000 0.0000 0.0000 54.0917 -22.0759 -77.3919 -9.6674 16.2177 -1.3806 0.0000 0.0000 4.9118 -33.4379 18.8802 -12.0613 7.1250 -0.0000 -0.0000 -3.3476 -7.7263 -2.8722
1.2859 16.7362 -10.1217 351.6490 -20.3124 19.3410 0.0000 0.0000 0.0000 -24.0529 -0.1099 -41.5238 4.5595 12.8699 38.8833 1.7574 12.9480 -32.5613 0.0073 -0.5504 -1.5125 0.0000 0.0000 0.0000 29.9721 -3.2105 -31.8228 -9.9085 -17.3581 59.1823 1.1682 -28.8655 13.0816 -0.7848 5.6554 -15.7878 7.8939 2.8570 -5.7682 3.7785 3.7219 -8.3484 -0.3936 1.5034 -5.2909 3.2128 4.7446 -10.8732 -7.3347 9.2747 40.9732 -2.3232 3.2726 17.4580 -0.0000 0.0000 0.0000 -63.7192 26.2200 -41.3227 12.0561 -19.8887 -2.1213 -0.0000 -0.0000 47.1267 34.0097 4.9754 3.3491 -7.1250 0.0000 -0.0000 6.1505 35.9178 -1.3795 -0.0000 0.0000 0.0000 56.5158 -17.9245 -78.9620 -9.7713 16.3811 -1.4098 0.0000 0.0000 3.2605 -34.3925 18.8358 -12.4622 7.1250 -0.0000 -0.0000 -3.9595 -7.5644 -3.4122
1.2339 16.5561 -9.8739 351.0790 -16.8986 17.9978 0.0000 0.0000 0.0000 -23.2341 -0.7788 -40.0350 5.0246 13.4114 40.9287 2.4007 11.6478 -35.2541 0.0033 0.3686 1.0128 0.0000 0.0000 0.0000 27.2944 -1.4957 -36.3443 -12.0466 -18.4103 66.1366 1.7895 -26.6646 4.7917 -0.9793 6.2994 -17.6556 8.5841 2.6592 -3.7298 4.1158 3.6817 -7.6801 -0.5066 1.4607 -5.7210 2.5648 3.7254 -10.1728 -6.4407 7.5049 40.9363 -2.1151 2.5989 16.9846 -0.0000 0.0000 0.0000 -68.9847 28.5158 -38.4906 10.8257 -18.0205 -1.7216 -0.0000 -0.0000 46.3098 32.1779 7.8300 4.8993 -7.1250 0.0000 -0.0000 4.6473 39.1682 -0.6695 -0.0000 0.0000 0.0000 59.2095 -13.1182 -76.1338 -9.9504 16.6620 -1.4607 0.0000 -0.0000 -1.6052 -35.0224 19.9740 -13.4624 7.1250 -0.0000 -0.0000 -4.1691 -6.1006 -3.7125
1.1766 16.2960 -9.6678 351.4290 -15.4658 17.0546 0.0000 0.0000 0.0000 -23.4032 -1.2017 -40.6615 6.1358 14.5587 45.5243 2.8373 10.6116 -36.8809 0.0004 0.1328 0.3649 0.0000 0.0000 0.0000 22.0946 3.2838 -41.8391 -13.4261 -18.9306 70.4437 2.5874 -27.0729 -10.1858 -0.1646 2.6138 -7.2054 8.3814 2.7178 -1.7515 3.8752 3.9499 -6.9337 -0.7365 1.6068 -6.0168 2.8289 2.9809 -11.1243 -6.0229 6.1691 41.8079 -2.2212 2.1225 17.6100 -0.0000 -0.0000 0.0000 -73.8390 29.9612 -33.3994 8.9061 -15.0106 -1.1757 -0.0000 -0.0000 44.2862 28.1936 12.6889 6.7155 -7.1250 0.0000 -0.0000 0.8409 44.3087 -0.0143 -0.0000 -0.0000 0.0000 63.1731 -8.4842 -69.6616 -10.4836 17.4924 -1.6173 0.0000 -0.0000 -8.5757 -34.9644 20.2547 -13.6087 7.1250 -0.0000 -0.0000 -4.0856 -5.7906 -3.6621
1.0111 16.0249 -9.5295 352.8090 -12.4933 17.6050 0.0000 0.0000 0.0000 -23.6882 -3.2905 -43.2169 7.3573 15.6255 50.2131 3.3470 8.3601 -38.1664 0.0196 0.9048 2.4868 0.0000 0.0000 0.0000 16.1078 7.7778 -49.7622 -13.1686 -18.8422 69.6484 2.3914 -27.7826 -21.2969 -0.0127 0.7283 -2.0014 6.7910 2.1090 -1.3446 3.3355 3.1288 -6.8133 -0.4238 1.2723 -6.2021 2.5352 2.1089 -11.0391 -4.8050 4.3706 41.7366 -1.9152 1.5077 17.3369 -0.0000 -0.0000 0.0000 -77.3957 30.4420 -26.1554 7.0293 -11.9675 -0.7377 -0.0000 -0.0000 42.7081 22.0750 16.8590 6.7081 -7.1250 0.0000 -0.0000 -5.5998 48.0087 -0.4169 -0.0000 -0.0000 0.0000 68.0042 -4.7707 -58.9060 -11.4593 18.9888 -1.9227 0.0000 -0.0000 -18.7062 -34.2981 20.1054 -13.1959 7.1250 -0.0000 -0.0000 -3.6950 -6.1233 -3.2868
0.8701 15.9127 -9.3387 354.2870 -10.2814 16.8163 0.0000 0.0000 0.0000 -24.5378 -4.3170 -42.0369 7.6707 15.8716 51.3678 3.6910 6.4545 -38.9099 0.0696 1.7021 4.6832 0.0000 0.0000 0.0000 10.4747 10.4216 -53.8458 -10.9866 -17.9285 62.7382 0.4104 -24.9364 -32.5911 -0.0016 -0.2619 0.7195 5.1546 1.4555 0.5133 2.9603 2.3219 -6.2149 0.0689 0.9504 -6.6999 2.4223 1.6627 -11.3402 -4.1353 3.4001 40.9993 -1.7310 1.1845 16.9068 0.0000 -0.0000 0.0000 -80.8009 31.6294 -3.6185 6.9256 -11.7967 -0.7164 -0.0000 -0.0000 29.8833 12.8667 23.4095 5.1854 -7.1250 0.0000 -0.0000 -16.8726 53.1297 -3.4523 0.0000 -0.0000 0.0000 71.5594 -1.6372 -48.9127 -11.4375 18.9557 -1.9156 0.0000 -0.0000 -22.2880 -33.8491 20.3935 -13.1545 7.1250 -0.0000 -0.0000 -3.3675 -5.8999 -3.0088
0.7508 15.9123 -9.1073 355.2390 -9.0982 15.7230 0.0000 0.0000 0.0000 -25.1931 -4.8027 -39.3281 7.4716 15.7165 50.6364 3.6517 7.3388 -39.1329 0.0003 0.1133 0.3114 0.0000 0.0000 0.0000 7.0089 12.7044 -55.6524 -7.7553 -15.9363 51.6765 1.6407 -28.8472 -31.1566 -0.1301 2.3254 -6.4058 3.8206 1.0432 2.3961 2.7617 1.7814 -5.3038 0.6004 0.7565 -6.8537 2.1987 1.4951 -12.2247 -3.6152 2.9653 40.2769 -1.5091 1.0358 16.6894 -0.0000 0.0000 0.0000 -81.3392 32.9923 31.5211 9.8132 -16.4469 -1.4216 -0.0000 -0.0000 6.6980 4.1836 26.8238 1.8905 -7.1250 0.0000 -0.0000 -27.2950 54.6971 -6.8855 -0.0000 0.0000 0.0000 74.9398 -1.3882 -30.2225 -13.8273 22.4873 -2.7617 0.0000 -0.0000 -34.1589 -33.6868 17.4927 -11.3300 7.1250 -0.0000 -0.0000 -3.7152 -9.2704 -3.0748
0.6202 15.8905 -8.8465 356.8680 -8.7994 14.2319 0.0000 0.0000 0.0000 -26.7719 -5.4946 -35.7415 7.2387 15.5297 49.7716 3.7413 8.9619 -40.3528 0.0051 -0.4593 -1.2620 0.0000 0.0000 0.0000 5.1674 13.3643 -57.1671 -5.2562 -13.6667 41.9182 3.1800 -30.7035 -21.1502 -0.4374 4.2441 -11.7643 1.7301 1.0177 3.1007 2.2113 1.5630 -3.4595 1.2024 0.7540 -5.3380 2.1160 1.1818 -13.4892 -3.1652 2.2829 38.9296 -1.3795 0.7974 16.2401 -0.0000 -0.0000 0.0000 -76.6110 33.1985 63.5372 18.0421 -28.2110 -4.5691 -0.0000 0.0000 -13.6218 -0.3641 29.7822 -0.1808 -7.1250 0.0000 -0.0000 -33.8623 56.3459 -10.2412 -0.0000 -0.0000 0.0000 76.9804 -1.9582 -12.6886 -17.8873 28.0126 -4.4962 0.0000 -0.0000 -47.3339 -32.9652 15.1281 -9.6066 7.1250 -0.0000 -0.0000 -3.5754 -12.1460 -2.7486
0.4481 15.8581 -8.5322 358.7430 -8.0999 13.0887 0.0000 0.0000 0.0000 -28.4377 -4.8913 -32.8914 6.9723 15.3085 48.7695 3.7329 9.3976 -40.5378 0.0583 -1.5585 -4.2869 0.0000 0.0000 0.0000 5.5170 11.7827 -59.2678 -3.8507 -11.9590 35.5872 3.7359 -31.8428 -11.7514 -0.4748 4.4191 -12.2589 -0.7086 0.5587 3.9270 1.7974 0.7863 -2.7330 2.1956 0.4488 -5.0673 2.0809 1.3731 -13.6078 -2.8393 2.4359 38.2530 -1.1921 0.8998 15.9174 0.0000 -0.0000 0.0000 -71.5350 33.1931 79.7923 28.9796 -40.0026 -10.7476 -0.0000 0.0000 -19.5827 -3.1978 29.1508 -1.5589 -7.1250 0.0000 -0.0000 -35.9857 55.2619 -10.0123 0.0000 -0.0000 0.0000 77.0558 -4.7830 2.3654 -22.8559 33.9309 -7.0577 0.0000 -0.0000 -55.1184 -30.7658 12.2322 -7.1888 7.1250 -0.0000 -0.0000 -2.4337 -15.8279 -1.6792
0.2589 15.8480 -8.1462 360.0660 -6.7386 11.7408 0.0000 0.0000 0.0000 -29.4272 -3.6650 -29.0314 6.5094 14.9045 46.9935 3.8051 8.4461 -40.3896 0.1284 -2.3102 -6.3637 0.0000 0.0000 0.0000 6.2307 11.3182 -59.0699 -3.0413 -10.7617 31.4802 5.3588 -37.6167 -8.3738 -0.1091 2.1302 -5.8657 -2.2800 0.0078 4.6963 1.4469 -0.0771 -2.1655 2.7886 0.0594 -4.8751 1.9951 1.4605 -13.5892 -2.3071 2.3786 37.9187 -0.9521 0.9363 15.7289 0.0000 0.0000 0.0000 -65.4313 31.7308 91.0941 42.5798 -49.5262 -20.3805 -0.0000 0.0000 -19.8424 -8.9253 28.1045 -4.2311 -7.1250 0.0000 -0.0000 -40.2994 53.3428 -9.4811 0.0000 0.0000 0.0000 75.5172 -8.8265 14.8318 -28.9752 39.9986 -10.7448 0.0000 -0.0000 -63.8322 -30.1562 10.3174 -5.9406 7.1250 -0.0000 -0.0000 -2.1940 -18.0955 -1.4051
0.0551 15.8500 -7.7120 361.2370 -5.1607 10.3865 0.0000 0.0000 0.0000 -30.0204 -2.5384 -24.7654 5.9873 14.4160 44.9306 3.8046 7.6452 -39.9997 0.3039 -3.5445 -9.7985 0.0000 0.0000 0.0000 5.7753 12.3780 -57.5718 -2.6744 -10.1484 29.4586 5.9456 -38.8209 -21.9546 -1.0554 -6.5323 18.3371 -3.6364 -0.6441 5.2193 1.1382 -1.0670 -1.7286 3.3220 -0.4057 -4.6359 1.8661 1.5897 -12.5392 -1.8204 2.4196 37.0174 -0.7134 1.0102 15.0220 -0.0000 0.0000 0.0000 -59.4294 29.1270 99.6222 58.2151 -55.8152 -32.8602 -0.0000 0.0000 -20.3871 -12.6188 25.9749 -5.6000 -7.1250 0.0000 -0.0000 -41.8265 51.0261 -7.3087 -0.0000 0.0000 0.0000 72.8606 -12.5406 23.4657 -34.7124 44.6056 -14.6110 0.0000 -0.0000 -70.1891 -25.4043 7.2862 -3.4469 7.1250 -0.0000 -0.0000 1.0161 -21.9238 0.5633
-0.1460 15.8803 -7.1903 362.2910 -3.1410 9.8326 0.0000 0.0000 0.0000 -30.5122 -1.6161 -19.9263 5.1286 13.5272 41.3755 3.7360 7.1131 -39.4271 0.5737 -4.8506 -13.4829 0.0000 0.0000 0.0000 3.6811 15.2114 -55.3431 -2.4501 -9.7466 28.1599 -0.2382 -28.0521 -40.3914 -5.3809 -13.8003 42.4433 -4.5783 -1.5120 4.1260 0.8749 -2.2412 -1.2615 3.6273 -1.0084 -3.4094 2.5524 2.0412 -12.6435 -2.0739 2.9817 36.5276 -0.8463 1.3102 14.8462 0.0000 0.0000 0.0000 -54.1947 25.0072 104.9447 75.2004 -59.1560 -47.2195 -0.0000 0.0000 -20.4710 -16.3491 22.2259 -6.3318 -7.1250 0.0000 -0.0000 -42.2207 47.4937 -3.1430 0.0000 0.0000 0.0000 69.6327 -14.6516 29.3094 -38.5212 47.1689 -17.3468 0.0000 -0.0000 -73.6188 -17.4803 4.8918 -1.5383 7.1250 -0.0000 -0.0000 6.8743 -24.8517 3.3718
-0.3581 15.9485 -6.5980 363.0720 -1.4126 10.3896 0.0000 0.0000 0.0000 -30.4022 -0.9288 -15.7513 4.1727 12.3867 37.1142 3.6533 6.3861 -38.6981 0.5630 -4.8060 -13.3560 0.0000 0.0000 0.0000 0.2140 20.6628 -52.5446 -2.1490 -9.1698 26.3279 -6.1712 -15.0830 -52.9971 -8.1341 -16.2170 53.0441 -5.2640 -2.2977 1.5140 0.7612 -3.1743 -0.9575 3.8126 -1.5251 -1.5070 2.2167 2.2620 -13.0044 -1.7664 3.2818 35.8963 -0.6038 1.4343 14.6254 0.0000 0.0000 0.0000 -50.0506 19.4192 107.3102 90.3134 -59.9996 -60.2714 -0.0000 0.0000 -23.6724 -20.9933 20.4479 -7.6354 -7.1250 0.0000 -0.0000 -44.5890 45.4194 -0.5826 0.0000 0.0000 0.0000 65.9079 -16.6117 33.5837 -41.3804 48.8668 -19.4726 0.0000 -0.0000 -75.3878 -10.4600 2.8380 -0.5237 7.1250 -0.0000 -0.0000 12.2899 -27.0357 5.4786
-0.5920 15.9768 -5.9452 364.1310 1.0314 12.2481 0.0000 0.0000 0.0000 -30.2607 -1.4972 -11.6683 3.0972 10.8508 31.7784 3.2890 6.8329 -37.1132 1.1298 -6.7510 -18.9799 0.0000 0.0000 0.0000 -0.3275 21.5230 -52.2910 -2.2113 -9.2931 26.7165 -7.4913 -11.2224 -55.7935 -9.5347 -17.1397 57.9215 -5.4925 -3.1888 -1.6489 0.2292 -4.2060 -1.8891 3.2446 -2.0485 -0.6123 1.7202 2.3527 -12.3692 -0.5995 3.1443 35.0906 -0.0701 1.4779 14.0671 -0.0000 0.0000 0.0000 -45.2230 12.8325 108.9638 102.4644 -59.4047 -70.7729 -0.0000 0.0000 -30.6706 -26.4679 19.4785 -9.4263 -7.1250 0.0000 -0.0000 -47.7608 43.8590 1.7988 -0.0000 0.0000 0.0000 62.6737 -20.1062 36.5935 -42.0498 49.2385 -19.9783 0.0000 -0.0000 -73.1299 -0.0325 3.2933 -0.0019 7.1250 -0.0000 -0.0000 19.9344 -26.5168 9.4866
-0.7946 16.0260 -5.2443 364.9520 3.0705 14.2158 0.0000 0.0000 0.0000 -29.8497 -1.9970 -6.8127 1.9992 8.8644 25.3722 2.7643 7.8798 -34.9185 2.0616 -8.9933 -25.7744 0.0000 0.0000 0.0000 1.4856 20.1297 -52.4906 -2.3657 -9.5895 27.6574 -5.6806 -21.7643 -54.9838 -8.0948 -16.1885 52.9035 -5.8361 -4.2539 -2.7002 0.5411 -5.6528 -4.9069 3.7767 -2.6318 -2.9580 1.1542 2.8073 -9.8330 -0.7323 4.0496 35.4317 0.0720 1.7946 13.6569 0.0000 0.0000 0.0000 -42.1612 9.0668 108.9469 110.6528 -58.3253 -77.7853 -0.0000 0.0000 -39.2216 -32.5080 20.0479 -12.3232 -7.1250 0.0000 -0.0000 -51.8561 43.3355 3.0702 0.0000 0.0000 0.0000 56.5535 -24.9294 42.0167 -41.1244 48.7221 -19.2800 0.0000 -0.0000 -68.9391 9.0688 5.1431 0.8198 7.1250 -0.0000 -0.0000 25.9181 -24.5635 14.2520
-0.9936 16.1387 -4.5812 364.3290 4.3482 16.6042 0.0000 0.0000 0.0000 -27.7866 -3.0816 -2.9484 1.1494 6.8074 19.1462 1.8555 10.8898 -31.6007 2.7802 -10.3305 -30.0537 0.0000 0.0000 0.0000 3.1052 21.0505 -52.0289 -2.2516 -9.3715 26.9645 -5.9614 -24.1883 -57.2839 -8.0641 -16.1662 52.7933 -4.3861 -4.7582 -5.1375 0.8233 -6.2501 -6.8960 3.1502 -2.9259 -3.7317 1.1216 3.2096 -9.5147 -0.6914 4.6527 35.2508 0.1727 2.0675 13.5117 -0.0000 -0.0000 0.0000 -38.5700 2.6987 105.3966 114.7654 -57.5507 -81.2711 -0.0000 0.0000 -45.8140 -37.3311 20.0365 -14.6439 -7.1250 0.0000 -0.0000 -54.2852 42.4582 5.2293 -0.0000 -0.0000 0.0000 51.6056 -27.0417 45.9080 -38.1666 46.9453 -17.0872 0.0000 -0.0000 -67.4205 13.9660 6.0183 1.4937 7.1250 -0.0000 -0.0000 28.9012 -23.5315 17.1927
-1.1636 16.2442 -3.8790 363.7460 4.8250 18.6503 0.0000 0.0000 0.0000 -26.0318 -3.0306 3.6728 0.2648 3.3104 9.1441 0.7510 13.5015 -26.2556 3.1444 -10.9253 -32.0283 0.0000 0.0000 0.0000 5.5580 20.6160 -51.5149 -2.2388 -9.3467 26.8859 -4.5689 -27.2081 -55.1907 -7.2102 -15.5064 49.6650 -2.6722 -4.9043 -7.9455 0.6934 -6.4156 -8.5882 1.9178 -3.0700 -4.1448 0.5261 3.5437 -7.3947 0.6325 4.7932 32.6343 0.7179 2.2724 11.8871 -0.0000 0.0000 0.0000 -34.1974 -3.8809 100.0634 115.4625 -57.4026 -81.8589 -0.0000 0.0000 -48.1153 -37.6516 19.3443 -14.3361 -7.1250 0.0000 -0.0000 -53.8691 41.8465 6.4510 -0.0000 0.0000 0.0000 47.0507 -28.9760 49.0946 -35.5985 45.2348 -15.2367 0.0000 -0.0000 -65.8219 17.4873 5.8808 1.8489 7.1250 -0.0000 -0.0000 31.1015 -23.4061 19.0973
-1.3345 16.3786 -3.2134 363.9520 4.7342 20.9899 0.0000 0.0000 0.0000 -24.7820 -1.4811 8.3918 0.0000 0.0000 0.0000 0.2032 12.3424 -19.9755 3.4918 -11.4515 -33.8183 0.0000 0.0000 0.0000 7.3013 19.6804 -52.0669 -2.2617 -9.3911 27.0267 -2.8506 -29.9101 -52.1659 -6.3354 -14.7457 46.3136 -2.0584 -4.9883 -10.5465 0.4184 -6.5131 -10.4775 1.1703 -3.1461 -4.8501 0.0726 4.0385 -5.4988 1.6350 5.2646 29.6977 1.1032 2.5963 10.3135 -0.0000 -0.0000 0.0000 -29.7851 -10.5496 93.7329 112.4699 -58.0035 -79.3290 -0.0000 0.0000 -48.2499 -36.1996 19.3760 -13.6480 -7.1250 0.0000 -0.0000 -53.2434 42.1532 5.6470 -0.0000 -0.0000 0.0000 42.5562 -30.2087 51.3002 -32.1151 42.6387 -12.8187 0.0000 -0.0000 -62.6032 22.4263 4.3847 1.8072 7.1250 -0.0000 -0.0000 34.3743 -24.2403 21.2192
-1.4762 16.5676 -2.6227 364.0090 6.3583 22.8300 0.0000 0.0000 0.0000 -23.3362 -3.0798 8.5711 0.0000 0.0000 0.0000 -0.0936 12.6180 -16.6934 3.1682 -10.9624 -32.1532 0.0000 0.0000 0.0000 8.6128 18.2446 -52.0431 -2.3829 -9.6217 27.7603 -3.8875 -27.1375 -53.0597 -6.4309 -14.8333 46.6874 -0.8217 -5.4310 -12.0766 0.2611 -7.1729 -12.1493 0.2545 -3.5576 -6.0123 -0.5109 4.5075 -4.5520 2.8712 5.6898 27.0556 1.5770 2.8960 9.1031 -0.0000 -0.0000 0.0000 -25.3374 -17.5254 87.3161 105.0869 -59.1222 -73.0271 -0.0000 0.0000 -47.2734 -37.3985 18.9336 -13.9318 -7.1250 0.0000 -0.0000 -53.4358 41.5682 6.9311 -0.0000 -0.0000 0.0000 38.5260 -30.7676 52.0792 -28.5128 39.5841 -10.4488 0.0000 -0.0000 -58.3875 24.3362 3.9135 1.7680 7.1250 -0.0000 -0.0000 35.5580 -24.4079 22.1723
-1.6277 16.7166 -2.1023 364.0520 6.6509 24.4203 0.0000 0.0000 0.0000 -22.3326 -3.4639 8.2860 0.0000 0.0000 0.0000 -0.4110 14.0342 -14.0972 2.1953 -9.2615 -26.6167 0.0000 0.0000 0.0000 9.7477 18.1279 -51.4232 -2.2612 -9.3901 27.0234 -2.5694 -30.0508 -51.4071 -5.5790 -14.0076 43.2679 -0.5113 -5.6085 -13.0922 0.1143 -7.4421 -13.7381 -0.0745 -3.7233 -7.3202 -0.3999 5.0066 -3.8275 3.8220 6.1689 24.6644 1.8253 3.2429 8.1016 -0.0000 -0.0000 0.0000 -20.3093 -23.0540 80.8233 95.7156 -59.8762 -64.9477 -0.0000 0.0000 -44.2165 -36.7278 18.8989 -13.5863 -7.1250 0.0000 -0.0000 -53.1145 41.6727 6.6202 -0.0000 -0.0000 0.0000 34.7628 -30.7310 51.7958 -24.9494 36.1523 -8.2601 0.0000 -0.0000 -53.6046 26.0834 4.1366 2.0224 7.1250 -0.0000 -0.0000 36.4018 -23.9458 23.5480
-1.7691 16.8360 -1.6510 364.5240 6.4698 25.7866 0.0000 0.0000 0.0000 -22.1112 -3.4568 8.2628 0.0000 -0.0000 -0.0000 -1.0758 18.8556 -13.2059 0.8501 -5.8805 -16.4381 0.0000 0.0000 0.0000 10.3092 17.9621 -50.9685 -2.1978 -9.2664 26.6323 -2.7775 -29.4562 -51.5196 -5.4488 -13.8720 42.7272 -0.9214 -5.8204 -13.7754 -0.0567 -7.7129 -14.9552 -0.0338 -3.8327 -8.3372 -0.3068 5.6166 -3.0242 4.4365 6.9261 21.4313 1.9375 3.6727 6.8496 0.0000 0.0000 0.0000 -14.6010 -28.6746 74.2184 83.9670 -59.8620 -54.7777 -0.0000 0.0000 -40.1837 -37.7088 18.4261 -13.7324 -7.1250 0.0000 -0.0000 -53.1709 41.0961 7.8642 0.0000 0.0000 0.0000 31.1296 -30.0920 50.3216 -22.3935 33.4189 -6.8013 0.0000 -0.0000 -47.9748 27.0086 4.2298 2.1530 7.1250 -0.0000 -0.0000 36.8376 -23.7080 24.2903
-1.9009 16.9220 -1.2470 364.8100 6.3395 26.8633 0.0000 0.0000 0.0000 -21.8233 -3.2825 8.5991 0.0000 -0.0000 -0.0000 -1.5968 23.3121 -18.2234 0.0002 0.0890 0.2446 0.0000 0.0000 0.0000 10.8384 17.9996 -50.3384 -2.1391 -9.1500 26.2656 -2.9652 -28.9847 -51.6935 -5.2844 -13.6971 42.0373 -1.3725 -5.9095 -13.9968 -0.1163 -7.8291 -16.1831 0.2068 -3.8388 -9.6275 -0.6797 5.9189 -3.0700 5.3564 7.2600 19.3205 2.2440 3.8799 6.1177 -0.0000 -0.0000 0.0000 -9.1750 -34.0006 68.3410 71.4545 -58.6597 -44.0114 -0.0000 0.0000 -35.7110 -37.4091 17.9409 -13.2565 -7.1250 0.0000 -0.0000 -52.6740 40.7635 8.4075 -0.0000 -0.0000 0.0000 27.4698 -29.5766 48.5155 -20.1757 30.8534 -5.6212 0.0000 -0.0000 -41.8140 27.5329 4.1265 2.1483 7.1250 -0.0000 -0.0000 37.1280 -23.7075 24.6096
-2.0264 16.9993 -0.9031 364.8900 5.8624 27.9104 0.0000 0.0000 0.0000 -21.5351 -2.8011 8.5908 0.0000 -0.0000 -0.0000 -1.6248 26.6127 -26.5771 1.6955 8.2007 23.3254 0.0000 0.0000 0.0000 10.9065 19.1765 -49.4277 -2.0199 -8.9075 25.5064 -3.8224 -27.9980 -53.5419 -5.3585 -13.7765 42.3493 -1.7283 -6.1241 -14.1847 -0.0185 -8.1227 -17.2276 0.5470 -3.9304 -10.7365 -0.4372 6.3936 -3.5303 5.7863 7.8592 17.7383 2.3380 4.2178 5.6716 -0.0000 -0.0000 0.0000 -3.5324 -37.6348 61.0188 59.1533 -56.0801 -33.6375 -0.0000 0.0000 -29.0746 -37.3715 16.9581 -12.5587 -7.1250 0.0000 -0.0000 -51.9235 39.9654 9.8113 -0.0000 -0.0000 0.0000 24.2560 -28.3069 46.0573 -18.5296 28.8300 -4.8019 0.0000 -0.0000 -35.7303 26.9961 3.6916 1.8787 7.1250 -0.0000 -0.0000 37.0020 -24.1898 23.8981
-2.1097 17.0580 -0.5848 364.7410 5.1562 28.6294 0.0000 0.0000 0.0000 -21.4156 -1.9650 8.6327 0.0000 0.0000 0.0000 -0.2383 27.5256 -37.3520 4.0270 12.1962 36.4297 0.0000 0.0000 0.0000 12.3137 18.5702 -48.7135 -1.8887 -8.6304 24.6458 -2.9141 -28.6665 -51.2447 -4.9444 -13.3209 40.5821 -1.6076 -6.0175 -14.7769 -0.1897 -8.0148 -18.0213 0.3042 -3.9014 -11.4515 -0.3437 6.7262 -2.6693 6.5368 8.2756 15.4515 2.4622 4.4503 4.7716 0.0000 -0.0000 0.0000 1.6449 -41.3763 53.4906 48.9929 -52.5812 -25.3721 -0.0000 0.0000 -22.1927 -35.5421 16.6039 -11.5380 -7.1250 0.0000 -0.0000 -50.8859 40.0507 9.2237 0.0000 -0.0000 0.0000 22.1399 -26.9245 41.9138 -16.2172 25.8143 -3.7400 0.0000 -0.0000 -29.2053 25.7661 4.6041 2.2189 7.1250 -0.0000 -0.0000 36.0955 -23.5800 23.6430
-2.1795 17.1102 -0.3186 364.6650 4.8573 29.0968 0.0000 0.0000 0.0000 -21.1328 -1.5497 8.5776 0.0000 0.0000 0.0000 4.1691 18.6854 -47.8860 6.4296 14.8321 46.6826 0.0000 0.0000 0.0000 13.1383 18.3906 -47.9236 -1.8056 -8.4489 24.0859 -2.6203 -28.9977 -50.5866 -4.4965 -12.7933 38.5997 -1.5001 -6.0881 -14.5723 -0.1751 -8.1694 -18.8466 0.3494 -3.9763 -12.6368 -0.5144 7.0614 -2.5672 7.2387 8.7282 13.6740 2.6541 4.6832 4.1520 -0.0000 -0.0000 0.0000 5.6634 -43.4818 44.7313 40.8363 -48.5576 -19.0638 -0.0000 0.0000 -14.6677 -34.5906 15.6413 -10.5327 -7.1250 0.0000 -0.0000 -49.7874 39.4493 9.9712 -0.0000 -0.0000 0.0000 19.9483 -25.8223 37.8010 -14.5849 23.5647 -3.0581 0.0000 -0.0000 -23.8731 23.4026 5.8705 2.5346 7.1250 -0.0000 -0.0000 34.4809 -22.7930 22.8258
-2.2291 17.1537 -0.0935 364.5600 4.3491 29.4602 0.0000 0.0000 0.0000 -20.7939 -1.0291 8.1548 0.0000 -0.0000 -0.0000 6.6396 10.5764 -52.6416 7.6112 15.8257 51.1500 0.0000 0.0000 0.0000 12.3995 20.4036 -46.6575 -1.7416 -8.3057 23.6464 -3.1138 -29.4290 -52.5560 -4.4682 -12.7587 38.4718 -1.2991 -5.8723 -14.6054 -0.5670 -7.9447 -19.1265 -0.1545 -3.9234 -13.0846 -0.4733 7.2939 -3.7007 8.4088 8.9521 12.4027 3.0124 4.8561 3.8900 0.0000 0.0000 0.0000 10.8311 -46.1056 34.8582 34.7457 -44.6297 -14.6344 -0.0000 0.0000 -8.1669 -31.0971 15.4701 -9.1398 -7.1250 0.0000 -0.0000 -47.9155 39.9476 8.3648 0.0000 0.0000 0.0000 18.8820 -25.1727 32.4098 -12.9723 21.2465 -2.4432 0.0000 -0.0000 -19.6361 20.3506 6.5180 2.4110 7.1250 -0.0000 -0.0000 32.6127 -22.5723 21.2149
-2.2991 17.1824 0.0581 364.8140 3.7372 30.1554 0.0000 0.0000 0.0000 -20.7575 -0.7959 7.1370 0.0000 -0.0000 -0.0000 6.0467 15.4725 -52.7616 7.4844 15.7266 50.6833 0.0000 0.0000 0.0000 11.5323 21.8164 -46.1807 -1.6700 -8.1420 23.1461 -4.4154 -27.3629 -54.8473 -4.8696 -13.2354 40.2563 -2.2229 -5.7025 -14.1553 -1.1068 -7.7409 -19.2727 -0.1893 -3.7378 -13.5024 -0.4327 7.0300 -7.2400 9.7849 8.3475 12.5645 3.5645 4.7078 4.5019 -0.0000 -0.0000 0.0000 17.4161 -48.9096 24.2841 30.1927 -41.0580 -11.5360 -0.0000 0.0000 -3.4751 -25.7979 16.8295 -7.9667 -7.1250 0.0000 -0.0000 -45.6090 41.8706 4.6523 -0.0000 -0.0000 0.0000 18.5372 -25.4396 26.9214 -12.0001 19.8047 -2.1023 0.0000 -0.0000 -16.4893 17.2876 7.1202 2.2092 7.1250 -0.0000 -0.0000 30.6745 -22.3112 19.6768
-2.3247 17.1838 0.2030 365.1840 3.8831 30.5156 0.0000 0.0000 0.0000 -20.6165 -1.1064 6.7140 0.0000 -0.0000 -0.0000 6.3346 15.6704 -53.8315 7.4323 15.6854 50.4912 0.0000 0.0000 0.0000 10.9843 22.1556 -46.0112 -1.7129 -8.2406 23.4473 -4.8759 -26.9308 -55.8972 -4.7726 -13.1231 39.8309 -2.4863 -5.9641 -13.6846 -1.4401 -8.1946 -20.0663 -0.3186 -3.9389 -14.8822 -0.0887 7.2801 -5.4868 10.4667 8.7635 10.5098 3.5792 4.8766 3.5459 0.0000 -0.0000 0.0000 20.3087 -51.4352 15.4426 26.3052 -37.5085 -9.0729 -0.0000 -0.0000 1.6074 -22.0196 17.5814 -6.9648 -7.1250 0.0000 -0.0000 -43.5203 43.0055 2.7210 0.0000 -0.0000 0.0000 16.8828 -25.5518 24.4132 -11.4456 18.9680 -1.9182 0.0000 -0.0000 -13.4849 15.6455 6.8707 1.9189 7.1250 -0.0000 -0.0000 29.7430 -22.6565 18.5822
-2.3046 17.1786 0.2824 364.9830 4.1756 30.6398 0.0000 0.0000 0.0000 -19.9758 -1.2459 6.2447 0.0000 -0.0000 -0.0000 6.1754 18.4081 -54.6833 7.2676 15.5532 49.8794 0.0000 0.0000 0.0000 11.0727 22.5182 -45.7515 -1.7325 -8.2851 23.5833 -5.8724 -25.7638 -57.9937 -5.0779 -13.4709 41.1580 -1.6254 -5.9447 -13.0941 -1.9342 -8.3032 -20.0237 -1.2563 -4.1632 -15.4117 -0.1582 7.3021 -6.1077 11.4366 8.8394 8.6334 3.8465 4.9142 3.0324 -0.0000 -0.0000 0.0000 25.9522 -53.2454 3.5740 23.6411 -34.7825 -7.5009 -0.0000 -0.0000 6.3615 -18.7611 18.1250 -6.0320 -7.1250 0.0000 -0.0000 -41.4932 43.8835 1.4073 -0.0000 -0.0000 0.0000 16.3043 -25.1497 19.7118 -10.6942 17.8180 -1.6812 0.0000 -0.0000 -9.2816 14.8679 6.8216 1.8061 7.1250 -0.0000 -0.0000 29.2765 -22.7522 18.1155
-2.3018 17.1671 0.3192 364.9710 3.8291 31.0760 0.0000 0.0000 0.0000 -19.8033 -0.9860 5.5789 0.0000 -0.0000 -0.0000 6.2937 18.2575 -54.9864 7.4487 15.6984 50.5517 0.0000 0.0000 0.0000 10.4678 23.5400 -46.2830 -1.8049 -8.4473 24.0811 -6.0666 -26.1656 -58.7875 -5.0322 -13.4199 40.9615 -1.3373 -5.8452 -12.1187 -2.3980 -8.3299 -20.3986 -1.7944 -4.2587 -16.6787 -0.2859 7.4548 -6.4189 12.3596 9.1276 6.9609 4.1074 5.0423 2.5167 0.0000 0.0000 0.0000 31.7272 -55.2904 -8.6808 21.1292 -31.9789 -6.1182 -0.0000 -0.0000 11.7252 -15.7337 18.4500 -5.0949 -7.1250 0.0000 -0.0000 -39.3925 44.5483 0.5259 0.0000 0.0000 0.0000 15.5754 -24.7653 14.5848 -9.8193 16.4563 -1.4233 0.0000 -0.0000 -5.0386 15.0734 7.0346 1.8891 7.1250 -0.0000 -0.0000 29.3539 -22.5471 18.3445
-2.2984 17.1489 0.3340 365.1110 3.6905 31.5263 0.0000 0.0000 0.0000 -19.8041 -0.9758 4.9985 0.0000 0.0000 0.0000 6.9030 17.7936 -56.6866 7.2976 15.5774 49.9910 0.0000 0.0000 0.0000 9.8684 23.9755 -46.9160 -1.8631 -8.5749 24.4745 -6.9427 -24.5564 -60.2730 -5.3487 -13.7661 42.3083 -1.3079 -6.3266 -11.5750 -2.2732 -9.0536 -20.6174 -1.5646 -4.6046 -17.3511 -1.8135 8.0511 -6.6676 14.1594 10.1165 5.5318 4.8586 5.5193 1.8906 -0.0000 -0.0000 0.0000 36.1194 -55.2263 -17.9455 19.6433 -30.2101 -5.3507 -0.0000 -0.0000 12.3617 -13.5150 19.3759 -4.5592 -7.1250 0.0000 -0.0000 -38.1896 45.5998 -0.6651 -0.0000 -0.0000 0.0000 14.3223 -23.0852 11.5080 -9.3842 15.7706 -1.3026 0.0000 -0.0000 -2.1237 14.9749 6.4221 1.7137 7.1250 -0.0000 -0.0000 29.4361 -23.1048 17.9623
-2.2858 17.1331 0.3820 364.9650 3.3256 32.2736 0.0000 0.0000 0.0000 -19.9023 -0.7353 4.1240 0.0000 -0.0000 -0.0000 6.8352 19.1949 -57.1601 7.1479 15.4552 49.4314 0.0000 0.0000 0.0000 9.4860 24.4139 -47.5529 -1.8474 -8.5407 24.3689 -6.8831 -24.8922 -60.2943 -5.1657 -13.5681 41.5339 -1.1665 -6.3082 -11.8331 -2.5710 -9.0796 -20.7488 -1.9953 -4.6880 -17.4881 -1.1092 8.1156 -5.6991 13.1662 10.4880 2.7529 4.7852 5.5361 1.0565 -0.0000 -0.0000 0.0000 41.2734 -56.6242 -29.4067 18.0708 -28.2477 -4.5827 -0.0000 -0.0000 15.0907 -12.8556 18.7082 -4.1866 -7.1250 0.0000 -0.0000 -37.2823 45.1377 -0.1481 -0.0000 -0.0000 0.0000 14.1367 -22.4228 4.7181 -8.6768 14.6439 -1.1170 0.0000 0.0000 3.6697 14.7143 6.9461 1.8191 7.1250 -0.0000 -0.0000 29.1529 -22.6498 18.0953
-2.2916 17.1199 0.3713 364.8120 3.0008 32.6650 0.0000 0.0000 0.0000 -19.8879 -0.3872 3.6190 0.0000 -0.0000 -0.0000 6.6552 19.1386 -56.5774 6.9691 15.3058 48.7573 0.0000 0.0000 0.0000 9.3334 24.8148 -47.8187 -1.7827 -8.3981 23.9299 -6.6272 -25.7199 -60.0630 -4.8679 -13.2335 40.2490 -1.3232 -6.3344 -11.1924 -2.8341 -9.1982 -20.7135 -2.1310 -4.7452 -17.8857 -1.6029 7.9936 -7.0354 14.2421 10.3551 2.2484 4.7660 5.5204 0.9725 -0.0000 -0.0000 0.0000 46.5766 -56.2415 -35.1010 17.5220 -27.5408 -4.3260 -0.0000 -0.0000 12.5398 -12.2809 19.9725 -4.2524 -7.1250 0.0000 -0.0000 -37.5478 46.2566 -1.3570 -0.0000 -0.0000 0.0000 13.8114 -22.3647 3.3549 -8.6469 14.5959 -1.1094 0.0000 0.0000 3.6483 14.8586 6.2124 1.6445 7.1250 -0.0000 -0.0000 29.4136 -23.3010 17.7851
-2.2789 17.1039 0.3808 364.8380 2.9301 32.8152 0.0000 0.0000 0.0000 -19.9637 -0.1923 3.6672 0.0000 -0.0000 -0.0000 7.2885 16.1068 -57.1210 6.9200 15.2641 48.5710 0.0000 0.0000 0.0000 9.1714 24.8250 -48.0978 -1.8099 -8.4584 24.1152 -6.8223 -25.1324 -60.2616 -4.9183 -13.2912 40.4685 -1.4531 -6.3767 -10.7976 -2.9926 -9.3108 -20.7542 -2.1874 -4.7928 -18.2222 -2.3909 8.0858 -7.2084 14.9583 10.5532 2.1198 5.1066 5.6317 0.8669 -0.0000 -0.0000 0.0000 49.9288 -56.8694 -41.2748 16.9148 -26.7453 -4.0489 -0.0000 -0.0000 14.5040 -13.1759 20.6016 -4.7090 -7.1250 0.0000 -0.0000 -38.6472 46.6478 -1.8462 -0.0000 -0.0000 0.0000 12.8614 -22.3995 3.1118 -8.7752 14.8014 -1.1420 0.0000 0.0000 3.6587 15.7722 5.1398 1.4495 7.1250 -0.0000 -0.0000 30.2419 -24.2013 17.7026
-2.2727 17.0983 0.3739 364.2350 3.2784 32.9573 0.0000 0.0000 0.0000 -19.1849 -0.0675 3.4766 0.0000 0.0000 0.0000 5.7550 21.5204 -55.0727 6.5696 14.9585 47.2271 0.0000 0.0000 0.0000 9.9088 24.8533 -48.1090 -1.7717 -8.3734 23.8542 -6.8033 -25.1373 -60.2123 -4.9483 -13.3254 40.5989 -0.8657 -6.4593 -10.2368 -2.9636 -9.4744 -20.7480 -2.3815 -4.9553 -18.6926 -2.3787 8.0221 -7.7289 14.9276 10.4040 2.5791 5.1369 5.5960 1.1031 0.0000 0.0000 0.0000 52.8694 -56.1943 -43.5044 16.6524 -26.3973 -3.9316 -0.0000 -0.0000 14.6946 -14.9120 19.9846 -5.2004 -7.1250 0.0000 -0.0000 -39.6578 45.9061 -1.0564 0.0000 0.0000 0.0000 12.2076 -22.1653 4.5727 -9.0232 15.1974 -1.2062 0.0000 0.0000 1.9580 16.6625 4.2738 1.2778 7.1250 -0.0000 -0.0000 31.0152 -24.9088 17.7019
-2.2609 17.0927 0.3501 364.0930 3.5638 33.7229 0.0000 0.0000 0.0000 -18.8876 -0.3239 2.7949 0.0000 0.0000 0.0000 6.8660 15.6692 -55.5792 7.0465 15.3709 49.0498 0.0000 0.0000 0.0000 9.7991 24.7670 -49.0322 -1.7365 -8.2942 23.6114 -6.4386 -26.0892 -59.7647 -4.7235 -13.0654 39.6139 -0.6495 -6.5181 -10.3941 -2.9286 -9.5715 -21.0057 -2.4505 -5.0399 -19.0224 -2.7949 8.0775 -6.6948 14.7517 10.6144 1.9828 5.0754 5.6311 0.7251 0.0000 0.0000 0.0000 53.9542 -56.4416 -45.3893 16.4916 -26.1827 -3.8603 -0.0000 -0.0000 14.6884 -15.0996 20.3456 -5.3592 -7.1250 0.0000 -0.0000 -40.0262 46.1720 -1.3820 0.0000 0.0000 0.0000 11.6323 -21.3652 0.9168 -8.6071 14.5320 -1.0994 0.0000 0.0000 4.5763 17.9952 5.1141 1.6585 7.1250 -0.0000 -0.0000 31.6047 -24.0489 18.9502
-2.2662 17.0843 0.3263 364.1890 3.3265 33.9609 0.0000 0.0000 0.0000 -18.9946 -0.1021 2.5380 0.0000 -0.0000 -0.0000 6.6104 15.8738 -54.8413 7.0877 15.4053 49.2052 0.0000 0.0000 0.0000 9.4531 24.9356 -49.4188 -1.7340 -8.2885 23.5937 -6.4989 -25.8348 -59.7797 -4.9083 -13.2798 40.4252 -1.0534 -6.4852 -10.5003 -3.1858 -9.5241 -20.7147 -2.5698 -4.9845 -18.5051 -2.2502 7.8746 -7.3968 13.9316 10.2333 2.5418 4.7994 5.4735 1.1095 0.0000 -0.0000 0.0000 56.1728 -56.3675 -49.1031 15.9465 -25.4481 -3.6229 -0.0000 -0.0000 14.8113 -16.5725 20.1228 -5.8456 -7.1250 0.0000 -0.0000 -41.0413 45.7877 -0.9647 0.0000 -0.0000 0.0000 11.5103 -21.3736 2.2702 -8.8708 14.9543 -1.1666 0.0000 0.0000 2.7040 18.2594 3.3113 1.0918 7.1250 -0.0000 -0.0000 32.2549 -25.6317 18.0213
-2.2544 17.0847 0.3051 364.4310 3.5823 34.3486 0.0000 0.0000 0.0000 -18.8962 -0.3610 2.3883 0.0000 -0.0000 -0.0000 6.4502 15.4366 -54.1063 6.9133 15.2584 48.5456 0.0000 0.0000 0.0000 9.1180 24.5703 -50.0341 -1.7725 -8.3752 23.8597 -6.7081 -24.7702 -59.7448 -5.0926 -13.4873 41.2211 -1.1920 -6.5416 -10.4595 -3.3198 -9.6291 -20.8259 -2.6337 -5.0296 -18.7184 -2.5006 7.7848 -6.2274 13.7393 10.2253 1.9598 4.7040 5.4009 0.7438 -0.0000 -0.0000 0.0000 55.7821 -56.2793 -47.0580 15.8745 -25.3501 -3.5920 -0.0000 -0.0000 12.5569 -15.3380 21.1458 -5.6507 -7.1250 0.0000 -0.0000 -40.7150 46.7817 -2.1435 -0.0000 -0.0000 0.0000 10.9737 -20.9996 1.5063 -8.7907 14.8262 -1.1460 0.0000 0.0000 4.2630 19.1032 2.8913 1.0009 7.1250 -0.0000 -0.0000 32.8846 -25.9262 18.2403
-2.2393 17.0818 0.2895 364.3550 3.9662 34.3293 0.0000 0.0000 0.0000 -18.4408 -0.4117 2.6179 0.0000 0.0000 0.0000 6.8906 14.0664 -54.9485 6.6016 14.9871 47.3511 0.0000 0.0000 0.0000 9.3535 24.2273 -50.0897 -1.7901 -8.4145 23.9802 -6.7766 -24.3178 -59.6826 -5.1122 -13.5090 41.3052 -0.9163 -6.5442 -10.3043 -3.3689 -9.6277 -20.6040 -2.8279 -5.0750 -18.5569 -3.0975 7.6855 -6.7811 14.2016 10.0395 2.8091 4.9869 5.3654 1.0457 0.0000 0.0000 0.0000 55.6324 -56.0997 -47.2088 15.6827 -25.0885 -3.5103 -0.0000 -0.0000 13.5000 -17.0436 20.6893 -6.1816 -7.1250 0.0000 -0.0000 -41.7622 46.1744 -1.4709 0.0000 0.0000 0.0000 10.6675 -20.1027 -1.9601 -8.4005 14.2000 -1.0482 0.0000 0.0000 7.2566 20.2157 3.1336 1.1532 7.1250 -0.0000 -0.0000 33.4756 -25.6001 19.0422
-2.2237 17.0861 0.2617 364.4320 4.0251 34.4775 0.0000 0.0000 0.0000 -18.3427 -0.4043 2.4317 0.0000 0.0000 0.0000 6.7219 15.3193 -54.9501 6.3886 14.7946 46.5219 0.0000 0.0000 0.0000 9.1159 24.0817 -50.5175 -1.8187 -8.4778 24.1751 -6.7424 -24.2709 -59.5613 -5.1471 -13.5476 41.4545 -0.8340 -6.5410 -10.1629 -3.3433 -9.6310 -20.6078 -2.8232 -5.0844 -18.6628 -3.3281 7.5737 -6.0515 13.9351 9.9701 2.3430 4.8931 5.2795 0.7966 0.0000 0.0000 0.0000 54.2659 -55.6122 -45.8870 15.8659 -25.3385 -3.5884 -0.0000 -0.0000 15.3131 -18.3902 20.3887 -6.6069 -7.1250 0.0000 -0.0000 -42.6045 45.7446 -0.9632 0.0000 0.0000 0.0000 9.7024 -19.9433 1.3394 -8.7698 14.7928 -1.1406 0.0000 0.0000 4.1374 20.5032 2.1870 0.8176 7.1250 -0.0000 -0.0000 33.9278 -26.4081 18.5978
-2.2054 17.0832 0.2271 364.7040 4.0466 34.7832 0.0000 0.0000 0.0000 -18.4717 -0.5444 2.0595 0.0000 -0.0000 -0.0000 6.7318 14.4220 -54.5782 6.7323 15.1022 47.8543 0.0000 0.0000 0.0000 8.6419 23.8516 -51.0855 -1.8294 -8.5013 24.2472 -6.6594 -24.2370 -59.3103 -5.1805 -13.5842 41.5966 -0.8881 -6.5080 -10.0787 -3.4762 -9.6042 -20.5713 -2.9413 -5.0787 -18.6873 -3.4151 7.3619 -5.9593 14.0510 9.6857 2.3814 4.9387 5.1376 0.8085 0.0000 -0.0000 0.0000 54.0125 -55.3926 -46.7342 15.7698 -25.2076 -3.5474 -0.0000 -0.0000 16.0066 -18.8188 20.2291 -6.7206 -7.1250 0.0000 -0.0000 -42.8276 45.5575 -0.7278 0.0000 -0.0000 0.0000 9.1726 -19.6138 1.0910 -8.7859 14.8186 -1.1448 0.0000 0.0000 4.6665 20.2543 2.4529 0.9048 7.1250 -0.0000 -0.0000 33.7004 -26.1992 18.6259
-2.1959 17.0809 0.1976 364.4680 4.0161 34.9465 0.0000 0.0000 0.0000 -18.1307 -0.3289 1.6674 0.0000 0.0000 0.0000 6.1165 17.3587 -53.9462 6.5774 14.9654 47.2572 0.0000 0.0000 0.0000 8.7945 23.9649 -51.1727 -1.7608 -8.3491 23.7795 -6.4910 -24.7150 -59.1090 -5.0939 -13.4888 41.2270 -0.5908 -6.4032 -10.0238 -3.4483 -9.4494 -20.4189 -3.0770 -5.0464 -18.5316 -3.6523 7.2159 -6.8822 14.4373 9.4013 3.2694 5.1614 5.0670 1.2170 -0.0000 -0.0000 0.0000 53.4487 -54.2822 -45.1326 15.8327 -25.2932 -3.5742 -0.0000 -0.0000 14.1488 -17.6308 20.9139 -6.4724 -7.1250 0.0000 -0.0000 -42.3600 46.2692 -1.6217 -0.0000 -0.0000 0.0000 9.0324 -18.4476 -3.3076 -8.5281 14.4053 -1.0797 0.0000 0.0000 7.9934 20.4506 2.1462 0.8001 7.1250 -0.0000 -0.0000 33.9091 -26.4498 18.5402
-2.1774 17.0750 0.1852 364.8930 3.4098 35.0073 0.0000 0.0000 0.0000 -18.8629 0.0179 1.4659 0.0000 -0.0000 -0.0000 5.7403 18.6917 -53.4133 6.5544 14.9449 47.1682 0.0000 0.0000 0.0000 7.9448 24.1307 -51.5369 -1.8085 -8.4552 24.1054 -6.5034 -24.6320 -59.0961 -5.0563 -13.4470 41.0655 -1.2567 -6.2025 -9.8985 -3.6488 -9.1896 -20.3422 -2.9656 -4.8318 -18.3936 -3.1712 6.7343 -6.2511 13.7771 8.7532 3.0301 4.8483 4.7012 1.1550 -0.0000 -0.0000 0.0000 52.4592 -53.5760 -43.9580 16.1962 -25.7860 -3.7309 -0.0000 -0.0000 13.8161 -17.4220 20.8967 -6.3864 -7.1250 0.0000 -0.0000 -42.1878 46.2854 -1.6325 -0.0000 -0.0000 0.0000 8.4399 -18.0795 -6.4609 -8.3845 14.1742 -1.0443 0.0000 0.0000 10.5631 20.0810 2.6360 0.9632 7.1250 -0.0000 -0.0000 33.5431 -26.0551 18.6431
-2.1440 17.0773 0.1725 364.6760 3.4384 34.9992 0.0000 0.0000 0.0000 -18.7739 0.2419 1.4215 0.0000 -0.0000 -0.0000 5.8556 17.6161 -53.2135 6.6100 14.9945 47.3835 0.0000 0.0000 0.0000 8.1073 24.1314 -51.5424 -1.7990 -8.4342 24.0408 -6.4469 -24.8300 -59.0516 -5.0098 -13.3949 40.8652 -0.7355 -6.2325 -9.5053 -3.3168 -9.2338 -20.4588 -2.8008 -4.8919 -18.8339 -2.9453 6.4120 -5.3666 13.5496 8.2829 3.3035 4.7112 4.4424 1.1496 -0.0000 -0.0000 0.0000 49.3255 -52.0808 -40.5287 17.6072 -27.6512 -4.3654 -0.0000 -0.0000 13.0323 -16.5609 21.1383 -6.1209 -7.1250 0.0000 -0.0000 -41.6737 46.6007 -1.9928 -0.0000 -0.0000 0.0000 8.1502 -16.2863 -11.1119 -8.2366 13.9356 -1.0083 0.0000 0.0000 15.1931 18.9470 2.4767 0.8499 7.1250 -0.0000 -0.0000 32.9113 -26.3088 17.8900
-2.1233 17.0766 0.1622 364.9440 3.1736 35.0707 0.0000 0.0000 0.0000 -19.3182 0.3846 1.2707 0.0000 0.0000 0.0000 5.7542 18.5285 -53.3695 6.4254 14.8283 46.6660 0.0000 0.0000 0.0000 7.6222 24.0751 -51.7229 -1.8057 -8.4491 24.0868 -6.5061 -24.9221 -59.2704 -4.9201 -13.2932 40.4762 -0.8107 -6.3693 -9.7157 -3.4705 -9.4092 -20.1033 -2.9669 -4.9909 -18.2202 -2.5773 5.8746 -4.9567 14.2046 7.5928 2.5530 4.8131 4.0723 0.9115 -0.0000 -0.0000 0.0000 46.3901 -50.2633 -39.4532 19.5817 -30.1351 -5.3197 -0.0000 -0.0000 14.4777 -12.9162 20.0019 -4.4852 -7.1250 0.0000 -0.0000 -38.0778 46.1938 -1.3143 -0.0000 -0.0000 0.0000 10.0669 -14.5104 -17.4314 -8.1236 13.7530 -0.9813 0.0000 0.0000 20.3336 14.7754 2.9333 0.7733 7.1250 -0.0000 -0.0000 30.1830 -26.2456 15.9215
-2.0999 17.0871 0.1565 364.8050 3.2780 35.1979 0.0000 0.0000 0.0000 -19.2326 0.4323 1.0123 0.0000 0.0000 0.0000 5.3104 19.8844 -52.6691 6.5222 14.9160 47.0433 0.0000 0.0000 0.0000 7.7321 23.9472 -51.8042 -1.7814 -8.3952 23.9209 -6.2612 -25.2446 -58.7740 -4.9366 -13.3121 40.5481 -0.2514 -6.2164 -9.8041 -3.5010 -9.1847 -19.9413 -3.3306 -4.9759 -18.0225 -3.0278 4.6707 -5.6281 15.2011 5.8349 3.5674 5.2250 3.2789 1.4321 0.0000 0.0000 0.0000 40.8666 -49.8169 -38.5354 21.4316 -32.3287 -6.2792 -0.0000 -0.0000 16.3775 -6.4270 17.4855 -1.9385 -7.1250 0.0000 -0.0000 -31.3965 44.9188 0.0701 0.0000 0.0000 0.0000 12.4545 -14.8897 -16.2588 -8.8009 14.8426 -1.1486 0.0000 0.0000 16.3029 9.0447 3.4260 0.5450 7.1250 -0.0000 -0.0000 26.2780 -26.1252 13.4040
-2.0756 17.0908 0.1608 364.9080 3.7242 35.0380 0.0000 0.0000 0.0000 -19.1240 0.2159 1.2797 0.0000 -0.0000 -0.0000 5.4243 19.7883 -52.9914 6.4253 14.8282 46.6658 0.0000 0.0000 0.0000 7.9601 23.3843 -51.5893 -1.7746 -8.3798 23.8738 -6.2963 -24.9095 -58.6747 -5.1137 -13.5107 41.3116 0.1205 -6.1578 -9.3774 -3.3702 -9.0693 -19.5562 -3.3557 -4.9453 -17.7603 -3.8800 2.5788 -6.8599 15.3104 2.9052 4.7440 5.4012 1.9039 2.2483 0.0000 0.0000 0.0000 33.4100 -49.0740 -34.8321 22.5002 -33.5378 -6.8602 -0.0000 -0.0000 16.2126 7.8241 15.0149 2.0388 -7.1250 0.0000 -0.0000 -18.1217 44.3401 0.3056 0.0000 0.0000 0.0000 15.7140 -17.0026 -8.2894 -10.7860 17.9595 -1.7094 0.0000 0.0000 4.6686 1.3671 4.9350 0.1176 7.1250 -0.0000 -0.0000 20.6583 -24.9549 10.6917
-2.0470 17.0966 0.1587 364.6070 4.2668 35.2436 0.0000 0.0000 0.0000 -18.6283 -0.0028 1.0567 0.0000 -0.0000 -0.0000 5.1754 20.6828 -52.7031 6.4245 14.8275 46.6627 0.0000 0.0000 0.0000 8.4435 23.0085 -51.6288 -1.7202 -8.2571 23.4978 -6.1406 -25.2230 -58.4216 -5.0599 -13.4509 41.0808 1.1645 -5.9841 -9.7819 -3.2719 -8.7689 -19.1195 -3.8874 -4.9440 -17.0267 -4.9660 0.3054 -8.2336 15.9016 -0.3664 6.7409 5.7045 0.4099 3.4020 -0.0000 -0.0000 0.0000 23.9136 -48.0900 -29.7323 24.1748 -35.3485 -7.8074 -0.0000 -0.0000 18.2814 19.2045 12.3592 4.2638 -7.1250 0.0000 -0.0000 -7.2929 42.9258 0.3754 -0.0000 -0.0000 0.0000 21.0340 -18.4697 -6.5201 -12.6911 20.8330 -2.3423 0.0000 -0.0000 -3.0058 -8.0900 10.4954 -1.4832 7.1250 -0.0000 -0.0000 13.3709 -19.5212 8.3634
-2.0383 17.0915 0.1705 364.7660 4.4735 35.4457 0.0000 0.0000 0.0000 -18.7188 -0.1960 0.8855 0.0000 -0.0000 -0.0000 5.5786 18.6630 -52.8590 6.6475 15.0277 47.5282 0.0000 0.0000 0.0000 8.3342 22.7206 -51.9125 -1.7359 -8.2928 23.6069 -6.1499 -25.0528 -58.3459 -5.1061 -13.5023 41.2789 1.3374 -5.9899 -9.8189 -2.9329 -8.7144 -18.8422 -3.6173 -4.8937 -16.5554 -5.9311 -2.1857 -9.7601 15.3027 -3.8747 9.1597 5.5030 -1.2310 4.7779 0.0000 0.0000 0.0000 11.6856 -44.5778 -19.4601 27.7703 -38.9040 -9.9791 -0.0000 -0.0000 17.3124 25.9489 12.2381 5.8894 -7.1250 0.0000 -0.0000 -1.1758 43.5386 0.0424 0.0000 0.0000 0.0000 27.1766 -19.4935 -6.5082 -14.9261 24.0431 -3.1958 0.0000 -0.0000 -9.5774 -16.6125 17.0081 -4.9875 7.1250 -0.0000 -0.0000 7.4585 -12.3884 5.7347
-2.0202 17.0939 0.1872 365.0590 4.6945 35.4235 0.0000 0.0000 0.0000 -18.9460 -0.3939 0.9991 0.0000 0.0000 0.0000 4.8573 21.8108 -52.3614 6.3363 14.7465 46.3171 0.0000 0.0000 0.0000 8.1638 22.2485 -52.0005 -1.7771 -8.3856 23.8914 -6.2402 -24.5663 -58.3138 -5.0738 -13.4665 41.1407 1.6802 -6.0453 -9.6687 -2.6440 -8.7564 -18.7284 -3.4587 -4.9281 -16.4920 -7.3139 -4.2928 -10.2157 14.9595 -6.7738 11.2170 5.4044 -2.6385 5.8445 0.0000 0.0000 0.0000 -0.7441 -39.0612 -8.4185 31.9571 -42.5130 -12.7119 -0.0000 -0.0000 16.3781 28.7486 12.0864 6.5526 -7.1250 0.0000 -0.0000 1.4066 43.7004 -0.0451 0.0000 0.0000 0.0000 33.5756 -19.9192 -5.2655 -16.3912 26.0482 -3.8161 0.0000 -0.0000 -11.6445 -24.1689 21.1076 -9.1802 7.1250 -0.0000 -0.0000 2.8272 -7.0694 2.4608
-2.0122 17.0921 0.1864 364.7090 4.7539 35.4619 0.0000 0.0000 0.0000 -18.6483 -0.1549 0.7841 0.0000 -0.0000 -0.0000 4.7465 20.5007 -51.1404 6.8036 15.1643 48.1276 0.0000 0.0000 0.0000 8.5770 22.3496 -51.8302 -1.7256 -8.2694 23.5355 -6.2780 -24.2612 -58.2431 -5.1590 -13.5607 41.5053 2.4801 -6.0885 -9.4876 -2.0608 -8.7503 -18.4260 -3.2234 -4.9696 -16.2043 -9.0520 -5.9266 -10.4627 15.2706 -8.9908 12.6655 5.5880 -3.7192 6.6990 -0.0000 -0.0000 0.0000 -11.1846 -32.1618 -0.0352 34.6085 -44.5306 -14.5381 -0.0000 -0.0000 15.9569 26.9321 11.3929 5.7307 -7.1250 0.0000 -0.0000 -0.1906 42.7157 0.0107 -0.0000 -0.0000 0.0000 40.4143 -18.4844 -6.6692 -16.4501 26.1272 -3.8420 0.0000 -0.0000 -8.6806 -27.0645 23.1959 -11.3787 7.1250 -0.0000 -0.0000 1.2623 -4.2877 1.1647
-1.9965 17.0911 0.1802 364.4720 4.9835 35.6270 0.0000 0.0000 0.0000 -18.5067 -0.1628 0.5472 0.0000 0.0000 0.0000 5.5711 19.7716 -53.4657 6.3958 14.8012 46.5502 0.0000 0.0000 0.0000 8.8484 22.2572 -52.0243 -1.7100 -8.2338 23.4266 -6.1251 -24.8585 -58.1590 -4.9920 -13.3748 40.7883 3.5674 -6.0170 -9.2416 -1.7897 -8.6188 -18.0332 -3.5009 -5.0218 -15.9600 -10.2663 -7.7537 -11.4458 14.9723 -11.4629 14.4961 5.3822 -4.8952 7.8422 0.0000 0.0000 0.0000 -20.2365 -25.5527 7.5065 34.6434 -44.5558 -14.5626 -0.0000 -0.0000 14.1569 22.1821 12.0199 4.8533 -7.1250 0.0000 -0.0000 -4.5610 42.8837 0.2387 0.0000 0.0000 0.0000 47.9421 -17.0206 -8.1348 -15.9971 25.5168 -3.6447 0.0000 -0.0000 -8.7610 -28.5982 24.4323 -12.7074 7.1250 -0.0000 -0.0000 0.4983 -2.6224 0.4750
-1.9931 17.0866 0.1899 364.4580 4.8276 35.8592 0.0000 0.0000 0.0000 -18.6118 0.0141 0.2132 0.0000 0.0000 0.0000 5.1154 21.4496 -52.9814 6.3487 14.7579 46.3655 0.0000 0.0000 0.0000 8.6979 22.3778 -52.2808 -1.7268 -8.2722 23.5440 -6.5240 -23.7504 -58.6538 -5.0162 -13.4020 40.8927 4.1133 -5.9765 -8.7422 -1.5826 -8.5327 -17.6932 -3.5289 -5.0221 -15.8600 -10.5123 -9.0943 -12.6078 14.1140 -13.2378 15.9761 4.8488 -5.7260 8.7411 -0.0000 -0.0000 0.0000 -28.9273 -19.2086 12.2430 33.1558 -43.4494 -13.5291 -0.0000 -0.0000 12.3327 13.6919 12.5475 3.0297 -7.1250 0.0000 -0.0000 -12.2280 42.5526 0.7506 -0.0000 -0.0000 0.0000 55.0646 -14.7957 -9.9413 -14.3434 23.2235 -2.9622 0.0000 -0.0000 -7.0248 -28.6963 24.9413 -12.9981 7.1250 -0.0000 -0.0000 0.5161 -2.0491 0.4973
-1.9874 17.0787 0.2123 364.4590 4.5423 36.1964 0.0000 0.0000 0.0000 -18.8069 0.2703 -0.1681 0.0000 -0.0000 -0.0000 4.9632 21.9555 -52.8044 6.3009 14.7138 46.1779 0.0000 0.0000 0.0000 8.4410 22.6040 -52.5772 -1.7225 -8.2624 23.5139 -6.4357 -23.8727 -58.4706 -4.9132 -13.2853 40.4461 4.3646 -5.8979 -8.6228 -1.1181 -8.3636 -17.3681 -3.1689 -4.9116 -15.4199 -11.5990 -9.9548 -12.9415 13.8543 -14.1584 16.1554 4.7757 -6.2217 9.0484 0.0000 0.0000 0.0000 -37.6422 -12.5582 16.0025 31.2572 -41.9469 -12.2414 -0.0000 -0.0000 11.3621 8.7061 13.9247 2.1104 -7.1250 0.0000 -0.0000 -16.9920 43.3906 0.6963 0.0000 0.0000 0.0000 61.0378 -12.4586 -13.0466 -12.5985 20.6962 -2.3095 0.0000 -0.0000 -1.2329 -26.5783 25.1412 -11.9995 7.1250 -0.0000 -0.0000 1.8259 -2.3030 1.7519
-1.9840 17.0760 0.2402 364.0790 5.0527 36.4536 0.0000 0.0000 0.0000 -18.1748 0.1459 -0.4076 0.0000 0.0000 0.0000 5.1420 20.7410 -52.6279 6.4882 14.8853 46.9110 0.0000 0.0000 0.0000 9.0798 22.4381 -52.5929 -1.6784 -8.1615 23.2056 -6.3857 -23.9767 -58.3869 -4.9236 -13.2972 40.4916 5.4173 -5.8815 -8.0018 -0.6747 -8.2696 -17.0664 -3.1884 -4.9505 -15.5075 -11.4468 -10.8063 -13.3202 12.6160 -15.0891 16.3085 4.1568 -6.7323 9.1745 -0.0000 -0.0000 0.0000 -46.1151 -7.4931 16.4149 28.0493 -39.1616 -10.1548 -0.0000 -0.0000 15.1662 5.7963 14.6597 1.4716 -7.1250 0.0000 -0.0000 -19.7752 43.7788 0.6217 -0.0000 -0.0000 0.0000 66.7025 -9.8141 -18.8944 -10.3385 17.2673 -1.5739 0.0000 0.0000 9.2443 -25.0375 25.9102 -11.5360 7.1250 -0.0000 -0.0000 2.8615 -1.8113 2.7731
-1.9868 17.0673 0.2668 364.4170 4.5687 36.9610 0.0000 0.0000 0.0000 -18.8275 0.2907 -0.9645 0.0000 0.0000 0.0000 5.5750 20.1059 -53.6719 6.4054 14.8100 46.5877 0.0000 0.0000 0.0000 8.2834 22.6706 -53.3118 -1.7208 -8.2586 23.5024 -6.3033 -24.0140 -58.1719 -4.9517 -13.3292 40.6135 5.1353 -5.8679 -7.4691 -0.4638 -8.2091 -16.7817 -2.7725 -4.8467 -15.3489 -11.6087 -11.3475 -14.2886 12.2404 -15.6039 16.1777 3.9207 -6.9710 9.3509 0.0000 0.0000 0.0000 -53.9136 -3.4047 16.4072 24.7507 -35.9480 -8.1431 -0.0000 -0.0000 17.7377 3.0300 16.9303 0.8831 -7.1250 0.0000 -0.0000 -23.0568 45.5744 -0.3454 0.0000 0.0000 0.0000 71.6504 -7.6242 -19.5494 -8.9979 15.1571 -1.1996 0.0000 0.0000 14.1316 -22.8779 22.4771 -9.1641 7.1250 -0.0000 -0.0000 3.7809 -5.8408 3.3840
-1.9889 17.0605 0.2954 364.5780 4.4277 37.4021 0.0000 0.0000 0.0000 -19.1583 0.2911 -1.3818 0.0000 0.0000 0.0000 5.6053 19.4100 -53.3709 6.5734 14.9619 47.2418 0.0000 0.0000 0.0000 7.8681 22.7442 -53.9790 -1.7772 -8.3858 23.8922 -6.3840 -23.5767 -58.1535 -5.1150 -13.5121 41.3171 5.2067 -5.9210 -6.9243 -0.1830 -8.2304 -16.5139 -2.4555 -4.8264 -15.2930 -11.3649 -11.6698 -14.9858 11.5645 -15.8639 16.0888 3.5766 -7.1088 9.3930 0.0000 0.0000 0.0000 -61.0042 0.4761 15.7867 21.5728 -32.4908 -6.3548 -0.0000 -0.0000 19.8861 1.9707 17.5356 0.5940 -7.1250 0.0000 -0.0000 -24.2418 45.9979 -0.6343 0.0000 0.0000 0.0000 76.0444 -5.0940 -23.2625 -7.7019 13.0685 -0.8835 0.0000 0.0000 21.1855 -20.0018 20.6669 -7.3207 7.1250 -0.0000 -0.0000 5.4417 -8.1890 4.6326
-1.9708 17.0614 0.3380 363.7860 5.1974 37.4817 0.0000 0.0000 0.0000 -18.1573 0.2873 -1.3489 0.0000 -0.0000 -0.0000 6.3897 16.8148 -54.5709 6.6613 15.0400 47.5815 0.0000 0.0000 0.0000 9.0541 22.6025 -53.8543 -1.7782 -8.3878 23.8984 -6.1375 -24.1764 -57.7889 -5.0702 -13.4624 41.1251 6.8431 -5.9922 -5.9623 0.2183 -8.2088 -16.0916 -2.7890 -4.9757 -15.5909 -11.3790 -11.9213 -15.3913 11.9737 -16.1825 15.4774 3.6441 -7.2136 9.3358 -0.0000 -0.0000 0.0000 -67.3126 2.6398 13.0424 18.3086 -28.5505 -4.6958 -0.0000 -0.0000 22.5679 0.5514 16.9436 0.1607 -7.1250 0.0000 -0.0000 -25.2204 45.2867 -0.1908 -0.0000 -0.0000 0.0000 80.1513 -3.3025 -22.9148 -7.2072 12.2598 -0.7750 0.0000 0.0000 22.8484 -15.7413 19.5534 -5.3891 7.1250 -0.0000 -0.0000 8.1178 -9.8860 6.6727
-1.9744 17.0517 0.3797 363.4600 5.0684 37.8656 0.0000 0.0000 0.0000 -17.9896 0.6070 -1.7804 0.0000 -0.0000 -0.0000 5.7743 19.0558 -53.7271 6.5996 14.9852 47.3432 0.0000 0.0000 0.0000 9.1847 22.9746 -54.1707 -1.7638 -8.3558 23.8001 -5.9882 -24.8336 -57.7519 -5.0190 -13.4052 40.9049 7.1149 -5.9414 -5.3603 0.5282 -8.0604 -15.5499 -2.5851 -4.8811 -15.2327 -11.1732 -12.3273 -15.9342 12.2269 -16.6349 14.2646 3.5997 -7.3933 9.0795 0.0000 0.0000 0.0000 -73.2981 3.8899 11.3759 15.9693 -25.4790 -3.6328 -0.0000 -0.0000 23.3429 0.3825 17.4489 0.1147 -7.1250 0.0000 -0.0000 -25.5884 45.7224 -0.4885 0.0000 0.0000 0.0000 83.8959 -0.5121 -21.9232 -6.8511 11.6739 -0.7012 0.0000 0.0000 23.0029 -12.9447 17.4046 -3.9331 7.1250 -0.0000 -0.0000 9.8905 -12.3469 7.6646
-1.9842 17.0316 0.4341 362.9820 4.7995 38.2002 0.0000 0.0000 0.0000 -17.7594 1.1634 -2.1637 0.0000 -0.0000 -0.0000 6.1076 16.8433 -53.6532 6.9950 15.3277 48.8556 0.0000 0.0000 0.0000 9.4140 23.5744 -54.3678 -1.7652 -8.3589 23.8096 -6.0676 -24.6340 -57.8598 -4.9837 -13.3654 40.7523 7.3459 -5.8864 -4.5741 0.9436 -7.8789 -15.3942 -2.1865 -4.7730 -15.4669 -11.1693 -12.4450 -15.4351 12.3341 -16.7004 12.9725 3.6598 -7.4703 8.5728 0.0000 -0.0000 0.0000 -78.6366 6.0042 11.1604 14.2994 -23.1610 -2.9448 -0.0000 -0.0000 23.9065 -1.5852 17.7019 -0.4821 -7.1250 0.0000 -0.0000 -27.4033 45.7053 -0.5162 0.0000 -0.0000 0.0000 86.9635 0.4491 -13.5780 -6.9840 11.8929 -0.7283 0.0000 0.0000 17.2454 -10.1174 15.7342 -2.7703 7.1250 -0.0000 -0.0000 11.7717 -14.2426 8.7028
-1.9750 17.0178 0.4931 362.2960 5.1697 38.7879 0.0000 0.0000 0.0000 -17.0935 1.2658 -2.6953 0.0000 -0.0000 -0.0000 6.4961 13.4920 -53.3708 7.3684 15.6344 50.2543 0.0000 0.0000 0.0000 10.0347 23.8330 -54.9454 -1.8042 -8.4458 24.0764 -6.1746 -24.3279 -57.9852 -5.0111 -13.3963 40.8708 8.5273 -5.8180 -3.9478 1.3276 -7.6512 -14.9889 -2.3707 -4.7593 -15.4736 -11.3325 -12.9095 -15.8936 13.0307 -17.1949 11.4095 3.8175 -7.6713 8.2763 0.0000 0.0000 0.0000 -82.9861 6.0253 11.8181 12.3957 -20.3954 -2.2383 -0.0000 -0.0000 25.1822 -2.6194 17.7535 -0.7992 -7.1250 0.0000 -0.0000 -28.3142 45.6225 -0.4736 0.0000 0.0000 0.0000 89.4125 1.1550 2.4548 -8.6201 14.5529 -1.1027 0.0000 0.0000 8.2006 -4.5877 12.5003 -0.9950 7.1250 -0.0000 -0.0000 15.6375 -17.6996 10.5444
-1.9762 16.9892 0.5553 362.5370 4.2002 38.5810 0.0000 0.0000 0.0000 -18.0606 2.1206 -2.3305 0.0000 -0.0000 -0.0000 6.0404 16.5215 -53.2648 6.6555 15.0348 47.5590 0.0000 0.0000 0.0000 9.3489 24.4205 -54.9369 -1.9189 -8.6950 24.8459 -6.3037 -23.8268 -58.0648 -4.9872 -13.3694 40.7675 7.7663 -5.7209 -2.2627 1.4028 -7.4053 -14.4276 -1.7807 -4.5019 -15.6231 -11.5754 -13.4042 -16.4608 13.6022 -17.6862 10.0107 3.9375 -7.8788 8.0522 -0.0000 -0.0000 0.0000 -86.6696 5.5603 16.6028 11.4034 -18.9039 -1.9046 -0.0000 -0.0000 24.2727 -3.9741 17.8728 -1.2214 -7.1250 0.0000 -0.0000 -29.5249 45.5586 -0.4467 -0.0000 -0.0000 0.0000 90.7667 1.6917 13.4691 -11.0782 18.4081 -1.8006 0.0000 0.0000 6.7503 4.6896 13.6659 1.1103 7.1250 -0.0000 -0.0000 21.6351 -16.7854 15.6304
-1.9666 16.9965 0.5889 361.7770 5.5361 40.1020 0.0000 0.0000 0.0000 -16.7791 1.1745 -3.9158 0.0000 -0.0000 -0.0000 5.8609 17.3051 -53.0664 6.8682 15.2199 48.3742 0.0000 0.0000 0.0000 10.2395 24.1321 -56.3240 -1.8469 -8.5396 24.3655 -6.3759 -23.8809 -58.3040 -4.8073 -13.1634 39.9834 9.6250 -5.6536 -2.2281 1.9919 -7.1309 -14.3812 -2.1352 -4.5513 -15.8102 -11.2548 -13.7570 -17.5700 13.6064 -17.9931 8.9866 3.7968 -7.9910 7.9064 -0.0000 -0.0000 0.0000 -89.8240 5.6486 24.3470 11.8339 -19.5550 -2.0463 -0.0000 -0.0000 24.0150 -5.4349 16.0762 -1.5092 -7.1250 0.0000 -0.0000 -29.9033 43.8124 0.9691 -0.0000 -0.0000 0.0000 91.1709 2.3700 23.6511 -13.6899 22.2897 -2.7094 0.0000 0.0000 2.5387 9.9392 17.1609 2.9597 7.1250 -0.0000 -0.0000 24.4205 -13.5155 19.9836
-1.9549 16.9710 0.6849 361.3930 5.4983 40.0220 0.0000 0.0000 0.0000 -16.5863 1.6810 -3.6128 0.0000 0.0000 0.0000 6.8056 11.0512 -53.4087 7.4621 15.7090 50.6012 0.0000 0.0000 0.0000 10.7535 24.3459 -55.8148 -1.8370 -8.5179 24.2985 -6.5553 -23.1417 -58.4034 -4.9307 -13.3053 40.5222 10.1124 -5.6345 -0.5433 2.6423 -6.7869 -14.4571 -1.5009 -4.3871 -16.9472 -12.2552 -13.9020 -17.5910 13.9045 -17.9082 8.2903 4.0566 -7.9777 7.7916 -0.0000 -0.0000 0.0000 -92.8553 6.7559 33.8010 13.1915 -21.5672 -2.5233 -0.0000 -0.0000 21.5554 -7.4515 15.3646 -1.9848 -7.1250 0.0000 -0.0000 -31.2304 42.9641 1.7568 -0.0000 -0.0000 0.0000 89.8558 1.1503 35.0052 -18.0025 28.1604 -4.5504 0.0000 -0.0000 -4.7868 8.2747 13.9973 2.0146 7.1250 -0.0000 -0.0000 23.8475 -16.4611 17.7352
-1.9346 16.9542 0.8354 361.1400 5.9437 40.9875 0.0000 0.0000 0.0000 -16.2622 1.3944 -4.3641 0.0000 0.0000 0.0000 6.9805 11.5112 -54.1907 7.2928 15.5736 49.9733 0.0000 0.0000 0.0000 10.9793 24.2602 -56.3409 -1.8229 -8.4870 24.2033 -6.6684 -22.6485 -58.4598 -4.8183 -13.1762 40.0318 11.3143 -5.3875 -1.0041 2.8518 -6.3808 -14.4603 -2.0127 -4.3341 -16.7882 -11.8016 -14.0439 -17.9424 13.7207 -18.0329 7.4743 3.9092 -8.0460 7.5337 0.0000 0.0000 0.0000 -93.7684 6.5587 46.5118 15.3253 -24.5973 -3.3602 -0.0000 -0.0000 17.5122 -7.4032 14.8011 -1.9012 -7.1250 0.0000 -0.0000 -30.9363 42.4806 2.1516 0.0000 0.0000 0.0000 88.9538 1.1456 43.0479 -21.8199 32.7728 -6.4881 0.0000 -0.0000 -9.0007 2.0683 13.9920 0.5003 7.1250 -0.0000 -0.0000 19.9120 -16.4543 14.3592
-1.9324 16.9562 0.9957 360.4940 6.7231 41.6714 0.0000 0.0000 0.0000 -15.3601 1.2090 -4.8906 0.0000 -0.0000 -0.0000 7.1840 12.2800 -55.1803 7.2002 15.4982 49.6275 0.0000 0.0000 0.0000 12.0718 24.2348 -56.1845 -1.7863 -8.4061 23.9544 -7.0023 -21.6128 -58.8812 -4.8047 -13.1604 39.9721 12.9049 -5.1617 -1.7232 3.1672 -6.0163 -14.5060 -2.6164 -4.3398 -16.5783 -11.5598 -14.1228 -18.4280 13.4644 -18.1287 7.6930 3.7491 -8.0747 7.6440 0.0000 0.0000 0.0000 -94.6822 6.4341 53.3954 17.6751 -27.7392 -4.3970 -0.0000 -0.0000 18.4378 -6.2222 12.6226 -1.3648 -7.1250 0.0000 -0.0000 -29.0645 40.6965 3.4183 0.0000 0.0000 0.0000 87.9894 1.2574 47.9726 -24.6697 35.8645 -8.0956 0.0000 -0.0000 -10.0322 -2.3667 14.5280 -0.5940 7.1250 -0.0000 -0.0000 16.9675 -15.8307 12.2514
-1.9598 16.9604 1.1401 360.7450 6.4242 42.1983 0.0000 0.0000 0.0000 -15.9554 1.2579 -5.2785 0.0000 0.0000 0.0000 7.4456 12.1299 -55.9864 7.4637 15.7102 50.6069 0.0000 0.0000 0.0000 11.7596 24.4285 -56.2232 -1.8011 -8.4389 24.0554 -7.2563 -21.1041 -59.3607 -4.6757 -13.0090 39.4021 12.5002 -5.1870 -2.1609 3.3832 -6.1140 -14.6766 -2.1771 -4.3215 -16.4258 -11.5989 -14.0429 -18.6654 13.8984 -18.1001 7.9887 3.8787 -8.0067 7.8315 -0.0000 -0.0000 0.0000 -95.5425 5.9377 56.5140 20.3300 -31.0378 -5.7005 -0.0000 -0.0000 15.7721 -4.6675 12.6450 -1.0239 -7.1250 0.0000 -0.0000 -27.8233 40.8685 3.1116 -0.0000 -0.0000 0.0000 87.2199 1.6687 50.3109 -26.3314 37.5341 -9.0888 0.0000 -0.0000 -9.7111 -3.7899 16.7190 -1.0917 7.1250 -0.0000 -0.0000 15.8962 -13.6664 12.1781
-1.9716 16.9757 1.2991 360.8120 6.3100 41.5270 0.0000 0.0000 0.0000 -16.4409 1.6471 -4.2738 0.0000 -0.0000 -0.0000 7.1786 11.7820 -54.9658 7.8617 16.0166 52.0631 0.0000 0.0000 0.0000 12.2929 24.2874 -54.7578 -1.8026 -8.4423 24.0658 -7.3440 -21.3159 -59.7177 -4.4987 -12.7960 38.6096 12.7441 -5.2419 -2.0285 3.2576 -6.1574 -14.8519 -2.3967 -4.4023 -16.8206 -11.7943 -14.0681 -17.8354 14.0099 -18.3296 8.9567 3.9256 -8.1194 8.0773 -0.0000 0.0000 0.0000 -95.4839 5.8534 58.2204 22.7866 -33.8546 -7.0190 -0.0000 -0.0000 12.7946 -2.9704 12.8560 -0.6615 -7.1250 0.0000 -0.0000 -26.5242 41.2226 2.6860 -0.0000 0.0000 0.0000 86.7566 1.1169 51.1719 -27.2963 38.4603 -9.6829 0.0000 -0.0000 -10.8369 -4.3933 17.0228 -1.2885 7.1250 -0.0000 -0.0000 15.4899 -13.3421 11.9518
-2.0035 16.9986 1.4690 361.1510 4.8403 41.3574 0.0000 0.0000 0.0000 -18.2498 2.6133 -4.1416 0.0000 -0.0000 -0.0000 5.4600 20.3982 -53.4681 7.4861 15.7280 50.6899 0.0000 0.0000 0.0000 11.6145 25.1113 -53.7186 -1.8012 -8.4390 24.0557 -6.9424 -22.7922 -59.3238 -4.0618 -12.2422 36.5943 11.6479 -4.8308 -3.5018 2.8010 -5.9382 -14.6750 -2.5730 -4.1744 -15.4464 -11.1177 -14.1084 -17.6704 13.2749 -18.5996 10.2109 3.5370 -8.2505 8.3530 0.0000 0.0000 0.0000 -94.5403 4.3659 58.9387 24.8425 -36.0426 -8.1971 -0.0000 -0.0000 9.2748 -2.4457 12.8846 -0.5457 -7.1250 0.0000 -0.0000 -26.1048 41.2996 2.5822 0.0000 0.0000 0.0000 86.9094 2.2941 50.7039 -25.9211 37.1307 -8.8400 0.0000 -0.0000 -12.9306 -4.0766 16.4656 -1.1573 7.1250 -0.0000 -0.0000 15.7238 -13.8961 11.9553
-2.0312 16.9872 1.6401 361.3070 3.5660 39.8967 0.0000 0.0000 0.0000 -19.8250 4.0835 -2.4403 0.0000 -0.0000 -0.0000 5.4055 21.1549 -53.7438 7.3768 15.6412 50.2856 0.0000 0.0000 0.0000 11.9283 25.7325 -51.1493 -1.7829 -8.3985 23.9312 -6.4101 -24.1711 -58.5683 -3.8085 -11.9011 35.3829 10.7393 -4.7966 -3.4325 2.6862 -5.9242 -14.9445 -2.1930 -4.0794 -15.6888 -11.5688 -13.8430 -16.4439 12.2728 -18.3553 12.4832 3.3543 -8.2274 8.8093 -0.0000 -0.0000 0.0000 -94.0880 3.9342 56.5685 26.1616 -37.3678 -8.9855 -0.0000 -0.0000 7.1796 -1.9008 12.4107 -0.4086 -7.1250 0.0000 -0.0000 -25.4806 40.9246 2.7662 -0.0000 -0.0000 0.0000 86.3310 1.6029 50.4919 -24.5454 35.7358 -8.0229 0.0000 -0.0000 -15.3854 -3.8073 14.5267 -0.9563 7.1250 -0.0000 -0.0000 16.0169 -15.7762 11.5239
-2.0663 17.0265 1.8494 361.7080 2.4204 39.2997 0.0000 0.0000 0.0000 -21.5427 5.0265 -1.6557 0.0000 -0.0000 -0.0000 4.5043 24.7078 -53.1865 7.4458 15.6961 50.5410 0.0000 0.0000 0.0000 11.4015 26.2210 -50.0793 -1.9396 -8.7392 24.9829 -7.4597 -21.6261 -60.2001 -4.3175 -12.5713 37.7843 10.0360 -4.4380 -5.3746 2.1542 -5.7534 -15.0026 -2.6363 -3.9481 -14.4561 -11.3619 -13.6956 -15.1837 11.2203 -18.3539 14.3389 3.0292 -8.3189 9.0861 0.0000 -0.0000 0.0000 -92.5875 2.3288 55.1544 26.1372 -37.3439 -8.9708 -0.0000 -0.0000 5.1224 -0.5417 12.4158 -0.1165 -7.1250 0.0000 -0.0000 -24.3626 41.0581 2.5400 0.0000 -0.0000 0.0000 86.3184 1.4117 48.2663 -22.8286 33.9009 -7.0425 0.0000 -0.0000 -16.0059 -2.7003 13.4151 -0.6269 7.1250 -0.0000 -0.0000 16.8336 -16.8847 11.7403
-2.0827 17.0321 2.0736 361.1850 1.8656 38.1039 0.0000 0.0000 0.0000 -22.0198 5.4473 -3.2401 0.0959 1.9971 5.4978 2.5106 28.3032 -49.5717 7.1329 15.4428 49.3753 0.0000 0.0000 0.0000 12.6835 26.7589 -47.7197 -1.9926 -8.8507 25.3294 -7.3648 -22.7090 -60.4713 -3.9933 -12.1514 36.2698 10.5030 -4.1381 -6.7318 2.1642 -5.4930 -15.0572 -3.0250 -3.8682 -13.7230 -11.5441 -13.4147 -13.5705 10.0808 -18.0438 15.9179 2.8099 -8.3231 9.2024 -0.0000 0.0000 0.0000 -91.7226 1.4044 51.5855 25.6542 -36.8652 -8.6794 -0.0000 -0.0000 5.8992 -0.6677 12.8306 -0.1483 -7.1250 0.0000 -0.0000 -24.6169 41.4235 2.3310 -0.0000 0.0000 0.0000 85.7473 1.0236 45.8735 -20.7826 31.5737 -5.9357 0.0000 -0.0000 -14.7074 -2.0062 13.1272 -0.4558 7.1250 -0.0000 -0.0000 17.3198 -17.1814 11.9947
-2.1277 17.0448 2.2395 361.9710 0.3594 36.9073 0.0000 0.0000 0.0000 -24.0175 5.8817 -5.3989 0.3848 3.9836 11.0304 1.9353 28.6419 -47.8954 7.0887 15.4061 49.2088 0.0000 0.0000 0.0000 12.1269 27.2662 -45.9132 -2.1010 -9.0733 26.0248 -7.4064 -22.7244 -60.5951 -3.9906 -12.1479 36.2573 9.0345 -4.0296 -7.5807 1.7830 -5.4872 -14.9398 -2.7588 -3.7030 -12.8670 -11.8007 -13.1411 -12.5008 9.5138 -17.7485 17.1517 2.7563 -8.2754 9.3700 0.0000 0.0000 0.0000 -90.5435 -0.0697 46.9513 25.2070 -36.4148 -8.4125 -0.0000 -0.0000 5.4856 -0.3326 14.4313 -0.0829 -7.1250 0.0000 -0.0000 -24.9417 42.9114 1.3788 0.0000 0.0000 0.0000 84.8511 0.7112 43.9524 -19.4510 29.9753 -5.2543 0.0000 -0.0000 -14.2875 -1.4942 12.5473 -0.3247 7.1250 -0.0000 -0.0000 17.7136 -17.7485 12.0628
-2.1739 17.0287 2.4232 362.2250 -0.6096 36.1261 0.0000 0.0000 0.0000 -25.1317 6.8327 -7.6555 0.7838 5.6522 15.7784 0.3427 31.2337 -44.8905 6.8585 15.2116 48.3373 0.0000 0.0000 0.0000 12.0468 28.0536 -44.3430 -2.1739 -9.2193 26.4837 -7.6965 -22.3789 -61.2291 -4.0535 -12.2313 36.5550 8.4203 -3.7898 -8.5833 1.5597 -5.2713 -15.0334 -2.7703 -3.5388 -12.2867 -11.8041 -13.1197 -11.4275 8.7055 -17.7489 17.9286 2.5458 -8.3833 9.3638 -0.0000 0.0000 0.0000 -89.4926 -0.3257 41.5895 24.9696 -36.1729 -8.2720 -0.0000 -0.0000 6.1261 0.4738 15.3237 0.1252 -7.1250 0.0000 -0.0000 -24.6115 43.8089 0.7732 -0.0000 0.0000 0.0000 84.0764 0.3811 41.6082 -17.1434 27.0464 -4.1523 0.0000 -0.0000 -13.8302 -3.1965 12.9971 -0.7196 7.1250 -0.0000 -0.0000 16.5358 -17.2692 11.3675
-2.2094 17.0031 2.6083 361.1570 -0.7252 34.9061 0.0000 0.0000 0.0000 -24.3160 8.7741 -10.2866 1.4016 7.4889 21.1722 2.1054 26.3357 -46.2441 7.3331 15.6061 50.1233 0.0000 0.0000 0.0000 15.8834 25.4625 -42.3580 -2.1480 -9.1678 26.3218 -6.0888 -23.7959 -57.4225 -3.2306 -11.0593 32.4802 9.4927 -3.6218 -9.6602 1.8430 -5.1748 -14.4991 -3.1773 -3.5403 -11.1105 -11.7648 -12.8765 -10.6586 8.2678 -17.4161 18.0378 2.4993 -8.2967 9.1797 -0.0000 -0.0000 0.0000 -88.2835 -0.9739 36.2581 24.8620 -36.0626 -8.2085 -0.0000 -0.0000 5.2341 2.9612 15.9286 0.8133 -7.1250 0.0000 -0.0000 -22.7118 44.6440 0.2108 -0.0000 -0.0000 0.0000 82.7697 -0.0688 39.9457 -16.0178 25.5447 -3.6536 0.0000 -0.0000 -13.3634 -4.6791 15.6983 -1.2687 7.1250 -0.0000 -0.0000 15.3715 -14.6066 11.4242
-2.2877 16.9669 2.7611 361.3710 -2.5392 34.4789 0.0000 0.0000 0.0000 -25.6276 10.5383 -14.1819 2.1459 9.1635 26.3081 1.6510 26.0801 -44.2096 7.2505 15.5393 49.8155 0.0000 0.0000 0.0000 15.3756 26.8684 -41.3723 -2.2378 -9.3448 26.8800 -6.1938 -24.0620 -57.8842 -3.2924 -11.1540 32.8009 8.1049 -3.3553 -10.5764 1.6157 -4.8897 -14.2554 -2.7793 -3.2388 -10.0791 -10.8973 -12.6717 -11.1329 7.2740 -17.1146 19.0169 2.0542 -8.1651 9.3935 0.0000 -0.0000 0.0000 -86.6186 -1.0977 31.6307 25.1875 -36.3950 -8.4009 -0.0000 -0.0000 3.1450 5.9960 16.1211 1.6705 -7.1250 0.0000 -0.0000 -20.1288 45.1777 -0.0921 0.0000 -0.0000 0.0000 82.1274 -0.0331 36.7855 -14.2724 23.1229 -2.9343 0.0000 -0.0000 -12.2071 -4.4174 17.6847 -1.3443 7.1250 -0.0000 -0.0000 15.4438 -12.7019 12.1292
-2.3215 16.9387 2.9122 360.5940 -1.9295 33.4674 0.0000 0.0000 0.0000 -24.4617 11.7070 -17.7285 3.1907 10.9976 32.2717 1.6145 24.2245 -42.1628 7.1895 15.4894 49.5875 0.0000 0.0000 0.0000 18.7504 23.6163 -40.1264 -2.2885 -9.4428 27.1906 -5.1362 -24.0307 -54.7057 -2.8696 -10.4809 30.5484 9.3055 -3.3274 -10.6628 1.7878 -4.9000 -14.1616 -3.2536 -3.3470 -10.0646 -10.8307 -12.3834 -10.7820 6.6427 -16.6953 19.8255 1.9094 -8.0319 9.5055 -0.0000 0.0000 0.0000 -85.5533 0.0804 27.6534 25.5539 -36.7648 -8.6193 -0.0000 0.0000 -0.6688 7.1190 17.1164 2.1051 -7.1250 0.0000 -0.0000 -19.5092 46.2530 -0.6269 -0.0000 0.0000 0.0000 81.6927 -0.0366 30.9512 -11.7893 19.4879 -2.0314 0.0000 -0.0000 -8.0314 -4.7217 20.0416 -1.6214 7.1250 -0.0000 -0.0000 15.1635 -10.4066 12.6377
-2.3768 16.8897 3.1020 359.4620 -2.6436 31.7963 0.0000 0.0000 0.0000 -23.4561 14.6554 -21.0464 4.4012 12.6760 38.1675 -1.1718 28.4700 -33.5512 6.5240 14.9176 47.0501 0.0000 0.0000 0.0000 22.1033 20.9021 -38.3193 -2.4248 -9.6999 28.0102 -4.2431 -23.2524 -51.2933 -2.3073 -9.4787 27.3046 10.0136 -2.9929 -10.1760 1.8792 -4.4335 -13.7637 -3.5344 -3.1519 -9.8847 -10.9630 -12.1526 -9.9231 6.5267 -16.4149 19.8188 1.9875 -7.9539 9.3223 -0.0000 -0.0000 0.0000 -84.4423 1.4079 24.3551 25.5240 -36.7348 -8.6014 -0.0000 0.0000 -4.2295 7.7924 17.9478 2.4147 -7.1250 0.0000 -0.0000 -19.2290 47.1264 -1.0463 -0.0000 -0.0000 0.0000 81.2817 -0.0193 23.2008 -9.1817 15.4496 -1.2481 0.0000 -0.0000 -2.1066 -6.0448 17.1757 -1.7911 7.1250 -0.0000 -0.0000 14.4120 -13.0991 11.1366
-2.4523 16.8359 3.2287 358.9080 -2.8723 31.8260 0.0000 0.0000 0.0000 -22.9354 15.3194 -26.8388 6.0691 14.4950 45.2585 -2.7549 29.9400 -24.0239 5.3857 13.8055 42.4637 0.0000 0.0000 0.0000 23.1908 20.8472 -38.0149 -2.5136 -9.8626 28.5330 -4.2211 -22.9839 -51.0270 -2.2436 -9.3561 26.9158 10.0532 -2.8457 -10.9309 1.9573 -4.3317 -13.6242 -3.5376 -3.0751 -9.2712 -10.2820 -11.7660 -9.7258 6.1728 -15.9311 19.8090 1.8615 -7.7239 9.1445 -0.0000 0.0000 0.0000 -83.6555 2.8071 20.3856 25.6446 -36.8556 -8.6736 -0.0000 0.0000 -5.5854 8.2580 18.0642 2.5768 -7.1250 0.0000 -0.0000 -18.8533 47.2985 -1.1070 -0.0000 0.0000 0.0000 81.2823 0.7015 9.5187 -6.6344 11.3160 -0.6580 0.0000 0.0000 9.3442 -7.4580 17.2886 -2.2279 7.1250 -0.0000 -0.0000 13.4884 -12.8979 10.4372
-2.4923 16.8167 3.3756 358.1510 -2.4115 30.7919 0.0000 0.0000 0.0000 -21.4705 15.6546 -31.2635 7.7836 15.9578 51.7796 -3.1438 29.7245 -8.0735 1.8104 8.4594 24.1184 0.0000 0.0000 0.0000 25.7422 17.9179 -37.3478 -2.5816 -9.9848 28.9274 -2.5191 -25.6130 -47.1186 -1.1635 -6.8477 19.2648 10.7262 -2.7781 -10.2983 2.0967 -4.1728 -13.7099 -3.6994 -3.0675 -9.7826 -10.8487 -11.4415 -7.9652 6.3708 -15.5917 19.5654 2.1674 -7.6470 8.7790 0.0000 0.0000 0.0000 -83.2336 5.1280 17.9745 25.1837 -36.3911 -8.3986 -0.0000 0.0000 -7.7619 10.5705 14.8493 2.7380 -7.1250 0.0000 -0.0000 -15.6360 44.4908 0.2016 0.0000 0.0000 0.0000 80.6222 -0.3657 -3.5380 -5.0149 8.6095 -0.3777 0.0000 0.0000 19.5061 -8.8463 17.4138 -2.6668 7.1250 -0.0000 -0.0000 12.5794 -12.6766 9.7558
-2.5586 16.7669 3.4793 357.9700 -2.3806 30.3750 0.0000 0.0000 0.0000 -20.4868 13.9506 -36.4497 9.6073 17.1830 58.1676 -1.8404 23.2702 -6.6133 0.2194 3.0154 8.3217 0.0000 0.0000 0.0000 26.6342 17.1556 -36.7439 -2.6789 -10.1561 29.4837 -3.2197 -23.3284 -47.7504 -1.4837 -7.6958 21.7939 10.4351 -2.6704 -10.3725 1.8670 -4.0716 -13.0301 -3.8442 -2.9402 -8.9052 -9.6475 -11.6941 -9.4702 5.8152 -15.8779 19.7570 1.6806 -7.6984 8.9876 -0.0000 0.0000 0.0000 -82.9319 5.8408 14.7636 24.5817 -35.7733 -8.0441 -0.0000 0.0000 -7.5843 9.0163 16.3295 2.5545 -7.1250 0.0000 -0.0000 -17.5180 45.7388 -0.3296 -0.0000 0.0000 0.0000 80.6914 1.2861 -6.0955 -2.9373 5.0720 -0.1301 0.0000 0.0000 19.2609 -11.8467 16.0291 -3.3149 7.1250 -0.0000 -0.0000 10.6159 -13.8188 7.9127
-2.6248 16.7170 3.5754 358.0650 -2.1540 30.2028 0.0000 0.0000 0.0000 -19.0873 10.1477 -41.6984 11.1753 18.0198 63.3494 -0.9337 17.1825 -10.2904 0.0009 -0.1928 -0.5298 0.0000 0.0000 0.0000 26.9719 16.8646 -36.9101 -2.8584 -10.4622 30.4867 -3.0019 -24.0300 -47.5238 -1.1879 -6.9166 19.4686 9.5100 -2.7591 -10.1562 1.8747 -4.1164 -13.0713 -3.3185 -2.8791 -8.9687 -10.3172 -11.7911 -8.2494 6.7946 -16.1782 19.0407 2.1406 -7.8417 8.6949 -0.0000 0.0000 0.0000 -83.3506 8.1059 12.0249 23.7384 -34.8864 -7.5564 -0.0000 0.0000 -6.8080 8.4367 17.8217 2.5991 -7.1250 0.0000 -0.0000 -18.5957 47.0915 -0.9929 -0.0000 0.0000 0.0000 80.3650 -0.0024 -8.3743 -2.5249 4.3635 -0.0962 0.0000 0.0000 19.6615 -12.1568 14.7170 -3.1325 7.1250 -0.0000 -0.0000 10.4196 -15.1078 7.4702
-2.6571 16.6722 3.6839 357.8910 -1.7470 29.2244 0.0000 0.0000 0.0000 -16.8807 5.3589 -45.5429 12.0480 18.4109 66.1409 -0.0995 12.4690 -16.3810 0.0927 -1.9637 -5.4053 0.0000 0.0000 0.0000 27.9393 15.4678 -36.2035 -3.0401 -10.7596 31.4734 -3.5723 -22.1927 -48.1571 -1.3516 -7.3597 20.7856 9.1781 -2.9177 -9.4130 1.8087 -4.2760 -12.1347 -3.2190 -2.8709 -8.2929 -9.6736 -12.1568 -9.2316 7.2136 -16.7239 18.3660 2.0604 -7.9910 8.6708 0.0000 0.0000 0.0000 -83.6955 8.8449 9.6768 21.7063 -32.6435 -6.4267 -0.0000 0.0000 -6.1271 8.9473 17.0989 2.6504 -7.1250 0.0000 -0.0000 -17.8590 46.4677 -0.6678 0.0000 0.0000 0.0000 80.3828 -0.0669 -10.7748 -2.5352 4.3811 -0.0970 0.0000 0.0000 21.2354 -11.5190 14.3178 -2.8852 7.1250 -0.0000 -0.0000 10.8569 -15.5529 7.6895
-2.6815 16.6110 3.7974 357.5690 -1.8094 28.4718 0.0000 0.0000 0.0000 -14.3486 0.4185 -49.5532 12.2346 18.4881 66.7306 0.4013 10.9847 -20.5187 1.1264 -6.7413 -18.9511 0.0000 0.0000 0.0000 28.9632 13.9451 -35.9877 -3.2495 -11.0884 32.5785 -3.0900 -22.7467 -46.7938 -0.9111 -6.0823 17.0234 8.6532 -3.0329 -8.6215 1.8800 -4.3539 -11.4375 -2.8476 -2.8220 -7.8869 -9.5533 -12.2909 -9.2389 8.1770 -17.0235 17.2579 2.3312 -8.0572 8.4045 0.0000 0.0000 0.0000 -84.4299 10.0004 6.7756 19.7747 -30.3699 -5.4170 -0.0000 0.0000 -3.8803 8.0948 18.2980 2.5568 -7.1250 0.0000 -0.0000 -19.0950 47.4986 -1.2196 0.0000 0.0000 0.0000 80.6064 -0.4902 -12.7590 -2.9714 5.1305 -0.1332 0.0000 0.0000 22.9757 -9.8330 14.6078 -2.5029 7.1250 -0.0000 -0.0000 11.9884 -15.3775 8.5726
-2.6902 16.5580 3.9337 357.5850 -2.6786 27.9778 0.0000 0.0000 0.0000 -12.1146 -4.2977 -53.4322 11.5801 18.2075 64.6515 0.7696 9.9462 -23.0074 1.8053 -8.4482 -24.0838 0.0000 0.0000 0.0000 29.0782 13.3018 -35.7140 -3.5155 -11.4861 33.9375 -3.4033 -21.4545 -46.9636 -0.8950 -6.0298 16.8710 7.6083 -3.0788 -7.3441 1.7958 -4.2782 -11.1911 -2.2967 -2.7030 -8.2164 -9.2747 -12.2804 -9.4922 8.9547 -17.1328 16.6374 2.5202 -8.0293 8.3006 -0.0000 0.0000 0.0000 -85.3118 11.1937 1.5073 17.0432 -26.9147 -4.1069 -0.0000 -0.0000 0.8250 5.2258 18.1779 1.6344 -7.1250 0.0000 -0.0000 -21.6345 47.0050 -1.1213 -0.0000 0.0000 0.0000 81.0007 -1.9139 -14.3408 -4.1380 7.1240 -0.2577 0.0000 0.0000 24.4347 -6.8157 16.1789 -1.9074 7.1250 -0.0000 -0.0000 13.9452 -14.0227 10.4715
-2.6945 16.5593 4.1204 357.3750 -4.9376 27.7768 0.0000 0.0000 0.0000 -10.3024 -7.1065 -56.3310 9.8996 17.3530 59.1522 0.8571 9.3055 -23.2154 2.9730 -10.6513 -31.1126 0.0000 0.0000 0.0000 28.8659 13.7502 -34.4149 -3.5275 -11.5037 33.9980 -3.4577 -20.8025 -46.6771 -0.8301 -5.8125 16.2413 6.3715 -2.7936 -6.8499 1.6258 -3.8599 -10.7712 -1.8010 -2.3865 -7.8722 -9.1185 -12.1877 -9.5521 9.9474 -17.1493 15.8997 2.8206 -7.9614 8.1484 0.0000 -0.0000 0.0000 -86.1594 12.0957 -4.8038 14.6072 -23.5960 -3.0670 -0.0000 -0.0000 5.7276 3.7263 18.1718 1.1636 -7.1250 0.0000 -0.0000 -22.9696 46.8038 -1.0780 0.0000 -0.0000 0.0000 81.7148 -2.1612 -15.4345 -4.8267 8.2919 -0.3501 0.0000 0.0000 25.3428 -4.3951 17.5056 -1.3244 7.1250 -0.0000 -0.0000 15.4662 -12.8760 12.0896
-2.6992 16.6449 4.3505 357.9440 -8.1671 27.2342 0.0000 0.0000 0.0000 -9.8805 -8.7584 -57.6066 7.5687 15.7926 50.9937 1.0353 6.1902 -22.4054 3.5091 -11.4769 -33.9055 0.0000 0.0000 0.0000 27.8551 13.6456 -31.9028 -3.1584 -10.9472 32.1019 -2.0900 -23.4954 -43.4752 -0.2462 -3.1926 8.8154 4.1188 -2.3061 -6.4563 1.0613 -3.1887 -10.2399 -1.1680 -1.8868 -7.3070 -8.5068 -12.0565 -9.6203 10.6643 -17.1053 15.0466 2.9770 -7.8714 7.8886 0.0000 0.0000 0.0000 -86.8071 12.9315 -10.7892 12.7488 -20.9180 -2.3628 -0.0000 -0.0000 10.0548 2.4045 19.4731 0.8020 -7.1250 0.0000 -0.0000 -24.7395 47.8161 -1.8248 0.0000 0.0000 0.0000 82.7586 -2.6159 -6.6127 -6.3728 10.8825 -0.6077 0.0000 0.0000 14.4287 -2.4450 14.9879 -0.6327 7.1250 -0.0000 -0.0000 16.8820 -15.3876 12.3533
-2.6927 16.6750 4.6049 357.7220 -11.7797 26.6043 0.0000 0.0000 0.0000 -9.6416 -8.7983 -58.2569 5.6228 14.0526 43.4484 0.6733 4.9621 -18.0918 6.6743 -15.0514 -47.6315 0.0000 0.0000 0.0000 27.4349 14.2582 -28.7096 -2.8653 -10.4737 30.5249 -2.0622 -22.6602 -42.5765 -0.2348 -3.1186 8.6090 2.4617 -1.7212 -5.9867 0.7720 -2.3840 -9.9107 -0.5504 -1.3708 -7.0882 -7.9203 -11.6820 -9.1725 10.9774 -16.6933 14.4301 3.0852 -7.6614 7.5449 -0.0000 0.0000 0.0000 -87.5517 14.2429 -16.8364 11.3772 -18.8641 -1.8961 -0.0000 -0.0000 13.0358 1.5353 21.5860 0.5649 -7.1250 0.0000 -0.0000 -26.5870 49.5932 -3.2148 -0.0000 0.0000 0.0000 83.7816 -2.4742 -4.8295 -7.1844 12.2223 -0.7702 0.0000 0.0000 10.2902 -2.4304 14.8166 -0.6219 7.1250 -0.0000 -0.0000 16.9041 -15.5521 12.3080
-2.6463 16.6442 4.9024 357.3510 -14.7296 25.9871 0.0000 0.0000 0.0000 -9.4819 -8.8300 -59.4825 4.7787 13.1302 39.8577 0.3797 -0.5673 -11.4538 6.3873 -14.7935 -46.5171 0.0000 0.0000 0.0000 27.2772 12.8236 -27.3201 -2.8743 -10.4887 30.5744 -1.2926 -22.8461 -39.2713 -0.0012 -0.2237 0.6146 1.8146 -1.3260 -6.0329 0.4664 -1.8677 -9.4813 -0.5243 -1.0742 -6.5600 -7.2827 -11.2966 -9.8722 10.8446 -16.2888 15.1423 2.9551 -7.3979 7.7950 0.0000 0.0000 0.0000 -88.1546 14.8955 -23.3622 10.2708 -17.1621 -1.5539 -0.0000 -0.0000 16.2382 1.9818 22.8100 0.7685 -7.1250 0.0000 -0.0000 -26.8553 50.7534 -4.0600 0.0000 0.0000 0.0000 84.9293 -2.1714 -2.8806 -8.3182 14.0673 -1.0281 0.0000 0.0000 4.7834 -3.0501 14.6725 -0.7732 7.1250 -0.0000 -0.0000 16.5070 -15.6667 11.9493
-2.5875 16.4600 5.2144 356.3100 -16.9003 25.4877 0.0000 0.0000 0.0000 -9.6847 -8.1228 -61.6796 5.5091 13.9352 42.9783 0.1736 2.6613 -9.3175 3.4105 -11.3316 -33.4066 0.0000 0.0000 0.0000 27.5871 11.6879 -27.1727 -3.4247 -11.3527 33.4787 -1.7118 -20.6086 -39.0476 -0.0216 0.9491 -2.6087 2.0565 -1.1038 -6.5651 0.4382 -1.5950 -8.8431 -0.7140 -0.9430 -5.5703 -6.6118 -10.7182 -9.8676 10.9800 -15.6072 14.9979 2.9929 -7.0362 7.6392 -0.0000 -0.0000 0.0000 -88.9268 15.6708 -28.5320 10.2058 -17.0608 -1.5348 -0.0000 -0.0000 17.3834 1.8381 22.5579 0.7053 -7.1250 0.0000 -0.0000 -26.8444 50.5064 -3.8866 -0.0000 -0.0000 0.0000 85.9823 -0.8566 -4.7942 -8.7548 14.7688 -1.1368 0.0000 0.0000 3.7447 -3.9009 16.6450 -1.1190 7.1250 -0.0000 -0.0000 15.8283 -13.7321 12.0987
-2.5106 16.2445 5.5449 355.8830 -21.2161 22.8775 0.0000 0.0000 0.0000 -10.7494 -6.5375 -60.3891 6.9710 15.3074 48.7644 0.2747 5.7843 -13.7036 1.5108 -7.7626 -21.9953 0.0000 0.0000 0.0000 26.6242 10.9602 -24.7205 -4.0931 -12.2833 36.7416 -2.1596 -18.3127 -39.1361 -0.1662 2.6265 -7.2405 1.1325 -0.3097 -5.0025 0.0624 -0.4918 -7.5344 -0.5689 -0.3305 -5.0084 -6.2801 -10.5413 -10.7763 11.0491 -15.3877 14.9466 2.9473 -6.8740 7.7430 -0.0000 -0.0000 0.0000 -89.0859 15.4110 -31.1499 10.0037 -16.7453 -1.4760 -0.0000 -0.0000 16.6994 2.0104 22.3238 0.7639 -7.1250 0.0000 -0.0000 -26.5571 50.3244 -3.7145 -0.0000 -0.0000 0.0000 86.8091 0.2973 -2.0339 -10.0182 16.7681 -1.4802 0.0000 -0.0000 -1.0491 -4.7444 16.2077 -1.3271 7.1250 -0.0000 -0.0000 15.3020 -14.1109 11.5365
-2.4043 16.0872 5.9086 354.5320 -24.4215 20.9594 0.0000 0.0000 0.0000 -9.2798 -6.6052 -57.5908 8.0302 16.1414 52.6715 0.5303 7.3817 -18.3924 1.1279 -6.7456 -18.9639 0.0000 0.0000 0.0000 26.4613 8.7359 -22.0154 -4.4448 -12.7299 38.3655 -2.0053 -16.6085 -36.9254 -0.8397 5.8451 -16.3357 1.5974 0.1207 -3.2958 0.3688 0.1252 -6.6219 -0.5114 -0.0266 -4.9949 -6.2025 -9.8933 -11.3588 10.9994 -14.4782 15.0303 3.0113 -6.4163 7.7793 -0.0000 0.0000 0.0000 -90.2014 16.0808 -28.7293 10.8373 -18.0385 -1.7252 -0.0000 -0.0000 13.1948 2.5662 23.5079 1.0242 -7.1250 0.0000 -0.0000 -26.7193 51.4689 -4.5295 -0.0000 0.0000 0.0000 87.0756 1.2235 -1.7605 -11.1673 18.5443 -1.8288 0.0000 -0.0000 -2.5993 -3.9187 15.1241 -1.0239 7.1250 -0.0000 -0.0000 15.9048 -15.1962 11.6440
-2.3303 16.0146 6.2644 353.9410 -27.2405 19.9700 0.0000 0.0000 0.0000 -9.8240 -6.1067 -55.4208 8.5868 16.5343 54.6498 0.8125 8.7652 -22.3692 0.7958 -5.6942 -15.8998 0.0000 0.0000 0.0000 25.2411 7.7867 -20.3254 -4.7307 -13.0740 39.6460 -2.3732 -12.8211 -35.9198 -0.8236 5.7902 -16.1769 1.3471 0.6897 -3.5259 0.2285 0.8774 -5.5749 -0.5156 0.3751 -3.7496 -5.9649 -9.7116 -12.7207 11.4571 -14.3633 15.3981 3.0724 -6.2415 8.1548 0.0000 -0.0000 0.0000 -90.0438 14.9549 -26.1579 11.3546 -18.8298 -1.8888 -0.0000 -0.0000 11.5976 3.9263 23.0909 1.5419 -7.1250 0.0000 -0.0000 -25.2226 51.3167 -4.1478 0.0000 -0.0000 0.0000 87.5718 2.6773 -2.6653 -11.6193 19.2312 -1.9751 0.0000 -0.0000 -3.9755 -3.5904 16.0184 -0.9919 7.1250 -0.0000 -0.0000 16.0656 -14.3504 12.0755
-2.2795 16.0597 6.6177 353.6450 -29.4688 20.0108 0.0000 0.0000 0.0000 -10.5774 -6.0721 -53.6862 8.6332 16.5658 54.8128 0.9934 9.9550 -24.8965 0.6014 -4.9641 -13.8061 0.0000 0.0000 0.0000 23.5046 6.2776 -20.7137 -5.0609 -13.4521 41.0852 -1.8236 -10.3391 -31.0115 -1.4978 7.7305 -21.8986 0.6023 0.9453 -4.2905 0.3865 1.2180 -5.5636 0.0777 0.5779 -3.3203 -5.9200 -9.2495 -12.8099 11.4524 -13.7979 15.9210 3.1360 -5.9518 8.2878 -0.0000 -0.0000 0.0000 -90.2775 14.8705 -23.0923 12.2708 -20.2094 -2.1949 -0.0000 -0.0000 9.6634 4.3422 21.9507 1.6258 -7.1250 0.0000 -0.0000 -24.2199 50.3497 -3.3661 -0.0000 -0.0000 0.0000 87.5779 2.7696 -3.5675 -11.8179 19.5310 -2.0410 0.0000 -0.0000 -3.5714 -3.0972 16.0192 -0.8555 7.1250 -0.0000 -0.0000 16.3867 -14.3720 12.3307
-2.2102 16.1692 6.9553 352.7730 -30.2206 20.6076 0.0000 0.0000 0.0000 -10.4975 -6.9789 -51.5448 8.3543 16.3738 53.8291 1.1731 10.6238 -26.8330 0.3251 -3.6648 -10.1354 0.0000 0.0000 0.0000 22.3352 2.9667 -22.5459 -5.4839 -13.9089 42.8737 -1.4674 -4.8087 -25.0566 -1.4120 7.5155 -21.2518 0.2598 0.2102 -3.6835 1.7007 0.2764 -7.1783 1.6191 0.1451 -5.3762 -6.8395 -8.0812 -10.4260 10.6392 -12.0608 16.9442 3.3375 -5.3256 8.0281 -0.0000 0.0000 0.0000 -92.1638 17.2231 -21.4429 13.8028 -22.4522 -2.7524 -0.0000 -0.0000 6.9514 4.3533 20.5778 1.5327 -7.1250 0.0000 -0.0000 -23.5149 49.0983 -2.5026 -0.0000 0.0000 0.0000 87.1829 -0.4713 -6.3304 -13.0564 21.3698 -2.4738 0.0000 0.0000 0.4993 -0.3193 16.7452 -0.0920 7.1250 -0.0000 -0.0000 18.1271 -13.7897 14.0182
-2.1600 16.3339 7.2468 352.1000 -31.9285 21.2692 0.0000 0.0000 0.0000 -11.2974 -6.1267 -49.1389 7.6579 15.8618 51.3210 1.2778 11.1464 -28.0161 0.3194 -3.6328 -10.0458 0.0000 0.0000 0.0000 20.9445 0.8770 -25.4021 -6.0298 -14.4571 45.1011 -0.6180 -3.9292 -16.7977 -2.8048 10.3721 -30.1903 0.3819 0.6092 -5.0971 1.6388 0.7797 -6.9266 1.4931 0.3848 -4.3225 -6.2710 -7.8723 -11.4309 10.3125 -11.9000 18.1060 3.1210 -5.1753 8.5261 -0.0000 -0.0000 0.0000 -90.6538 15.2190 -18.4962 14.7712 -23.8264 -3.1329 -0.0000 -0.0000 5.2561 3.1349 19.5034 1.0475 -7.1250 0.0000 -0.0000 -24.1006 47.9440 -1.8520 -0.0000 -0.0000 0.0000 85.5163 -3.7638 9.4701 -15.6728 25.0750 -3.5061 0.0000 -0.0000 -15.1116 -3.7614 12.6372 -0.8240 7.1250 -0.0000 -0.0000 16.1849 -17.5962 10.9835
