HIERARCHY
ROOT Hips
{
	OFFSET 0.00000 0.00000 0.00000
	CHANNELS 6 Xposition Yposition Zposition Zrotation Yrotation Xrotation 
	JOINT LHipJoint
	{
		OFFSET 0 0 0
		CHANNELS 3 Zrotation Yrotation Xrotation
		JOINT LeftUpLeg
		{
			OFFSET 1.57338 -1.94743 0.52196
			CHANNELS 3 Zrotation Yrotation Xrotation
			JOINT LeftLeg
			{
				OFFSET 2.60333 -7.15259 0.00000
				CHANNELS 3 Zrotation Yrotation Xrotation
				JOINT LeftFoot
				{
					OFFSET 2.77855 -7.63400 0.00000
					CHANNELS 3 Zrotation Yrotation Xrotation
					JOINT LeftToeBase
					{
						OFFSET 0.19847 -0.54529 2.28466
						CHANNELS 3 Zrotation Yrotation Xrotation
						End Site
						{
							OFFSET 0.00000 -0.00000 1.17993
						}
					}
				}
			}
		}
	}
	JOINT RHipJoint
	{
		OFFSET 0 0 0
		CHANNELS 3 Zrotation Yrotation Xrotation
		JOINT RightUpLeg
		{
			OFFSET -1.61527 -1.94743 0.52196
			CHANNELS 3 Zrotation Yrotation Xrotation
			JOINT RightLeg
			{
				OFFSET -2.53829 -6.97390 0.00000
				CHANNELS 3 Zrotation Yrotation Xrotation
				JOINT RightFoot
				{
					OFFSET -2.80762 -7.71387 0.00000
					CHANNELS 3 Zrotation Yrotation Xrotation
					JOINT RightToeBase
					{
						OFFSET -0.30536 -0.83898 2.28801
						CHANNELS 3 Zrotation Yrotation Xrotation
						End Site
						{
							OFFSET -0.00000 -0.00000 1.21323
						}
					}
				}
			}
		}
	}
	JOINT LowerBack
	{
		OFFSET 0 0 0
		CHANNELS 3 Zrotation Yrotation Xrotation
		JOINT Spine
		{
			OFFSET -0.04381 1.99497 -0.19778
			CHANNELS 3 Zrotation Yrotation Xrotation
			JOINT Spine1
			{
				OFFSET -0.01959 2.01295 -0.04372
				CHANNELS 3 Zrotation Yrotation Xrotation
				JOINT Neck
				{
					OFFSET 0 0 0
					CHANNELS 3 Zrotation Yrotation Xrotation
					JOINT Neck1
					{
						OFFSET -0.05459 1.76913 0.09708
						CHANNELS 3 Zrotation Yrotation Xrotation
						JOINT Head
						{
							OFFSET 0.09461 1.77368 -0.11172
							CHANNELS 3 Zrotation Yrotation Xrotation
							End Site
							{
								OFFSET 0.03812 1.78157 -0.04834
							}
						}
					}
				}
				JOINT LeftShoulder
				{
					OFFSET 0 0 0
					CHANNELS 3 Zrotation Yrotation Xrotation
					JOINT LeftArm
					{
						OFFSET 3.50922 1.24034 -0.28866
						CHANNELS 3 Zrotation Yrotation Xrotation
						JOINT LeftForeArm
						{
							OFFSET 5.40188 -0.00000 0.00000
							CHANNELS 3 Zrotation Yrotation Xrotation
							JOINT LeftHand
							{
								OFFSET 3.68559 -0.00000 0.00000
								CHANNELS 3 Zrotation Yrotation Xrotation
								JOINT LeftFingerBase
								{
									OFFSET 0 0 0
									CHANNELS 3 Zrotation Yrotation Xrotation
									JOINT LeftHandIndex1
									{
										OFFSET 0.61753 -0.00000 0.00000
										CHANNELS 3 Zrotation Yrotation Xrotation
										End Site
										{
											OFFSET 0.49787 -0.00000 0.00000
										}
									}
								}
								JOINT LThumb
								{
									OFFSET 0 0 0
									CHANNELS 3 Zrotation Yrotation Xrotation
									End Site
									{
										OFFSET 0.50547 -0.00000 0.50547
									}
								}
							}
						}
					}
				}
				JOINT RightShoulder
				{
					OFFSET 0 0 0
					CHANNELS 3 Zrotation Yrotation Xrotation
					JOINT RightArm
					{
						OFFSET -2.95373 1.39649 -0.27346
						CHANNELS 3 Zrotation Yrotation Xrotation
						JOINT RightForeArm
						{
							OFFSET -6.10670 -0.00000 -0.00000
							CHANNELS 3 Zrotation Yrotation Xrotation
							JOINT RightHand
							{
								OFFSET -3.63052 -0.00000 0.00000
								CHANNELS 3 Zrotation Yrotation Xrotation
								JOINT RightFingerBase
								{
									OFFSET 0 0 0
									CHANNELS 3 Zrotation Yrotation Xrotation
									JOINT RightHandIndex1
									{
										OFFSET -0.58385 -0.00000 0.00000
										CHANNELS 3 Zrotation Yrotation Xrotation
										End Site
										{
											OFFSET -0.47071 -0.00000 0.00000
										}
									}
								}
								JOINT RThumb
								{
									OFFSET 0 0 0
									CHANNELS 3 Zrotation Yrotation Xrotation
									End Site
									{
										OFFSET -0.47790 -0.00000 0.47790
									}
								}
							}
						}
					}
				}
			}
		}
	}
}
MOTION
Frames: 400
Frame Time: 0.033333
7.8461 18.7915 5.0987 0 0 0 0 0 0 -21 0 0 0 0 0 0 0 0 0 0 0 0 0 0 21 0 0 0 0 0 0 0 0 0 0 0 0 0 0 0 0 0 0 0 0 0 0 -16 0 0 21 0 0 11 0 0 0 -8 0 0 0 0 0 0 0 0 0 0 0 0 0 0 0 0 0 0 0 0 8 0 0 0 0 0 0 0 0 0 0 0 0 0 0 0 0 0
7.8294 18.7925 5.0786 -2.4255 -81.1143 4.8352 0.0000 0.0000 0.0000 -19.2391 -6.6953 -5.4173 1.4649 7.6490 21.6529 0.7769 15.8694 -28.9062 0.1350 2.3678 6.5234 0.0000 0.0000 0.0000 22.4673 20.1027 -4.9146 -1.9039 -8.6629 24.7464 -0.4277 -13.6371 -23.7104 -0.0270 -1.0609 2.9163 0.4163 1.1114 5.4528 0.1920 1.4932 0.9792 -0.1422 0.7359 -2.0429 -3.8383 1.2551 -9.6458 4.5944 1.4676 15.4011 2.2087 0.8072 6.1858 0.0000 0.0000 0.0000 -88.4449 -0.0194 2.3666 8.1441 -13.7862 -0.9862 -0.0000 -0.0000 22.0483 22.3891 23.5634 9.3516 -7.1250 0.0000 -0.0000 -7.3208 55.0832 -1.8198 0.0000 0.0000 0.0000 82.4959 -7.6466 26.5426 -18.4399 28.7168 -4.7587 0.0000 0.0000 12.6917 -19.9912 3.6307 -1.3197 7.1250 -0.0000 -0.0000 5.0270 -26.1119 2.3098
7.8033 18.7945 5.0640 -2.8885 -81.2757 5.4494 0.0000 0.0000 0.0000 -19.1187 -6.6984 -5.4087 1.4487 7.6084 21.5308 0.7594 16.0242 -28.9476 0.1206 2.2389 6.1663 0.0000 0.0000 0.0000 22.6207 20.4051 -4.8052 -1.8867 -8.6260 24.6323 -0.4180 -13.7526 -23.7555 -0.0272 -1.0654 2.9287 0.6674 1.1099 5.4044 0.2174 1.5060 0.9692 -0.2567 0.7408 -2.0202 -3.7330 1.2351 -9.6782 4.5191 1.4405 15.3180 2.1644 0.7955 6.1681 -0.0000 -0.0000 0.0000 -88.5622 -0.2972 2.3377 8.4161 -14.2251 -1.0520 -0.0000 -0.0000 22.0465 21.8992 23.6851 9.1729 -7.1250 0.0000 -0.0000 -7.8797 55.1105 -1.9652 -0.0000 -0.0000 0.0000 82.5414 -7.5407 26.1142 -18.0689 28.2453 -4.5818 0.0000 0.0000 12.7783 -19.2494 3.6814 -1.2845 7.1250 -0.0000 -0.0000 5.5872 -26.0749 2.5742
7.7790 18.7965 5.0394 -3.6381 -81.3023 6.3838 0.0000 0.0000 0.0000 -18.9461 -7.2896 -5.4073 1.4738 7.6713 21.7200 0.8186 16.2291 -29.5762 0.1364 2.3805 6.5585 0.0000 0.0000 0.0000 22.7512 20.0609 -4.9692 -1.8406 -8.5258 24.3228 -0.3796 -13.6990 -23.3482 -0.0132 -0.7412 2.0369 0.9891 1.0437 5.4627 0.2648 1.4396 0.8746 -0.3861 0.7051 -2.1440 -3.7880 1.2019 -9.7437 4.6331 1.3793 15.4985 2.2084 0.7705 6.2376 0.0000 0.0000 0.0000 -88.5117 -0.4902 4.3079 8.6421 -14.5883 -1.1082 -0.0000 -0.0000 20.4307 22.2237 23.3849 9.2112 -7.1250 0.0000 -0.0000 -7.4247 54.8651 -1.8064 0.0000 0.0000 0.0000 82.6901 -7.6029 25.2820 -17.7697 27.8613 -4.4411 0.0000 0.0000 13.6221 -19.2190 4.0392 -1.4067 7.1250 -0.0000 -0.0000 5.5987 -25.6986 2.6289
7.7503 18.7985 5.0305 -0.2325 -81.4326 3.3318 0.0000 0.0000 0.0000 -19.4581 -7.2272 -5.5043 1.4384 7.5825 21.4529 0.8216 16.2771 -29.6476 0.1445 2.4495 6.7497 0.0000 0.0000 0.0000 22.1100 20.0980 -5.3447 -1.8705 -8.5910 24.5240 -0.4302 -13.3589 -23.4180 -0.0188 -0.8861 2.4353 0.6525 1.0502 5.1153 0.1819 1.4254 0.8605 -0.2746 0.7017 -1.9706 -3.8684 0.9803 -9.4772 4.7044 1.0698 15.3966 2.2158 0.6182 6.1720 0.0000 0.0000 0.0000 -88.6538 -0.8248 6.1706 8.9972 -15.1559 -1.1994 -0.0000 -0.0000 18.8727 22.5025 23.6106 9.4207 -7.1250 0.0000 -0.0000 -7.2205 55.1551 -1.8073 0.0000 0.0000 0.0000 82.3208 -7.7737 25.9916 -18.0203 28.1832 -4.5588 0.0000 0.0000 12.6818 -19.0591 3.4616 -1.1950 7.1250 -0.0000 -0.0000 5.7391 -26.3103 2.6131
7.7286 18.7941 4.9912 -2.6935 -81.6264 5.6607 0.0000 0.0000 0.0000 -19.0193 -7.6439 -5.0413 1.4165 7.5271 21.2866 0.8372 16.7104 -30.2113 0.1616 2.5901 7.1396 0.0000 0.0000 0.0000 22.7322 20.3666 -5.2373 -1.9075 -8.6707 24.7706 -0.4335 -13.3583 -23.4468 -0.0299 -1.1170 3.0708 1.0759 0.9961 5.4743 0.3144 1.3830 0.8484 -0.3803 0.6761 -2.1773 -4.4466 0.5800 -9.3329 5.2830 0.4985 15.6357 2.4539 0.3475 6.2433 -0.0000 0.0000 0.0000 -88.7244 -0.9618 8.2480 9.4681 -15.9033 -1.3255 -0.0000 -0.0000 17.1156 22.2043 23.4391 9.2222 -7.1250 0.0000 -0.0000 -7.4658 54.9174 -1.8260 -0.0000 0.0000 0.0000 82.6444 -7.3174 24.5955 -17.3054 27.2586 -4.2262 0.0000 0.0000 13.9339 -19.4677 3.7263 -1.3160 7.1250 -0.0000 -0.0000 5.4206 -26.0228 2.5034
7.6985 18.7916 4.9684 -2.1130 -81.8942 5.2286 0.0000 0.0000 0.0000 -19.0725 -7.7463 -4.9391 1.4025 7.4914 21.1797 0.9033 16.7862 -30.7282 0.1899 2.8068 7.7412 0.0000 0.0000 0.0000 22.6888 20.3934 -5.4381 -1.9353 -8.7300 24.9542 -0.4439 -13.1519 -23.3098 -0.0240 -1.0011 2.7519 0.8496 0.8398 5.2453 0.4803 1.1628 0.8544 -0.0635 0.5692 -2.0541 -4.9599 0.0542 -8.8488 5.2438 -0.1799 15.9767 2.4743 -0.0270 6.3024 0.0000 0.0000 0.0000 -89.1173 -0.9152 10.2391 10.1270 -16.9379 -1.5117 -0.0000 -0.0000 14.9487 22.7708 23.3727 9.4544 -7.1250 0.0000 -0.0000 -6.8496 54.9622 -1.6816 0.0000 0.0000 0.0000 82.1845 -6.9632 25.3500 -17.0703 26.9504 -4.1192 0.0000 0.0000 13.8514 -19.4417 3.5527 -1.2530 7.1250 -0.0000 -0.0000 5.4458 -26.2065 2.4917
7.6561 18.7879 4.9327 -0.8920 -82.1777 4.0111 0.0000 0.0000 0.0000 -19.1953 -7.6901 -4.6312 1.3757 7.4223 20.9726 0.9280 17.0042 -31.1163 0.1489 2.4864 6.8520 0.0000 0.0000 0.0000 22.7076 20.5402 -5.3559 -1.9605 -8.7832 25.1195 -0.4842 -12.9743 -23.4764 -0.0314 -1.1438 3.1446 0.7556 0.6355 4.9385 0.4423 0.8808 0.9207 -0.0261 0.4302 -1.8172 -5.4596 -1.1142 -9.0395 4.9613 -1.7276 17.4028 2.3534 -0.8423 6.8794 -0.0000 -0.0000 0.0000 -89.3855 -0.7155 10.7835 10.9633 -18.2320 -1.7644 -0.0000 -0.0000 13.9490 22.5494 23.4246 9.3732 -7.1250 0.0000 -0.0000 -7.1005 54.9715 -1.7453 -0.0000 -0.0000 0.0000 82.1758 -6.4590 25.8508 -16.9794 26.8306 -4.0780 0.0000 0.0000 13.7711 -18.5050 3.4049 -1.1388 7.1250 -0.0000 -0.0000 6.1616 -26.3805 2.7973
7.6081 18.7833 4.9031 0.2174 -82.9359 2.8024 0.0000 0.0000 0.0000 -19.4506 -7.9612 -3.8818 1.3393 7.3276 20.6897 1.0257 17.5844 -32.3326 0.1845 2.7664 7.6291 0.0000 0.0000 0.0000 22.6720 20.3420 -5.3741 -1.9957 -8.8571 25.3493 -0.5450 -12.1839 -23.1749 -0.0287 -1.0939 3.0071 0.5149 0.4582 4.9174 0.6095 0.6389 0.7296 0.2952 0.3115 -2.0076 -6.8001 -2.4174 -8.5664 4.6319 -3.3983 19.1597 2.3321 -1.8013 7.4814 -0.0000 -0.0000 0.0000 -89.9949 0.7500 11.4707 12.3204 -20.2834 -2.2121 -0.0000 -0.0000 11.2802 22.8965 24.0659 9.7720 -7.1250 0.0000 -0.0000 -6.9832 55.7082 -1.8415 -0.0000 -0.0000 0.0000 81.9822 -5.9076 25.4136 -16.5802 26.3010 -3.8995 0.0000 0.0000 15.2773 -18.8688 3.3656 -1.1494 7.1250 -0.0000 -0.0000 5.8871 -26.4149 2.6667
7.5694 18.7742 4.8486 0.9296 -83.8832 1.9649 0.0000 0.0000 0.0000 -19.4789 -7.8890 -3.4254 1.3262 7.2931 20.5867 1.1162 18.0124 -33.3168 0.1950 2.8437 7.8440 0.0000 0.0000 0.0000 22.9238 20.7071 -5.2450 -2.0334 -8.9353 25.5932 -0.5041 -12.1417 -22.7585 -0.0086 -0.5990 1.6461 0.1443 0.1604 5.1140 0.7170 0.2287 0.5431 0.6399 0.1110 -2.3106 -6.5357 -3.4035 -8.8020 2.5846 -4.5638 22.0275 1.4874 -2.5850 8.5077 0.0000 0.0000 0.0000 -90.2430 1.6081 11.3454 13.2520 -21.6554 -2.5455 -0.0000 -0.0000 8.9888 22.7331 24.0947 9.7065 -7.1250 0.0000 -0.0000 -7.1672 55.7043 -1.8896 0.0000 0.0000 0.0000 81.8060 -5.2025 25.6558 -16.5601 26.2742 -3.8906 0.0000 0.0000 15.6719 -17.1530 5.2202 -1.6086 7.1250 -0.0000 -0.0000 7.1058 -24.5196 3.5421
7.5087 18.7646 4.7806 1.7304 -85.0747 1.2385 0.0000 0.0000 0.0000 -19.2627 -6.4906 -3.5574 1.3057 7.2386 20.4242 1.0812 18.0536 -33.1512 0.1471 2.4720 6.8120 0.0000 0.0000 0.0000 23.1874 21.1825 -5.1950 -2.0822 -9.0353 25.9058 -0.5418 -11.5955 -22.5340 -0.0055 -0.4772 1.3112 -0.4033 -0.1969 4.8819 0.9234 -0.2702 0.3517 1.1940 -0.1301 -2.3688 -7.4424 -4.1418 -8.5990 2.1347 -5.5165 24.0058 1.3722 -3.2178 9.2224 0.0000 -0.0000 0.0000 -90.5735 2.5163 10.8963 14.1194 -22.9051 -2.8744 -0.0000 -0.0000 7.4561 23.1101 24.0765 9.8758 -7.1250 0.0000 -0.0000 -6.7616 55.7635 -1.7917 0.0000 -0.0000 0.0000 81.7962 -4.7437 25.8336 -17.0518 26.9260 -4.1108 0.0000 0.0000 16.0896 -16.6501 5.3905 -1.6093 7.1250 -0.0000 -0.0000 7.4731 -24.3580 3.7563
7.4389 18.7539 4.7409 6.0757 -86.5887 -3.2046 0.0000 0.0000 0.0000 -19.5614 -6.0177 -2.9371 1.2715 7.1468 20.1511 1.2201 18.4186 -34.3312 0.1806 2.7374 7.5485 0.0000 0.0000 0.0000 23.0255 20.9214 -5.3333 -2.1354 -9.1426 26.2425 -0.6680 -9.9405 -22.0837 -0.0087 -0.6011 1.6517 -0.6809 -0.4492 4.6743 0.9783 -0.6186 0.2755 1.4283 -0.3002 -2.3191 -7.5773 -4.5608 -8.0997 1.4185 -6.0738 25.0547 1.0843 -3.6146 9.5143 0.0000 -0.0000 0.0000 -90.5516 3.0169 10.9066 14.4092 -23.3167 -2.9882 -0.0000 -0.0000 7.1605 22.9401 23.9817 9.7607 -7.1250 0.0000 -0.0000 -6.9043 55.6297 -1.8073 0.0000 -0.0000 0.0000 81.7355 -4.4550 26.0532 -17.8917 28.0183 -4.4982 0.0000 0.0000 15.4294 -17.0430 4.6042 -1.4096 7.1250 -0.0000 -0.0000 7.2130 -25.1616 3.4881
7.3513 18.7391 4.7135 -16.4577 -88.1297 19.1168 0.0000 0.0000 0.0000 -18.7085 -5.5547 -2.5083 1.3301 7.3033 20.6171 1.5353 18.4128 -36.0642 0.2362 3.1279 8.6350 0.0000 0.0000 0.0000 24.1502 20.7449 -4.8294 -2.0942 -9.0596 25.9818 -0.7450 -8.4307 -21.4686 -0.0121 -0.7101 1.9516 0.7203 -0.7087 4.4036 1.0976 -0.8940 0.2683 0.7787 -0.4525 -2.1861 -7.2927 -4.8186 -7.5779 0.8234 -6.4808 25.6702 0.7892 -3.8801 9.6249 -0.0000 0.0000 0.0000 -90.0821 3.5193 11.4704 14.3902 -23.2898 -2.9807 -0.0000 -0.0000 7.1606 23.2389 23.9206 9.8768 -7.1250 0.0000 -0.0000 -6.5651 55.6278 -1.7177 -0.0000 0.0000 0.0000 81.9623 -4.3496 25.8436 -18.9674 29.3782 -5.0149 0.0000 0.0000 15.2648 -16.4237 4.4390 -1.3069 7.1250 -0.0000 -0.0000 7.6846 -25.3471 3.6865
7.2593 18.7165 4.6559 -102.0380 -89.2945 104.5490 0.0000 0.0000 0.0000 -18.4695 -3.8940 -2.4383 1.3431 7.3376 20.7195 1.5119 18.8266 -36.3338 0.1768 2.7086 7.4685 0.0000 0.0000 0.0000 24.5124 20.6327 -4.6959 -2.1229 -9.1175 26.1637 -0.8077 -6.8184 -20.7828 -0.0038 -0.3980 1.0936 0.9008 -0.9100 4.1383 1.2618 -1.1545 0.1975 0.8583 -0.5840 -2.1083 -7.8053 -4.7379 -7.1277 0.8789 -6.4315 26.2554 0.8993 -3.9421 9.7709 -0.0000 0.0000 0.0000 -90.0082 4.2327 10.8719 14.1749 -22.9842 -2.8960 -0.0000 -0.0000 8.2727 22.6626 23.6183 9.4968 -7.1250 0.0000 -0.0000 -7.0557 55.1955 -1.7727 -0.0000 0.0000 0.0000 81.6524 -4.5383 27.1381 -20.0533 30.7065 -5.5585 0.0000 0.0000 13.1506 -17.2186 4.1383 -1.2812 7.1250 -0.0000 -0.0000 7.1018 -25.6411 3.3536
7.1607 18.6979 4.5900 -164.0060 -87.8910 166.2240 0.0000 0.0000 0.0000 -18.4536 -2.1481 -2.2989 1.3752 7.4211 20.9690 1.6676 18.5711 -36.9094 0.1639 2.6081 7.1894 0.0000 0.0000 0.0000 24.7244 21.0078 -4.1008 -2.1616 -9.1950 26.4071 -0.8837 -5.5072 -20.5789 -0.0046 -0.4367 1.1998 0.6554 -1.1747 3.9635 1.5153 -1.5194 0.2251 1.2728 -0.7641 -1.9659 -8.4373 -4.5405 -7.0235 1.2326 -6.2413 26.8752 1.1400 -3.9175 10.0028 0.0000 0.0000 0.0000 -90.1853 4.4281 9.1823 13.6039 -22.1657 -2.6769 -0.0000 -0.0000 9.9078 22.1785 23.4500 9.2146 -7.1250 0.0000 -0.0000 -7.4969 54.9236 -1.8348 0.0000 0.0000 0.0000 80.9607 -4.5752 29.0642 -21.0018 31.8305 -6.0509 0.0000 0.0000 10.0028 -19.9335 3.0022 -1.0881 7.1250 -0.0000 -0.0000 5.0901 -26.7790 2.2592
7.0884 18.6749 4.5015 -162.6930 -86.3862 164.9820 0.0000 0.0000 0.0000 -17.2426 0.9589 -3.8708 1.5542 7.8683 22.3147 1.6415 17.3357 -35.6367 0.1019 2.0588 5.6683 0.0000 0.0000 0.0000 25.4652 20.6777 -4.1629 -2.1638 -9.1992 26.4204 -0.9290 -3.8477 -19.9867 -0.0034 -0.3743 1.0283 0.8917 -1.7686 3.6092 1.9047 -2.3059 0.2071 1.5715 -1.1602 -1.7660 -8.2465 -3.9633 -6.6541 1.0290 -5.4849 26.8118 1.1308 -3.5937 9.8527 -0.0000 0.0000 0.0000 -90.2779 4.6875 6.9864 13.1272 -21.4733 -2.4997 -0.0000 -0.0000 10.5357 21.8233 23.4507 9.0545 -7.1250 0.0000 -0.0000 -7.8665 54.8534 -1.9126 -0.0000 0.0000 0.0000 80.7626 -4.2967 29.4776 -21.4592 32.3604 -6.2939 0.0000 0.0000 11.1519 -19.1453 3.1636 -1.0976 7.1250 -0.0000 -0.0000 5.6847 -26.6224 2.5463
6.9918 18.6473 4.4176 -172.2750 -84.9874 174.0750 0.0000 0.0000 0.0000 -17.1955 3.9461 -4.6443 1.7258 8.2700 23.5373 1.4873 16.9835 -34.4617 0.0260 1.0404 2.8600 0.0000 0.0000 0.0000 25.4518 20.5173 -3.6172 -2.2449 -9.3586 26.9238 -1.0138 -2.3038 -19.9814 -0.0065 -0.5205 1.4301 0.5595 -1.9190 3.5333 1.8334 -2.5263 0.4105 1.6867 -1.2693 -1.4992 -8.0397 -3.7023 -6.4096 1.1482 -5.2441 26.8721 1.1683 -3.4678 9.8082 0.0000 0.0000 0.0000 -90.1645 4.8907 5.2122 12.8926 -21.1296 -2.4144 -0.0000 -0.0000 10.7446 21.6959 23.8163 9.1272 -7.1250 0.0000 -0.0000 -8.1439 55.2049 -2.0505 0.0000 0.0000 0.0000 80.7064 -4.2970 29.1990 -21.6652 32.5966 -6.4045 0.0000 0.0000 12.4115 -19.3332 2.1913 -0.7686 7.1250 -0.0000 -0.0000 5.5807 -27.6444 2.3647
6.9109 18.6178 4.3115 -169.8970 -83.6828 171.4930 0.0000 0.0000 0.0000 -15.9666 6.5579 -6.4609 2.1350 9.1418 26.2399 1.4056 16.0720 -33.1463 0.0002 -0.0905 -0.2486 0.0000 0.0000 0.0000 26.3325 20.4154 -3.1241 -2.2560 -9.3801 26.9918 -1.0516 -0.8861 -19.7190 -0.0275 -1.0698 2.9408 0.9417 -1.9935 3.4198 1.9408 -2.6173 0.4910 1.5810 -1.3187 -1.3629 -7.6605 -3.3985 -6.4084 1.5552 -5.0566 27.4336 1.2612 -3.3338 9.9947 -0.0000 0.0000 0.0000 -89.9154 5.0624 3.9896 12.7342 -20.8965 -2.3576 -0.0000 -0.0000 11.0448 22.9300 24.2695 9.8639 -7.1250 0.0000 -0.0000 -7.0283 55.9265 -1.8907 -0.0000 0.0000 0.0000 80.9153 -4.3142 27.7633 -21.3334 32.2155 -6.2267 0.0000 0.0000 12.9247 -19.3593 2.9943 -1.0515 7.1250 -0.0000 -0.0000 5.5282 -26.7972 2.4528
6.8364 18.5959 4.2426 -167.7640 -82.1317 169.0710 0.0000 0.0000 0.0000 -14.7724 8.4219 -8.2055 2.7015 10.1955 29.6121 1.3724 15.2820 -32.2223 0.0067 -0.5269 -1.4477 0.0000 0.0000 0.0000 27.0422 19.7084 -2.8680 -2.2709 -9.4089 27.0831 -1.0905 1.4576 -19.3075 -0.0536 -1.4943 4.1100 1.9507 -1.9635 3.7412 1.9061 -2.5315 0.4431 0.9925 -1.2829 -1.6387 -6.9958 -3.1385 -5.9208 1.5813 -4.9110 27.6604 1.1804 -3.2285 9.9517 0.0000 -0.0000 0.0000 -89.4421 5.4499 3.8399 12.7331 -20.8950 -2.3573 -0.0000 -0.0000 10.9831 23.4516 24.7043 10.2763 -7.1250 0.0000 -0.0000 -6.6474 56.4883 -1.8781 0.0000 -0.0000 0.0000 81.4244 -4.9978 25.5705 -21.1780 32.0355 -6.1441 0.0000 0.0000 13.6987 -18.7973 2.1810 -0.7421 7.1250 -0.0000 -0.0000 5.9928 -27.6606 2.5387
6.7587 18.5898 4.1403 -172.8200 -81.7471 173.6780 0.0000 0.0000 0.0000 -14.5440 9.0167 -10.5026 3.6649 11.7006 34.6807 1.1706 14.4488 -30.1755 0.0872 -1.9050 -5.2432 0.0000 0.0000 0.0000 26.7619 19.0028 -2.1276 -2.2151 -9.3004 26.7397 -1.0542 2.3481 -18.7629 -0.0430 -1.3386 3.6809 1.0802 -2.2382 4.0374 1.9860 -2.9290 0.5721 1.5898 -1.4765 -1.6234 -7.4143 -2.9996 -6.0667 1.6540 -4.7363 28.2754 1.2852 -3.2141 10.2121 0.0000 -0.0000 0.0000 -89.5146 5.2791 3.4138 12.7478 -20.9165 -2.3625 -0.0000 -0.0000 11.1016 23.3221 24.3303 10.0719 -7.1250 0.0000 -0.0000 -6.6362 56.0718 -1.8080 0.0000 -0.0000 0.0000 81.0746 -5.3362 24.8175 -20.6079 31.3677 -5.8445 0.0000 0.0000 13.8098 -19.6749 0.3317 -0.1186 7.1250 -0.0000 -0.0000 5.4075 -29.6069 2.0381
6.6953 18.5538 4.0508 -171.6930 -81.6487 172.4350 0.0000 0.0000 0.0000 -13.4096 8.1450 -12.9257 4.7825 13.1346 39.8745 0.7981 14.1747 -27.2989 0.0078 -0.5711 -1.5693 0.0000 0.0000 0.0000 27.2752 18.6234 -1.9618 -2.2634 -9.3944 27.0371 -1.1177 2.9568 -19.2173 -0.0847 -1.8770 5.1658 1.2786 -2.3913 4.1629 2.0941 -3.1248 0.6383 1.6047 -1.5769 -1.6264 -7.4555 -3.1420 -6.0023 1.6782 -5.0042 28.6274 1.2678 -3.3600 10.3466 -0.0000 0.0000 0.0000 -89.4971 4.9411 3.3208 13.1359 -21.4861 -2.5029 -0.0000 -0.0000 10.8563 22.6775 24.3427 9.7724 -7.1250 0.0000 -0.0000 -7.3251 55.9498 -1.9753 -0.0000 0.0000 0.0000 80.9393 -5.8227 22.6717 -19.7889 30.3872 -5.4242 0.0000 0.0000 14.5951 -19.4824 0.8097 -0.2864 7.1250 -0.0000 -0.0000 5.5320 -29.1015 2.1522
6.6315 18.5378 3.9786 -171.5110 -81.0257 171.9320 0.0000 0.0000 0.0000 -12.5206 7.2033 -15.4816 6.1281 14.5513 45.4935 0.3464 14.4226 -23.8979 0.0593 1.5712 4.3221 0.0000 0.0000 0.0000 27.7405 18.3406 -1.3726 -2.2584 -9.3848 27.0066 -1.1685 4.0706 -19.4876 -0.2217 -3.0309 8.3647 1.4577 -2.3032 4.6923 2.2038 -2.9899 0.7307 1.6324 -1.5126 -1.8330 -7.6395 -3.2767 -5.8887 1.5617 -5.1875 28.8425 1.2358 -3.4912 10.4193 -0.0000 -0.0000 0.0000 -89.5320 4.8744 4.2705 13.7980 -22.4453 -2.7505 -0.0000 -0.0000 9.7491 22.8442 24.3124 9.8396 -7.1250 0.0000 -0.0000 -7.1364 55.9532 -1.9246 -0.0000 -0.0000 0.0000 81.0731 -6.8238 20.5658 -19.2122 29.6815 -5.1355 0.0000 0.0000 15.0887 -19.1532 1.1944 -0.4148 7.1250 -0.0000 -0.0000 5.7676 -28.6961 2.3005
6.5525 18.5281 3.9300 -168.9560 -80.1922 169.1160 0.0000 0.0000 0.0000 -11.2842 6.1428 -18.0510 7.5086 15.7457 50.7728 -0.0497 14.1046 -19.4677 0.1422 2.4304 6.6966 0.0000 0.0000 0.0000 28.5660 18.0913 -0.5892 -2.2012 -9.2731 26.6535 -1.1283 4.9634 -19.0411 -0.2984 -3.5123 9.7085 2.4059 -2.1546 5.1092 2.2542 -2.7407 0.9080 1.1535 -1.3974 -1.9291 -7.4044 -3.3895 -5.8811 1.2773 -5.3351 28.9936 1.0759 -3.5730 10.4672 -0.0000 0.0000 0.0000 -89.4053 4.9665 5.5587 14.8146 -23.8872 -3.1505 -0.0000 -0.0000 8.4210 22.7970 24.5332 9.8994 -7.1250 0.0000 -0.0000 -7.2759 56.1720 -2.0012 -0.0000 0.0000 0.0000 80.4687 -7.4509 20.9198 -18.2979 28.5369 -4.6907 0.0000 0.0000 14.1354 -20.1231 0.6122 -0.2243 7.1250 -0.0000 -0.0000 5.0423 -29.3110 1.9351
6.4733 18.5208 3.8857 -172.5430 -79.2284 172.4800 0.0000 0.0000 0.0000 -11.3769 4.7205 -20.1155 8.5422 16.5040 54.4932 0.0722 10.3126 -15.7726 0.0221 0.9595 2.6374 0.0000 0.0000 0.0000 28.3560 18.4628 -0.0249 -2.2427 -9.3544 26.9102 -1.1791 5.4717 -19.4408 -0.3090 -3.5740 9.8811 2.3880 -1.8558 5.5489 1.9004 -2.3352 1.0687 0.7846 -1.1942 -2.0239 -7.3739 -3.4386 -5.8049 1.3348 -5.4347 28.9621 1.0823 -3.6093 10.4459 0.0000 -0.0000 0.0000 -89.1635 5.0368 6.6394 15.8560 -25.3250 -3.5841 -0.0000 -0.0000 7.4711 22.5681 24.3180 9.7119 -7.1250 0.0000 -0.0000 -7.4308 55.9014 -1.9953 0.0000 -0.0000 0.0000 80.3231 -8.1282 21.0622 -17.5437 27.5690 -4.3360 0.0000 0.0000 14.9925 -19.9729 0.3929 -0.1428 7.1250 -0.0000 -0.0000 5.1709 -29.5432 1.9561
6.3934 18.5021 3.8679 -175.1810 -78.1204 174.8770 0.0000 0.0000 0.0000 -11.8678 3.2262 -22.0185 9.2157 16.9445 56.8331 0.1384 7.3440 -13.1295 0.0003 0.1127 0.3096 0.0000 0.0000 0.0000 28.1144 18.6912 0.2780 -2.3272 -9.5168 27.4256 -1.1761 6.1909 -19.3806 -0.2878 -3.4498 9.5336 2.4311 -1.4617 6.1414 1.6251 -1.7920 1.1323 0.4537 -0.9249 -2.2964 -7.3895 -3.4258 -5.4526 1.4254 -5.4947 29.0114 1.1176 -3.6405 10.4014 -0.0000 0.0000 0.0000 -89.0936 5.4207 7.8582 16.8715 -26.6881 -4.0295 -0.0000 -0.0000 6.5185 22.7071 24.0542 9.6794 -7.1250 0.0000 -0.0000 -7.1785 55.6569 -1.8844 -0.0000 0.0000 0.0000 80.2049 -8.7432 20.9974 -16.7044 26.4664 -3.9547 0.0000 0.0000 16.0475 -19.6883 0.4102 -0.1468 7.1250 -0.0000 -0.0000 5.3927 -29.5240 2.0432
6.2950 18.4852 3.8552 -176.1540 -77.3230 175.8730 0.0000 0.0000 0.0000 -12.2290 1.2916 -23.8623 9.5645 17.1576 58.0227 0.1898 5.7553 -12.3077 0.0125 -0.7219 -1.9838 0.0000 0.0000 0.0000 28.0387 18.7102 0.2848 -2.4114 -9.6751 27.9308 -1.1801 6.8099 -19.4033 -0.2612 -3.2879 9.0812 2.8798 -1.2745 6.3779 1.3421 -1.5155 1.2718 -0.1076 -0.7903 -2.3005 -7.0436 -3.3686 -5.4104 0.9879 -5.3546 29.0254 0.9198 -3.5886 10.3676 0.0000 0.0000 0.0000 -88.9990 5.5269 8.4927 17.5350 -27.5576 -4.3319 -0.0000 -0.0000 6.2758 22.8017 23.5286 9.5269 -7.1250 0.0000 -0.0000 -6.8759 55.1305 -1.7163 0.0000 0.0000 0.0000 80.1311 -8.9547 21.0290 -16.0588 25.6003 -3.6713 0.0000 0.0000 17.5188 -20.0079 0.1542 -0.0561 7.1250 -0.0000 -0.0000 5.1562 -29.7963 1.9193
6.1892 18.4739 3.8267 -177.6140 -76.4053 177.2830 0.0000 0.0000 0.0000 -12.8638 -0.3925 -25.3079 9.4778 17.1055 57.7282 0.2118 5.2819 -12.2319 0.0562 -1.5301 -4.2088 0.0000 0.0000 0.0000 28.2817 20.1791 1.0323 -2.5121 -9.8599 28.5242 -1.2864 6.1477 -20.2937 -0.2526 -3.2335 8.9296 2.6691 -1.0775 6.7026 1.1940 -1.2661 1.4440 -0.1587 -0.6651 -2.2969 -7.3844 -3.2080 -5.5443 1.2251 -5.1326 29.1449 1.0817 -3.4998 10.4453 -0.0000 -0.0000 0.0000 -88.9988 5.8851 9.2903 18.1102 -28.2980 -4.6014 -0.0000 -0.0000 5.4376 23.2430 23.6152 9.7622 -7.1250 0.0000 -0.0000 -6.4451 55.3104 -1.6363 -0.0000 -0.0000 0.0000 79.9385 -9.1272 21.2662 -15.7842 25.2272 -3.5535 0.0000 0.0000 19.0335 -19.8165 -0.3317 0.1195 7.1250 -0.0000 -0.0000 5.3342 -30.3096 1.9205
6.0757 18.4567 3.8040 -177.9250 -75.6868 177.5450 0.0000 0.0000 0.0000 -13.2367 -2.1704 -26.4115 9.0433 16.8355 56.2397 0.1795 5.3282 -11.7090 0.0210 -0.9358 -2.5722 0.0000 0.0000 0.0000 28.4146 20.1258 1.4063 -2.5335 -9.8986 28.6489 -1.3160 6.3886 -20.5226 -0.2650 -3.3117 9.1478 2.7003 -0.9817 7.1135 1.0695 -1.1318 1.5833 -0.3103 -0.6002 -2.3819 -7.2691 -3.0751 -5.5978 0.9085 -4.8814 29.2473 0.9741 -3.4119 10.4706 -0.0000 0.0000 0.0000 -89.0072 6.1837 9.4989 18.2316 -28.4527 -4.6590 -0.0000 -0.0000 5.4568 24.5611 23.9411 10.5065 -7.1250 0.0000 -0.0000 -5.1676 55.9254 -1.3878 -0.0000 0.0000 0.0000 79.8058 -9.2117 21.4806 -15.7151 25.1328 -3.5241 0.0000 0.0000 18.8431 -21.4229 -1.3311 0.5222 7.1250 -0.0000 -0.0000 4.1170 -31.3936 1.3728
5.9507 18.4437 3.7803 -177.3140 -74.8719 177.0310 0.0000 0.0000 0.0000 -13.3552 -3.9732 -26.9666 8.1650 16.2392 53.1547 0.2187 4.8055 -11.9185 0.0322 -1.1586 -3.1852 0.0000 0.0000 0.0000 28.6809 20.1203 1.7906 -2.5277 -9.8881 28.6152 -1.2591 7.0020 -20.0516 -0.2993 -3.5179 9.7241 2.8410 -0.8291 7.3599 0.9707 -0.9203 1.7343 -0.5081 -0.4966 -2.3612 -7.0587 -2.9960 -5.5026 0.6689 -4.7516 29.2413 0.8692 -3.3592 10.4311 -0.0000 -0.0000 0.0000 -88.9259 6.2637 9.5060 17.9542 -28.0985 -4.5277 -0.0000 -0.0000 5.9681 25.3032 24.4342 11.0651 -7.1250 0.0000 -0.0000 -4.5488 56.6042 -1.2959 -0.0000 -0.0000 0.0000 79.9747 -8.9911 20.8466 -15.6677 25.0680 -3.5040 0.0000 0.0000 19.0379 -21.4249 -1.7264 0.6773 7.1250 -0.0000 -0.0000 4.1375 -31.8172 1.3375
5.8151 18.4242 3.7590 -176.3760 -74.0238 176.4790 0.0000 0.0000 0.0000 -13.3383 -4.9442 -27.8795 7.0543 15.3775 49.0794 0.2905 3.5483 -12.1192 0.1049 -2.0886 -5.7506 0.0000 0.0000 0.0000 28.8115 19.1385 1.6719 -2.4158 -9.6832 27.9567 -1.2259 6.9198 -19.7818 -0.0420 -1.3233 3.6388 2.8938 -0.7027 7.2841 0.9048 -0.7566 1.8174 -0.6227 -0.4139 -2.2297 -6.9540 -2.8983 -5.5165 0.8765 -4.7148 29.4516 0.9261 -3.3200 10.5110 0.0000 0.0000 0.0000 -88.8247 6.2796 9.0610 17.2911 -27.2400 -4.2197 -0.0000 -0.0000 6.6912 24.9439 24.2847 10.8292 -7.1250 0.0000 -0.0000 -4.8823 56.3688 -1.3634 0.0000 0.0000 0.0000 80.2278 -8.7352 20.2085 -15.9295 25.4250 -3.6157 0.0000 0.0000 19.0224 -21.2944 -1.8472 0.7198 7.1250 -0.0000 -0.0000 4.2491 -31.9438 1.3608
5.6684 18.4632 3.7316 -175.2480 -73.1050 175.6990 0.0000 0.0000 0.0000 -13.3393 -6.3439 -27.5643 5.5811 14.0097 43.2763 0.3217 3.2344 -12.4013 0.3737 -3.9266 -10.8702 0.0000 0.0000 0.0000 29.1381 19.8699 2.3057 -2.3853 -9.6263 27.7749 -1.1125 8.6132 -18.9139 -0.3710 -3.9123 10.8301 2.9713 -0.5993 7.3462 0.9255 -0.6145 1.8663 -0.6574 -0.3441 -2.2095 -6.9893 -2.7785 -5.5248 0.7552 -4.5451 29.7294 0.9025 -3.2761 10.6083 -0.0000 0.0000 0.0000 -88.9305 6.3055 8.2736 16.4627 -26.1440 -3.8476 -0.0000 -0.0000 7.2693 25.3924 24.3307 11.0655 -7.1250 0.0000 -0.0000 -4.4146 56.5142 -1.2479 -0.0000 0.0000 0.0000 80.1760 -8.3752 20.3231 -16.1765 25.7593 -3.7223 0.0000 0.0000 18.4279 -22.0652 -2.1217 0.8598 7.1250 -0.0000 -0.0000 3.6455 -32.2550 1.1394
5.5166 18.4916 3.7075 -175.2370 -71.9761 176.0660 0.0000 0.0000 0.0000 -13.5837 -6.3216 -27.4130 4.1713 12.3849 37.1077 0.3236 3.0899 -12.3347 0.1783 -2.7199 -7.4998 0.0000 0.0000 0.0000 29.0493 19.6692 2.6578 -2.2732 -9.4134 27.0971 -1.0325 9.4099 -18.3313 -0.3408 -3.7515 10.3786 2.5073 -0.6051 7.3351 0.9804 -0.6636 2.0075 -0.3374 -0.3663 -2.0540 -7.4754 -2.4534 -6.1057 0.7958 -3.9974 30.2073 1.0433 -3.0912 10.8951 -0.0000 -0.0000 0.0000 -89.3506 6.0616 6.1315 15.4682 -24.7943 -3.4199 -0.0000 -0.0000 8.6991 24.1552 24.3568 10.4790 -7.1250 0.0000 -0.0000 -5.7569 56.2759 -1.5957 -0.0000 -0.0000 0.0000 80.0729 -7.7343 20.6648 -16.5744 26.2932 -3.8969 0.0000 0.0000 18.5156 -22.5320 -2.3205 0.9623 7.1250 -0.0000 -0.0000 3.2799 -32.4801 1.0070
5.3528 18.5257 3.6842 -174.3150 -70.7816 175.5710 0.0000 0.0000 0.0000 -13.5182 -7.1976 -26.7784 3.0399 10.7594 31.4726 0.1848 6.2566 -12.7285 0.2244 -3.0495 -8.4165 0.0000 0.0000 0.0000 29.2687 19.2640 3.4025 -2.0365 -8.9417 25.6130 -0.9224 9.7793 -17.4459 -0.3467 -3.7832 10.4675 2.5098 -0.5278 7.1385 0.9253 -0.5785 2.2050 -0.4064 -0.3217 -1.7395 -7.7978 -2.2270 -6.2578 0.9694 -3.6402 30.1048 1.2006 -2.9395 10.8796 0.0000 0.0000 0.0000 -89.3637 5.7963 4.7382 14.5310 -23.4887 -3.0366 -0.0000 -0.0000 9.5245 23.7834 24.1264 10.2117 -7.1250 0.0000 -0.0000 -6.0662 55.9560 -1.6347 0.0000 0.0000 0.0000 79.9138 -7.0230 21.8579 -17.1075 26.9993 -4.1360 0.0000 0.0000 17.3238 -22.4461 -2.1166 0.8741 7.1250 -0.0000 -0.0000 3.3384 -32.2579 1.0429
5.1839 18.5357 3.6593 -174.6150 -69.6454 176.2030 0.0000 0.0000 0.0000 -14.2844 -5.7771 -27.1455 2.2481 9.3649 26.9434 -0.0889 8.9609 -10.9706 0.2757 -3.3776 -9.3318 0.0000 0.0000 0.0000 29.4447 19.6213 4.4205 -1.8870 -8.6266 24.6342 -0.9367 9.2247 -17.4852 -0.3191 -3.6310 10.0409 2.1085 -0.3879 7.0080 0.5991 -0.4326 2.3240 -0.5311 -0.2456 -1.5410 -5.9992 -2.1577 -5.7513 -0.8151 -3.3514 29.3909 0.3014 -2.7894 10.4235 0.0000 -0.0000 0.0000 -89.0529 5.7364 3.3466 13.6853 -22.2831 -2.7076 -0.0000 -0.0000 10.7337 23.5320 24.2407 10.1370 -7.1250 0.0000 -0.0000 -6.3777 56.0227 -1.7295 0.0000 -0.0000 0.0000 79.9952 -6.6969 23.4612 -17.9201 28.0548 -4.5116 0.0000 0.0000 16.1394 -21.8683 -1.8210 0.7307 7.1250 -0.0000 -0.0000 3.7872 -31.9274 1.2138
5.0063 18.5494 3.6364 -174.7170 -68.7009 176.6180 0.0000 0.0000 0.0000 -14.4400 -7.3390 -26.0366 1.6755 8.1547 23.1850 -0.6424 14.5924 -9.7381 0.2426 -3.1694 -8.7507 0.0000 0.0000 0.0000 29.6665 19.7527 5.3235 -1.7548 -8.3355 23.7379 -0.9544 8.5836 -17.5600 -0.2733 -3.3627 9.2901 1.7644 -0.2642 6.9499 0.2893 -0.2997 2.3967 -0.6682 -0.1777 -1.4309 -6.1459 -1.9739 -5.7908 -0.5828 -3.1255 29.3766 0.4330 -2.6770 10.4251 0.0000 -0.0000 0.0000 -88.6539 5.6739 2.1114 12.9732 -21.2480 -2.4436 -0.0000 -0.0000 11.8362 23.7838 24.2976 10.2785 -7.1250 0.0000 -0.0000 -6.1315 56.1351 -1.6791 0.0000 -0.0000 0.0000 80.1234 -6.5104 24.7035 -18.7974 29.1661 -4.9317 0.0000 0.0000 15.9398 -21.8304 -2.3386 0.9365 7.1250 -0.0000 -0.0000 3.8471 -32.4828 1.1815
4.8236 18.5498 3.6074 -173.0180 -67.9800 175.3310 0.0000 0.0000 0.0000 -13.9095 -7.6862 -26.1040 1.4586 7.6334 21.6059 -1.0464 17.9579 -9.6849 0.0021 0.2927 0.8042 0.0000 0.0000 0.0000 30.3869 19.1155 6.0919 -1.5909 -7.9562 22.5812 -0.9383 8.5113 -17.4099 -0.2553 -3.2510 8.9783 1.8921 -0.2513 6.9241 0.1918 -0.2781 2.4324 -0.8421 -0.1663 -1.3800 -6.5515 -1.7443 -5.6796 0.0408 -2.9029 29.2168 0.7524 -2.5463 10.3513 -0.0000 0.0000 0.0000 -88.2873 5.4878 0.2699 12.2744 -20.2149 -2.1962 -0.0000 -0.0000 13.8536 22.8003 23.9730 9.6925 -7.1250 0.0000 -0.0000 -7.0483 55.5920 -1.8388 -0.0000 0.0000 0.0000 80.0437 -6.4342 26.5207 -19.7141 30.2963 -5.3864 0.0000 0.0000 14.9130 -22.2335 -2.0588 0.8414 7.1250 -0.0000 -0.0000 3.5066 -32.1909 1.1012
4.6296 18.5348 3.5738 -172.1070 -67.4500 174.9610 0.0000 0.0000 0.0000 -13.6535 -8.3479 -26.1539 1.4067 7.5020 21.2113 -1.3672 20.2245 -9.4497 0.2973 3.5060 9.6908 0.0000 0.0000 0.0000 30.4941 18.2873 6.2267 -1.5004 -7.7371 21.9183 -0.8736 9.3452 -16.9454 -0.3990 -4.0554 11.2327 1.4602 -0.2960 6.7038 0.1980 -0.3695 2.4567 -0.5872 -0.2114 -1.2333 -7.1503 -1.4570 -5.7492 0.5369 -2.5157 29.1176 1.0730 -2.3752 10.3287 -0.0000 -0.0000 0.0000 -88.3215 5.1875 -1.5931 11.9013 -19.6565 -2.0690 -0.0000 -0.0000 14.9752 22.5314 23.9223 9.5491 -7.1250 0.0000 -0.0000 -7.3114 55.4841 -1.8888 -0.0000 -0.0000 0.0000 79.9433 -6.1373 27.4509 -20.4642 31.1975 -5.7699 0.0000 0.0000 14.7062 -22.5399 -1.9947 0.8276 7.1250 -0.0000 -0.0000 3.2568 -32.1282 1.0275
4.4273 18.4991 3.5399 -171.5270 -67.1464 174.7510 0.0000 0.0000 0.0000 -13.8704 -8.1456 -26.0737 1.4573 7.6302 21.5962 -1.5414 21.3310 -8.1834 0.0320 1.1551 3.1756 0.0000 0.0000 0.0000 31.2748 19.6078 7.4172 -1.4903 -7.7122 21.8432 -0.9875 8.1394 -17.8084 -0.3767 -3.9417 10.9126 1.2762 -0.0544 6.6847 -0.3817 -0.0715 2.5186 -1.1028 -0.0610 -1.1534 -6.7369 -1.4509 -5.7321 1.4301 -2.8029 29.1111 1.2924 -2.3602 10.3316 -0.0000 -0.0000 0.0000 -87.0704 4.6679 -1.5107 11.5564 -19.1361 -1.9544 -0.0000 -0.0000 15.1462 22.8990 24.0952 9.7842 -7.1250 0.0000 -0.0000 -6.9921 55.7392 -1.8491 -0.0000 -0.0000 0.0000 80.8306 -6.3304 27.4427 -21.1578 32.0121 -6.1334 0.0000 0.0000 14.4444 -22.8127 -1.6314 0.6861 7.1250 -0.0000 -0.0000 3.0204 -31.7405 0.9809
4.2190 18.4941 3.5045 -170.5900 -67.0506 174.2950 0.0000 0.0000 0.0000 -13.6411 -8.2441 -25.9638 1.5193 7.7835 22.0584 -1.4974 21.0437 -8.1980 0.0040 0.4075 1.1197 0.0000 0.0000 0.0000 31.1151 18.2514 7.0940 -1.4537 -7.6211 21.5689 -0.8691 9.3193 -16.9011 -0.3019 -3.5328 9.7659 0.8696 0.0006 6.6651 -0.5884 -0.0284 2.5257 -1.0902 -0.0405 -1.1343 -6.6640 -1.3642 -5.7871 1.7178 -2.7727 29.2350 1.3850 -2.3115 10.3872 0.0000 -0.0000 0.0000 -86.6563 4.1274 -2.2199 11.4808 -19.0215 -1.9297 -0.0000 -0.0000 15.5227 22.8800 24.2085 9.8176 -7.1250 0.0000 -0.0000 -7.0570 55.8528 -1.8858 0.0000 -0.0000 0.0000 81.0292 -6.2927 27.7304 -21.3184 32.1981 -6.2187 0.0000 0.0000 14.1996 -22.8364 -1.0651 0.4485 7.1250 -0.0000 -0.0000 2.9773 -31.1274 1.0108
4.0055 18.5333 3.4489 -170.6760 -67.4558 174.9720 0.0000 0.0000 0.0000 -13.8562 -8.2575 -26.2018 1.5586 7.8788 22.3465 -1.4220 20.5645 -8.9906 0.0177 0.8588 2.3603 0.0000 0.0000 0.0000 31.3798 19.2923 7.8607 -1.4313 -7.5646 21.3992 -0.8819 7.8911 -16.8358 -0.3585 -3.8463 10.6447 0.0042 0.0537 6.4089 -1.1149 -0.0200 2.4597 -1.1459 -0.0378 -1.0603 -6.7450 -1.2677 -5.6629 2.6755 -2.9359 29.5591 1.7258 -2.3090 10.5014 0.0000 -0.0000 0.0000 -85.7451 3.5953 -2.1202 11.5380 -19.1082 -1.9484 -0.0000 -0.0000 15.1894 22.0137 23.5492 9.1760 -7.1250 0.0000 -0.0000 -7.7069 54.9932 -1.8997 0.0000 -0.0000 0.0000 81.7914 -6.4004 27.7048 -21.1828 32.0411 -6.1466 0.0000 0.0000 13.5950 -22.7445 -0.6035 0.2530 7.1250 -0.0000 -0.0000 3.0324 -30.6265 1.0659
3.7915 18.5776 3.3888 -171.0580 -67.9756 175.7710 0.0000 0.0000 0.0000 -14.1511 -8.4648 -25.6935 1.5474 7.8519 22.2650 -1.2568 19.4976 -9.7865 0.0221 0.9592 2.6367 0.0000 0.0000 0.0000 30.9957 18.8961 7.4621 -1.5218 -7.7896 22.0767 -0.7920 7.9066 -15.9904 -0.2215 -3.0295 8.3610 -0.9968 0.1808 6.3773 -1.4676 0.0762 2.5084 -0.9532 0.0038 -0.9920 -7.4226 -1.4628 -5.7293 3.3076 -3.3083 29.9257 2.0315 -2.4947 10.6972 0.0000 -0.0000 0.0000 -85.1737 3.0224 -1.0849 11.9939 -19.7955 -2.1002 -0.0000 -0.0000 14.0442 22.8198 24.0290 9.7224 -7.1250 0.0000 -0.0000 -7.0498 55.6541 -1.8499 0.0000 -0.0000 0.0000 82.0949 -6.4413 27.4141 -20.9768 31.8012 -6.0377 0.0000 0.0000 13.7971 -22.2822 -0.4612 0.1890 7.1250 -0.0000 -0.0000 3.3931 -30.4688 1.2059
3.5579 18.6196 3.3468 -169.8670 -68.3267 175.2550 0.0000 0.0000 0.0000 -13.9415 -8.5201 -25.5566 1.5574 7.8758 22.3376 -1.1887 18.9958 -9.5842 0.0002 0.0911 0.2503 0.0000 0.0000 0.0000 30.9677 18.1281 6.8802 -1.5737 -7.9152 22.4567 -0.6532 8.2243 -14.6569 -0.0958 -1.9966 5.4962 -0.9620 0.4480 6.1331 -1.9828 0.4254 2.4182 -1.5261 0.1785 -0.9412 -7.0668 -1.6256 -5.8491 3.4446 -3.7222 30.7526 1.9737 -2.6588 11.0586 -0.0000 -0.0000 0.0000 -84.1988 2.5916 0.6489 12.6235 -20.7331 -2.3183 -0.0000 -0.0000 12.5739 21.1455 23.4591 8.7534 -7.1250 0.0000 -0.0000 -8.5721 54.7278 -2.0596 -0.0000 -0.0000 0.0000 82.6196 -6.9219 28.0430 -20.7091 31.4872 -5.8973 0.0000 0.0000 13.2805 -22.0525 -0.2695 0.1092 7.1250 -0.0000 -0.0000 3.5669 -30.2605 1.2856
3.3010 18.6617 3.3118 -169.0070 -68.2624 174.7470 0.0000 0.0000 0.0000 -13.9104 -8.1971 -25.2107 1.6025 7.9839 22.6651 -1.0760 18.3526 -10.8337 0.0020 0.2864 0.7870 0.0000 0.0000 0.0000 30.6079 16.8578 6.8081 -1.5399 -7.8337 22.2101 -0.4432 9.4570 -12.6936 -0.0545 -1.5058 4.1418 -1.1548 0.6983 6.0597 -2.1974 0.7410 2.3886 -1.6595 0.3342 -0.9243 -7.2430 -1.5602 -5.9979 3.2287 -3.5446 31.1145 1.9444 -2.6299 11.2199 0.0000 0.0000 0.0000 -83.8232 2.5788 2.8128 13.6435 -22.2227 -2.6918 -0.0000 -0.0000 11.2304 21.5020 24.1952 9.1718 -7.1250 0.0000 -0.0000 -8.5018 55.5552 -2.2141 0.0000 0.0000 0.0000 82.5196 -7.8248 29.3353 -20.9530 31.7734 -6.0251 0.0000 0.0000 13.4591 -21.9353 -0.2276 0.0917 7.1250 -0.0000 -0.0000 3.6576 -30.2147 1.3224
3.0187 18.7050 3.2707 -167.6750 -67.9960 173.6770 0.0000 0.0000 0.0000 -13.4812 -9.2234 -24.2101 1.6435 8.0804 22.9584 -1.2022 19.5416 -12.4835 0.0003 -0.1186 -0.3260 0.0000 0.0000 0.0000 30.6999 16.2898 7.6417 -1.4405 -7.5879 21.4691 -0.2241 10.1620 -10.3449 -0.1307 -2.3302 6.4191 -1.2344 0.9423 5.7138 -2.2624 1.0696 2.4005 -1.6975 0.4979 -0.7131 -8.0076 -1.4216 -5.8090 3.5314 -3.3102 31.0991 2.2184 -2.5786 11.1822 -0.0000 0.0000 0.0000 -83.7896 2.5542 4.0650 14.6947 -23.7190 -3.1021 -0.0000 -0.0000 9.8298 21.7548 23.0866 8.8935 -7.1250 0.0000 -0.0000 -7.7973 54.4637 -1.8215 -0.0000 0.0000 0.0000 81.8376 -8.3586 31.3483 -20.9768 31.8013 -6.0377 0.0000 0.0000 13.6462 -21.5710 -0.0716 0.0283 7.1250 -0.0000 -0.0000 3.9382 -30.0450 1.4403
2.7093 18.7504 3.2542 -167.6660 -67.6568 173.5940 0.0000 0.0000 0.0000 -13.7279 -10.0683 -22.5862 1.6411 8.0747 22.9413 -1.1174 19.7988 -15.5788 0.0595 1.5737 4.3289 0.0000 0.0000 0.0000 29.5780 14.1649 7.6837 -1.4063 -7.5009 21.2082 0.0993 12.1328 -7.0681 -0.1389 -2.4024 6.6191 -1.4195 1.1026 5.4345 -2.5196 1.2730 2.3605 -1.8658 0.5976 -0.5927 -8.0538 -1.1956 -5.5999 3.3440 -2.9854 31.3755 2.1954 -2.4804 11.2245 -0.0000 0.0000 0.0000 -83.7979 2.8104 5.2845 15.7393 -25.1659 -3.5344 -0.0000 -0.0000 8.0162 22.1066 23.2552 9.1113 -7.1250 0.0000 -0.0000 -7.4971 54.7075 -1.7953 -0.0000 0.0000 0.0000 81.2858 -8.4304 32.8068 -20.6216 31.3840 -5.8517 0.0000 0.0000 14.4782 -20.7999 0.4987 -0.1894 7.1250 -0.0000 -0.0000 4.5185 -29.4324 1.7198
2.3871 18.7725 3.2279 -167.7970 -67.2965 173.6030 0.0000 0.0000 0.0000 -14.0601 -10.9037 -20.8348 1.6454 8.0847 22.9715 -0.6841 19.1079 -20.4492 0.6270 5.0671 14.1000 0.0000 0.0000 0.0000 29.3130 14.2734 8.3964 -1.5024 -7.7421 21.9334 0.1533 11.8456 -5.9319 -0.0964 -2.0023 5.5120 -1.7385 1.3290 5.0443 -2.7202 1.5651 2.2643 -1.9021 0.7414 -0.4707 -8.1511 -1.0925 -5.4621 3.3718 -2.9155 31.8824 2.2321 -2.4906 11.3938 0.0000 -0.0000 0.0000 -83.7256 3.0363 6.1741 16.4731 -26.1579 -3.8522 -0.0000 -0.0000 7.1612 21.6540 23.0262 8.8272 -7.1250 0.0000 -0.0000 -7.8783 54.3816 -1.8248 0.0000 -0.0000 0.0000 80.9930 -8.3612 32.8324 -20.1650 30.8407 -5.6157 0.0000 0.0000 15.3266 -20.3320 0.9077 -0.3363 7.1250 -0.0000 -0.0000 4.8653 -28.9971 1.9031
2.0678 18.7860 3.2070 -168.7490 -66.9912 174.4760 0.0000 0.0000 0.0000 -14.8856 -10.9344 -19.5270 1.6560 8.1095 23.0473 -0.9216 20.0090 -19.3241 0.0987 2.0260 5.5775 0.0000 0.0000 0.0000 27.7548 12.6593 7.1755 -1.7775 -8.3863 23.8937 0.4119 13.5015 -2.9642 -0.0864 -1.8955 5.2169 -2.2897 1.4480 4.3900 -3.0373 1.7138 2.1171 -1.9123 0.8110 -0.2604 -8.0159 -0.9199 -5.4099 3.3628 -2.7529 32.2949 2.2240 -2.4316 11.5320 0.0000 -0.0000 0.0000 -83.5834 3.1122 5.9096 16.7984 -26.5912 -3.9967 -0.0000 -0.0000 7.4078 22.2727 23.4974 9.2746 -7.1250 0.0000 -0.0000 -7.4168 54.9915 -1.8273 0.0000 -0.0000 0.0000 81.0747 -7.9417 31.4193 -19.6504 30.2189 -5.3543 0.0000 0.0000 15.7897 -19.7951 1.4011 -0.5042 7.1250 -0.0000 -0.0000 5.2598 -28.4756 2.1238
1.7726 18.7820 3.1962 -170.2640 -66.7503 175.6120 0.0000 0.0000 0.0000 -16.1716 -9.9826 -18.9057 1.7602 8.3476 23.7750 -0.5874 18.7270 -20.8627 0.2115 2.9609 8.1700 0.0000 0.0000 0.0000 26.3919 12.6456 6.1071 -2.2635 -9.3946 27.0376 0.5400 13.9249 -0.5002 -0.0316 -1.1474 3.1544 -2.9327 1.5913 4.2740 -3.3092 1.8669 1.9543 -1.8394 0.8813 -0.3717 -8.1769 -0.9013 -5.3695 3.3535 -2.7376 32.5594 2.2507 -2.4635 11.6325 -0.0000 0.0000 0.0000 -83.6825 3.1608 6.4838 16.9133 -26.7433 -4.0482 -0.0000 -0.0000 6.2316 23.5929 23.7778 9.9869 -7.1250 0.0000 -0.0000 -6.1368 55.5521 -1.5937 -0.0000 0.0000 0.0000 81.1899 -7.7896 29.5578 -19.6719 30.2450 -5.3651 0.0000 0.0000 15.5112 -20.0445 1.0169 -0.3710 7.1250 -0.0000 -0.0000 5.0840 -28.8817 2.0032
1.4987 18.7606 3.1882 -170.7260 -66.7266 175.4920 0.0000 0.0000 0.0000 -17.0220 -8.2847 -18.3708 1.8653 8.5796 24.4890 -0.4225 17.2937 -20.1887 0.0964 2.0028 5.5134 0.0000 0.0000 0.0000 24.9295 11.4497 3.8514 -2.9944 -10.6860 31.2280 0.6960 14.6486 4.0017 -0.0104 -0.6570 1.8055 -3.3027 1.4008 4.3039 -3.3826 1.5915 1.9964 -1.6957 0.7386 -0.3559 -8.0388 -0.7133 -5.3308 2.9416 -2.3657 32.4584 2.1125 -2.3287 11.5531 0.0000 -0.0000 0.0000 -83.5993 2.9669 6.0917 16.6481 -26.3915 -3.9296 -0.0000 -0.0000 6.1398 22.8332 23.2255 9.4273 -7.1250 0.0000 -0.0000 -6.7297 54.8214 -1.6289 0.0000 -0.0000 0.0000 81.0891 -7.1354 28.9922 -19.8317 30.4390 -5.4458 0.0000 0.0000 14.3714 -20.2656 1.2489 -0.4611 7.1250 -0.0000 -0.0000 4.9017 -28.6350 1.9597
1.2538 18.7488 3.1814 -172.5860 -66.5242 176.5320 0.0000 0.0000 0.0000 -18.4773 -6.1562 -17.7588 1.9151 8.6869 24.8208 -0.2474 15.9816 -20.0325 0.0998 2.0375 5.6093 0.0000 0.0000 0.0000 23.1725 11.6670 1.4693 -3.9416 -12.0823 36.0237 0.6895 14.7140 8.0459 -0.0637 1.6291 -4.4816 -3.9784 1.5046 4.8413 -3.6540 1.6408 1.8817 -1.6169 0.7577 -0.7845 -7.9600 -0.7090 -4.9455 2.7443 -2.3592 32.3336 2.0262 -2.3460 11.4228 -0.0000 -0.0000 0.0000 -83.2363 2.7836 5.9400 16.1499 -25.7235 -3.7108 -0.0000 -0.0000 7.3114 23.1394 23.0877 9.5132 -7.1250 0.0000 -0.0000 -6.3601 54.7389 -1.5261 -0.0000 -0.0000 0.0000 81.1272 -6.8539 28.3843 -20.3997 31.1209 -5.7365 0.0000 0.0000 13.5008 -20.1912 0.6850 -0.2519 7.1250 -0.0000 -0.0000 4.9855 -29.2338 1.9223
1.0243 18.7265 3.1748 -174.7980 -66.4219 178.0010 0.0000 0.0000 0.0000 -19.8740 -5.0614 -16.7011 1.9338 8.7269 24.9447 -0.1545 15.2798 -20.0053 0.0316 1.1469 3.1532 0.0000 0.0000 0.0000 21.4808 12.6201 -0.8561 -4.9720 -13.3522 40.7018 0.6667 14.6394 8.8927 -0.1974 2.8614 -7.8930 -4.6287 1.4864 5.0414 -4.0319 1.5417 1.8783 -1.6446 0.6981 -0.9064 -7.7110 -0.5961 -4.7098 2.4563 -2.1901 32.3021 1.8939 -2.2829 11.3460 -0.0000 0.0000 0.0000 -82.6700 2.5117 6.4784 15.7038 -25.1174 -3.5193 -0.0000 -0.0000 7.5187 23.1641 23.4410 9.6594 -7.1250 0.0000 -0.0000 -6.4632 55.1126 -1.6098 -0.0000 0.0000 0.0000 81.3086 -6.1217 28.4504 -20.6953 31.4710 -5.8901 0.0000 0.0000 13.1612 -20.7247 0.9114 -0.3448 7.1250 -0.0000 -0.0000 4.5591 -28.9925 1.7831
0.8060 18.7171 3.1530 -176.0160 -66.5206 178.5490 0.0000 0.0000 0.0000 -20.7661 -4.4646 -15.5948 1.9626 8.7878 25.1338 -0.0397 14.7632 -20.5325 0.0305 1.1270 3.0983 0.0000 0.0000 0.0000 20.6028 13.5192 -2.7566 -5.8728 -14.3039 44.4691 0.5750 13.4726 2.6276 -0.3504 3.8033 -10.5239 -5.1436 1.3860 5.1295 -4.1093 1.3666 1.9156 -1.4292 0.6048 -0.9262 -7.6421 -0.4645 -4.4702 2.2304 -2.0099 32.4396 1.8168 -2.2398 11.3396 -0.0000 0.0000 0.0000 -82.3760 2.2270 6.3150 15.3256 -24.5977 -3.3603 -0.0000 -0.0000 8.2429 20.4694 22.5552 8.1482 -7.1250 0.0000 -0.0000 -8.9120 53.6697 -1.9116 -0.0000 0.0000 0.0000 81.0384 -5.5856 29.2712 -21.2899 32.1652 -6.2036 0.0000 0.0000 12.9370 -20.6744 1.0149 -0.3829 7.1250 -0.0000 -0.0000 4.5939 -28.8824 1.8089
0.6006 18.7054 3.1071 -175.7030 -67.1690 177.7330 0.0000 0.0000 0.0000 -20.9038 -4.1704 -14.5435 2.0220 8.9118 25.5198 0.1453 13.7335 -21.1125 0.0457 1.3803 3.7959 0.0000 0.0000 0.0000 20.3202 13.0027 -4.9464 -6.4930 -14.8897 46.9298 0.1203 10.2077 -4.9728 -0.7773 5.6290 -15.7117 -5.1811 1.1466 5.2307 -4.0039 1.0447 1.9130 -1.2817 0.4472 -0.9836 -7.7003 -0.3612 -4.3564 2.2252 -1.9300 32.8478 1.8319 -2.2450 11.4756 0.0000 0.0000 0.0000 -81.9477 2.1868 6.5092 15.2501 -24.4933 -3.3289 -0.0000 -0.0000 8.4248 20.2633 22.7970 8.1407 -7.1250 0.0000 -0.0000 -9.2154 53.8785 -2.0247 0.0000 0.0000 0.0000 81.0456 -5.4942 29.9330 -22.0749 33.0615 -6.6266 0.0000 0.0000 12.6896 -20.9520 0.5980 -0.2290 7.1250 -0.0000 -0.0000 4.3951 -29.3266 1.6837
0.4091 18.6859 3.0570 -175.2180 -68.2818 176.8430 0.0000 0.0000 0.0000 -21.0672 -4.0952 -13.6160 2.0707 9.0117 25.8320 0.2272 13.1814 -21.2621 0.0288 1.0964 3.0141 0.0000 0.0000 0.0000 19.9742 11.8413 -7.2776 -6.7818 -15.1453 48.0440 -0.2477 8.4985 -9.9637 -0.3812 3.9652 -10.9787 -5.3058 0.9488 5.2506 -3.8262 0.7877 1.9761 -1.0127 0.3199 -0.9294 -7.5789 -0.4982 -4.1591 2.1127 -2.1849 33.1657 1.7405 -2.3823 11.5775 0.0000 -0.0000 0.0000 -81.7060 1.9393 6.8256 15.3332 -24.6083 -3.3635 -0.0000 -0.0000 8.1205 19.8063 22.7237 7.9202 -7.1250 0.0000 -0.0000 -9.6511 53.7173 -2.0836 0.0000 -0.0000 0.0000 81.1785 -5.7386 29.9070 -22.9253 34.0070 -7.0965 0.0000 0.0000 12.3173 -20.5112 1.0884 -0.4071 7.1250 -0.0000 -0.0000 4.7178 -28.8046 1.8667
0.2316 18.6594 2.9934 -174.7110 -69.3431 175.9520 0.0000 0.0000 0.0000 -21.0424 -4.2999 -13.0115 2.1955 9.2619 26.6180 0.2094 13.0596 -20.9282 0.0067 -0.5293 -1.4545 0.0000 0.0000 0.0000 19.7997 10.7489 -9.5531 -6.7404 -15.1094 47.8856 -0.5073 8.3755 -13.1256 -0.5371 4.6958 -13.0428 -5.5569 0.8165 5.2725 -3.6161 0.6132 2.1006 -0.6449 0.2302 -0.8137 -7.6339 -0.6544 -4.0308 2.2360 -2.4636 33.2541 1.7668 -2.5060 11.6063 -0.0000 0.0000 0.0000 -81.4086 1.6866 7.1555 15.6058 -24.9833 -3.4778 -0.0000 -0.0000 8.3664 18.8012 22.3876 7.3882 -7.1250 0.0000 -0.0000 -10.5319 53.1893 -2.1404 -0.0000 0.0000 0.0000 81.3635 -6.1519 29.8199 -23.7686 34.9186 -7.5737 0.0000 0.0000 12.4378 -20.2699 1.6255 -0.6002 7.1250 -0.0000 -0.0000 4.8825 -28.2349 1.9984
0.0735 18.6257 2.9237 -173.6400 -70.3912 174.6550 0.0000 0.0000 0.0000 -20.8344 -5.6674 -12.0298 2.3311 9.5242 27.4492 0.3095 13.1028 -21.9898 0.0101 -0.6487 -1.7826 0.0000 0.0000 0.0000 19.7119 9.3135 -12.1010 -6.4906 -14.8875 46.9204 -0.6074 9.8259 -14.5283 -0.7818 5.6451 -15.7579 -5.5671 0.7898 5.2818 -3.4305 0.5926 2.2348 -0.4458 0.2175 -0.6815 -7.8165 -0.9065 -3.7274 2.6028 -2.9037 32.9926 1.8928 -2.6704 11.4741 -0.0000 0.0000 0.0000 -80.9983 1.1524 8.1731 16.0115 -25.5362 -3.6509 -0.0000 -0.0000 7.4223 19.0997 22.2990 7.4853 -7.1250 0.0000 -0.0000 -10.1970 53.1541 -2.0624 -0.0000 0.0000 0.0000 81.7575 -6.5419 29.2953 -24.2758 35.4545 -7.8660 0.0000 0.0000 12.6479 -20.0242 2.5879 -0.9428 7.1250 -0.0000 -0.0000 5.0351 -27.2164 2.1826
-0.0784 18.5847 2.8586 -175.1540 -71.3338 175.8020 0.0000 0.0000 0.0000 -21.4933 -5.1873 -11.6382 2.4545 9.7548 28.1863 0.5943 11.2532 -22.6691 0.0053 0.4691 1.2891 0.0000 0.0000 0.0000 18.4304 7.8318 -14.7052 -6.1501 -14.5723 45.5814 -0.5632 12.3262 -14.8709 -0.7706 5.6054 -15.6437 -6.2315 0.8417 5.3990 -3.5536 0.6088 2.3184 -0.2059 0.2154 -0.6655 -7.8994 -1.1022 -3.5343 2.8200 -3.2473 32.9558 1.9543 -2.8082 11.4476 -0.0000 0.0000 0.0000 -80.5059 1.2500 9.4504 16.8124 -26.6098 -4.0029 -0.0000 -0.0000 6.1925 20.4163 22.4560 8.0920 -7.1250 0.0000 -0.0000 -8.9281 53.5581 -1.8907 -0.0000 0.0000 0.0000 82.0842 -6.9577 29.3963 -24.5936 35.7857 -8.0510 0.0000 0.0000 12.4830 -20.2752 3.7461 -1.3826 7.1250 -0.0000 -0.0000 4.8088 -25.9829 2.2234
-0.2048 18.5429 2.7806 -177.8110 -72.4905 178.1570 0.0000 0.0000 0.0000 -22.3168 -5.2188 -11.0195 2.4528 9.7516 28.1761 0.7469 9.9571 -22.8154 0.0164 0.8258 2.2696 0.0000 0.0000 0.0000 16.8217 6.5083 -17.5921 -5.8548 -14.2862 44.3962 -0.6011 13.3033 -15.5761 -0.6152 5.0197 -13.9646 -7.2285 0.9073 5.8970 -3.7517 0.5676 2.2379 0.1384 0.1937 -1.0311 -8.0162 -1.3227 -3.2639 2.8810 -3.5925 32.9829 1.9640 -2.9731 11.4325 -0.0000 0.0000 0.0000 -79.6668 1.6094 11.2753 17.6215 -27.6698 -4.3720 -0.0000 -0.0000 4.7521 18.6016 22.2535 7.2637 -7.1250 0.0000 -0.0000 -10.6787 53.0172 -2.1256 -0.0000 0.0000 0.0000 82.2868 -7.4414 29.3936 -24.7512 35.9486 -8.1434 0.0000 0.0000 12.3951 -20.3912 4.2987 -1.5960 7.1250 -0.0000 -0.0000 4.7086 -25.3929 2.2417
-0.3325 18.5376 2.7008 -179.3500 -73.5692 179.3720 0.0000 0.0000 0.0000 -22.8315 -5.4184 -9.8471 2.3572 9.5736 27.6066 0.6950 10.0815 -22.4622 0.0002 -0.0952 -0.2617 0.0000 0.0000 0.0000 15.6508 6.5739 -19.4555 -5.4553 -13.8789 42.7543 -0.8264 12.2474 -17.1773 -0.8125 5.7523 -16.0673 -7.6757 0.9593 6.2247 -3.7871 0.5748 2.3925 0.3456 0.1888 -1.0569 -8.2895 -1.4417 -3.0394 2.9830 -3.7612 32.9345 2.0359 -3.0655 11.3896 -0.0000 -0.0000 0.0000 -79.3164 1.4275 11.5533 18.0845 -28.2653 -4.5892 -0.0000 -0.0000 5.0500 19.9780 22.7195 7.9924 -7.1250 0.0000 -0.0000 -9.4752 53.7454 -2.0516 -0.0000 -0.0000 0.0000 82.2756 -7.5155 29.5148 -24.6878 35.8831 -8.1062 0.0000 0.0000 13.0100 -21.6984 4.9641 -1.9721 7.1250 -0.0000 -0.0000 3.7188 -24.6395 1.8335
-0.4586 18.5570 2.6133 -180.2510 -74.6419 180.1210 0.0000 0.0000 0.0000 -22.9900 -5.2010 -8.7239 2.1878 9.2468 26.5704 0.7231 9.3287 -22.0396 0.0002 0.0820 0.2254 0.0000 0.0000 0.0000 14.4269 8.0756 -20.5891 -4.9445 -13.3211 40.5826 -0.8994 11.7111 -17.6486 -0.8811 5.9839 -16.7377 -7.6092 1.0366 6.4689 -3.9615 0.6484 2.4835 0.1204 0.2215 -1.1009 -8.0737 -1.5752 -2.8534 2.8824 -3.9892 33.1473 1.9393 -3.1616 11.4470 -0.0000 -0.0000 0.0000 -78.7156 1.0170 12.0010 18.1757 -28.3815 -4.6324 -0.0000 -0.0000 4.7604 13.8208 18.5101 4.4658 -7.1250 0.0000 -0.0000 -13.8936 48.4990 -1.2209 -0.0000 -0.0000 0.0000 82.4615 -7.7758 29.5302 -24.7902 35.9888 -8.1663 0.0000 0.0000 13.3798 -21.8946 5.5085 -2.2093 7.1250 -0.0000 -0.0000 3.5705 -24.0476 1.8090
-0.5808 18.5777 2.5020 -183.5380 -75.9470 183.7300 0.0000 0.0000 0.0000 -23.6643 -5.7736 -7.8680 1.9922 8.8499 25.3269 0.6730 9.1774 -21.4353 0.0000 -0.0150 -0.0412 0.0000 0.0000 0.0000 12.1452 9.9683 -22.1089 -4.4191 -12.6981 38.2486 -0.7996 11.6715 -16.7913 -0.7514 5.5367 -15.4458 -8.5091 1.0008 6.1828 -4.0180 0.5725 2.4816 0.5670 0.1726 -0.9446 -8.2526 -1.6463 -3.2105 2.8887 -4.0791 33.7698 1.9580 -3.2365 11.7847 -0.0000 -0.0000 0.0000 -78.6573 0.8163 11.5016 18.3002 -28.5398 -4.6918 -0.0000 -0.0000 4.2725 23.6906 23.6297 9.9746 -7.1250 0.0000 -0.0000 -5.9786 55.4173 -1.5328 -0.0000 -0.0000 0.0000 82.0646 -8.0888 29.7102 -25.0327 36.2374 -8.3093 0.0000 0.0000 12.8016 -22.6273 5.7354 -2.3853 7.1250 -0.0000 -0.0000 3.0266 -23.7711 1.5519
-0.7046 18.6000 2.3794 -184.8910 -77.7104 185.1010 0.0000 0.0000 0.0000 -23.5823 -6.1906 -6.7547 1.8393 8.5230 24.3143 0.6823 8.4842 -20.9164 0.0014 0.2391 0.6568 0.0000 0.0000 0.0000 10.5197 11.4072 -22.6286 -3.8218 -11.9194 35.4476 -0.7434 11.2004 -16.1709 -0.9978 6.3570 -17.8237 -8.4841 1.0295 6.3993 -4.0205 0.5916 2.5409 0.5472 0.1833 -1.0046 -7.8315 -1.8766 -3.1086 2.5926 -4.3875 33.9571 1.7413 -3.3536 11.8456 -0.0000 -0.0000 0.0000 -78.5558 0.8054 11.9266 18.1507 -28.3497 -4.6206 -0.0000 -0.0000 4.5662 23.7180 23.7734 10.0434 -7.1250 0.0000 -0.0000 -6.0028 55.5733 -1.5618 -0.0000 -0.0000 0.0000 82.0401 -8.4193 28.7113 -25.0815 36.2872 -8.3381 0.0000 0.0000 13.1843 -22.7407 6.8374 -2.8567 7.1250 -0.0000 -0.0000 2.9538 -22.5753 1.5956
-0.8338 18.6336 2.2515 -184.1230 -79.8920 183.9890 0.0000 0.0000 0.0000 -22.9164 -6.1122 -5.4611 1.7118 8.2381 23.4395 0.6728 7.4617 -19.9642 0.0014 -0.2377 -0.6531 0.0000 0.0000 0.0000 9.4054 13.1016 -21.8711 -3.1874 -10.9924 32.2544 -0.7074 9.0336 -15.3415 -0.7351 5.4774 -15.2755 -8.0549 0.8304 7.0733 -3.7392 0.3072 2.7392 0.6189 0.0481 -1.1528 -7.6936 -1.9797 -2.8858 2.5279 -4.5135 33.7942 1.6859 -3.3854 11.7368 0.0000 -0.0000 0.0000 -78.6587 0.8322 11.8171 17.8287 -27.9372 -4.4687 -0.0000 -0.0000 4.2391 24.5031 23.7741 10.4116 -7.1250 0.0000 -0.0000 -5.1692 55.7375 -1.3646 0.0000 -0.0000 0.0000 81.7682 -8.5665 28.1431 -25.0626 36.2679 -8.3269 0.0000 0.0000 13.2818 -23.5763 6.6370 -2.8875 7.1250 -0.0000 -0.0000 2.3368 -22.7462 1.2525
-0.9700 18.6798 2.1041 -184.9300 -82.0994 184.9780 0.0000 0.0000 0.0000 -22.4891 -7.0467 -4.2420 1.5438 7.8430 22.2383 0.6514 6.9199 -19.3085 0.0034 -0.3745 -1.0289 0.0000 0.0000 0.0000 7.8792 14.2172 -21.8402 -2.6611 -10.1250 29.3825 -0.5371 5.8093 -13.0838 -0.5189 4.6166 -12.8182 -7.9324 0.6003 7.2563 -3.6061 0.0048 2.7705 0.7130 -0.0970 -1.2007 -7.5337 -2.0243 -2.9797 2.7178 -4.6274 33.8973 1.7176 -3.3858 11.8039 0.0000 -0.0000 0.0000 -78.7426 0.8826 11.0897 17.3526 -27.3202 -4.2479 -0.0000 -0.0000 5.0254 23.4530 23.2422 9.7149 -7.1250 0.0000 -0.0000 -6.0876 54.9633 -1.4936 0.0000 -0.0000 0.0000 81.6737 -8.6516 26.6355 -24.8832 36.0843 -8.2210 0.0000 0.0000 14.9984 -22.7520 8.0081 -3.3437 7.1250 -0.0000 -0.0000 2.9657 -21.3106 1.6873
-1.1140 18.7096 1.9373 -181.8550 -84.5475 182.2550 0.0000 0.0000 0.0000 -21.3036 -7.5396 -3.4339 1.3909 7.4617 21.0906 0.6740 5.4064 -18.4077 0.0019 -0.2824 -0.7760 0.0000 0.0000 0.0000 6.8832 15.6052 -21.2558 -2.1614 -9.1946 26.4059 -0.4239 2.3356 -11.7142 -0.6930 5.3215 -14.8279 -7.1834 0.4320 7.3782 -3.3879 -0.1581 2.6973 0.5379 -0.1610 -1.3361 -7.4304 -2.1901 -2.8325 3.0001 -4.9346 33.8135 1.7782 -3.4638 11.7629 -0.0000 -0.0000 0.0000 -78.7889 1.2071 10.9282 16.9556 -26.7992 -4.0673 -0.0000 -0.0000 5.8108 23.5681 23.4760 9.8582 -7.1250 0.0000 -0.0000 -6.0515 55.2314 -1.5242 -0.0000 -0.0000 0.0000 81.4324 -9.0853 25.9766 -24.7786 35.9768 -8.1595 0.0000 0.0000 14.3070 -23.1184 7.9586 -3.3828 7.1250 -0.0000 -0.0000 2.6989 -21.3403 1.5334
-1.2678 18.7346 1.7309 -174.0170 -87.0575 174.6220 0.0000 0.0000 0.0000 -20.0707 -8.3093 -2.3791 1.2316 7.0381 19.8282 0.6323 4.4432 -17.2917 0.0148 -0.7848 -2.1569 0.0000 0.0000 0.0000 5.6699 18.4929 -19.8078 -1.7916 -8.4179 23.9907 -0.4070 0.7528 -11.8119 -0.1383 2.3968 -6.6035 -6.8151 0.3174 7.3767 -3.0233 -0.2530 2.7941 0.7187 -0.2053 -1.2289 -7.3913 -2.4110 -2.8114 3.1365 -5.2375 33.6840 1.7941 -3.5554 11.7287 0.0000 0.0000 0.0000 -78.8595 1.3354 10.8087 16.5131 -26.2114 -3.8698 -0.0000 -0.0000 5.7983 23.7595 23.4037 9.9181 -7.1250 0.0000 -0.0000 -5.8237 55.1948 -1.4614 0.0000 0.0000 0.0000 81.1173 -9.3153 25.3469 -24.5845 35.7762 -8.0457 0.0000 0.0000 14.1535 -23.7573 7.5211 -3.2974 7.1250 -0.0000 -0.0000 2.2238 -21.7738 1.2412
-1.4539 18.7508 1.4997 -266.7890 -88.1248 268.1150 0.0000 0.0000 0.0000 -21.6091 -8.6545 -1.1975 0.9019 6.0524 16.9364 0.5016 3.4977 -15.1153 0.0845 -1.8750 -5.1603 0.0000 0.0000 0.0000 0.9596 22.8639 -18.7432 -1.6501 -8.0957 23.0051 -0.3753 0.6754 -11.3550 -0.0673 1.6731 -4.6032 -9.3551 0.1592 6.6967 -3.2866 -0.5786 2.7487 1.8730 -0.3972 -0.8451 -7.3357 -2.5020 -2.7186 3.3314 -5.3606 33.3991 1.8507 -3.5554 11.6053 0.0000 0.0000 0.0000 -79.0661 1.6150 10.0611 16.0380 -25.5721 -3.6623 -0.0000 -0.0000 6.4001 23.8463 23.5545 10.0174 -7.1250 0.0000 -0.0000 -5.7867 55.3706 -1.4768 0.0000 0.0000 0.0000 80.7623 -9.4478 24.9243 -24.2160 35.3918 -7.8313 0.0000 0.0000 14.1224 -24.1253 7.5942 -3.3872 7.1250 -0.0000 -0.0000 1.9579 -21.6704 1.0972
-1.6457 18.7704 1.2624 -335.4560 -86.8909 337.0600 0.0000 0.0000 0.0000 -20.1217 -10.2743 -0.5717 0.8990 6.0427 16.9085 0.5351 2.4406 -14.9211 0.1242 -2.2718 -6.2576 0.0000 0.0000 0.0000 0.2620 26.9114 -15.7262 -1.3141 -7.2611 20.4912 -0.2323 1.3252 -8.7341 -0.2569 3.2610 -9.0064 -8.5954 -0.0167 6.6029 -2.9114 -0.7208 2.7813 1.8518 -0.4591 -0.7510 -7.7531 -2.7205 -2.6703 3.6075 -5.6310 33.2474 2.0026 -3.6711 11.5771 -0.0000 -0.0000 0.0000 -79.1942 1.9442 9.2000 15.5758 -24.9421 -3.4651 -0.0000 -0.0000 7.0190 23.8753 23.6076 10.0517 -7.1250 0.0000 -0.0000 -5.7753 55.4323 -1.4825 -0.0000 -0.0000 0.0000 80.5423 -9.6869 24.1784 -23.8344 34.9887 -7.6114 0.0000 0.0000 14.1732 -24.4809 8.1355 -3.6868 7.1250 -0.0000 -0.0000 1.7170 -21.0547 0.9859
-1.8462 18.7529 1.0128 -357.1100 -84.0650 358.1330 0.0000 0.0000 0.0000 -18.1676 -11.1660 0.4861 0.9195 6.1096 17.1027 0.5787 0.8255 -14.6936 0.2251 -3.0539 -8.4288 0.0000 0.0000 0.0000 1.4658 29.0883 -12.1430 -1.1167 -6.7131 18.8680 -0.0899 4.3740 -5.7395 -0.5307 4.6680 -12.9639 -7.0514 -0.2786 7.2728 -2.5643 -1.0045 3.0120 1.3820 -0.5867 -0.8829 -7.7073 -2.7031 -2.9571 3.9539 -5.6880 33.6296 2.1162 -3.6437 11.8024 0.0000 0.0000 0.0000 -79.1770 2.2442 7.6861 15.0210 -24.1754 -3.2345 -0.0000 -0.0000 8.1078 22.4682 23.6696 9.4268 -7.1250 0.0000 -0.0000 -7.2791 55.2093 -1.8317 0.0000 0.0000 0.0000 80.3513 -10.0242 23.8687 -23.6375 34.7786 -7.4988 0.0000 0.0000 14.2494 -24.3261 7.7058 -3.4688 7.1250 -0.0000 -0.0000 1.8151 -21.5352 1.0226
-2.0739 18.7181 0.7252 -361.7160 -80.8587 362.9150 0.0000 0.0000 0.0000 -16.4333 -13.1551 0.8705 0.9657 6.2569 17.5316 0.6343 -0.4940 -14.8873 0.1928 -2.8279 -7.7999 0.0000 0.0000 0.0000 2.6905 30.7145 -9.7672 -1.0600 -6.5461 18.3773 0.0366 6.5837 -3.6129 -0.7258 5.4434 -15.1776 -5.9169 -0.4308 6.8797 -2.3844 -1.0727 3.1859 0.9348 -0.6207 -0.5008 -7.9234 -2.8003 -3.0494 4.6762 -5.9364 33.5395 2.4024 -3.6745 11.8321 0.0000 -0.0000 0.0000 -78.6435 2.3580 7.3610 14.5946 -23.5783 -3.0619 -0.0000 -0.0000 8.0917 22.6475 23.7004 9.5204 -7.1250 0.0000 -0.0000 -7.1031 55.2777 -1.7989 0.0000 -0.0000 0.0000 80.5884 -10.1865 23.2706 -23.2810 34.3947 -7.2964 0.0000 0.0000 14.0987 -25.5787 6.6318 -3.1641 7.1250 -0.0000 -0.0000 0.8655 -22.6350 0.4658
-2.3255 18.6738 0.4113 -361.0270 -77.2940 362.6130 0.0000 0.0000 0.0000 -15.0473 -14.2904 0.4523 1.0205 6.4265 18.0271 0.6467 -2.5080 -14.5438 0.2633 -3.3009 -9.1175 0.0000 0.0000 0.0000 4.0202 30.9749 -7.7398 -1.1086 -6.6894 18.7985 0.1561 8.8214 -2.5206 -0.2693 3.3380 -9.2212 -5.4056 -0.7133 6.2813 -2.3370 -1.3566 3.2449 0.7065 -0.7627 -0.1031 -7.7843 -2.9474 -3.2805 4.6965 -6.0919 33.5900 2.3682 -3.6974 11.9088 0.0000 -0.0000 0.0000 -78.3469 2.5600 6.0512 14.1564 -22.9578 -2.8888 -0.0000 -0.0000 9.0223 23.5658 23.2601 9.7733 -7.1250 0.0000 -0.0000 -5.9757 55.0050 -1.4721 0.0000 -0.0000 0.0000 80.7738 -10.5680 22.7615 -23.0344 34.1264 -7.1576 0.0000 0.0000 14.2428 -26.2013 6.7421 -3.3064 7.1250 -0.0000 -0.0000 0.4128 -22.4740 0.2236
-2.5798 18.6164 0.0543 -357.3860 -73.4553 359.7030 0.0000 0.0000 0.0000 -14.3467 -16.0550 0.3427 0.9522 6.2141 17.4068 0.5815 -4.7103 -13.5760 0.1636 -2.6061 -7.1840 0.0000 0.0000 0.0000 4.8028 30.4268 -6.6102 -1.2282 -7.0286 19.8003 -0.1974 6.3777 -8.4790 -0.2574 3.2641 -9.0150 -5.9821 -0.9901 5.9021 -2.4871 -1.7298 3.0174 0.8886 -0.9473 -0.0934 -7.0925 -3.0099 -2.6345 3.8483 -5.9114 32.7668 1.9650 -3.5933 11.3796 -0.0000 -0.0000 0.0000 -77.6881 3.1709 5.3713 13.9931 -22.7248 -2.8254 -0.0000 -0.0000 9.5923 23.6479 23.3158 9.8325 -7.1250 0.0000 -0.0000 -5.9096 55.0799 -1.4665 -0.0000 -0.0000 0.0000 81.0799 -11.1507 22.1997 -22.7969 33.8659 -7.0248 0.0000 0.0000 13.9049 -25.4027 6.7169 -3.1793 7.1250 -0.0000 -0.0000 0.9975 -22.5519 0.5388
-2.8212 18.5635 -0.3019 -358.3800 -70.2262 360.8400 0.0000 0.0000 0.0000 -12.4397 -16.8043 0.0885 0.9160 6.0981 17.0694 0.5081 -6.2778 -12.7807 0.4048 -4.0846 -11.3149 0.0000 0.0000 0.0000 7.3363 29.3143 -5.5774 -1.2926 -7.2036 20.3201 -0.4674 4.2604 -12.1628 -0.2541 3.2434 -8.9572 -4.8879 -0.9080 6.0195 -2.2958 -1.5610 2.9865 0.4711 -0.8451 -0.2282 -7.6962 -3.2234 -2.7504 4.0030 -6.1010 32.8352 2.1093 -3.7047 11.4746 -0.0000 0.0000 0.0000 -76.9492 3.1521 5.5446 13.8314 -22.4931 -2.7633 -0.0000 -0.0000 9.6584 23.6180 22.9753 9.6859 -7.1250 0.0000 -0.0000 -5.8200 54.7170 -1.3927 -0.0000 0.0000 0.0000 81.0768 -11.6778 21.8961 -22.5180 33.5575 -6.8700 0.0000 0.0000 13.3289 -25.8903 5.7750 -2.7960 7.1250 -0.0000 -0.0000 0.6079 -23.5656 0.3142
-3.0309 18.5280 -0.6496 -357.6820 -67.7022 360.3580 0.0000 0.0000 0.0000 -11.3839 -18.4831 0.4726 0.8523 5.8879 16.4595 0.4606 -6.8076 -12.2777 0.3311 -3.6981 -10.2288 0.0000 0.0000 0.0000 8.9654 29.3813 -4.9077 -1.4367 -7.5783 21.4403 -0.6689 2.8444 -14.7442 -0.0819 1.8460 -5.0803 -3.8475 -0.7571 6.2297 -2.5567 -1.3180 3.0562 -0.3884 -0.7115 -0.3162 -7.6640 -3.1086 -2.8798 4.0199 -5.8596 32.8420 2.1391 -3.5632 11.4845 0.0000 -0.0000 0.0000 -76.1271 3.1652 4.6084 14.1611 -22.9646 -2.8907 -0.0000 -0.0000 9.2072 27.0401 22.3167 10.9687 -7.1250 0.0000 -0.0000 -2.0039 54.7111 -0.4782 0.0000 -0.0000 0.0000 81.3073 -11.5594 22.1260 -21.9692 32.9422 -6.5691 0.0000 0.0000 12.8787 -25.8169 5.3756 -2.5951 7.1250 -0.0000 -0.0000 0.6504 -24.0122 0.3295
-3.1539 18.5244 -0.9750 -358.2610 -65.4002 360.9510 0.0000 0.0000 0.0000 -10.1452 -20.0332 -0.0688 0.9166 6.1002 17.0754 0.4332 -5.9323 -11.8104 0.5176 -4.6111 -12.8026 0.0000 0.0000 0.0000 10.0404 27.3185 -6.3761 -1.6720 -8.1466 23.1603 -0.6730 3.7487 -14.6797 -0.0723 1.7347 -4.7731 -2.7657 -0.6127 7.1785 -2.0457 -1.0917 3.2703 -0.4698 -0.5879 -0.6386 -7.7758 -2.9100 -2.7252 3.6054 -5.3360 32.4064 2.0690 -3.3483 11.2355 -0.0000 0.0000 0.0000 -76.9657 2.9068 3.3721 14.8150 -23.8878 -3.1507 -0.0000 -0.0000 9.7078 26.6030 22.6400 10.9121 -7.1250 0.0000 -0.0000 -2.5616 54.9688 -0.6274 -0.0000 0.0000 0.0000 79.8298 -10.6944 23.5849 -21.1865 32.0454 -6.1486 0.0000 0.0000 12.0041 -26.2939 4.7213 -2.3289 7.1250 -0.0000 -0.0000 0.2761 -24.7165 0.1353
-3.2526 18.5324 -1.2737 -360.1100 -62.5287 363.1120 0.0000 0.0000 0.0000 -7.9004 -19.4650 -3.1411 1.1307 6.7537 18.9876 0.3381 -6.5991 -10.6531 0.7939 -5.6874 -15.8801 0.0000 0.0000 0.0000 11.7348 25.7550 -7.5757 -1.8097 -8.4578 24.1135 -0.6919 3.0234 -14.9776 -0.0407 1.3016 -3.5792 -0.9112 -0.7639 7.4840 -1.3442 -1.1582 3.4793 -0.7797 -0.6060 -0.6151 -7.0922 -2.6886 -2.5823 2.6955 -4.7364 31.7517 1.6865 -3.0526 10.8664 -0.0000 -0.0000 0.0000 -78.2050 3.1951 4.1830 15.8638 -25.3356 -3.5875 -0.0000 -0.0000 6.3556 27.1097 22.9037 11.2680 -7.1250 0.0000 -0.0000 -2.0967 55.3584 -0.5333 -0.0000 -0.0000 0.0000 78.1074 -9.6386 24.5864 -20.5901 31.3467 -5.8352 0.0000 0.0000 12.1259 -25.5780 3.6200 -1.7310 7.1250 -0.0000 -0.0000 0.7913 -25.9676 0.3650
-3.3571 18.5879 -1.5902 -357.0030 -58.5043 360.9550 0.0000 0.0000 0.0000 -8.4932 -19.6793 -5.6760 1.1757 6.8820 19.3663 0.1712 -4.9980 -7.6398 0.2074 -2.9319 -8.0893 0.0000 0.0000 0.0000 11.1865 25.9317 -7.8989 -1.9890 -8.8430 25.3055 -0.8007 -0.6789 -17.1668 -0.0379 1.2571 -3.4565 -1.9587 -0.9889 7.7330 -1.2000 -1.5291 3.6122 -0.0122 -0.8032 -0.5861 -6.9690 -2.7652 -2.2959 3.1010 -4.9345 31.4932 1.8025 -3.0618 10.7264 -0.0000 -0.0000 0.0000 -79.0556 3.9308 6.3014 17.1386 -27.0401 -4.1501 -0.0000 -0.0000 4.9617 26.8804 22.3746 10.9213 -7.1250 0.0000 -0.0000 -2.1899 54.7406 -0.5242 -0.0000 -0.0000 0.0000 76.9035 -8.8830 22.8191 -20.0903 30.7510 -5.5774 0.0000 0.0000 14.3985 -24.4055 5.2220 -2.3648 7.1250 -0.0000 -0.0000 1.6982 -24.2489 0.8513
-3.4463 18.6403 -1.8772 -356.2050 -54.6446 360.6630 0.0000 0.0000 0.0000 -8.3607 -18.9585 -8.4574 1.2743 7.1545 20.1738 0.0893 -3.4342 -5.4769 0.0033 -0.3702 -1.0173 0.0000 0.0000 0.0000 11.6601 25.6547 -7.9040 -2.0795 -9.0298 25.8887 -0.8217 -3.7848 -18.9002 -0.0140 0.7645 -2.1009 -1.8708 -1.2492 8.2330 -0.8964 -1.8733 3.7272 0.2893 -0.9749 -0.7309 -6.8133 -2.8545 -2.2963 3.5184 -5.1649 31.5929 1.9083 -3.0869 10.7836 -0.0000 0.0000 0.0000 -79.2496 4.0817 8.6571 17.5519 -27.5796 -4.3398 -0.0000 -0.0000 5.8750 26.8687 21.5551 10.5443 -7.1250 0.0000 -0.0000 -1.9788 53.8541 -0.4309 -0.0000 0.0000 0.0000 75.3984 -8.6957 22.1636 -20.2688 30.9648 -5.6690 0.0000 0.0000 13.6426 -24.7390 4.9035 -2.2555 7.1250 -0.0000 -0.0000 1.4438 -24.5837 0.7125
-3.4880 18.6678 -2.1367 -358.1940 -51.2771 363.1100 0.0000 0.0000 0.0000 -6.4624 -17.8627 -11.7413 1.3714 7.4113 20.9398 0.0613 -2.2544 -4.4346 0.0399 -1.2887 -3.5434 0.0000 0.0000 0.0000 13.3832 24.6792 -8.8272 -2.0499 -8.9692 25.6990 -0.7266 -5.9702 -19.3599 -0.0064 0.5148 -1.4147 0.2476 -1.4144 8.2394 -0.2359 -1.9182 3.7047 -0.2134 -0.9774 -0.8041 -6.8067 -3.0552 -2.2890 4.0660 -5.5526 31.4831 2.0715 -3.1813 10.7786 -0.0000 -0.0000 0.0000 -79.0163 4.0314 11.1472 17.6677 -27.7295 -4.3935 -0.0000 -0.0000 8.9517 27.7788 19.9971 10.2117 -7.1250 0.0000 -0.0000 -0.6609 52.3367 -0.1194 -0.0000 -0.0000 0.0000 75.0282 -7.8764 18.7886 -20.0283 30.6764 -5.5458 0.0000 0.0000 14.1133 -24.2385 6.0474 -2.7156 7.1250 -0.0000 -0.0000 1.8372 -23.3535 0.9589
-3.5658 18.7279 -2.3169 -356.0250 -49.0428 361.3120 0.0000 0.0000 0.0000 -8.1207 -17.2627 -11.2978 1.2085 6.9742 19.6389 0.0838 -0.4319 -5.3292 0.0015 -0.2481 -0.6817 0.0000 0.0000 0.0000 12.5149 23.2716 -8.5984 -2.0142 -8.8956 25.4693 -0.6954 -6.9180 -19.7579 -0.0059 0.4960 -1.3630 -0.5455 -1.2832 8.4873 -0.3106 -1.8059 3.7971 0.1492 -0.9289 -0.8227 -6.9364 -2.8056 -2.2587 4.5601 -5.3123 31.7765 2.3052 -3.0260 10.8858 0.0000 -0.0000 0.0000 -79.0361 4.8000 12.5256 18.4027 -28.6697 -4.7408 -0.0000 -0.0000 10.5608 28.7619 21.2253 11.2393 -7.1250 0.0000 -0.0000 0.0978 53.8751 0.0213 0.0000 -0.0000 0.0000 73.3629 -8.1663 18.4262 -20.2978 30.9995 -5.6840 0.0000 0.0000 11.4819 -24.6633 4.4020 -2.0185 7.1250 -0.0000 -0.0000 1.4931 -25.1378 0.7177
-3.6068 18.7618 -2.5053 -355.3500 -47.2799 360.9070 0.0000 0.0000 0.0000 -8.3460 -16.6918 -11.2650 1.1377 6.7737 19.0468 0.1115 1.2098 -6.8731 0.0381 -1.2603 -3.4653 0.0000 0.0000 0.0000 12.4686 22.7183 -8.6844 -1.9835 -8.8317 25.2702 -0.6317 -8.0497 -20.0413 -0.0004 0.1354 -0.3720 -0.6777 -0.9860 8.8560 -0.2184 -1.4228 3.8123 0.2914 -0.7388 -1.0064 -7.1389 -3.1621 -2.0504 4.9636 -5.9200 31.9974 2.4345 -3.2760 10.9961 -0.0000 0.0000 0.0000 -78.7352 5.2499 13.2096 18.9316 -29.3336 -4.9973 -0.0000 -0.0000 10.5130 28.8727 20.5418 10.9505 -7.1250 0.0000 -0.0000 0.3615 53.1459 0.0724 -0.0000 0.0000 0.0000 71.6405 -8.9826 19.6068 -21.5280 32.4395 -6.3308 0.0000 0.0000 8.2510 -25.2325 3.2603 -1.5352 7.1250 -0.0000 -0.0000 1.0491 -26.3762 0.4739
-3.6382 18.7797 -2.6750 -355.7340 -45.6395 361.6200 0.0000 0.0000 0.0000 -7.6577 -15.0874 -12.2703 1.1853 6.9091 19.4464 0.1084 1.7703 -7.1369 0.1303 -2.3264 -6.4087 0.0000 0.0000 0.0000 12.9858 22.3993 -9.2571 -1.9748 -8.8135 25.2135 -0.5711 -9.0153 -20.2881 -0.0019 -0.2779 0.7636 -0.2630 -0.9542 8.7502 0.0341 -1.3394 3.7894 0.3090 -0.6938 -0.9761 -6.8754 -2.9919 -1.7399 4.6211 -5.5968 31.9562 2.3034 -3.1285 10.8762 0.0000 0.0000 0.0000 -78.4844 5.6014 13.0672 19.1669 -29.6255 -5.1131 -0.0000 -0.0000 8.8685 29.0397 20.5541 11.0305 -7.1250 0.0000 -0.0000 0.5342 53.1925 0.1077 0.0000 0.0000 0.0000 70.7789 -7.4171 17.3658 -20.1775 30.8556 -5.6221 0.0000 0.0000 10.2079 -26.3331 3.5549 -1.7578 7.1250 -0.0000 -0.0000 0.2178 -26.0145 0.1002
-3.6472 18.7992 -2.8252 -354.7950 -44.0937 361.4070 0.0000 0.0000 0.0000 -7.9214 -14.6867 -12.7575 1.2807 7.1716 20.2246 0.0915 3.0854 -7.7030 0.0033 0.3698 1.0161 0.0000 0.0000 0.0000 12.2897 22.1518 -10.1535 -2.0430 -8.9550 25.6546 -0.5404 -9.8131 -20.7344 -0.0035 -0.3818 1.0491 -0.5600 -0.7294 8.6115 -0.2951 -1.0672 3.7779 0.1091 -0.5575 -0.9145 -6.5021 -2.9604 -1.3722 4.9156 -5.6783 31.9619 2.3474 -3.0886 10.8069 0.0000 -0.0000 0.0000 -77.8574 6.4616 13.0134 20.5636 -31.3154 -5.8214 -0.0000 -0.0000 7.0141 27.7249 21.9686 11.1232 -7.1250 0.0000 -0.0000 -1.1820 54.4751 -0.2752 0.0000 -0.0000 0.0000 70.3219 -7.1300 16.4538 -20.5209 31.2648 -5.7993 0.0000 0.0000 10.3502 -26.7963 1.7942 -0.9060 7.1250 -0.0000 -0.0000 -0.1678 -27.9698 -0.0695
-3.6236 18.8049 -2.9391 -354.2410 -42.3577 361.1970 0.0000 0.0000 0.0000 -8.1220 -13.9039 -13.5181 1.5428 7.8406 22.2309 0.0497 3.9630 -7.3907 0.0207 0.9297 2.5553 0.0000 0.0000 0.0000 11.8162 21.8084 -10.5404 -2.1008 -9.0729 26.0236 -0.5584 -10.4478 -21.5319 -0.0183 -0.8737 2.4013 -0.4453 -0.9119 8.5948 -0.3786 -1.3028 4.0752 -0.0234 -0.6756 -0.6013 -6.6380 -2.5211 -1.4377 4.9552 -5.0092 31.9966 2.4536 -2.7838 10.7887 -0.0000 0.0000 0.0000 -77.6795 6.8740 12.8325 21.3992 -32.2914 -6.2618 -0.0000 -0.0000 7.2967 27.8445 21.2138 10.8210 -7.1250 0.0000 -0.0000 -0.8680 53.6781 -0.1852 -0.0000 0.0000 0.0000 69.9259 -6.1136 16.1033 -21.1981 32.0588 -6.1547 0.0000 0.0000 10.2955 -27.3844 3.1543 -1.6327 7.1250 -0.0000 -0.0000 -0.5906 -26.4282 -0.2660
-3.5685 18.7689 -3.0555 -354.3560 -40.6428 361.6590 0.0000 0.0000 0.0000 -8.0223 -11.9541 -15.4882 2.0045 8.8755 25.4066 -0.0108 4.3526 -5.7795 0.0093 -0.6219 -1.7089 0.0000 0.0000 0.0000 11.6444 21.5413 -11.7038 -2.2552 -9.3785 26.9866 -0.5999 -10.9695 -22.4389 -0.0290 -1.0997 3.0232 -0.3848 -1.0887 9.1759 -0.0181 -1.5264 3.9135 0.3489 -0.7864 -1.0786 -7.0986 -2.2824 -1.1600 4.8620 -4.5917 32.0919 2.5476 -2.6542 10.7535 0.0000 -0.0000 0.0000 -77.9380 8.1309 13.3306 23.2813 -34.3950 -7.2966 -0.0000 -0.0000 6.7343 27.4935 21.2139 10.6648 -7.1250 0.0000 -0.0000 -1.2368 53.6083 -0.2618 0.0000 -0.0000 0.0000 68.4240 -6.2947 17.8020 -22.8565 33.9315 -7.0580 0.0000 0.0000 8.5481 -28.4486 4.6047 -2.4906 7.1250 -0.0000 -0.0000 -1.3411 -24.7460 -0.6567
-3.4933 18.7474 -3.1598 -354.4190 -39.0325 362.1700 0.0000 0.0000 0.0000 -7.6472 -11.2439 -17.3190 2.5077 9.8519 28.4985 -0.0514 4.7174 -4.3505 0.0082 0.5838 1.6042 0.0000 0.0000 0.0000 11.2736 21.4661 -12.8033 -2.3680 -9.5938 27.6710 -0.6553 -11.3823 -23.3454 -0.0758 -1.7765 4.8883 -0.7778 -1.7976 9.5959 0.8226 -2.4801 3.6892 1.5499 -1.2659 -1.4773 -9.1327 -1.3055 -0.6590 5.0022 -3.0672 32.3092 3.1089 -2.1952 10.6743 0.0000 0.0000 0.0000 -79.9572 10.1083 12.2638 26.0822 -37.2898 -8.9374 -0.0000 -0.0000 6.1527 27.8865 20.8933 10.6870 -7.1250 0.0000 -0.0000 -0.7487 53.3368 -0.1535 0.0000 0.0000 0.0000 65.6570 -5.6419 20.9707 -24.5147 35.7038 -8.0050 0.0000 0.0000 7.5656 -28.6387 3.8998 -2.1270 7.1250 -0.0000 -0.0000 -1.5146 -25.5382 -0.7139
-3.4010 18.7267 -3.2398 -354.2730 -37.7904 362.4040 0.0000 0.0000 0.0000 -7.7392 -10.1857 -18.5587 2.8574 10.4606 30.4816 -0.0948 5.4522 -2.0682 0.0062 0.5094 1.3996 0.0000 0.0000 0.0000 10.6969 21.3008 -13.8163 -2.4824 -9.8059 28.3504 -0.6861 -11.5225 -23.7522 -0.1057 -2.0964 5.7722 -0.0796 -1.1486 9.8582 0.2063 -1.5756 4.0568 0.4276 -0.8094 -1.3057 -7.2692 -1.8351 -0.3661 4.9927 -3.9681 31.8885 2.6945 -2.3677 10.4808 -0.0000 0.0000 0.0000 -78.1707 9.9465 15.6898 29.0010 -40.0216 -10.7614 -0.0000 -0.0000 5.3431 27.5308 21.2769 10.7109 -7.1250 0.0000 -0.0000 -1.2130 53.6843 -0.2590 -0.0000 0.0000 0.0000 66.5330 -5.9342 19.7412 -26.3715 37.5732 -9.1133 0.0000 0.0000 7.7188 -29.2639 2.5028 -1.4017 7.1250 -0.0000 -0.0000 -2.0469 -27.1100 -0.8898
-3.2978 18.7046 -3.2863 -353.7700 -36.6751 362.4170 0.0000 0.0000 0.0000 -8.3608 -9.3679 -18.9681 2.9358 10.5904 30.9106 -0.1234 6.2295 -1.8560 0.1213 -2.2449 -6.1831 0.0000 0.0000 0.0000 9.7141 21.0407 -14.9183 -2.6379 -10.0845 29.2507 -0.7463 -11.4717 -24.2174 -0.1287 -2.3127 6.3706 -0.2661 -0.9948 10.0299 0.0565 -1.3966 4.4108 0.3575 -0.7239 -1.0336 -6.9832 -1.7855 -0.5621 5.1056 -3.9212 32.0020 2.6917 -2.2881 10.5524 0.0000 -0.0000 0.0000 -78.1012 10.3569 17.1311 32.5508 -42.9819 -13.1148 -0.0000 -0.0000 5.4426 27.6314 20.2769 10.2826 -7.1250 0.0000 -0.0000 -0.8742 52.6144 -0.1638 0.0000 -0.0000 0.0000 66.1427 -5.3473 20.0884 -27.9496 39.0698 -10.0919 0.0000 0.0000 8.7265 -29.7406 2.5643 -1.4642 7.1250 -0.0000 -0.0000 -2.4089 -27.0252 -1.0522
-3.1756 18.6716 -3.3114 -353.4560 -36.0865 362.6350 0.0000 0.0000 0.0000 -8.9366 -8.6603 -18.9224 2.8012 10.3661 30.1707 -0.0921 5.4399 -2.8864 0.4428 -4.2696 -11.8363 0.0000 0.0000 0.0000 8.7640 20.7895 -16.2535 -2.8024 -10.3681 30.1773 -0.7640 -11.3228 -24.2252 -0.1261 -2.2891 6.3054 -0.4028 -0.6594 10.3044 -0.1576 -0.9721 4.5434 0.1708 -0.5129 -1.0507 -6.3589 -1.7511 -0.3456 5.0596 -3.9265 32.1310 2.5701 -2.2193 10.5449 0.0000 -0.0000 0.0000 -77.6113 10.3297 19.0046 36.1558 -45.6200 -15.6337 -0.0000 -0.0000 4.7553 27.5165 20.7493 10.4566 -7.1250 0.0000 -0.0000 -1.1014 53.1074 -0.2197 0.0000 -0.0000 0.0000 65.8487 -5.0395 21.1196 -30.0391 40.9269 -11.4352 0.0000 0.0000 8.3827 -29.4509 4.0645 -2.2918 7.1250 -0.0000 -0.0000 -2.1184 -25.3143 -1.0099
-3.0357 18.6382 -3.3159 -353.3640 -35.5983 363.0370 0.0000 0.0000 0.0000 -9.4115 -8.5080 -18.5999 2.4755 9.7932 28.3095 -0.0559 4.6481 -3.8400 0.6837 -5.2864 -14.7273 0.0000 0.0000 0.0000 7.8769 20.3704 -17.7399 -2.9695 -10.6455 31.0935 -0.7695 -10.9939 -23.9631 -0.1149 -2.1850 6.0172 -0.5270 -0.4838 10.4643 -0.1785 -0.7548 4.7158 0.1956 -0.4074 -0.9590 -6.3729 -1.5782 -0.5819 5.0528 -3.6717 32.5920 2.5997 -2.0991 10.7519 0.0000 0.0000 0.0000 -77.6779 10.6494 20.3301 40.6191 -48.4324 -18.9011 -0.0000 -0.0000 3.7474 26.6633 20.9903 10.1969 -7.1250 0.0000 -0.0000 -2.0473 53.2033 -0.4133 0.0000 0.0000 0.0000 65.2466 -4.3017 22.2168 -31.8439 42.4224 -12.6354 0.0000 0.0000 8.9232 -30.1004 0.3719 -0.2156 7.1250 -0.0000 -0.0000 -2.7741 -29.5446 -1.0466
-2.8777 18.5793 -3.3088 -353.2480 -35.2534 363.4790 0.0000 0.0000 0.0000 -10.0764 -8.1658 -18.3883 2.1908 9.2527 26.5890 -0.0187 3.9529 -4.7609 1.0811 -6.6087 -18.5613 0.0000 0.0000 0.0000 6.8831 20.0542 -19.4768 -3.2042 -11.0184 32.3420 -0.7929 -10.5315 -23.7378 -0.1139 -2.1762 5.9928 -0.8089 -0.3369 10.6156 -0.2415 -0.5909 4.8289 0.2716 -0.3299 -0.9228 -6.5487 -1.3055 -0.2461 5.3219 -3.3262 32.3040 2.7598 -1.9315 10.5557 -0.0000 0.0000 0.0000 -77.6992 10.9028 21.7039 44.8520 -50.6958 -22.1242 -0.0000 -0.0000 3.6156 26.6682 20.4169 9.9379 -7.1250 0.0000 -0.0000 -1.9007 52.5838 -0.3548 -0.0000 0.0000 0.0000 64.8317 -4.3047 23.3541 -34.3787 44.3633 -14.3772 0.0000 0.0000 9.2006 -29.2420 4.2079 -2.3524 7.1250 -0.0000 -0.0000 -1.9543 -25.1598 -0.9386
-2.7056 18.5233 -3.3009 -353.3790 -34.9876 363.9560 0.0000 0.0000 0.0000 -10.5532 -7.8418 -18.6071 2.0529 8.9754 25.7185 0.0267 3.3425 -5.9210 0.9798 -6.3009 -17.6601 0.0000 0.0000 0.0000 6.1059 19.7069 -20.9478 -3.3674 -11.2673 33.1869 -0.8101 -10.1398 -23.5326 -0.1069 -2.1086 5.8059 -1.0741 -0.1420 10.9981 -0.2931 -0.3680 5.0680 0.3438 -0.2250 -0.8833 -6.4679 -1.1650 -0.3617 5.2837 -3.0855 32.1817 2.7511 -1.8057 10.5104 -0.0000 -0.0000 0.0000 -77.5071 10.5150 23.3245 48.7590 -52.4826 -25.1864 -0.0000 -0.0000 3.6434 26.7470 20.5812 10.0466 -7.1250 0.0000 -0.0000 -1.8591 52.7767 -0.3559 -0.0000 -0.0000 0.0000 64.5568 -3.2418 24.4911 -36.3182 45.7308 -15.7499 0.0000 0.0000 9.3941 -29.6834 2.6593 -1.5149 7.1250 -0.0000 -0.0000 -2.3610 -26.9178 -1.0372
-2.5278 18.4815 -3.2954 -353.6470 -34.6518 364.4770 0.0000 0.0000 0.0000 -10.8908 -7.4063 -19.3241 1.9994 8.8649 25.3736 0.1090 2.6210 -7.7742 0.5367 -4.6942 -13.0384 0.0000 0.0000 0.0000 5.5154 19.2194 -22.1384 -3.4592 -11.4037 33.6536 -0.7597 -10.0351 -23.0000 -0.0771 -1.7909 4.9280 -1.2660 0.1315 11.4241 -0.3445 -0.0369 5.3142 0.3606 -0.0656 -0.8624 -6.2432 -1.1810 -0.1812 5.1395 -3.0510 31.7716 2.6568 -1.7682 10.3102 0.0000 -0.0000 0.0000 -76.9262 9.4870 25.4483 51.8524 -53.7158 -27.6605 -0.0000 -0.0000 3.3119 26.1422 20.5316 9.7671 -7.1250 0.0000 -0.0000 -2.4698 52.6085 -0.4627 0.0000 -0.0000 0.0000 64.5993 -2.1811 25.2372 -37.8811 46.7632 -16.8789 0.0000 0.0000 9.3223 -30.0291 1.3097 -0.7569 7.1250 -0.0000 -0.0000 -2.6836 -28.4632 -1.0813
-2.3464 18.4306 -3.3005 -353.9280 -34.3064 365.0200 0.0000 0.0000 0.0000 -11.3759 -6.8802 -20.2069 1.9576 8.7771 25.1005 0.1701 2.3939 -9.0551 0.4728 -4.4100 -12.2331 0.0000 0.0000 0.0000 4.9091 18.8726 -23.4078 -3.5708 -11.5662 34.2141 -0.7558 -9.8473 -22.7963 -0.0752 -1.7693 4.8686 -1.4109 0.3810 11.8740 -0.5026 0.2621 5.6009 0.2415 0.0787 -0.8113 -6.3529 -1.0621 -0.2411 5.4245 -2.9112 31.6157 2.7900 -1.6785 10.2557 0.0000 -0.0000 0.0000 -75.9276 7.7515 27.8497 53.6428 -54.3631 -29.1098 -0.0000 -0.0000 3.0906 26.0165 20.8094 9.8372 -7.1250 0.0000 -0.0000 -2.6703 52.8841 -0.5183 0.0000 -0.0000 0.0000 65.0061 -1.0701 25.9313 -39.3400 47.6739 -17.9497 0.0000 0.0000 9.2692 -30.1469 0.5554 -0.3225 7.1250 -0.0000 -0.0000 -2.8040 -29.3324 -1.0721
-2.1723 18.3944 -3.3067 -354.1460 -33.7607 365.6880 0.0000 0.0000 0.0000 -11.7855 -6.5582 -21.5786 1.9667 8.7963 25.1602 0.2312 1.7765 -9.9122 0.2691 -3.3372 -9.2189 0.0000 0.0000 0.0000 4.2621 18.2612 -24.7031 -3.6537 -11.6848 34.6258 -0.7574 -9.5675 -22.5624 -0.0598 -1.5781 4.3410 -1.6718 0.6108 12.0884 -0.5950 0.5294 5.8548 0.2589 0.2045 -0.6668 -6.5348 -0.9237 -0.0599 5.6449 -2.7259 31.3360 2.9144 -1.5845 10.1055 0.0000 -0.0000 0.0000 -74.9662 5.6152 30.2943 54.6195 -54.6968 -29.9052 -0.0000 -0.0000 2.9363 25.5275 21.2952 9.8394 -7.1250 0.0000 -0.0000 -3.3061 53.3119 -0.6765 0.0000 -0.0000 0.0000 65.2052 -0.1996 26.9137 -41.1420 48.7321 -19.2932 0.0000 0.0000 9.7381 -28.8885 -0.3038 0.1676 7.1250 -0.0000 -0.0000 -1.8378 -30.3241 -0.6588
-2.0066 18.3545 -3.3309 -354.5340 -33.2472 366.4210 0.0000 0.0000 0.0000 -11.8543 -6.4419 -23.2147 2.0759 9.0224 25.8653 0.2581 1.0905 -10.0575 0.2668 -3.3228 -9.1787 0.0000 0.0000 0.0000 3.8052 18.1362 -25.8290 -3.7225 -11.7817 34.9640 -0.7378 -9.6173 -22.4297 -0.0640 -1.6322 4.4903 -1.9539 0.8054 12.5558 -0.6631 0.7401 6.0067 0.3166 0.3033 -0.7652 -6.6273 -0.7400 0.1797 5.7351 -2.4601 31.0702 2.9814 -1.4591 9.9417 0.0000 -0.0000 0.0000 -74.0168 3.5562 32.5652 55.1788 -54.8820 -30.3622 -0.0000 -0.0000 3.0287 24.9622 21.8753 9.8396 -7.1250 0.0000 -0.0000 -4.0604 53.8213 -0.8817 0.0000 -0.0000 0.0000 65.3680 1.3904 28.4230 -41.4308 48.8951 -19.5106 0.0000 0.0000 10.4049 -29.3192 2.4515 -1.3761 7.1250 -0.0000 -0.0000 -2.0913 -27.1671 -0.9063
-1.8454 18.3082 -3.3630 -355.2040 -32.9599 367.3160 0.0000 0.0000 0.0000 -11.4137 -6.5067 -24.9478 2.2543 9.3769 26.9816 0.2913 0.0518 -10.2146 0.3596 -3.8521 -10.6610 0.0000 0.0000 0.0000 3.6566 17.8958 -27.1337 -3.7991 -11.8882 35.3377 -0.7275 -9.4376 -22.1761 -0.0576 -1.5488 4.2603 -2.0671 1.0640 12.8165 -0.7032 1.0574 6.2570 0.2954 0.4550 -0.6504 -6.2706 -0.4765 0.2734 5.4429 -2.0112 30.7719 2.8439 -1.2333 9.7737 -0.0000 0.0000 0.0000 -73.1133 1.2897 34.6923 55.5330 -54.9971 -30.6521 -0.0000 -0.0000 3.1722 24.5915 22.2039 9.8122 -7.1250 0.0000 -0.0000 -4.5474 54.0974 -1.0184 -0.0000 0.0000 0.0000 65.7412 1.7135 29.8701 -43.3710 49.9450 -20.9843 0.0000 0.0000 11.1540 -29.4685 3.2644 -1.8429 7.1250 -0.0000 -0.0000 -2.1702 -26.2306 -0.9882
-1.6949 18.2550 -3.4116 -355.7010 -32.4901 367.9570 0.0000 0.0000 0.0000 -10.8923 -6.9504 -26.4341 2.4350 9.7188 28.0709 0.3128 -1.2830 -10.1929 0.2324 -3.1025 -8.5644 0.0000 0.0000 0.0000 3.4780 17.6465 -28.2631 -3.8951 -12.0194 35.8008 -0.7275 -9.2763 -22.0339 -0.0572 -1.5433 4.2450 -2.2399 1.3905 13.4016 -0.8856 1.4414 6.5583 0.1437 0.6400 -0.6541 -5.7100 -0.3287 0.1746 5.4130 -1.8029 30.5132 2.7462 -1.0675 9.6746 0.0000 -0.0000 0.0000 -71.8695 -1.2954 37.1899 55.5929 -55.0164 -30.7012 -0.0000 -0.0000 3.5221 23.8372 22.8940 9.7529 -7.1250 0.0000 -0.0000 -5.5624 54.6756 -1.3252 0.0000 -0.0000 0.0000 66.2911 2.3275 30.9920 -44.7538 50.6473 -22.0482 0.0000 0.0000 11.9999 -30.1239 4.8327 -2.7986 7.1250 -0.0000 -0.0000 -2.5796 -24.3973 -1.2849
-1.5588 18.2058 -3.4599 -356.1300 -32.2224 368.6370 0.0000 0.0000 0.0000 -10.5613 -7.0527 -28.1140 2.6330 10.0757 29.2224 0.3499 -2.4038 -10.6015 0.1895 -2.8032 -7.7314 0.0000 0.0000 0.0000 3.2161 17.6425 -29.4577 -4.0081 -12.1712 36.3403 -0.7289 -9.1788 -21.9605 -0.0468 -1.3958 3.8386 -2.5046 1.7047 13.6054 -1.0710 1.8101 6.8769 0.0480 0.8137 -0.4359 -5.5097 -0.0659 0.2565 5.5668 -1.4570 30.1408 2.7849 -0.8641 9.4961 0.0000 0.0000 0.0000 -70.9451 -4.0050 39.1652 54.9025 -54.7911 -30.1363 -0.0000 -0.0000 4.9725 23.2783 23.4979 9.7335 -7.1250 0.0000 -0.0000 -6.3645 55.1952 -1.5979 0.0000 0.0000 0.0000 66.7266 3.0232 32.2965 -46.2584 51.3703 -23.2177 0.0000 0.0000 12.8624 -30.4575 3.9613 -2.3263 7.1250 -0.0000 -0.0000 -2.8807 -25.3862 -1.3692
-1.4352 18.1491 -3.5181 -356.4200 -31.6873 369.1880 0.0000 0.0000 0.0000 -10.2903 -7.1886 -30.0387 2.9012 10.5334 30.7220 0.3439 -3.3608 -10.4321 0.2275 -3.0699 -8.4733 0.0000 0.0000 0.0000 2.9603 17.1139 -30.7348 -4.1498 -12.3571 37.0071 -0.7495 -8.6929 -21.7322 -0.0492 -1.4320 3.9384 -3.0671 1.7505 13.9666 -1.0941 1.7872 6.9603 0.3346 0.7887 -0.5536 -5.8246 0.3734 0.5897 5.7820 -0.8773 30.0549 2.9563 -0.6137 9.3643 0.0000 0.0000 0.0000 -70.5151 -5.9466 40.7892 54.2006 -54.5553 -29.5636 -0.0000 -0.0000 6.1131 21.5678 22.4472 8.5828 -7.1250 0.0000 -0.0000 -7.7514 53.7665 -1.6785 0.0000 0.0000 0.0000 66.7674 3.4574 34.0847 -47.5300 51.9494 -24.2151 0.0000 0.0000 13.4373 -30.6547 5.2396 -3.0981 7.1250 -0.0000 -0.0000 -2.9479 -23.8963 -1.5030
-1.3264 18.1002 -3.5695 -357.0410 -31.0993 369.9030 0.0000 0.0000 0.0000 -9.7372 -6.9345 -32.1765 3.2038 11.0179 32.3403 0.3146 -4.7686 -10.0276 0.1057 -2.0960 -5.7709 0.0000 0.0000 0.0000 3.1248 16.3547 -31.9725 -4.2855 -12.5309 37.6369 -0.7809 -8.1526 -21.5741 -0.0602 -1.5833 4.3554 -3.2739 1.8810 14.2039 -1.0736 1.9228 7.0280 0.4468 0.8506 -0.6185 -5.5757 0.6077 0.6492 5.6009 -0.5119 29.9797 2.8729 -0.4322 9.3014 -0.0000 0.0000 0.0000 -69.9919 -7.7676 42.6314 53.8912 -54.4492 -29.3118 -0.0000 -0.0000 7.8969 19.3784 22.7446 7.7440 -7.1250 0.0000 -0.0000 -10.0931 53.6584 -2.1660 -0.0000 0.0000 0.0000 67.0046 3.7768 35.3018 -48.6435 52.4335 -25.0948 0.0000 0.0000 13.9695 -28.8396 3.9808 -2.1892 7.1250 -0.0000 -0.0000 -1.6625 -25.4373 -0.7875
-1.2293 18.0162 -3.6253 -357.7970 -30.1938 370.6720 0.0000 0.0000 0.0000 -9.0396 -6.7637 -34.3755 3.5459 11.5302 34.0898 0.2766 -6.1653 -9.6738 0.1913 -2.8166 -7.7685 0.0000 0.0000 0.0000 3.5194 15.2876 -33.5071 -4.5207 -12.8228 38.7089 -0.7932 -7.7491 -21.3636 -0.0432 -1.3411 3.6879 -3.2808 1.7803 14.2493 -1.0562 1.7915 7.1426 0.4886 0.7826 -0.5182 -5.5618 0.8558 0.7144 5.7342 -0.1867 29.7743 2.9346 -0.2661 9.1915 0.0000 -0.0000 0.0000 -69.5528 -9.3145 44.0976 53.9464 -54.4682 -29.3567 -0.0000 -0.0000 9.5189 17.7069 24.2624 7.4742 -7.1250 0.0000 -0.0000 -12.4504 54.8669 -3.0524 0.0000 -0.0000 0.0000 67.1745 4.3875 36.8667 -49.5715 52.8212 -25.8323 0.0000 0.0000 13.7945 -28.3750 3.4028 -1.8363 7.1250 -0.0000 -0.0000 -1.3351 -26.1133 -0.6113
-1.1470 17.9473 -3.6786 -358.5910 -29.5233 371.2200 0.0000 0.0000 0.0000 -8.2420 -6.5712 -36.1661 3.8970 12.0221 35.8101 0.2218 -7.6820 -9.2959 0.2132 -2.9726 -8.2025 0.0000 0.0000 0.0000 4.1303 14.0899 -34.7699 -4.7197 -13.0610 39.5971 -0.8037 -7.1042 -20.9610 -0.0434 -1.3453 3.6993 -3.3395 1.8087 14.4477 -1.0204 1.8143 7.2546 0.5520 0.7899 -0.5085 -5.3977 0.9206 0.5656 5.7198 -0.0897 29.7814 2.9087 -0.2021 9.2149 0.0000 -0.0000 0.0000 -69.1491 -10.7139 45.6347 53.8005 -54.4179 -29.2380 -0.0000 -0.0000 10.3552 14.3988 22.7721 5.6750 -7.1250 0.0000 -0.0000 -15.0668 52.7821 -2.9387 0.0000 -0.0000 0.0000 67.4312 4.7447 38.0001 -50.2666 53.1025 -26.3872 0.0000 0.0000 13.6207 -28.1900 3.2523 -1.7417 7.1250 -0.0000 -0.0000 -1.2001 -26.2906 -0.5445
-1.0717 17.8722 -3.7295 -359.2280 -28.8916 371.4830 0.0000 0.0000 0.0000 -7.6530 -6.3551 -37.5749 4.2284 12.4583 37.3733 0.1642 -8.8855 -8.9387 0.1435 -2.4416 -6.7279 0.0000 0.0000 0.0000 4.6277 13.0514 -35.7541 -4.9414 -13.3175 40.5689 -0.8395 -6.3976 -20.7763 -0.0331 -1.1737 3.2269 -3.4737 1.8151 14.7364 -0.9824 1.7938 7.3974 0.6645 0.7732 -0.5141 -5.4548 0.9422 0.5005 5.7404 -0.0402 29.6294 2.9263 -0.1797 9.1683 0.0000 0.0000 0.0000 -68.8615 -11.9749 47.2402 53.7350 -54.3951 -29.1847 -0.0000 -0.0000 11.6515 12.0222 25.3913 5.2176 -7.1250 0.0000 -0.0000 -18.7559 54.8695 -4.6685 0.0000 0.0000 0.0000 67.6455 4.8852 38.9555 -50.9489 53.3711 -26.9338 0.0000 0.0000 13.6758 -28.5728 2.6069 -1.4189 7.1250 -0.0000 -0.0000 -1.5142 -27.0112 -0.6615
-1.0070 17.7998 -3.7869 -359.7240 -28.6388 371.6760 0.0000 0.0000 0.0000 -7.1728 -6.0152 -38.9892 4.5638 12.8751 38.9025 0.1227 -9.7205 -8.7490 0.1631 -2.6016 -7.1716 0.0000 0.0000 0.0000 4.8798 12.8109 -36.6283 -5.1661 -13.5684 41.5352 -0.8527 -6.0298 -20.6411 -0.0268 -1.0575 2.9070 -3.7075 2.0312 14.9925 -1.1035 2.0295 7.4559 0.6272 0.8859 -0.5979 -5.3488 0.8395 0.5437 5.8907 -0.2090 29.3741 2.9422 -0.2292 9.0777 0.0000 0.0000 0.0000 -68.3031 -13.1037 49.3342 53.7246 -54.3915 -29.1763 -0.0000 -0.0000 12.6628 12.0744 27.0283 5.5522 -7.1250 0.0000 -0.0000 -19.6820 56.4265 -5.6677 0.0000 0.0000 0.0000 68.0297 4.8541 39.6919 -51.2596 53.4911 -27.1834 0.0000 0.0000 13.5973 -28.5082 2.7240 -1.4786 7.1250 -0.0000 -0.0000 -1.4607 -26.8799 -0.6427
-0.9446 17.7351 -3.8269 -359.9610 -28.4838 371.5590 0.0000 0.0000 0.0000 -6.9400 -6.0322 -39.8113 4.8808 13.2483 40.3052 0.1273 -10.2192 -9.0825 0.1988 -2.8713 -7.9205 0.0000 0.0000 0.0000 4.9777 12.2748 -37.3469 -5.4079 -13.8290 42.5566 -0.8549 -5.5326 -20.3226 -0.0184 -0.8754 2.4059 -3.8993 2.2098 15.1263 -1.3489 2.2255 7.6408 0.4470 0.9770 -0.4758 -5.0404 0.7199 0.3500 5.7413 -0.3382 29.2683 2.8259 -0.2649 9.0848 0.0000 -0.0000 0.0000 -67.9819 -13.8319 51.2341 53.8651 -54.4402 -29.2905 -0.0000 -0.0000 14.3358 7.1709 26.5503 3.2187 -7.1250 0.0000 -0.0000 -24.2318 55.0186 -6.2320 0.0000 -0.0000 0.0000 68.5381 4.9909 40.3372 -51.4103 53.5487 -27.3045 0.0000 0.0000 13.7532 -28.7080 2.8921 -1.5828 7.1250 -0.0000 -0.0000 -1.6072 -26.6825 -0.7146
-0.8832 17.6666 -3.8735 -360.0970 -28.5113 371.3760 0.0000 0.0000 0.0000 -6.7466 -6.0876 -40.5953 5.1994 13.6049 41.6774 0.1141 -10.6908 -9.1625 0.1458 -2.4610 -6.7815 0.0000 0.0000 0.0000 4.8857 12.2963 -37.9656 -5.6444 -14.0747 43.5374 -0.8745 -5.3627 -20.3963 -0.0157 -0.8080 2.2207 -4.2577 2.3664 15.4248 -1.5068 2.3596 7.7294 0.4531 1.0351 -0.5481 -5.0457 0.7111 0.0388 5.6535 -0.3046 29.2703 2.8008 -0.2526 9.1414 -0.0000 0.0000 0.0000 -67.5172 -14.7307 53.0747 53.5529 -54.3317 -29.0367 -0.0000 -0.0000 14.5781 4.9979 27.6155 2.3213 -7.1250 0.0000 -0.0000 -27.0642 55.5535 -7.4020 -0.0000 0.0000 0.0000 68.7781 5.0208 41.1257 -51.7266 53.6686 -27.5591 0.0000 0.0000 13.8378 -28.3237 3.4506 -1.8580 7.1250 -0.0000 -0.0000 -1.2943 -26.0609 -0.5942
-0.8265 17.5893 -3.9262 -360.2720 -28.5197 371.2630 0.0000 0.0000 0.0000 -6.4327 -6.2616 -41.3936 5.5107 13.9368 42.9849 0.0988 -11.0515 -9.1614 0.1162 -2.1974 -6.0515 0.0000 0.0000 0.0000 4.8116 12.4376 -38.6746 -5.8941 -14.3249 44.5551 -0.8561 -5.4463 -20.2764 -0.0050 -0.4552 1.2508 -4.4068 2.5182 15.7148 -1.7643 2.5112 7.8256 0.2342 1.1086 -0.5970 -4.9633 0.6958 -0.1152 5.9494 -0.3787 28.9702 2.8784 -0.2458 9.0637 -0.0000 -0.0000 0.0000 -67.1762 -15.1762 54.4611 53.9319 -54.4632 -29.3449 -0.0000 -0.0000 15.0420 3.9397 28.1806 1.8628 -7.1250 0.0000 -0.0000 -28.4953 55.8426 -8.0473 -0.0000 -0.0000 0.0000 69.1763 5.3069 41.7553 -51.4716 53.5721 -27.3539 0.0000 0.0000 14.0597 -28.1344 3.3019 -1.7641 7.1250 -0.0000 -0.0000 -1.1561 -26.2364 -0.5260
-0.7788 17.5275 -3.9806 -360.4660 -28.6399 371.1420 0.0000 0.0000 0.0000 -6.1574 -6.2791 -41.9999 5.7534 14.1850 43.9836 0.0751 -11.2937 -8.9855 0.0729 -1.7413 -4.7911 0.0000 0.0000 0.0000 4.7824 12.6805 -39.2512 -6.1276 -14.5509 45.4919 -0.8683 -5.3789 -20.3483 -0.0041 -0.4117 1.1313 -4.5998 2.6708 16.0037 -1.9419 2.6554 7.7844 0.1201 1.1806 -0.7955 -4.6262 0.6935 -0.2429 5.7674 -0.3539 28.8887 2.7563 -0.2138 9.0577 -0.0000 -0.0000 0.0000 -67.2717 -15.1433 55.3760 54.2538 -54.5734 -29.6070 -0.0000 -0.0000 15.0931 2.7338 28.4092 1.3014 -7.1250 0.0000 -0.0000 -29.8244 55.8028 -8.4424 -0.0000 -0.0000 0.0000 69.4408 5.2208 42.1835 -51.7080 53.6615 -27.5441 0.0000 0.0000 14.2204 -28.0693 3.6319 -1.9347 7.1250 -0.0000 -0.0000 -1.0952 -25.8651 -0.5078
-0.7306 17.4562 -4.0305 -360.4290 -28.7506 370.9020 0.0000 0.0000 0.0000 -6.1390 -6.1979 -42.7015 6.0651 14.4911 45.2423 0.0735 -11.7652 -9.2572 0.0685 -1.6881 -4.6443 0.0000 0.0000 0.0000 4.4563 12.9831 -39.8685 -6.4156 -14.8193 46.6276 -0.8969 -5.2415 -20.5292 -0.0043 -0.4236 1.1638 -5.1290 2.5359 16.1119 -1.8388 2.3998 7.8093 0.5638 1.0379 -0.8376 -5.3221 1.0088 -0.3542 5.6100 0.1947 28.8078 2.8613 -0.0456 9.0158 0.0000 -0.0000 0.0000 -68.2492 -14.6228 55.1027 54.6817 -54.7176 -29.9560 -0.0000 -0.0000 14.9763 3.0285 29.1833 1.4778 -7.1250 0.0000 -0.0000 -30.1398 56.5290 -9.0922 0.0000 -0.0000 0.0000 68.7699 5.4947 43.3782 -51.9717 53.7604 -27.7567 0.0000 0.0000 14.0072 -28.3821 3.5478 -1.9149 7.1250 -0.0000 -0.0000 -1.3349 -25.9484 -0.6164
-0.6959 17.3904 -4.0924 -360.7890 -28.5903 370.8810 0.0000 0.0000 0.0000 -5.6598 -6.1646 -43.4642 6.3416 14.7514 46.3378 0.0385 -12.1998 -9.0758 0.0622 -1.6087 -4.4255 0.0000 0.0000 0.0000 4.6480 13.1848 -40.4193 -6.6801 -15.0565 47.6539 -0.9268 -5.2732 -20.8298 -0.0042 -0.4185 1.1498 -5.0694 2.6154 16.3865 -1.8685 2.4917 7.9222 0.4758 1.0827 -0.8617 -5.1354 0.9020 -0.8203 5.6390 0.0501 28.8396 2.8333 -0.0833 9.1221 -0.0000 -0.0000 0.0000 -68.5967 -14.9123 55.4060 54.9484 -54.8062 -30.1738 -0.0000 -0.0000 15.0999 3.6199 29.3972 1.7787 -7.1250 0.0000 -0.0000 -29.7379 56.8343 -9.1812 -0.0000 -0.0000 0.0000 69.0999 5.9510 43.2059 -51.6705 53.6474 -27.5140 0.0000 0.0000 14.1623 -28.0503 2.9252 -1.5576 7.1250 -0.0000 -0.0000 -1.1046 -26.6657 -0.4915
-0.6656 17.3224 -4.1596 -360.9490 -28.3644 370.8300 0.0000 0.0000 0.0000 -5.3207 -6.2691 -44.2224 6.5833 14.9707 47.2801 -0.0012 -12.6857 -8.8858 0.0473 -1.4034 -3.8596 0.0000 0.0000 0.0000 4.6620 13.1959 -41.1389 -6.9475 -15.2875 48.6754 -0.9149 -5.3432 -20.7643 -0.0002 -0.0946 0.2600 -5.0518 2.5837 16.5694 -1.9487 2.4386 8.0044 0.3860 1.0562 -0.8629 -5.1249 0.8618 -1.3120 5.8670 -0.0364 28.8520 2.9093 -0.0937 9.2207 -0.0000 0.0000 0.0000 -68.8721 -15.1321 55.5386 55.3583 -54.9405 -30.5091 -0.0000 -0.0000 14.9335 2.8700 29.4032 1.4100 -7.1250 0.0000 -0.0000 -30.4673 56.6854 -9.3234 -0.0000 0.0000 0.0000 69.3175 6.2096 43.0695 -51.7739 53.6864 -27.5973 0.0000 0.0000 14.1328 -28.6118 3.4457 -1.8778 7.1250 -0.0000 -0.0000 -1.5129 -26.0557 -0.6948
-0.6351 17.2569 -4.2276 -361.1210 -27.8015 370.7120 0.0000 0.0000 0.0000 -4.9612 -6.6007 -44.9125 6.8202 15.1786 48.1911 -0.0471 -13.0314 -8.5289 0.0345 -1.1985 -3.2952 0.0000 0.0000 0.0000 4.7978 12.6789 -41.7915 -7.2275 -15.5205 49.7294 -0.9535 -5.0214 -20.9167 -0.0005 -0.1378 0.3786 -4.8562 2.4043 16.8560 -1.9463 2.2150 8.0073 0.3086 0.9529 -0.9943 -5.0690 0.8429 -1.3077 5.8318 -0.0527 28.7226 2.8826 -0.0978 9.1749 -0.0000 -0.0000 0.0000 -69.0776 -15.2507 55.7189 55.6224 -55.0259 -30.7253 -0.0000 -0.0000 14.6100 4.0504 29.6903 2.0087 -7.1250 0.0000 -0.0000 -29.5543 57.1767 -9.3686 -0.0000 -0.0000 0.0000 69.4527 6.3647 43.0789 -51.7444 53.6753 -27.5735 0.0000 0.0000 14.3886 -29.0659 3.5265 -1.9581 7.1250 -0.0000 -0.0000 -1.8533 -25.9462 -0.8561
-0.6287 17.1885 -4.3075 -361.1370 -27.5116 370.3980 0.0000 0.0000 0.0000 -4.7745 -6.4903 -45.4860 7.0372 15.3632 49.0151 -0.1335 -13.5551 -7.7710 0.0067 -0.5300 -1.4564 0.0000 0.0000 0.0000 4.8709 12.3137 -42.4049 -7.5187 -15.7536 50.8100 -0.9867 -4.6915 -21.0182 -0.0020 -0.2878 0.7907 -5.2594 2.4015 17.3185 -1.8266 2.1199 8.0252 0.6629 0.8966 -1.2265 -5.1436 0.8495 -1.5087 5.6889 0.0095 28.7900 2.8539 -0.0878 9.2340 -0.0000 -0.0000 0.0000 -69.3734 -15.6090 55.8108 55.4664 -54.9756 -30.5976 -0.0000 -0.0000 14.7510 3.3108 29.7910 1.6463 -7.1250 0.0000 -0.0000 -30.3543 57.1090 -9.6042 -0.0000 -0.0000 0.0000 69.2147 6.5655 43.1728 -51.9530 53.7534 -27.7416 0.0000 0.0000 14.2012 -28.8853 3.6187 -1.9943 7.1250 -0.0000 -0.0000 -1.7128 -25.8481 -0.7950
-0.6261 17.1233 -4.3763 -361.2000 -26.8731 370.1150 0.0000 0.0000 0.0000 -4.5415 -6.5973 -45.9956 7.2423 15.5326 49.7850 -0.2223 -14.0381 -6.9439 0.0007 -0.1713 -0.4706 0.0000 0.0000 0.0000 5.0750 11.5008 -42.9640 -7.8167 -15.9828 51.8998 -0.9887 -4.5005 -20.9222 -0.0006 0.1566 -0.4302 -5.1332 2.3375 17.3843 -1.8044 2.0578 8.1395 0.6270 0.8656 -1.1331 -5.1580 0.7033 -1.3302 5.8821 -0.2318 28.5012 2.8974 -0.1808 9.1110 0.0000 0.0000 0.0000 -69.1177 -16.4824 56.4155 54.9989 -54.8229 -30.2151 -0.0000 -0.0000 14.8718 3.4770 29.6200 1.7201 -7.1250 0.0000 -0.0000 -30.0547 56.9967 -9.4132 0.0000 0.0000 0.0000 69.2326 6.6838 42.9514 -52.0748 53.7988 -27.8399 0.0000 0.0000 14.0084 -29.1606 3.8783 -2.1613 7.1250 -0.0000 -0.0000 -1.9089 -25.5402 -0.8998
-0.6385 17.0453 -4.4563 -361.2600 -26.5263 369.6280 0.0000 0.0000 0.0000 -4.2938 -6.3323 -46.4353 7.4856 15.7275 50.6879 -0.3088 -14.5306 -6.1557 0.0144 0.7752 2.1304 0.0000 0.0000 0.0000 5.3067 10.9509 -43.4591 -8.1716 -16.2440 53.1784 -1.0331 -4.0654 -21.0736 -0.0008 0.1834 -0.5038 -5.2563 2.3519 17.6416 -1.7654 2.0427 8.2600 0.7340 0.8517 -1.1408 -4.9615 0.7220 -1.5493 5.8303 -0.1978 28.4594 2.8483 -0.1455 9.1349 0.0000 0.0000 0.0000 -68.8229 -17.2776 56.6968 54.4752 -54.6483 -29.7875 -0.0000 -0.0000 15.0197 2.9586 29.8155 1.4720 -7.1250 0.0000 -0.0000 -30.7153 57.0567 -9.6938 0.0000 0.0000 0.0000 69.2706 6.8779 42.9339 -52.1427 53.8240 -27.8947 0.0000 0.0000 14.4322 -28.7562 3.1615 -1.7335 7.1250 -0.0000 -0.0000 -1.6337 -26.3740 -0.7382
-0.6544 16.9723 -4.5228 -361.3260 -26.1687 368.8360 0.0000 0.0000 0.0000 -4.1428 -5.9295 -46.5055 7.7566 15.9372 51.6810 -0.3957 -15.3465 -5.7472 0.0122 0.7136 1.9610 0.0000 0.0000 0.0000 5.5533 10.4510 -43.5022 -8.5441 -16.5052 54.4997 -1.0962 -3.5270 -21.3415 -0.0008 0.1864 -0.5121 -5.2899 2.3853 17.8371 -1.5540 2.0778 8.4040 0.9656 0.8605 -1.0978 -4.8951 0.7983 -1.2591 5.5873 -0.0388 28.2349 2.7567 -0.0885 8.9935 -0.0000 0.0000 0.0000 -68.8340 -17.8851 57.0830 53.9415 -54.4666 -29.3527 -0.0000 -0.0000 15.1779 2.4816 29.6448 1.2280 -7.1250 0.0000 -0.0000 -31.0361 56.8121 -9.6200 -0.0000 0.0000 0.0000 69.0016 7.0609 42.9386 -52.3556 53.9025 -28.0666 0.0000 0.0000 14.3133 -28.7054 3.0473 -1.6675 7.1250 -0.0000 -0.0000 -1.5994 -26.5058 -0.7178
-0.6603 16.8842 -4.5823 -361.4740 -25.4645 367.9660 0.0000 0.0000 0.0000 -3.8767 -5.9571 -46.5191 8.0363 16.1459 52.6934 -0.4855 -16.0188 -5.1851 0.0320 1.1542 3.1731 0.0000 0.0000 0.0000 5.8411 9.7385 -43.4525 -8.9460 -16.7728 55.9031 -1.1387 -3.2496 -21.5701 -0.0059 0.4971 -1.3660 -4.7341 2.2678 18.0234 -1.3577 2.0135 8.6053 0.8707 0.8343 -0.9688 -4.8589 0.8127 -1.4236 5.6121 -0.0239 28.4181 2.7661 -0.0725 9.0882 -0.0000 -0.0000 0.0000 -68.7161 -18.7968 57.6693 53.1398 -54.1859 -28.7014 -0.0000 -0.0000 15.4097 2.1836 29.7174 1.0828 -7.1250 0.0000 -0.0000 -31.3820 56.8125 -9.7428 -0.0000 -0.0000 0.0000 68.8248 7.1901 42.7719 -52.6010 53.9921 -28.2650 0.0000 0.0000 14.2978 -28.8389 2.6132 -1.4382 7.1250 -0.0000 -0.0000 -1.7175 -26.9962 -0.7510
-0.6744 16.8024 -4.6392 -361.1690 -24.8975 366.8550 0.0000 0.0000 0.0000 -4.1024 -5.9085 -46.3126 8.2674 16.3124 53.5202 -0.5884 -16.5324 -4.2256 0.0921 1.9575 5.3883 0.0000 0.0000 0.0000 5.6739 9.0727 -43.3930 -9.3860 -17.0498 57.4158 -1.1840 -2.9130 -21.7921 -0.0051 0.4596 -1.2630 -4.5806 2.2150 18.0695 -1.2275 1.9756 8.6609 0.9285 0.8172 -0.9321 -4.7350 0.8507 -1.2921 5.5258 0.0312 28.5062 2.7198 -0.0427 9.0930 0.0000 0.0000 0.0000 -68.6674 -19.4652 58.1552 52.4427 -53.9344 -28.1370 -0.0000 -0.0000 15.6372 1.0024 29.9042 0.4998 -7.1250 0.0000 -0.0000 -32.6671 56.7271 -10.1332 0.0000 0.0000 0.0000 68.7873 7.3467 42.6063 -52.2685 53.8704 -27.9963 0.0000 0.0000 14.3541 -29.1392 2.8059 -1.5632 7.1250 -0.0000 -0.0000 -1.9394 -26.7670 -0.8586
-0.6838 16.7308 -4.6939 -360.6900 -24.5867 365.4820 0.0000 0.0000 0.0000 -4.6360 -5.4772 -45.8347 8.4714 16.4553 54.2434 -0.6871 -17.3134 -3.7625 0.1020 2.0593 5.6694 0.0000 0.0000 0.0000 5.3243 8.5241 -43.1248 -9.8145 -17.3042 58.8664 -1.2101 -2.6516 -21.8886 -0.0155 0.8046 -2.2114 -4.4457 2.2080 18.1554 -1.1835 1.9875 8.7272 0.8955 0.8253 -0.9040 -4.6530 0.8980 -1.5337 5.5446 0.0831 28.8621 2.7268 -0.0059 9.2624 0.0000 -0.0000 0.0000 -68.4842 -20.3512 58.7537 51.5278 -53.5934 -27.3991 -0.0000 -0.0000 15.7789 1.5688 29.9567 0.7835 -7.1250 0.0000 -0.0000 -32.1692 56.8881 -10.0846 0.0000 -0.0000 0.0000 68.6933 7.5533 42.6362 -51.8990 53.7332 -27.6980 0.0000 0.0000 14.2816 -29.3079 2.6827 -1.5050 7.1250 -0.0000 -0.0000 -2.0733 -26.9026 -0.9113
-0.6852 16.6705 -4.7467 -360.4100 -24.4825 364.1040 0.0000 0.0000 0.0000 -4.9904 -4.8659 -45.1818 8.6360 16.5677 54.8227 -0.7879 -17.9224 -3.0422 0.1396 2.4079 6.6343 0.0000 0.0000 0.0000 5.1713 8.0580 -42.8126 -10.1912 -17.5160 60.1255 -1.2078 -2.4327 -21.7669 -0.0225 0.9685 -2.6623 -4.1807 2.1925 18.1361 -1.0185 2.0184 8.7995 0.9162 0.8429 -0.8176 -5.0101 0.9741 -1.5282 5.8718 0.1513 28.7829 2.9074 0.0228 9.2243 0.0000 -0.0000 0.0000 -68.6157 -20.9680 59.2493 50.6120 -53.2394 -26.6637 -0.0000 -0.0000 15.4309 2.2548 29.9329 1.1256 -7.1250 0.0000 -0.0000 -31.4907 57.0103 -9.9368 0.0000 -0.0000 0.0000 68.4045 8.0175 42.9605 -51.0286 53.4020 -26.9978 0.0000 0.0000 14.2218 -29.7684 3.5957 -2.0544 7.1250 -0.0000 -0.0000 -2.3813 -25.8384 -1.1063
-0.6836 16.6144 -4.8059 -360.0130 -24.4753 362.6400 0.0000 0.0000 0.0000 -5.4063 -4.4392 -44.3442 8.7766 16.6618 55.3143 -0.8297 -18.2264 -2.8481 0.1430 2.4367 6.7141 0.0000 0.0000 0.0000 4.9024 7.7037 -42.3778 -10.5561 -17.7109 61.3313 -1.1799 -2.4814 -21.5501 -0.0468 1.3964 -3.8402 -4.0509 2.2354 18.1100 -0.7831 2.1054 8.8780 1.0771 0.8828 -0.7293 -5.0883 0.9760 -2.0404 5.7055 0.2317 28.8922 2.8776 0.0457 9.3560 0.0000 -0.0000 0.0000 -69.2373 -21.5442 59.6686 49.2643 -52.6944 -25.5878 -0.0000 -0.0000 14.9532 2.6034 29.0565 1.2651 -7.1250 0.0000 -0.0000 -30.4487 56.3338 -9.0495 0.0000 -0.0000 0.0000 67.8834 8.8199 43.3447 -49.9662 52.9818 -26.1471 0.0000 0.0000 14.8163 -29.0765 2.6246 -1.4586 7.1250 -0.0000 -0.0000 -1.8987 -26.9762 -0.8313
-0.6705 16.5593 -4.8652 -359.4610 -24.5649 361.2140 0.0000 0.0000 0.0000 -6.0144 -3.9835 -43.6097 8.9244 16.7588 55.8284 -0.8602 -18.5289 -2.8636 0.1168 2.2035 6.0684 0.0000 0.0000 0.0000 4.4023 7.2026 -42.0859 -10.8922 -17.8819 62.4310 -1.1508 -2.1082 -21.1262 -0.0663 1.6619 -4.5722 -4.0115 2.2286 17.9960 -0.6840 2.1129 8.7934 1.1597 0.8887 -0.7646 -5.1009 0.9915 -1.8963 5.4980 0.3207 28.4448 2.8019 0.0702 9.1651 0.0000 -0.0000 0.0000 -69.9281 -21.7309 59.8632 48.0175 -52.1639 -24.5996 -0.0000 -0.0000 14.5834 1.1508 29.1923 0.5614 -7.1250 0.0000 -0.0000 -31.9446 56.1570 -9.4185 0.0000 -0.0000 0.0000 67.5235 9.8363 44.3180 -48.4373 52.3454 -24.9315 0.0000 0.0000 15.7714 -28.6705 2.3064 -1.2606 7.1250 -0.0000 -0.0000 -1.5992 -27.3505 -0.6860
-0.6501 16.4963 -4.9457 -359.3910 -24.7023 360.0590 0.0000 0.0000 0.0000 -6.0103 -3.5860 -43.0398 9.0523 16.8413 56.2709 -0.9192 -18.7043 -2.1316 0.2175 3.0022 8.2849 0.0000 0.0000 0.0000 4.3568 7.0598 -41.8908 -11.2056 -18.0342 63.4473 -1.1216 -1.7782 -20.7219 -0.0592 1.5699 -4.3184 -3.6016 2.1355 17.9441 -0.4475 2.0658 8.6402 1.1859 0.8776 -0.8980 -5.4450 1.0106 -2.2089 5.6690 0.3592 28.4705 2.9287 0.0741 9.2271 -0.0000 0.0000 0.0000 -70.6648 -21.8021 60.1980 46.8079 -51.6241 -23.6478 -0.0000 -0.0000 14.4003 2.1174 29.4082 1.0401 -7.1250 0.0000 -0.0000 -31.1948 56.5358 -9.4608 -0.0000 0.0000 0.0000 67.2111 11.1375 45.5000 -46.6469 51.5503 -23.5216 0.0000 0.0000 16.7275 -27.6447 2.3255 -1.2175 7.1250 -0.0000 -0.0000 -0.8112 -27.3548 -0.3478
-0.6211 16.4531 -5.0221 -359.0850 -24.5839 358.6270 0.0000 0.0000 0.0000 -6.3765 -3.4914 -42.1940 9.2002 16.9348 56.7798 -0.9104 -18.7731 -2.4310 0.1075 2.1140 5.8208 0.0000 0.0000 0.0000 4.0705 6.5339 -41.2970 -11.4532 -18.1498 64.2447 -1.0848 -1.4412 -20.2474 -0.0779 1.8002 -4.9539 -3.2975 1.9119 17.8187 -0.4046 1.8315 8.5870 1.1056 0.7704 -0.8739 -5.1309 0.9759 -2.3584 5.3984 0.3534 28.3165 2.7765 0.0804 9.2044 0.0000 -0.0000 0.0000 -71.3411 -21.6424 60.4372 45.8226 -51.1651 -22.8777 -0.0000 -0.0000 14.8033 1.5007 30.0206 0.7510 -7.1250 0.0000 -0.0000 -32.2876 56.9279 -10.1594 0.0000 -0.0000 0.0000 67.0164 12.3654 46.9709 -45.1563 50.8448 -22.3599 0.0000 0.0000 18.7022 -27.5310 2.4850 -1.2947 7.1250 -0.0000 -0.0000 -0.7200 -27.1776 -0.3117
-0.5963 16.3822 -5.1169 -359.1670 -24.9142 357.4320 0.0000 0.0000 0.0000 -6.1809 -3.0299 -41.6000 9.3612 17.0346 57.3311 -0.9292 -18.7162 -1.9665 0.0885 1.9191 5.2820 0.0000 0.0000 0.0000 4.2083 6.6594 -40.9511 -11.7200 -18.2698 65.0985 -1.0794 -1.1825 -20.0917 -0.0541 1.5005 -4.1270 -3.0218 1.8417 17.8757 -0.2544 1.7837 8.5558 1.1153 0.7518 -0.9331 -4.8130 0.8811 -3.4666 5.1494 0.2813 28.7653 2.6495 0.0638 9.5829 0.0000 -0.0000 0.0000 -71.8619 -21.7549 60.8367 44.8474 -50.6935 -22.1206 -0.0000 -0.0000 14.8755 1.8548 30.1339 0.9314 -7.1250 0.0000 -0.0000 -32.0427 57.0970 -10.2060 0.0000 -0.0000 0.0000 66.8886 14.0414 48.6200 -43.9406 50.2388 -21.4212 0.0000 0.0000 20.1707 -25.5047 2.5961 -1.2379 7.1250 -0.0000 -0.0000 0.8350 -27.1036 0.3629
-0.5646 16.3329 -5.1919 -358.5350 -25.1160 355.7940 0.0000 0.0000 0.0000 -6.8360 -2.7532 -40.5244 9.4638 17.0971 57.6808 -0.9210 -18.7277 -2.1452 0.1158 2.1943 6.0430 0.0000 0.0000 0.0000 3.5753 6.3816 -40.3125 -11.9661 -18.3763 65.8812 -1.0439 -0.6562 -19.5583 -0.0603 1.5849 -4.3599 -3.1520 1.8019 17.5936 -0.2813 1.7234 8.6349 1.1789 0.7150 -0.7025 -4.7850 0.8092 -3.7285 5.1090 0.2078 28.5373 2.6212 0.0342 9.5548 0.0000 -0.0000 0.0000 -71.8891 -22.3434 61.8581 44.1798 -50.3603 -21.6053 -0.0000 -0.0000 14.7438 0.8714 30.5095 0.4424 -7.1250 0.0000 -0.0000 -33.3045 57.2065 -10.7623 0.0000 -0.0000 0.0000 66.3657 15.3429 50.5778 -43.5759 50.0514 -21.1412 0.0000 0.0000 21.1869 -24.6650 3.0510 -1.4001 7.1250 -0.0000 -0.0000 1.4799 -26.6225 0.6600
-0.5347 16.2715 -5.2952 -358.6970 -25.3409 354.3260 0.0000 0.0000 0.0000 -6.5575 -2.3371 -39.5457 9.6068 17.1828 58.1661 -0.9381 -18.6904 -1.7401 0.1329 2.3500 6.4740 0.0000 0.0000 0.0000 3.8180 6.4148 -39.5048 -12.2073 -18.4769 66.6444 -1.0081 -0.3459 -19.1088 -0.0350 1.2079 -3.3210 -2.7350 1.7618 17.8732 -0.1851 1.7256 8.6309 1.0383 0.7267 -0.8449 -4.5971 0.7172 -4.0506 5.0526 0.0802 28.5588 2.5607 -0.0078 9.6321 0.0000 -0.0000 0.0000 -71.4364 -22.7440 63.5064 44.0411 -50.2900 -21.4985 -0.0000 -0.0000 13.6744 1.4258 31.7057 0.7494 -7.1250 0.0000 -0.0000 -33.8350 58.3193 -11.8964 0.0000 -0.0000 0.0000 65.8682 16.3901 52.6896 -43.7635 50.1481 -21.2852 0.0000 0.0000 22.4454 -23.6049 3.7528 -1.6383 7.1250 -0.0000 -0.0000 2.2874 -25.8845 1.0601
-0.5022 16.1990 -5.3878 -358.7600 -25.3588 353.1690 0.0000 0.0000 0.0000 -6.4069 -2.3135 -39.0411 9.8167 17.3055 58.8738 -0.9402 -18.6157 -1.5384 0.1543 2.5312 6.9761 0.0000 0.0000 0.0000 3.8442 6.3190 -39.1952 -12.4653 -18.5805 67.4561 -0.9442 -0.3049 -18.4803 -0.0340 1.1901 -3.2720 -2.4658 1.6668 17.7165 -0.0182 1.6553 8.5704 1.0775 0.6974 -0.8251 -4.8422 0.6563 -3.9973 5.2302 -0.0078 28.2380 2.6505 -0.0533 9.5092 0.0000 0.0000 0.0000 -71.1350 -22.7239 64.7844 44.3852 -50.4637 -21.7636 -0.0000 -0.0000 13.9667 0.6404 31.3141 0.3328 -7.1250 0.0000 -0.0000 -34.2341 57.8249 -11.6402 0.0000 0.0000 0.0000 64.8164 17.4241 55.2998 -44.2654 50.4035 -21.6712 0.0000 0.0000 22.8406 -23.8197 4.2765 -1.8855 7.1250 -0.0000 -0.0000 2.1268 -25.3064 1.0142
-0.4605 16.1461 -5.4596 -358.3470 -25.5458 351.3970 0.0000 0.0000 0.0000 -6.8357 -2.1272 -37.7660 9.9420 17.3771 59.2944 -0.9220 -18.4366 -1.5134 0.1767 2.7079 7.4666 0.0000 0.0000 0.0000 3.4448 6.1024 -38.3032 -12.6845 -18.6653 68.1426 -0.8731 -0.0998 -17.7001 -0.0590 1.5669 -4.3102 -2.4132 1.6394 17.6268 -0.0356 1.6288 8.7462 1.0384 0.6807 -0.5882 -4.8595 0.6569 -4.5221 5.1031 0.0511 28.3554 2.6214 -0.0350 9.6493 0.0000 -0.0000 0.0000 -70.0943 -22.9593 66.2974 45.1686 -50.8508 -22.3694 -0.0000 -0.0000 14.1216 -0.2936 30.5262 -0.1491 -7.1250 0.0000 -0.0000 -34.4281 56.9766 -10.9887 0.0000 -0.0000 0.0000 63.5735 18.4570 58.0485 -45.2405 50.8858 -22.4252 0.0000 0.0000 23.1127 -23.7526 4.3048 -1.8919 7.1250 -0.0000 -0.0000 2.1774 -25.2779 1.0399
-0.4154 16.0848 -5.5356 -358.3500 -25.6328 349.9200 0.0000 0.0000 0.0000 -6.8224 -2.1801 -36.6941 10.0748 17.4517 59.7379 -0.8841 -18.0828 -1.5196 0.1959 2.8501 7.8616 0.0000 0.0000 0.0000 3.3988 6.0151 -37.5561 -12.9120 -18.7502 68.8519 -0.8279 0.0418 -17.1866 -0.0432 1.3422 -3.6908 -2.0442 1.5177 17.7843 0.0561 1.5243 8.6874 0.9415 0.6393 -0.7235 -4.8795 0.7616 -4.6202 4.9562 0.2473 28.2982 2.5905 0.0403 9.6370 0.0000 -0.0000 0.0000 -68.6355 -22.6959 67.8847 46.5727 -51.5161 -23.4634 -0.0000 -0.0000 13.9313 -1.0275 29.6692 -0.5087 -7.1250 0.0000 -0.0000 -34.3931 56.1181 -10.2323 0.0000 -0.0000 0.0000 62.0454 18.6129 60.6854 -47.6170 51.9880 -24.2836 0.0000 0.0000 23.2999 -21.6249 4.8348 -1.9137 7.1250 -0.0000 -0.0000 3.7748 -24.7809 1.8488
-0.3605 16.0352 -5.6222 -358.4340 -25.7289 348.5110 0.0000 0.0000 0.0000 -6.7957 -2.2076 -35.6608 10.1892 17.5149 60.1189 -0.8367 -17.5393 -1.3305 0.2320 3.1002 8.5579 0.0000 0.0000 0.0000 3.4227 6.0268 -36.8507 -13.1257 -18.8271 69.5155 -0.7490 -0.0889 -16.3898 -0.0463 1.3889 -3.8194 -1.5849 1.3932 18.0645 0.1691 1.4281 8.7073 0.8137 0.6018 -0.8371 -4.9568 0.8479 -5.0216 4.8212 0.4468 28.1122 2.5745 0.1184 9.6360 0.0000 -0.0000 0.0000 -66.5973 -22.5967 69.9612 48.6238 -52.4252 -25.0793 -0.0000 -0.0000 12.7237 0.9646 28.4318 0.4593 -7.1250 0.0000 -0.0000 -31.5250 55.4747 -8.7341 0.0000 -0.0000 0.0000 60.2175 18.7230 63.0141 -50.6785 53.2655 -26.7169 0.0000 0.0000 23.6424 -21.2567 5.2172 -2.0259 7.1250 -0.0000 -0.0000 4.0470 -24.3851 2.0199
-0.3048 15.9981 -5.6994 -358.6300 -25.9562 346.8890 0.0000 0.0000 0.0000 -6.6145 -2.1440 -34.3256 10.3251 17.5887 60.5697 -0.8105 -17.1687 -1.0781 0.2726 3.3582 9.2777 0.0000 0.0000 0.0000 3.7176 6.0479 -35.6108 -13.1952 -18.8515 69.7307 -0.6298 -0.6247 -15.2325 -0.1673 2.6351 -7.2644 -1.1415 1.3546 18.7156 0.3563 1.4373 8.8192 0.7486 0.6124 -1.0468 -4.9167 0.9398 -5.3350 4.5859 0.6744 27.4961 2.4956 0.2166 9.4639 0.0000 0.0000 0.0000 -64.4713 -22.3001 71.4168 51.1566 -53.4515 -27.1006 -0.0000 -0.0000 12.3773 0.5337 26.3871 0.2372 -7.1250 0.0000 -0.0000 -30.4372 53.6430 -6.9714 0.0000 0.0000 0.0000 58.3910 18.3915 64.6921 -54.4155 54.6282 -29.7388 0.0000 0.0000 23.6747 -21.5692 5.8595 -2.3110 7.1250 -0.0000 -0.0000 3.8117 -23.6850 1.9636
-0.2454 15.9677 -5.7718 -358.3290 -25.9188 345.2730 0.0000 0.0000 0.0000 -7.0049 -2.2842 -33.1644 10.4455 17.6528 60.9671 -0.7681 -16.5558 -0.6434 0.2466 3.1956 8.8239 0.0000 0.0000 0.0000 3.2749 5.8675 -34.5749 -13.3051 -18.8896 70.0706 -0.6003 -0.1705 -14.7034 -0.0565 1.5332 -4.2171 -1.1780 1.2780 18.9743 0.3982 1.3230 9.0385 0.8337 0.5490 -0.9427 -4.7785 1.0320 -6.3114 4.2780 0.9187 27.5160 2.3985 0.3226 9.6489 0.0000 -0.0000 0.0000 -62.0598 -22.0261 72.8153 53.9934 -54.4844 -29.3949 -0.0000 -0.0000 10.9115 3.0039 24.5138 1.2473 -7.1250 0.0000 -0.0000 -26.9140 52.4373 -5.2354 0.0000 -0.0000 0.0000 56.6862 18.0966 66.0148 -58.3110 55.8428 -32.9395 0.0000 0.0000 23.1524 -22.1804 6.5686 -2.6702 7.1250 -0.0000 -0.0000 3.3626 -22.8948 1.7925
-0.1809 15.9241 -5.8556 -358.6460 -26.1412 344.1510 0.0000 0.0000 0.0000 -6.6352 -2.2899 -32.5186 10.6538 17.7615 61.6521 -0.7379 -16.0554 -0.1680 0.1977 2.8631 7.8977 0.0000 0.0000 0.0000 3.5500 6.0318 -33.9205 -13.4059 -18.9238 70.3815 -0.5235 -0.3096 -13.7848 -0.0411 1.3091 -3.5997 -0.6337 1.2050 19.5581 0.5192 1.3118 9.0979 0.6474 0.5545 -1.1674 -4.5286 1.0265 -7.2856 3.7988 1.0494 27.5704 2.2127 0.3662 9.8573 0.0000 -0.0000 0.0000 -59.5896 -21.5989 74.0685 56.6724 -55.3560 -31.5875 -0.0000 -0.0000 9.0659 6.9853 22.8962 2.7292 -7.1250 0.0000 -0.0000 -22.2571 51.6388 -3.7962 0.0000 -0.0000 0.0000 55.2377 17.3301 66.7783 -61.9606 56.8101 -35.9772 0.0000 0.0000 23.1250 -23.8330 7.2826 -3.2050 7.1250 -0.0000 -0.0000 2.1627 -22.0286 1.1945
-0.1232 15.8924 -5.9373 -357.9810 -25.9401 342.5580 0.0000 0.0000 0.0000 -7.3844 -2.3667 -31.8361 10.7733 17.8223 62.0431 -0.6819 -15.0617 1.0001 0.2367 3.1314 8.6449 0.0000 0.0000 0.0000 2.6983 5.7403 -33.3358 -13.5780 -18.9810 70.9113 -0.4521 -0.2952 -12.8121 -0.0413 1.3109 -3.6048 -1.1781 1.1484 20.1446 0.4305 1.1264 9.2492 0.8930 0.4449 -1.3058 -4.3784 1.1553 -8.2758 3.4405 1.3522 27.6923 2.1063 0.4882 10.0855 0.0000 -0.0000 0.0000 -57.3739 -20.7905 74.8607 59.2529 -56.1075 -33.7202 -0.0000 -0.0000 7.0528 10.9782 21.1809 4.0093 -7.1250 0.0000 -0.0000 -17.6438 50.6695 -2.5330 0.0000 -0.0000 0.0000 53.7876 16.5725 67.5908 -65.6687 57.6404 -39.0954 0.0000 0.0000 23.2388 -24.6442 7.9601 -3.6352 7.1250 -0.0000 -0.0000 1.5926 -21.2352 0.9080
-0.0556 15.8617 -6.0201 -356.1040 -25.5185 341.1590 0.0000 0.0000 0.0000 -9.3585 -2.6548 -32.1257 11.0008 17.9355 62.7841 -0.5876 -13.7219 2.0785 0.1239 2.2694 6.2508 0.0000 0.0000 0.0000 0.3247 5.3941 -33.8532 -13.7908 -19.0494 71.5647 -0.3418 -0.0630 -11.0666 -0.0858 1.8897 -5.2009 -2.8142 1.3094 20.3546 -0.0118 1.0209 9.2042 1.3706 0.3579 -1.4701 -4.2195 1.2061 -9.3228 3.1840 1.5155 27.9336 2.0242 0.5541 10.3770 0.0000 0.0000 0.0000 -55.0993 -20.0760 75.9231 62.0367 -56.8287 -36.0409 -0.0000 -0.0000 5.2210 15.0560 20.2798 5.3266 -7.1250 0.0000 -0.0000 -13.3791 50.4375 -1.8213 0.0000 0.0000 0.0000 52.4013 15.7967 68.3242 -68.9620 58.2598 -41.8870 0.0000 0.0000 23.1681 -28.3624 6.7433 -3.6271 7.1250 -0.0000 -0.0000 -1.1691 -22.3273 -0.6374
-0.0114 15.8374 -6.1001 -358.1030 -26.4006 340.6210 0.0000 0.0000 0.0000 -6.7496 -2.1039 -32.1413 11.4921 18.1676 64.3695 -0.5745 -13.2980 4.3090 0.0401 1.2929 3.5550 0.0000 0.0000 0.0000 2.7022 5.8358 -32.7847 -13.8068 -19.0544 71.6137 -0.2705 -0.7134 -10.1099 -0.1213 2.2452 -6.1838 -1.0770 1.1303 21.2651 0.5612 1.0968 9.4410 0.9694 0.4238 -1.6614 -3.9471 1.3101 -10.3861 2.6487 1.8078 28.1990 1.8386 0.6555 10.6851 -0.0000 0.0000 0.0000 -52.8728 -19.2878 76.9407 64.7673 -57.4520 -38.3348 -0.0000 -0.0000 3.9494 18.6871 17.5309 5.8173 -7.1250 0.0000 -0.0000 -8.9961 48.2144 -0.7188 -0.0000 0.0000 0.0000 50.8130 14.8564 69.2139 -72.7578 58.8463 -45.1256 0.0000 0.0000 23.3750 -30.0141 7.3847 -4.2464 7.1250 -0.0000 -0.0000 -2.3294 -21.4699 -1.3162
0.0266 15.8138 -6.1664 -357.7120 -26.4335 339.2700 0.0000 0.0000 0.0000 -6.8629 -1.8423 -32.0226 11.7839 18.2978 65.3021 -0.4584 -12.0787 6.7088 0.0341 1.1918 3.2766 0.0000 0.0000 0.0000 2.1270 5.8620 -32.3138 -13.9875 -19.1102 72.1663 -0.2035 -0.6588 -8.7870 -0.0667 1.6662 -4.5841 -1.5285 1.1931 21.9556 0.4213 1.0635 9.6968 1.0788 0.3909 -1.7309 -4.4678 1.4355 -10.1481 3.3985 1.9031 26.9021 2.1770 0.7551 10.1360 -0.0000 0.0000 0.0000 -50.2494 -18.3860 78.1803 68.7169 -58.2173 -41.6786 -0.0000 -0.0000 3.0205 23.0295 16.2787 6.7950 -7.1250 0.0000 -0.0000 -4.5605 47.5320 -0.2855 -0.0000 0.0000 0.0000 49.3361 13.8376 70.0344 -76.8466 59.3361 -48.6342 0.0000 0.0000 24.2153 -31.4359 8.4018 -5.1038 7.1250 -0.0000 -0.0000 -3.2693 -20.1665 -1.9449
0.0658 15.7890 -6.2255 -358.0300 -26.6585 338.6100 0.0000 0.0000 0.0000 -6.0931 -1.9331 -32.4468 12.1118 18.4375 66.3427 -0.2847 -10.5983 9.1005 0.0591 1.5693 4.3167 0.0000 0.0000 0.0000 2.2751 6.0188 -32.2632 -14.1334 -19.1540 72.6114 -0.1286 -0.9388 -7.1834 -0.0666 1.6656 -4.5823 -1.1938 1.0972 22.3073 0.4191 0.9887 9.9637 0.9017 0.3558 -1.6078 -4.3824 1.5862 -10.9068 3.1606 2.2082 26.7800 2.1221 0.8835 10.2312 0.0000 -0.0000 0.0000 -47.4832 -17.2878 79.1694 73.3043 -58.9201 -45.5935 -0.0000 -0.0000 4.8280 26.0580 15.8557 7.6096 -7.1250 0.0000 -0.0000 -1.5858 47.5183 -0.0986 0.0000 -0.0000 0.0000 47.5146 12.8260 70.7672 -81.8946 59.7503 -52.9864 0.0000 0.0000 26.5171 -32.6097 10.0145 -6.3482 7.1250 -0.0000 -0.0000 -3.9414 -18.1565 -2.5229
0.0887 15.7664 -6.2684 -358.3140 -26.9996 337.9740 0.0000 0.0000 0.0000 -5.3577 -1.8276 -32.6339 12.4178 18.5617 67.3071 -0.1379 -9.7646 11.2578 0.0247 1.0152 2.7905 0.0000 0.0000 0.0000 2.5409 6.2750 -32.2197 -14.2749 -19.1953 73.0422 -0.0664 -1.3559 -5.5672 -0.1243 2.2728 -6.2602 -1.0180 1.1680 22.6763 0.4125 1.1010 10.1579 0.7661 0.4117 -1.5776 -4.2268 1.6569 -11.3142 3.0696 2.3223 26.7510 2.0826 0.9437 10.2988 -0.0000 -0.0000 0.0000 -44.3089 -16.1384 79.9412 78.7163 -59.5134 -50.2440 -0.0000 -0.0000 9.2725 27.0852 13.6096 6.8617 -7.1250 0.0000 -0.0000 -0.2903 45.1919 -0.0014 -0.0000 -0.0000 0.0000 45.4351 11.7278 71.2399 -87.2140 59.9707 -57.5875 0.0000 0.0000 29.6341 -33.3855 12.7153 -8.2534 7.1250 -0.0000 -0.0000 -4.1651 -14.8856 -2.9633
0.1095 15.7549 -6.2998 -357.4230 -26.6812 336.8650 0.0000 0.0000 0.0000 -6.2205 -2.0934 -32.4003 12.5482 18.6129 67.7162 0.0037 -8.8520 12.6843 0.0084 0.5924 1.6279 0.0000 0.0000 0.0000 1.2259 6.1241 -32.1861 -14.4975 -19.2580 73.7182 -0.0336 -1.2200 -4.1384 -0.1103 2.1413 -5.8964 -1.8569 1.2551 23.0006 0.0662 1.0173 10.3526 0.8900 0.3474 -1.5274 -4.2252 1.7901 -11.5510 3.0720 2.5238 26.7588 2.1109 1.0375 10.3392 -0.0000 0.0000 0.0000 -40.8175 -14.8738 80.7417 85.2868 -59.9159 -55.9194 -0.0000 -0.0000 13.3193 27.6019 12.4454 6.4287 -7.1250 0.0000 -0.0000 0.3180 43.9639 -0.0081 -0.0000 0.0000 0.0000 43.0653 10.3109 71.7192 -93.1394 59.9627 -62.7185 0.0000 0.0000 32.5125 -32.2659 14.2043 -8.8062 7.1250 -0.0000 -0.0000 -3.2279 -13.3344 -2.4003
0.1218 15.7382 -6.3266 -357.7030 -26.9451 336.6250 0.0000 0.0000 0.0000 -5.6047 -2.2641 -32.6020 12.7208 18.6790 68.2560 0.1098 -8.3683 13.8716 0.0006 0.1530 0.4204 0.0000 0.0000 0.0000 1.4290 6.3485 -32.4725 -14.6608 -19.3023 74.2128 -0.0062 -1.6114 -2.8561 -0.1415 2.4244 -6.6800 -1.7355 1.3283 23.2410 0.0999 1.1292 10.3863 0.8279 0.4046 -1.6101 -4.1345 1.8858 -11.5719 2.8727 2.6945 26.8205 2.0463 1.1006 10.3643 0.0000 -0.0000 0.0000 -37.7602 -13.5192 81.9740 91.2670 -59.9939 -61.0973 -0.0000 -0.0000 15.1837 27.4344 11.6818 6.0002 -7.1250 0.0000 -0.0000 0.2385 43.0932 -0.0112 0.0000 -0.0000 0.0000 40.6748 8.8375 72.2320 -98.4085 59.7311 -67.2754 0.0000 0.0000 33.4705 -31.5524 17.1962 -10.2896 7.1250 -0.0000 -0.0000 -2.3764 -10.0339 -1.9277
0.1282 15.7282 -6.3388 -357.9700 -27.1032 336.5040 0.0000 0.0000 0.0000 -5.1779 -2.3702 -32.6927 12.8472 18.7263 68.6503 0.1784 -8.0286 14.5387 0.0002 -0.0814 -0.2237 0.0000 0.0000 0.0000 1.6299 6.3484 -32.7111 -14.7748 -19.3324 74.5573 0.0080 -1.9954 -2.0071 -0.1334 2.3543 -6.4859 -1.4589 1.2960 23.0521 0.0315 1.1429 10.5394 0.5977 0.4180 -1.3450 -4.2327 2.0709 -11.4870 2.8961 2.9664 27.0906 2.1075 1.2120 10.4335 0.0000 -0.0000 0.0000 -35.0382 -12.4075 82.7753 95.7967 -59.8726 -65.0180 -0.0000 -0.0000 17.5579 27.4947 12.8589 6.6070 -7.1250 0.0000 -0.0000 0.1763 44.4112 -0.0026 0.0000 -0.0000 0.0000 38.4784 7.4445 72.8839 -102.9763 59.3541 -71.2134 0.0000 0.0000 34.6385 -33.6960 19.1311 -12.3274 7.1250 -0.0000 -0.0000 -3.4724 -7.3812 -3.0032
0.1347 15.7198 -6.3432 -358.1720 -27.2473 336.5550 0.0000 0.0000 0.0000 -4.9063 -2.6050 -32.7806 12.9286 18.7562 68.9035 0.2004 -7.8587 14.6773 0.0027 -0.3363 -0.9241 0.0000 0.0000 0.0000 1.7580 6.4174 -33.0542 -14.8904 -19.3622 74.9065 0.0170 -2.3723 -1.4130 -0.0987 2.0264 -5.5786 -1.3586 1.3118 22.9453 0.0277 1.1878 10.4588 0.5269 0.4456 -1.3802 -4.1157 2.2585 -11.4573 2.8050 3.2214 27.9672 2.1047 1.3099 10.7470 0.0000 -0.0000 0.0000 -33.1251 -11.1427 83.6741 98.9206 -59.6972 -67.7176 -0.0000 -0.0000 19.3564 28.4467 12.9692 6.9322 -7.1250 0.0000 -0.0000 1.0491 44.6548 -0.0089 0.0000 -0.0000 0.0000 36.3883 5.8834 74.0814 -106.8896 58.8942 -74.5725 0.0000 0.0000 36.3320 -33.7000 17.9715 -11.6276 7.1250 -0.0000 -0.0000 -3.6523 -8.7147 -3.0631
0.1367 15.7109 -6.3449 -358.2420 -27.2921 336.5850 0.0000 0.0000 0.0000 -4.8465 -2.8335 -32.8338 13.0098 18.7857 69.1560 0.2057 -7.5617 14.4326 0.0035 -0.3833 -1.0533 0.0000 0.0000 0.0000 1.7686 6.5077 -33.3375 -14.9842 -19.3858 75.1890 0.0249 -2.7981 -0.9573 -0.0840 1.8696 -5.1454 -1.3638 1.3273 22.8816 -0.0124 1.2100 10.3212 0.4814 0.4605 -1.4991 -4.0232 2.4684 -11.0604 2.7024 3.5007 28.6901 2.0937 1.4163 10.9332 0.0000 0.0000 0.0000 -31.9276 -10.3104 84.7265 100.7661 -59.5575 -69.3099 -0.0000 -0.0000 20.8553 26.8945 10.3229 5.1933 -7.1250 0.0000 -0.0000 -0.1277 41.5227 0.0110 0.0000 0.0000 0.0000 34.8535 4.8615 75.8552 -108.7422 58.6302 -76.1565 0.0000 0.0000 37.2162 -34.9965 19.3903 -13.0855 7.1250 -0.0000 -0.0000 -4.2503 -6.7823 -3.7292
0.1384 15.7112 -6.3448 -358.3380 -27.2875 336.4390 0.0000 0.0000 0.0000 -4.8494 -2.8449 -32.6174 13.0515 18.8007 69.2853 0.1559 -7.9248 14.0775 0.0265 -1.0513 -2.8900 0.0000 0.0000 0.0000 1.8107 6.5279 -33.3062 -15.0630 -19.4053 75.4264 0.0246 -2.8472 -0.3969 -0.0860 1.8920 -5.2072 -1.2686 1.2981 22.9040 -0.1277 1.1856 10.3677 0.3099 0.4532 -1.4547 -4.0790 2.5831 -10.6390 2.7616 3.6306 29.3427 2.1464 1.4587 11.0891 -0.0000 0.0000 0.0000 -31.0610 -10.0635 86.0907 101.8550 -59.4622 -70.2481 -0.0000 -0.0000 23.3320 26.9655 11.0662 5.5775 -7.1250 0.0000 -0.0000 -0.1296 42.3563 0.0085 -0.0000 0.0000 0.0000 34.0070 4.3031 77.8237 -109.5775 58.5011 -76.8693 0.0000 0.0000 39.0426 -36.8273 19.5510 -14.0684 7.1250 -0.0000 -0.0000 -5.3671 -6.1434 -4.7835
0.1408 15.7067 -6.3459 -358.5290 -27.2853 336.5530 0.0000 0.0000 0.0000 -4.7397 -2.9745 -32.7492 13.1181 18.8244 69.4918 0.1423 -7.8781 13.8087 0.0421 -1.3239 -3.6404 0.0000 0.0000 0.0000 1.8714 6.5476 -33.5275 -15.1082 -19.4163 75.5624 0.0294 -3.2342 -0.0107 -0.0420 1.3221 -3.6355 -1.0705 1.3061 22.7011 -0.1672 1.2397 10.3985 0.1459 0.4878 -1.3178 -3.8947 2.6841 -10.2921 2.5835 3.7611 30.1550 2.0775 1.4950 11.3365 -0.0000 -0.0000 0.0000 -31.2950 -10.1478 87.3214 100.1646 -59.6060 -68.7911 -0.0000 -0.0000 24.8113 27.8944 10.0087 5.2564 -7.1250 0.0000 -0.0000 0.7894 41.2711 -0.0726 -0.0000 -0.0000 0.0000 33.7192 3.8458 79.5446 -109.9122 58.4475 -77.1546 0.0000 0.0000 40.7157 -38.2861 20.2996 -15.3150 7.1250 -0.0000 -0.0000 -6.1304 -4.8703 -5.6207
0.1523 15.6952 -6.3443 -357.0500 -26.6042 336.1210 0.0000 0.0000 0.0000 -6.5865 -3.3789 -32.8967 13.1114 18.8220 69.4710 0.1547 -7.3127 13.3626 0.0326 -1.1651 -3.2031 0.0000 0.0000 0.0000 -0.1585 6.1656 -34.2555 -15.2707 -19.4551 76.0506 0.0166 -2.9216 0.8742 -0.0620 1.6067 -4.4198 -2.3803 1.4080 22.5412 -0.6520 1.0983 10.3567 0.4059 0.3881 -1.2927 -3.9225 2.7019 -10.1091 2.5225 3.7934 31.0592 2.0818 1.4738 11.6544 -0.0000 -0.0000 0.0000 -31.9463 -10.5063 88.8785 98.9346 -59.6962 -67.7297 -0.0000 -0.0000 25.6610 27.7877 10.9737 5.7283 -7.1250 0.0000 -0.0000 0.6209 42.3415 -0.0407 -0.0000 -0.0000 0.0000 34.1534 4.2503 81.3362 -108.5510 58.6589 -75.9933 0.0000 0.0000 41.4860 -39.8423 20.6707 -16.4122 7.1250 -0.0000 -0.0000 -7.0068 -3.9792 -6.5538
0.1563 15.6910 -6.3433 -359.3770 -27.7018 336.6300 0.0000 0.0000 0.0000 -3.8185 -2.8128 -32.7173 13.2975 18.8869 70.0469 0.1195 -7.9891 13.5714 0.0630 -1.6198 -4.4559 0.0000 0.0000 0.0000 2.6386 6.6403 -33.5384 -15.2007 -19.4386 75.8404 0.0242 -3.5824 1.1282 -0.0557 1.5229 -4.1889 -0.1959 1.1419 22.9497 -0.0969 1.1923 10.6524 -0.2662 0.4861 -1.1455 -4.0465 2.9421 -9.6917 2.4392 4.1663 31.2431 2.1113 1.6109 11.6268 0.0000 -0.0000 0.0000 -33.0859 -11.1219 90.0140 96.1030 -59.8588 -65.2829 -0.0000 -0.0000 26.4435 28.0843 11.7072 6.1795 -7.1250 0.0000 -0.0000 0.8292 43.1960 -0.0369 0.0000 -0.0000 0.0000 34.9752 4.9600 82.8751 -106.5503 58.9393 -74.2819 0.0000 0.0000 42.4436 -41.0425 20.1331 -16.6813 7.1250 -0.0000 -0.0000 -7.8445 -4.2642 -7.3096
0.1501 15.6751 -6.3588 -358.8330 -27.4798 336.5850 0.0000 0.0000 0.0000 -4.3454 -3.0067 -33.0805 13.3265 18.8969 70.1366 0.1658 -7.5900 13.8520 0.0514 -1.4628 -4.0231 0.0000 0.0000 0.0000 1.8854 6.6569 -34.2574 -15.3268 -19.4681 76.2192 0.0178 -3.8684 1.8498 -0.0522 1.4739 -4.0538 -0.9485 1.3017 22.9106 -0.2403 1.2391 10.8206 -0.0006 0.4845 -0.9542 -3.8202 2.9670 -9.6656 2.1908 4.2265 30.9153 1.9790 1.6427 11.5034 -0.0000 0.0000 0.0000 -34.5593 -11.9550 90.7184 92.0474 -59.9842 -61.7730 -0.0000 -0.0000 27.3058 29.7038 10.7426 6.0698 -7.1250 0.0000 -0.0000 2.3703 42.2889 -0.1586 -0.0000 0.0000 0.0000 36.2827 5.6699 83.8197 -103.5365 59.2962 -71.6952 0.0000 0.0000 43.0421 -42.1485 20.6889 -17.7327 7.1250 -0.0000 -0.0000 -8.3935 -3.2362 -7.9939
0.1579 15.6704 -6.3715 -358.8120 -27.5141 336.3840 0.0000 0.0000 0.0000 -4.3443 -3.0826 -32.9286 13.3310 18.8984 70.1506 0.1968 -7.3245 14.0432 0.0510 -1.4571 -4.0075 0.0000 0.0000 0.0000 1.7648 6.5100 -34.4685 -15.4062 -19.4863 76.4573 0.0072 -4.1320 2.5909 -0.0518 1.4681 -4.0378 -1.0069 1.3773 23.3194 -0.2852 1.3049 11.1763 -0.0341 0.5090 -0.7628 -3.7663 3.0912 -9.8021 2.1483 4.4159 30.1923 1.9624 1.7500 11.2443 0.0000 -0.0000 0.0000 -36.1465 -12.9917 91.1482 88.2164 -59.9880 -58.4554 -0.0000 -0.0000 27.8746 30.5135 8.8921 5.2053 -7.1250 0.0000 -0.0000 3.1705 40.2531 -0.3715 0.0000 -0.0000 0.0000 37.6488 6.4386 84.6876 -100.4350 59.5845 -69.0243 0.0000 0.0000 43.5346 -43.9462 20.1658 -18.3808 7.1250 -0.0000 -0.0000 -9.5831 -3.2788 -9.1503
0.1638 15.6571 -6.3847 -358.4980 -27.4105 336.2530 0.0000 0.0000 0.0000 -4.6546 -3.2416 -33.0491 13.3294 18.8979 70.1456 0.2177 -7.2371 14.2671 0.0573 -1.5448 -4.2492 0.0000 0.0000 0.0000 1.2479 6.4510 -34.9191 -15.5210 -19.5121 76.8013 -0.0095 -4.1748 3.2885 -0.0637 1.6283 -4.4796 -1.3631 1.4901 23.5958 -0.3000 1.3631 11.4813 0.1371 0.5178 -0.5678 -4.0963 3.0882 -9.7552 2.1204 4.4896 29.1145 1.9899 1.7751 10.8123 0.0000 0.0000 0.0000 -37.9426 -13.8366 91.6793 84.7689 -59.8963 -55.4713 -0.0000 -0.0000 27.0412 32.7657 8.9684 5.7294 -7.1250 0.0000 -0.0000 5.1678 40.5565 -0.5679 0.0000 0.0000 0.0000 38.9481 7.0679 85.5552 -97.2890 59.7983 -66.3082 0.0000 0.0000 43.1763 -45.9983 19.7020 -19.2433 7.1250 -0.0000 -0.0000 -10.9076 -3.1321 -10.4901
0.1715 15.6554 -6.3950 -358.0500 -27.1651 336.2000 0.0000 0.0000 0.0000 -5.1915 -3.4630 -33.2762 13.3223 18.8954 70.1235 0.2586 -6.7370 14.3670 0.0557 -1.5231 -4.1893 0.0000 0.0000 0.0000 0.5427 6.1603 -35.4217 -15.5679 -19.5224 76.9415 -0.0286 -4.3254 4.0286 -0.0502 1.4457 -3.9762 -1.8413 1.5815 23.8192 -0.4163 1.3661 11.7911 0.2821 0.4958 -0.3392 -3.8832 3.0875 -9.7211 1.6459 4.5712 27.7215 1.7614 1.8185 10.3040 -0.0000 0.0000 0.0000 -39.5587 -14.5935 91.1128 82.0820 -59.7618 -53.1483 -0.0000 -0.0000 26.5072 35.6439 8.2955 5.9068 -7.1250 0.0000 -0.0000 7.7098 40.0355 -0.9500 -0.0000 0.0000 0.0000 40.3169 7.3390 86.1346 -95.5573 59.8830 -64.8109 0.0000 0.0000 43.5827 -47.7228 19.7420 -20.3810 7.1250 -0.0000 -0.0000 -11.9114 -2.4206 -11.6555
0.1730 15.6553 -6.4020 -357.9700 -27.1977 336.4490 0.0000 0.0000 0.0000 -5.2552 -3.4597 -33.6439 13.3408 18.9018 70.1806 0.2595 -6.6418 14.2873 0.0546 -1.5074 -4.1462 0.0000 0.0000 0.0000 0.3173 6.1437 -35.9848 -15.6231 -19.5344 77.1067 -0.0476 -4.4707 4.6675 -0.0342 1.1942 -3.2832 -1.9997 1.7345 23.9282 -0.4028 1.5248 11.9397 0.3487 0.5643 -0.2332 -4.1768 2.9544 -9.1586 1.7469 4.3768 25.9474 1.7747 1.7600 9.5489 0.0000 0.0000 0.0000 -40.7316 -15.0261 89.9432 80.5913 -59.6628 -51.8610 -0.0000 -0.0000 28.4352 36.3334 7.3996 5.4109 -7.1250 0.0000 -0.0000 8.2694 39.0110 -1.2300 0.0000 0.0000 0.0000 41.4328 7.5364 85.8086 -93.8178 59.9449 -63.3057 0.0000 0.0000 44.0010 -50.2433 20.5193 -22.8485 7.1250 -0.0000 -0.0000 -13.1705 -0.3348 -13.4544
0.1738 15.6485 -6.4000 -357.7350 -27.1902 336.6190 0.0000 0.0000 0.0000 -5.5350 -3.3401 -33.9613 13.3833 18.9162 70.3119 0.1878 -7.2254 13.7971 0.1197 -2.2301 -6.1420 0.0000 0.0000 0.0000 -0.0951 6.1490 -36.4857 -15.6767 -19.5458 77.2669 -0.0596 -4.3642 4.9561 -0.0302 1.1213 -3.0826 -2.1618 1.8671 24.0940 -0.4719 1.6503 12.1284 0.3359 0.6174 -0.1071 -4.4683 2.7047 -8.9020 1.7137 4.0701 23.9853 1.7374 1.6380 8.8187 -0.0000 -0.0000 0.0000 -41.2615 -15.6830 89.1265 79.2126 -59.5557 -50.6718 -0.0000 -0.0000 29.0909 37.2478 6.7371 5.0973 -7.1250 0.0000 -0.0000 9.0202 38.2758 -1.5083 -0.0000 -0.0000 0.0000 42.0458 7.6123 84.6964 -92.9584 59.9669 -62.5618 0.0000 0.0000 45.1048 -51.2014 20.6644 -23.6983 7.1250 -0.0000 -0.0000 -13.6767 0.3001 -14.1567
0.1716 15.6529 -6.3936 -357.9440 -27.2203 336.9640 0.0000 0.0000 0.0000 -5.3769 -3.3981 -34.1662 13.4046 18.9234 70.3777 0.1602 -7.3183 13.4590 0.1297 -2.3216 -6.3954 0.0000 0.0000 0.0000 0.0463 6.1323 -36.6551 -15.6581 -19.5419 77.2113 -0.0626 -4.2677 5.0017 -0.0295 1.1091 -3.0492 -1.8762 1.8335 24.1097 -0.4833 1.6619 12.3037 0.1606 0.6324 0.0868 -5.1662 2.3597 -7.8046 1.9428 3.5848 21.1189 1.8123 1.4432 7.6492 0.0000 0.0000 0.0000 -41.3697 -16.1264 88.9269 78.0829 -59.4565 -49.6983 -0.0000 -0.0000 28.7075 37.7331 5.5813 4.3039 -7.1250 0.0000 -0.0000 9.3406 36.8808 -1.8857 0.0000 0.0000 0.0000 42.2452 8.0665 84.3793 -91.8451 59.9871 -61.5979 0.0000 0.0000 45.0464 -52.0712 21.0361 -24.7319 7.1250 -0.0000 -0.0000 -14.0676 1.2160 -14.8131
0.1663 15.6510 -6.3869 -358.3820 -27.2200 337.6120 0.0000 0.0000 0.0000 -4.9602 -3.5073 -34.7293 13.4690 18.9450 70.5762 0.1127 -7.6478 13.0505 0.1747 -2.6924 -7.4236 0.0000 0.0000 0.0000 0.4115 6.0976 -37.0706 -15.6585 -19.5420 77.2125 -0.0600 -4.2789 4.9336 -0.0404 1.2972 -3.5669 -1.5407 1.6159 23.8654 -0.4899 1.4531 12.4864 0.0184 0.5392 0.4170 -5.3350 2.0826 -7.4668 1.5729 3.2735 18.4618 1.6467 1.3122 6.7422 0.0000 -0.0000 0.0000 -41.1448 -16.2514 88.8399 77.5059 -59.4019 -49.2015 -0.0000 -0.0000 27.6814 38.2803 5.5210 4.3421 -7.1250 0.0000 -0.0000 9.8006 36.8425 -1.9901 0.0000 -0.0000 0.0000 42.3156 9.3242 85.0356 -90.0290 60.0000 -60.0251 0.0000 0.0000 44.2641 -53.2739 20.5675 -25.2144 7.1250 -0.0000 -0.0000 -14.8666 1.1938 -15.7072
0.1561 15.6520 -6.3757 -358.3010 -27.1700 337.8390 0.0000 0.0000 0.0000 -5.0621 -3.4923 -35.0187 13.4775 18.9478 70.6022 0.1343 -7.2804 12.9878 0.1318 -2.3404 -6.4475 0.0000 0.0000 0.0000 0.2764 6.1696 -37.3149 -15.6744 -19.5454 77.2601 -0.0640 -4.1584 5.0010 -0.0557 1.5232 -4.1895 -1.5811 1.6242 23.9688 -0.6270 1.4450 12.6479 -0.1044 0.5343 0.5506 -5.7366 1.6427 -7.5730 1.9493 2.6700 15.9946 1.7554 1.0823 5.9859 -0.0000 0.0000 0.0000 -40.6268 -16.6000 89.2356 77.9234 -59.4417 -49.5610 -0.0000 -0.0000 26.2296 39.2037 7.0848 5.7449 -7.1250 0.0000 -0.0000 10.7560 38.8771 -1.6448 -0.0000 0.0000 0.0000 42.2073 10.0423 85.4629 -89.0213 59.9964 -59.1524 0.0000 0.0000 43.2941 -55.3342 22.9119 -29.3777 7.1250 -0.0000 -0.0000 -15.3449 5.4920 -17.3507
0.1451 15.6527 -6.3671 -358.3670 -27.1291 338.0710 0.0000 0.0000 0.0000 -4.9803 -3.5504 -35.2760 13.5143 18.9601 70.7156 0.1628 -6.8905 13.0296 0.0800 -1.8246 -5.0212 0.0000 0.0000 0.0000 0.3256 6.1734 -37.5340 -15.7268 -19.5564 77.4166 -0.0580 -4.1942 4.8466 -0.0468 1.3966 -3.8408 -1.5823 1.6447 24.1177 -0.7219 1.4564 12.9923 -0.2079 0.5357 0.8671 -5.8853 1.0931 -8.0220 2.2481 1.9356 13.2537 1.7955 0.7963 5.2296 -0.0000 0.0000 0.0000 -40.0451 -17.4064 89.2633 77.9526 -59.4444 -49.5861 -0.0000 -0.0000 24.7185 39.4408 7.5457 6.1653 -7.1250 0.0000 -0.0000 11.0135 39.4800 -1.5197 -0.0000 0.0000 0.0000 42.0141 11.0314 85.7141 -88.5500 59.9921 -58.7443 0.0000 0.0000 41.9034 -55.7495 21.9014 -28.7152 7.1250 -0.0000 -0.0000 -15.8591 4.3773 -17.6928
0.1336 15.6527 -6.3493 -358.6120 -27.1456 338.5530 0.0000 0.0000 0.0000 -4.6743 -3.6881 -35.7318 13.5792 18.9814 70.9152 0.1868 -6.6330 13.1508 0.0568 -1.5383 -4.2313 0.0000 0.0000 0.0000 0.5386 6.2126 -37.9340 -15.7853 -19.5687 77.5915 -0.0525 -4.3520 4.7542 -0.0460 1.3840 -3.8061 -1.4512 1.5361 24.0386 -0.7002 1.3460 12.9478 -0.2329 0.4869 0.8575 -6.4466 0.8246 -7.1413 3.0036 1.5057 10.2278 2.0552 0.6559 4.1564 -0.0000 0.0000 0.0000 -39.8008 -17.4067 89.6515 78.2840 -59.4749 -49.8715 -0.0000 -0.0000 23.9312 39.5837 7.6311 6.2656 -7.1250 0.0000 -0.0000 11.1490 39.6017 -1.5050 -0.0000 0.0000 0.0000 41.6879 11.6972 86.5131 -88.3631 59.9899 -58.5825 0.0000 0.0000 40.6964 -56.8621 20.8565 -28.6062 7.1250 -0.0000 -0.0000 -16.7608 3.6070 -18.5744
0.1221 15.6579 -6.3350 -358.2320 -26.9877 338.6400 0.0000 0.0000 0.0000 -5.0737 -3.8401 -35.9635 13.6137 18.9927 71.0211 0.1630 -6.8921 13.0361 0.1090 -2.1291 -5.8625 0.0000 0.0000 0.0000 0.0597 6.2083 -38.2375 -15.8373 -19.5794 77.7466 -0.0557 -4.2596 4.8068 -0.0469 1.3978 -3.8442 -1.9094 1.6322 24.2868 -0.8538 1.3633 13.0083 -0.1464 0.4756 0.8027 -6.1805 0.5464 -7.4781 3.1793 1.1318 7.7715 2.2448 0.5131 3.8556 -0.0000 0.0000 0.0000 -39.5012 -17.8777 89.9325 78.3757 -59.4832 -49.9505 -0.0000 -0.0000 23.3767 40.2514 8.6464 7.2533 -7.1250 0.0000 -0.0000 11.8611 40.9574 -1.2016 -0.0000 0.0000 0.0000 41.5329 12.3700 86.9419 -88.0210 59.9852 -58.2862 0.0000 0.0000 39.9948 -57.4875 21.1559 -29.5202 7.1250 -0.0000 -0.0000 -17.0144 4.4130 -19.1078
0.1105 15.6610 -6.3134 -358.7810 -27.0219 339.1520 0.0000 0.0000 0.0000 -4.4685 -3.9902 -36.3017 13.6845 19.0155 71.2385 0.1403 -7.1809 12.9752 0.1495 -2.4919 -6.8672 0.0000 0.0000 0.0000 0.5905 6.2977 -38.4147 -15.8456 -19.5811 77.7714 -0.0546 -4.3893 4.8284 -0.0618 1.6044 -4.4135 -1.4718 1.5925 24.2469 -0.7212 1.4079 12.9767 -0.2614 0.5175 0.7907 -6.1250 0.4027 -7.1840 3.8800 0.8789 5.9482 2.4237 0.4415 3.1779 0.0000 -0.0000 0.0000 -39.3449 -18.2030 90.4758 78.5081 -59.4951 -50.0646 -0.0000 -0.0000 22.8481 40.1692 8.8024 7.3606 -7.1250 0.0000 -0.0000 11.8050 41.1455 -1.1401 0.0000 -0.0000 0.0000 41.2373 12.5185 87.5848 -87.8869 59.9831 -58.1701 0.0000 0.0000 39.4615 -57.7733 20.5175 -29.0739 7.1250 -0.0000 -0.0000 -17.3512 3.6964 -19.3177
0.1041 15.6623 -6.2930 -358.7560 -26.9889 339.3400 0.0000 0.0000 0.0000 -4.4596 -4.1732 -36.4332 13.7020 19.0212 71.2925 0.1646 -6.9719 13.1488 0.1059 -2.0984 -5.7777 0.0000 0.0000 0.0000 0.4924 6.4510 -38.5765 -15.8806 -19.5882 77.8757 -0.0529 -4.3227 4.7532 -0.0770 1.7896 -4.9245 -1.4913 1.6805 24.1593 -0.7939 1.5114 13.3545 -0.3467 0.5641 1.2574 -5.6050 0.4512 -8.5255 4.5328 0.9354 4.8239 2.5547 0.5280 3.0470 -0.0000 0.0000 0.0000 -39.0200 -18.9154 90.1802 78.3520 -59.4811 -49.9301 -0.0000 -0.0000 22.6320 40.8102 8.3305 7.1310 -7.1250 0.0000 -0.0000 12.3262 40.6196 -1.3547 -0.0000 0.0000 0.0000 41.1036 13.2522 87.2626 -87.5282 59.9769 -57.8595 0.0000 0.0000 39.0107 -58.3158 21.0614 -30.2091 7.1250 -0.0000 -0.0000 -17.4882 4.8131 -19.8058
0.0934 15.6645 -6.2799 -358.5670 -26.8711 339.3550 0.0000 0.0000 0.0000 -4.6739 -4.3361 -36.4933 13.7124 19.0245 71.3242 0.1541 -7.0430 13.0528 0.1474 -2.4743 -6.8184 0.0000 0.0000 0.0000 0.2616 6.5370 -38.6243 -15.9170 -19.5955 77.9844 -0.0499 -4.2593 4.6420 -0.0838 1.8670 -5.1381 -1.8440 1.8162 24.2815 -0.6995 1.6135 13.3923 -0.0706 0.5912 1.2305 -5.7212 0.7181 -8.3748 5.4367 1.2752 3.4221 2.8720 0.7328 2.5252 0.0000 -0.0000 0.0000 -39.1798 -19.1309 90.3583 78.3892 -59.4844 -49.9622 -0.0000 -0.0000 22.4691 41.0582 8.4295 7.2768 -7.1250 0.0000 -0.0000 12.5624 40.7743 -1.3329 0.0000 -0.0000 0.0000 40.6377 13.2996 87.5078 -87.8384 59.9823 -58.1281 0.0000 0.0000 38.6718 -58.5947 21.1012 -30.5270 7.1250 -0.0000 -0.0000 -17.6267 5.0529 -20.0467
0.0902 15.6663 -6.2713 -358.9140 -26.8220 339.7650 0.0000 0.0000 0.0000 -4.3047 -4.5756 -36.8746 13.7482 19.0359 71.4339 0.1814 -6.8254 13.2662 0.1094 -2.1325 -5.8719 0.0000 0.0000 0.0000 0.5745 6.6252 -38.7625 -15.9072 -19.5935 77.9550 -0.0421 -4.4405 4.4953 -0.0811 1.8367 -5.0545 -1.6137 1.7378 24.3415 -0.5257 1.5647 13.2420 -0.0058 0.5763 1.0332 -5.1445 1.4414 -7.6424 5.5998 2.1853 1.9363 2.8094 1.1927 1.8391 0.0000 0.0000 0.0000 -39.3505 -18.8917 90.7390 78.7697 -59.5180 -50.2900 -0.0000 -0.0000 22.5103 41.0911 8.5635 7.3989 -7.1250 0.0000 -0.0000 12.6099 40.9496 -1.2826 0.0000 0.0000 0.0000 40.3172 13.1041 87.9138 -88.2386 59.9883 -58.4747 0.0000 0.0000 38.3917 -58.7034 20.8823 -30.3846 7.1250 -0.0000 -0.0000 -17.7482 4.8158 -20.1309
0.0927 15.6752 -6.2588 -359.0700 -26.8477 339.9600 0.0000 0.0000 0.0000 -4.1813 -4.6688 -36.9560 13.7482 19.0359 71.4339 0.1787 -6.8642 13.2629 0.1269 -2.2960 -6.3244 0.0000 0.0000 0.0000 0.7039 6.7011 -38.7633 -15.8739 -19.5868 77.8559 -0.0400 -4.4566 4.4414 -0.0797 1.8215 -5.0125 -1.5153 1.8815 24.6923 -0.3357 1.7658 13.1563 0.0884 0.6775 0.7650 -5.0854 2.2289 -8.1005 6.6628 3.2207 1.6140 3.2006 1.7429 1.7449 -0.0000 0.0000 0.0000 -39.6241 -19.0231 90.9985 78.9268 -59.5316 -50.4254 -0.0000 -0.0000 22.7952 40.9790 8.4595 7.2822 -7.1250 0.0000 -0.0000 12.4949 40.8036 -1.3163 -0.0000 0.0000 0.0000 39.9575 12.6069 87.9444 -88.7044 59.9937 -58.8780 0.0000 0.0000 38.5346 -58.4068 21.3806 -30.6571 7.1250 -0.0000 -0.0000 -17.4451 5.3211 -19.8949
0.0967 15.6756 -6.2547 -358.8590 -26.7508 339.9400 0.0000 0.0000 0.0000 -4.4538 -4.8242 -36.9891 13.7413 19.0337 71.4128 0.1885 -6.6561 13.2037 0.1202 -2.2352 -6.1560 0.0000 0.0000 0.0000 0.4142 6.6861 -38.8612 -15.8837 -19.5888 77.8851 -0.0423 -4.4474 4.5039 -0.0846 1.8758 -5.1626 -1.6695 2.0131 24.7829 -0.2555 1.8994 13.3321 0.2312 0.7299 0.9111 -4.6043 2.9499 -8.1604 7.1165 4.1667 0.6162 3.2720 2.2250 1.3668 -0.0000 0.0000 0.0000 -39.9366 -19.2261 90.8737 78.9542 -59.5339 -50.4490 -0.0000 -0.0000 22.9512 41.0582 8.2196 7.0988 -7.1250 0.0000 -0.0000 12.5346 40.5056 -1.4143 -0.0000 0.0000 0.0000 39.5870 12.3461 87.5145 -89.5872 59.9994 -59.6425 0.0000 0.0000 38.5814 -58.1108 21.3231 -30.3036 7.1250 -0.0000 -0.0000 -17.3026 5.0465 -19.6403
0.0979 15.6734 -6.2555 -358.8170 -26.6861 339.8870 0.0000 0.0000 0.0000 -4.5176 -4.9752 -36.9584 13.7567 19.0386 71.4601 0.1933 -6.5912 13.2129 0.1102 -2.1400 -5.8928 0.0000 0.0000 0.0000 0.3504 6.6668 -38.8158 -15.8874 -19.5896 77.8961 -0.0411 -4.4480 4.4711 -0.0829 1.8568 -5.1102 -1.7541 2.1593 25.1712 -0.1154 2.0584 13.4338 0.3847 0.7973 0.8326 -3.9088 3.4809 -8.4334 7.1512 4.8490 -0.1431 3.1620 2.5665 1.1366 -0.0000 0.0000 0.0000 -40.1747 -19.3648 90.8400 79.2512 -59.5589 -50.7051 -0.0000 -0.0000 22.9384 41.4020 8.0652 7.0517 -7.1250 0.0000 -0.0000 12.8221 40.3460 -1.4994 -0.0000 0.0000 0.0000 39.3228 11.9333 87.0653 -90.5730 59.9988 -60.4962 0.0000 0.0000 38.0546 -57.6157 20.4452 -28.8442 7.1250 -0.0000 -0.0000 -17.2865 3.4951 -19.1806
0.0968 15.6786 -6.2555 -358.9600 -26.6784 340.0360 0.0000 0.0000 0.0000 -4.3650 -5.0160 -37.0847 13.7672 19.0419 71.4921 0.1929 -6.6340 13.2506 0.1150 -2.1863 -6.0208 0.0000 0.0000 0.0000 0.4910 6.6686 -38.8857 -15.8774 -19.5876 77.8664 -0.0402 -4.4822 4.4592 -0.0860 1.8916 -5.2063 -1.6237 2.2300 25.2252 0.0016 2.1753 13.5719 0.4102 0.8556 0.9602 -3.3026 3.8484 -8.5420 7.1906 5.3228 -0.9924 3.0579 2.7960 0.8644 0.0000 -0.0000 0.0000 -40.2519 -19.5357 90.6649 79.5939 -59.5868 -51.0006 -0.0000 -0.0000 23.1517 41.2174 8.3341 7.2360 -7.1250 0.0000 -0.0000 12.6932 40.6705 -1.3804 0.0000 -0.0000 0.0000 39.2550 11.5377 86.5575 -91.1021 59.9954 -60.9544 0.0000 0.0000 38.1263 -58.3238 21.5962 -30.8160 7.1250 -0.0000 -0.0000 -17.3382 5.5675 -19.8292
0.0916 15.6747 -6.2607 -358.9390 -26.6247 340.0830 0.0000 0.0000 0.0000 -4.3713 -4.9739 -37.1918 13.7524 19.0372 71.4470 0.1985 -6.6269 13.3340 0.1085 -2.1243 -5.8494 0.0000 0.0000 0.0000 0.4680 6.6864 -38.9698 -15.8970 -19.5915 77.9248 -0.0349 -4.5166 4.3190 -0.0933 1.9696 -5.4218 -1.8804 2.3013 25.4294 0.2149 2.2096 13.6143 0.7729 0.8481 0.8949 -3.3274 4.0432 -8.3447 7.3465 5.6317 -1.9774 3.0933 2.9368 0.4899 0.0000 -0.0000 0.0000 -40.6850 -19.2277 90.3802 79.6244 -59.5893 -51.0268 -0.0000 -0.0000 23.5729 41.0843 7.3243 6.3424 -7.1250 0.0000 -0.0000 12.4377 39.3603 -1.7603 0.0000 -0.0000 0.0000 38.9495 11.2892 86.3522 -91.7588 59.9883 -61.5231 0.0000 0.0000 38.2685 -58.4047 21.3424 -30.6121 7.1250 -0.0000 -0.0000 -17.4551 5.2660 -19.8919
0.0944 15.6771 -6.2592 -358.6350 -26.5321 339.9970 0.0000 0.0000 0.0000 -4.7274 -4.9704 -37.1940 13.7325 19.0309 71.3859 0.1952 -6.5957 13.2484 0.1055 -2.0945 -5.7670 0.0000 0.0000 0.0000 0.1035 6.6260 -39.0243 -15.8979 -19.5917 77.9275 -0.0420 -4.4041 4.4751 -0.0872 1.9043 -5.2412 -2.0523 2.3338 25.4532 0.1688 2.2076 13.8194 0.8236 0.8337 1.1125 -3.2888 3.9943 -8.7962 7.4834 5.6023 -2.6630 3.1330 2.9220 0.3471 -0.0000 0.0000 0.0000 -40.8140 -18.8772 89.6661 79.9808 -59.6173 -51.3343 -0.0000 -0.0000 24.2231 41.0529 7.1447 6.1821 -7.1250 0.0000 -0.0000 12.3858 39.1264 -1.8253 -0.0000 0.0000 0.0000 38.8465 11.1579 85.8752 -91.9466 59.9857 -61.6858 0.0000 0.0000 38.9377 -58.6022 22.5236 -32.1129 7.1250 -0.0000 -0.0000 -17.2174 7.0369 -20.0724
0.0958 15.6753 -6.2606 -358.7610 -26.5955 340.1210 0.0000 0.0000 0.0000 -4.5678 -4.8441 -37.3241 13.7454 19.0350 71.4254 0.1967 -6.5853 13.2621 0.0978 -2.0166 -5.5514 0.0000 0.0000 0.0000 0.2410 6.6783 -39.1049 -15.8974 -19.5916 77.9260 -0.0430 -4.3749 4.4928 -0.0994 2.0332 -5.5974 -1.9429 2.2966 25.6521 0.2232 2.1751 13.8397 0.8235 0.8199 1.0447 -3.0858 3.9339 -9.3332 7.4735 5.5159 -2.8736 3.1038 2.8829 0.3829 0.0000 -0.0000 0.0000 -41.0386 -18.3463 89.1346 80.5440 -59.6594 -51.8203 -0.0000 -0.0000 24.7692 40.8242 7.0237 6.0303 -7.1250 0.0000 -0.0000 12.1687 38.9493 -1.8461 0.0000 -0.0000 0.0000 38.8656 11.2790 85.5737 -92.6658 59.9731 -62.3084 0.0000 0.0000 37.2911 -58.6552 24.0792 -33.8165 7.1250 -0.0000 -0.0000 -16.7841 9.1781 -20.0564
0.0913 15.6717 -6.2589 -358.7080 -26.5600 340.0910 0.0000 0.0000 0.0000 -4.6544 -4.6473 -37.3181 13.7487 19.0360 71.4355 0.1615 -6.9569 13.0814 0.1385 -2.3988 -6.6093 0.0000 0.0000 0.0000 0.1808 6.6652 -39.0866 -15.9086 -19.5938 77.9592 -0.0440 -4.3073 4.4904 -0.1034 2.0732 -5.7080 -2.0036 2.2353 25.7502 0.2056 2.0791 13.8262 0.8594 0.7688 0.9853 -3.2318 3.8307 -9.1648 7.6906 5.4216 -3.4459 3.1864 2.8274 0.1661 0.0000 -0.0000 0.0000 -41.1734 -17.6167 88.6966 80.9669 -59.6894 -52.1852 -0.0000 -0.0000 25.4104 40.7211 7.1093 6.0809 -7.1250 0.0000 -0.0000 12.0894 39.0492 -1.8034 0.0000 -0.0000 0.0000 38.9447 11.1488 85.5600 -92.8199 59.9699 -62.4419 0.0000 0.0000 37.2632 -57.8520 23.6009 -32.4990 7.1250 -0.0000 -0.0000 -16.4988 7.9941 -19.4003
0.0888 15.6771 -6.2624 -358.5630 -26.4800 340.1520 0.0000 0.0000 0.0000 -4.7615 -4.7153 -37.4646 13.7188 19.0265 71.3440 0.2121 -6.5119 13.4337 0.0633 -1.6239 -4.4672 0.0000 0.0000 0.0000 0.0031 6.6756 -39.2259 -15.9117 -19.5945 77.9685 -0.0440 -4.3416 4.5077 -0.1065 2.1047 -5.7950 -2.0387 2.1635 25.6154 0.1233 1.9815 13.8687 0.8176 0.7201 1.1012 -2.9620 3.5596 -8.8073 7.3606 5.0705 -4.2644 2.9923 2.6255 -0.1214 0.0000 -0.0000 0.0000 -41.1946 -17.3780 88.4786 81.0694 -59.6965 -52.2737 -0.0000 -0.0000 25.5103 40.8032 7.0506 6.0487 -7.1250 0.0000 -0.0000 12.1539 38.9818 -1.8339 0.0000 -0.0000 0.0000 39.1456 11.0840 85.2587 -92.7947 59.9705 -62.4201 0.0000 0.0000 37.4041 -57.9414 24.1091 -33.1129 7.1250 -0.0000 -0.0000 -16.3952 8.7318 -19.4469
0.0859 15.6793 -6.2620 -358.4090 -26.3614 340.1990 0.0000 0.0000 0.0000 -4.9972 -4.7397 -37.5342 13.7063 19.0225 71.3056 0.1728 -6.8742 13.1784 0.1479 -2.4783 -6.8294 0.0000 0.0000 0.0000 -0.2137 6.5699 -39.3697 -15.9274 -19.5976 78.0154 -0.0442 -4.3324 4.5081 -0.0969 2.0073 -5.5259 -2.1953 2.1183 25.6154 0.1085 1.8939 13.7291 0.9094 0.6722 0.9423 -3.0345 3.3772 -8.6093 7.2615 4.8347 -4.3624 2.9609 2.5027 -0.1720 0.0000 -0.0000 0.0000 -41.5639 -16.6785 88.1585 81.1253 -59.7003 -52.3221 -0.0000 -0.0000 25.7705 40.2965 6.8559 5.7799 -7.1250 0.0000 -0.0000 11.6854 38.6860 -1.8472 0.0000 -0.0000 0.0000 39.3541 10.8382 85.1542 -92.6288 59.9739 -62.2764 0.0000 0.0000 37.5189 -57.9934 24.1345 -33.1918 7.1250 -0.0000 -0.0000 -16.4153 8.8005 -19.4891
0.0850 15.6774 -6.2595 -358.2980 -26.2694 340.2600 0.0000 0.0000 0.0000 -5.1012 -4.8661 -37.6458 13.7063 19.0225 71.3054 0.1940 -6.7439 13.3838 0.1200 -2.2335 -6.1515 0.0000 0.0000 0.0000 -0.3895 6.5147 -39.5036 -15.9455 -19.6012 78.0692 -0.0469 -4.2591 4.5568 -0.0964 2.0025 -5.5126 -2.2783 2.0514 25.5609 0.0502 1.7928 13.6658 0.9182 0.6212 0.8993 -3.0573 3.2706 -8.6777 7.2920 4.6935 -4.3499 2.9750 2.4337 -0.1493 -0.0000 0.0000 0.0000 -41.5994 -16.2885 87.8449 81.3511 -59.7155 -52.5170 -0.0000 -0.0000 26.0379 39.8657 6.9795 5.7944 -7.1250 0.0000 -0.0000 11.3236 38.8041 -1.7549 -0.0000 0.0000 0.0000 39.4898 10.6578 84.9785 -92.8528 59.9692 -62.4704 0.0000 0.0000 37.5979 -57.2554 23.9569 -32.2684 7.1250 -0.0000 -0.0000 -16.0744 8.0762 -18.8806
0.0847 15.6783 -6.2575 -358.0570 -26.1594 340.2560 0.0000 0.0000 0.0000 -5.3838 -4.9532 -37.7106 13.6991 19.0202 71.2833 0.1924 -6.7041 13.3166 0.1275 -2.3016 -6.3401 0.0000 0.0000 0.0000 -0.6992 6.4167 -39.6495 -15.9655 -19.6052 78.1290 -0.0516 -4.1143 4.6342 -0.1084 2.1228 -5.8451 -2.4301 1.9892 25.4126 -0.0459 1.6862 13.5986 0.9281 0.5654 0.8960 -3.2138 3.2288 -8.7093 7.3445 4.6382 -4.0722 3.0257 2.4135 -0.0564 -0.0000 0.0000 0.0000 -41.6153 -15.9371 87.6292 81.7084 -59.7386 -52.8256 -0.0000 -0.0000 26.0711 39.3943 6.7813 5.5388 -7.1250 0.0000 -0.0000 10.8898 38.5114 -1.7651 -0.0000 0.0000 0.0000 39.7625 10.4985 84.7601 -92.8844 59.9685 -62.4977 0.0000 0.0000 37.6097 -56.9512 24.4686 -32.4815 7.1250 -0.0000 -0.0000 -15.7596 8.5542 -18.5938
0.0839 15.6763 -6.2539 -357.6820 -25.9639 340.1100 0.0000 0.0000 0.0000 -5.8510 -5.0855 -37.6482 13.6785 19.0136 71.2202 0.1908 -6.5788 13.1598 0.1186 -2.2202 -6.1147 0.0000 0.0000 0.0000 -1.1774 6.2194 -39.7085 -15.9957 -19.6111 78.2188 -0.0550 -3.9208 4.6595 -0.1185 2.2189 -6.1110 -2.6925 1.9626 25.2071 -0.1413 1.6036 13.6516 0.9977 0.5117 1.0530 -3.4190 3.2192 -8.7688 7.3332 4.6345 -3.8683 3.0646 2.4186 0.0152 -0.0000 -0.0000 0.0000 -41.6506 -15.8506 87.5951 81.7900 -59.7438 -52.8960 -0.0000 -0.0000 25.9164 39.5657 7.4087 6.0816 -7.1250 0.0000 -0.0000 11.1088 39.3192 -1.5778 -0.0000 -0.0000 0.0000 39.9325 10.2925 84.3495 -93.1055 59.9635 -62.6891 0.0000 0.0000 37.6238 -56.6697 24.8704 -32.5995 7.1250 -0.0000 -0.0000 -15.4890 8.8980 -18.3289
0.0853 15.6774 -6.2514 -357.5720 -25.9838 339.9880 0.0000 0.0000 0.0000 -5.9741 -5.1044 -37.5181 13.6618 19.0083 71.1690 0.2017 -6.4426 13.1958 0.1016 -2.0551 -5.6580 0.0000 0.0000 0.0000 -1.2840 6.1981 -39.6024 -15.9906 -19.6101 78.2037 -0.0557 -3.8516 4.6538 -0.1046 2.0854 -5.7416 -2.6641 1.9522 25.1008 -0.2191 1.5973 13.7437 0.9020 0.5100 1.2100 -3.3316 3.1917 -8.9775 7.1786 4.5761 -3.5738 3.0046 2.3948 0.1542 -0.0000 -0.0000 0.0000 -41.6716 -15.7183 87.2398 81.7756 -59.7429 -52.8836 -0.0000 -0.0000 25.8890 39.7574 7.6306 6.3036 -7.1250 0.0000 -0.0000 11.3027 39.6183 -1.5217 -0.0000 -0.0000 0.0000 40.1232 10.0609 83.9338 -93.4186 59.9558 -62.9601 0.0000 0.0000 37.6206 -56.1275 24.7466 -31.9475 7.1250 -0.0000 -0.0000 -15.2363 8.3930 -17.8959
0.0860 15.6713 -6.2589 -357.5630 -25.9922 340.0270 0.0000 0.0000 0.0000 -5.9433 -5.2043 -37.6363 13.6879 19.0166 71.2490 0.2009 -6.4628 13.2038 0.1317 -2.3393 -6.4444 0.0000 0.0000 0.0000 -1.2891 6.2311 -39.7129 -16.0045 -19.6129 78.2450 -0.0538 -3.9423 4.6309 -0.0903 1.9378 -5.3337 -2.6691 1.9113 24.9335 -0.2627 1.5482 13.8261 0.8730 0.4835 1.3845 -3.3137 3.1477 -8.8126 7.0761 4.5186 -3.6853 2.9589 2.3605 0.0961 -0.0000 -0.0000 0.0000 -41.5187 -15.7288 87.0531 81.9543 -59.7540 -53.0379 -0.0000 -0.0000 25.8284 39.6134 7.6945 6.3235 -7.1250 0.0000 -0.0000 11.1824 39.6846 -1.4865 -0.0000 -0.0000 0.0000 40.3729 10.1786 83.5432 -93.2332 59.9605 -62.7997 0.0000 0.0000 37.6611 -55.9278 24.5611 -31.5738 7.1250 -0.0000 -0.0000 -15.1844 8.0268 -17.7484
0.0876 15.6679 -6.2657 -357.6760 -26.0414 339.9610 0.0000 0.0000 0.0000 -5.8079 -5.2678 -37.5302 13.6975 19.0197 71.2786 0.2017 -6.4391 13.1934 0.1333 -2.3530 -6.4824 0.0000 0.0000 0.0000 -1.1300 6.2703 -39.5902 -15.9982 -19.6116 78.2265 -0.0492 -3.9828 4.5105 -0.0870 1.9023 -5.2358 -2.5006 1.8806 24.9160 -0.2931 1.5411 13.9349 0.7477 0.4874 1.5196 -3.2592 3.0931 -8.7856 7.0334 4.4335 -3.5518 2.9338 2.3184 0.1412 -0.0000 0.0000 0.0000 -41.3442 -15.7079 86.8435 82.1595 -59.7664 -53.2152 -0.0000 -0.0000 25.9892 39.4207 7.6338 6.2318 -7.1250 0.0000 -0.0000 11.0051 39.5889 -1.4886 -0.0000 0.0000 0.0000 40.6047 10.1118 83.0876 -93.2394 59.9603 -62.8050 0.0000 0.0000 37.4890 -55.8942 24.5789 -31.5588 7.1250 -0.0000 -0.0000 -15.1612 8.0292 -17.7199
0.0904 15.6687 -6.2713 -357.6730 -26.1512 339.7660 0.0000 0.0000 0.0000 -5.7970 -5.1720 -37.2861 13.6721 19.0115 71.2005 0.2041 -6.4034 13.1954 0.1494 -2.4904 -6.8632 0.0000 0.0000 0.0000 -1.0567 6.3555 -39.3708 -15.9807 -19.6082 78.1742 -0.0457 -4.0534 4.4337 -0.0719 1.7297 -4.7592 -2.5147 1.8977 25.0707 -0.2798 1.5527 13.9042 0.7643 0.4922 1.4114 -3.3739 3.0841 -8.6108 7.1068 4.4152 -3.2365 2.9800 2.3126 0.2094 -0.0000 0.0000 0.0000 -41.3420 -15.4666 86.7688 82.3072 -59.7752 -53.3429 -0.0000 -0.0000 26.1256 39.2024 7.6601 6.2050 -7.1250 0.0000 -0.0000 10.8149 39.6005 -1.4590 -0.0000 0.0000 0.0000 40.6518 9.8396 83.1501 -93.3988 59.9563 -62.9430 0.0000 0.0000 37.4299 -55.0423 23.2815 -29.4821 7.1250 -0.0000 -0.0000 -15.0805 5.8109 -17.1063
0.0943 15.6658 -6.2789 -357.1760 -26.1309 339.3490 0.0000 0.0000 0.0000 -6.3157 -5.0926 -36.9949 13.6313 18.9984 71.0753 0.2067 -6.3209 13.1547 0.1375 -2.3900 -6.5847 0.0000 0.0000 0.0000 -1.5435 6.3701 -39.2597 -15.9959 -19.6112 78.2196 -0.0477 -3.9326 4.4465 -0.0647 1.6406 -4.5133 -3.0425 1.9712 25.1340 -0.3095 1.5315 13.9526 1.0352 0.4489 1.4298 -3.5465 2.9399 -8.2091 6.8449 4.2306 -3.2215 2.9091 2.2132 0.1578 0.0000 -0.0000 0.0000 -41.4810 -15.2949 86.6534 82.4300 -59.7824 -53.4490 -0.0000 -0.0000 26.1817 39.2738 7.5241 6.1117 -7.1250 0.0000 -0.0000 10.8637 39.4365 -1.5102 0.0000 -0.0000 0.0000 40.5311 9.8317 83.1324 -93.5773 59.9516 -63.0975 0.0000 0.0000 37.4260 -54.7668 23.1538 -29.1052 7.1250 -0.0000 -0.0000 -14.9677 5.4809 -16.8912
0.0979 15.6630 -6.2847 -357.1630 -26.2646 339.2970 0.0000 0.0000 0.0000 -6.2666 -5.0053 -36.9330 13.6278 18.9972 71.0644 0.1935 -6.3556 12.9736 0.1417 -2.4261 -6.6848 0.0000 0.0000 0.0000 -1.4783 6.4632 -39.2429 -15.9730 -19.6067 78.1512 -0.0466 -4.0101 4.4442 -0.0647 1.6417 -4.5164 -3.0596 1.9643 25.1251 -0.3109 1.5185 13.8969 1.0461 0.4426 1.3712 -3.9121 2.7636 -7.7961 7.0221 4.0186 -3.2090 3.0237 2.1058 0.0931 -0.0000 0.0000 0.0000 -41.4870 -15.1559 86.6589 82.4140 -59.7814 -53.4351 -0.0000 -0.0000 26.3011 39.3931 7.2934 5.9517 -7.1250 0.0000 -0.0000 10.9442 39.1573 -1.5979 -0.0000 0.0000 0.0000 40.6177 9.6429 83.0604 -93.6888 59.9485 -63.1940 0.0000 0.0000 37.3937 -54.9019 23.6342 -29.7029 7.1250 -0.0000 -0.0000 -14.9028 6.1936 -16.9801
0.1019 15.6693 -6.2897 -357.2900 -26.3910 339.2950 0.0000 0.0000 0.0000 -6.1318 -4.9284 -36.8636 13.6176 18.9939 71.0331 0.1996 -6.3308 13.0486 0.1511 -2.5049 -6.9032 0.0000 0.0000 0.0000 -1.2611 6.5118 -39.1210 -15.9355 -19.5992 78.0396 -0.0441 -4.0604 4.3883 -0.0471 1.4002 -3.8506 -2.8664 1.9014 25.0393 -0.3422 1.4787 13.9541 0.9140 0.4324 1.4813 -4.3273 2.4597 -7.5370 7.1306 3.6492 -3.4096 3.1241 1.9198 -0.0021 0.0000 -0.0000 0.0000 -41.3799 -15.0705 86.5045 82.4855 -59.7855 -53.4969 -0.0000 -0.0000 26.5422 39.3038 7.3047 5.9420 -7.1250 0.0000 -0.0000 10.8671 39.1631 -1.5848 0.0000 -0.0000 0.0000 40.8363 9.7547 82.8257 -93.5679 59.9518 -63.0894 0.0000 0.0000 37.4797 -54.8158 24.1065 -30.0851 7.1250 -0.0000 -0.0000 -14.7195 6.7613 -16.8865
0.1030 15.6676 -6.2953 -357.1120 -26.3606 339.1220 0.0000 0.0000 0.0000 -6.3297 -4.8898 -36.7262 13.5888 18.9845 70.9445 0.2066 -6.2388 13.0698 0.1343 -2.3617 -6.5063 0.0000 0.0000 0.0000 -1.4356 6.4732 -39.0570 -15.9374 -19.5996 78.0452 -0.0444 -4.0125 4.3784 -0.0442 1.3565 -3.7303 -3.0850 1.8460 25.1643 -0.3819 1.3536 13.9561 1.0218 0.3572 1.4277 -4.7979 1.9524 -7.2784 7.0226 3.0090 -3.6823 3.1575 1.5973 -0.0982 0.0000 -0.0000 0.0000 -41.4425 -14.6898 86.2575 82.7027 -59.7978 -53.6847 -0.0000 -0.0000 26.8154 39.4100 7.6426 6.2366 -7.1250 0.0000 -0.0000 10.9966 39.5989 -1.4846 0.0000 -0.0000 0.0000 40.9036 9.7858 82.8377 -93.6629 59.9492 -63.1716 0.0000 0.0000 37.3354 -54.3342 23.6228 -29.1771 7.1250 -0.0000 -0.0000 -14.5983 5.8488 -16.5311
0.1027 15.6639 -6.2970 -356.9190 -26.3807 339.1180 0.0000 0.0000 0.0000 -6.4892 -4.9055 -36.8152 13.5960 18.9869 70.9669 0.1999 -6.2535 12.9748 0.1483 -2.4816 -6.8385 0.0000 0.0000 0.0000 -1.6429 6.5311 -39.2280 -15.9614 -19.6044 78.1167 -0.0438 -3.9180 4.3194 -0.0581 1.5556 -4.2790 -3.2430 1.7633 24.9878 -0.4801 1.2194 13.9698 1.0387 0.2824 1.5320 -5.2447 1.2921 -7.1306 6.7679 2.1550 -3.8395 3.1369 1.1702 -0.1201 -0.0000 0.0000 0.0000 -41.3475 -14.2637 86.0148 82.9069 -59.8090 -53.8611 -0.0000 -0.0000 26.9617 39.4925 7.7216 6.3185 -7.1250 0.0000 -0.0000 11.0782 39.7068 -1.4661 -0.0000 0.0000 0.0000 41.0246 9.9417 82.7739 -93.8345 59.9444 -63.3202 0.0000 0.0000 37.3367 -54.6867 24.7365 -30.5704 7.1250 -0.0000 -0.0000 -14.4659 7.5024 -16.7401
0.1033 15.6659 -6.2972 -356.8230 -26.3799 339.1130 0.0000 0.0000 0.0000 -6.5582 -4.9738 -36.8004 13.5806 18.9819 70.9193 0.2126 -6.0487 12.9797 0.1075 -2.1145 -5.8222 0.0000 0.0000 0.0000 -1.7423 6.4785 -39.2832 -15.9540 -19.6029 78.0948 -0.0488 -3.8630 4.4515 -0.0632 1.6223 -4.4629 -3.3183 1.6474 24.9423 -0.5587 1.0545 13.9350 1.0347 0.1984 1.5215 -5.7075 0.5746 -6.9205 6.5236 1.2196 -3.9855 3.1211 0.7024 -0.1426 -0.0000 0.0000 0.0000 -41.3646 -13.8707 85.8544 82.7183 -59.7987 -53.6981 -0.0000 -0.0000 27.0360 39.6256 7.7374 6.3610 -7.1250 0.0000 -0.0000 11.1979 39.7400 -1.4731 -0.0000 0.0000 0.0000 41.2116 10.0144 82.8144 -93.7322 59.9473 -63.2316 0.0000 0.0000 37.3785 -54.2510 24.3431 -29.7955 7.1250 -0.0000 -0.0000 -14.3455 6.7390 -16.4251
0.1010 15.6701 -6.2945 -356.8290 -26.5097 339.2040 0.0000 0.0000 0.0000 -6.4666 -4.8983 -36.8858 13.5671 18.9774 70.8779 0.2269 -5.9126 13.0782 0.0912 -1.9480 -5.3621 0.0000 0.0000 0.0000 -1.6838 6.5318 -39.4026 -15.9537 -19.6028 78.0938 -0.0524 -3.7612 4.5225 -0.0661 1.6591 -4.5645 -3.2398 1.6290 24.7700 -0.7120 1.0497 14.0570 0.8281 0.2015 1.7443 -5.9035 -0.3037 -7.4808 6.2677 0.0719 -3.7809 3.0501 0.1366 0.0960 -0.0000 0.0000 0.0000 -40.9461 -13.9682 85.5218 82.8239 -59.8045 -53.7894 -0.0000 -0.0000 26.9808 39.5355 7.7394 6.3425 -7.1250 0.0000 -0.0000 11.1182 39.7335 -1.4641 -0.0000 0.0000 0.0000 41.6239 10.2091 82.4962 -93.5574 59.9521 -63.0803 0.0000 0.0000 37.1175 -54.1632 24.4792 -29.8451 7.1250 -0.0000 -0.0000 -14.2585 6.8642 -16.3467
0.0991 15.6673 -6.2906 -356.6710 -26.4731 339.1300 0.0000 0.0000 0.0000 -6.6325 -4.9886 -36.8461 13.5776 18.9809 70.9102 0.2243 -5.9263 13.0500 0.1083 -2.1222 -5.8434 0.0000 0.0000 0.0000 -1.8783 6.4275 -39.4624 -15.9733 -19.6067 78.1520 -0.0567 -3.6465 4.6123 -0.0690 1.6944 -4.6618 -3.3188 1.5200 24.8188 -0.8865 0.8866 14.0148 0.7206 0.1232 1.6819 -6.4951 -1.0393 -7.6225 6.3217 -0.8692 -3.4868 3.1579 -0.3258 0.2821 -0.0000 0.0000 0.0000 -40.6090 -13.7116 85.4431 83.2519 -59.8272 -54.1593 -0.0000 -0.0000 26.8868 39.5146 7.6875 6.2959 -7.1250 0.0000 -0.0000 11.0941 39.6659 -1.4796 -0.0000 0.0000 0.0000 42.0410 10.2435 82.4440 -93.4026 59.9562 -62.9463 0.0000 0.0000 37.2393 -53.9268 24.4391 -29.5930 7.1250 -0.0000 -0.0000 -14.1422 6.6767 -16.1644
0.0969 15.6708 -6.2925 -357.1850 -26.7421 339.1980 0.0000 0.0000 0.0000 -5.9903 -4.8240 -36.7367 13.6063 18.9902 70.9983 0.2275 -6.0045 13.1771 0.1003 -2.0423 -5.6227 0.0000 0.0000 0.0000 -1.1872 6.5574 -39.2174 -15.9309 -19.5983 78.0258 -0.0506 -3.8853 4.5146 -0.0592 1.5696 -4.3176 -2.9249 1.3947 25.0583 -0.8022 0.7924 13.9866 0.6078 0.0955 1.5402 -7.1499 -1.4714 -7.7949 6.5030 -1.3955 -3.1366 3.3317 -0.5792 0.4713 0.0000 -0.0000 0.0000 -40.5725 -13.3548 85.3446 83.4095 -59.8352 -54.2956 -0.0000 -0.0000 26.8312 39.3122 7.6395 6.2126 -7.1250 0.0000 -0.0000 10.9098 39.5853 -1.4763 0.0000 -0.0000 0.0000 42.2144 10.4082 82.4662 -93.2358 59.9604 -62.8019 0.0000 0.0000 37.3416 -53.6990 24.5273 -29.4711 7.1250 -0.0000 -0.0000 -13.9933 6.6608 -15.9805
0.0940 15.6698 -6.2924 -356.6930 -26.5710 339.0790 0.0000 0.0000 0.0000 -6.5266 -4.9844 -36.7542 13.5762 18.9804 70.9059 0.2263 -5.9646 13.1189 0.1096 -2.1347 -5.8780 0.0000 0.0000 0.0000 -1.7725 6.4177 -39.4260 -15.9657 -19.6052 78.1296 -0.0566 -3.6865 4.6236 -0.0615 1.6005 -4.4028 -3.4005 1.3963 24.9820 -0.9512 0.6978 13.9442 0.7384 0.0271 1.5325 -7.5346 -1.8762 -7.8162 6.4171 -1.9034 -3.1930 3.3594 -0.8308 0.4982 0.0000 -0.0000 0.0000 -40.5697 -13.1524 85.2172 83.3039 -59.8299 -54.2044 -0.0000 -0.0000 26.8674 39.1123 6.7372 5.4485 -7.1250 0.0000 -0.0000 10.6396 38.4315 -1.7446 0.0000 -0.0000 0.0000 42.3316 10.3724 82.3872 -93.2027 59.9612 -62.7733 0.0000 0.0000 37.3574 -53.5567 24.3664 -29.1927 7.1250 -0.0000 -0.0000 -13.9625 6.3733 -15.8811
0.0917 15.6667 -6.2934 -356.9820 -26.7628 339.1790 0.0000 0.0000 0.0000 -6.1346 -4.8871 -36.7529 13.5833 18.9828 70.9278 0.2305 -5.9437 13.1666 0.0971 -2.0095 -5.5319 0.0000 0.0000 0.0000 -1.3860 6.5894 -39.3769 -15.9595 -19.6040 78.1111 -0.0519 -3.8003 4.5216 -0.0536 1.4935 -4.1078 -3.1567 1.3612 25.0263 -0.9102 0.6991 13.9741 0.6440 0.0386 1.5449 -8.0457 -2.0066 -8.1438 6.7529 -2.0201 -2.9435 3.5719 -0.8774 0.6596 -0.0000 0.0000 0.0000 -40.4745 -13.0770 85.1562 83.5057 -59.8400 -54.3788 -0.0000 -0.0000 26.8595 39.1561 7.1612 5.7964 -7.1250 0.0000 -0.0000 10.7222 38.9688 -1.6150 -0.0000 0.0000 0.0000 42.4032 10.4457 82.3357 -93.2013 59.9612 -62.7720 0.0000 0.0000 37.3752 -53.5803 24.7330 -29.5568 7.1250 -0.0000 -0.0000 -13.8695 6.8578 -15.8728
0.0912 15.6686 -6.2948 -357.0550 -26.7866 339.1860 0.0000 0.0000 0.0000 -6.0708 -4.9482 -36.7076 13.5898 18.9849 70.9478 0.2213 -5.9605 13.0339 0.1061 -2.1004 -5.7832 0.0000 0.0000 0.0000 -1.2845 6.5942 -39.3335 -15.9521 -19.6025 78.0890 -0.0516 -3.7775 4.5065 -0.0564 1.5331 -4.2169 -3.0757 1.3600 25.0202 -0.9137 0.7135 14.0421 0.5910 0.0484 1.6246 -8.1387 -2.2188 -8.3407 6.6441 -2.2816 -2.9404 3.5414 -1.0063 0.7158 0.0000 -0.0000 0.0000 -40.4116 -13.1772 85.1329 83.4891 -59.8392 -54.3644 -0.0000 -0.0000 26.7975 39.3526 7.1132 5.7981 -7.1250 0.0000 -0.0000 10.8894 38.9263 -1.6524 0.0000 -0.0000 0.0000 42.4596 10.4636 82.1891 -93.1490 59.9625 -62.7268 0.0000 0.0000 37.3751 -53.6311 24.7573 -29.6252 7.1250 -0.0000 -0.0000 -13.8899 6.9177 -15.9103
0.0912 15.6686 -6.2950 -357.1120 -26.9112 339.0890 0.0000 0.0000 0.0000 -5.9631 -4.8534 -36.5704 13.5987 18.9878 70.9751 0.2164 -6.0588 13.0505 0.1079 -2.1183 -5.8326 0.0000 0.0000 0.0000 -1.1479 6.6674 -39.1901 -15.9411 -19.6003 78.0561 -0.0459 -3.7945 4.3348 -0.0530 1.4861 -4.0874 -3.0787 1.3673 25.1337 -0.9079 0.7138 14.0891 0.5979 0.0455 1.6246 -8.0000 -2.2755 -8.4995 6.4042 -2.3582 -2.9153 3.4268 -1.0467 0.7506 -0.0000 0.0000 0.0000 -40.3558 -13.0512 85.1212 83.5297 -59.8412 -54.3995 -0.0000 -0.0000 26.7323 39.4488 7.1447 5.8434 -7.1250 0.0000 -0.0000 10.9771 38.9750 -1.6528 -0.0000 0.0000 0.0000 42.5104 10.4999 82.2266 -93.1676 59.9621 -62.7429 0.0000 0.0000 37.4198 -53.7273 24.9320 -29.8746 7.1250 -0.0000 -0.0000 -13.8913 7.1962 -15.9709
0.0949 15.6689 -6.2905 -356.9910 -26.9126 338.9590 0.0000 0.0000 0.0000 -6.1396 -4.8392 -36.4424 13.6004 18.9883 70.9803 0.1957 -6.1923 12.8444 0.1357 -2.3739 -6.5403 0.0000 0.0000 0.0000 -1.2608 6.5984 -39.0725 -15.9191 -19.5959 77.9906 -0.0447 -3.8039 4.3020 -0.0469 1.3970 -3.8420 -3.0619 1.3500 25.1439 -1.0015 0.6915 14.1515 0.4921 0.0371 1.6926 -8.0543 -2.3575 -8.5605 6.4511 -2.4566 -3.0185 3.4496 -1.0939 0.7373 -0.0000 0.0000 0.0000 -40.2277 -13.0733 85.1387 83.7134 -59.8501 -54.5584 -0.0000 -0.0000 26.6510 39.4632 7.2043 5.8945 -7.1250 0.0000 -0.0000 10.9963 39.0515 -1.6348 -0.0000 0.0000 0.0000 42.6145 10.5347 82.2359 -93.1109 59.9634 -62.6938 0.0000 0.0000 37.4680 -53.6718 24.6411 -29.5533 7.1250 -0.0000 -0.0000 -13.9457 6.7917 -15.9509
0.0959 15.6674 -6.2878 -356.8970 -26.8724 338.9620 0.0000 0.0000 0.0000 -6.2596 -4.8756 -36.4636 13.5881 18.9843 70.9424 0.1968 -6.1437 12.8131 0.1261 -2.2895 -6.3064 0.0000 0.0000 0.0000 -1.3576 6.5025 -39.1238 -15.9118 -19.5945 77.9690 -0.0428 -3.7092 4.2047 -0.0496 1.4368 -3.9514 -3.1374 1.3574 25.0867 -1.0281 0.6880 14.1646 0.5074 0.0314 1.7347 -8.1378 -2.4148 -8.9164 6.5093 -2.5074 -2.7240 3.4834 -1.1142 0.9033 -0.0000 0.0000 0.0000 -40.1379 -13.0860 85.2375 83.9959 -59.8633 -54.8027 -0.0000 -0.0000 26.6141 39.4847 7.3031 5.9789 -7.1250 0.0000 -0.0000 11.0258 39.1783 -1.6044 -0.0000 0.0000 0.0000 42.5578 10.4706 82.2253 -93.2570 59.9599 -62.8202 0.0000 0.0000 37.4668 -53.3498 24.6285 -29.2534 7.1250 -0.0000 -0.0000 -13.7747 6.5939 -15.7021
0.0981 15.6692 -6.2882 -356.8090 -26.8551 338.9470 0.0000 0.0000 0.0000 -6.3577 -4.8972 -36.4055 13.5650 18.9768 70.8716 0.2038 -5.9636 12.7495 0.0884 -1.9182 -5.2796 0.0000 0.0000 0.0000 -1.4508 6.3997 -39.1653 -15.9159 -19.5953 77.9811 -0.0456 -3.5779 4.2440 -0.0497 1.4380 -3.9549 -3.2294 1.3920 25.1930 -1.0460 0.7080 14.1152 0.5347 0.0388 1.6284 -8.1413 -2.4633 -8.7567 6.5068 -2.5774 -2.9740 3.4804 -1.1505 0.7989 -0.0000 0.0000 0.0000 -40.1380 -12.9256 85.1972 84.0602 -59.8663 -54.8583 -0.0000 -0.0000 26.7767 39.4389 7.3361 5.9958 -7.1250 0.0000 -0.0000 10.9892 39.2154 -1.5888 -0.0000 0.0000 0.0000 42.5688 10.3588 82.2305 -93.3567 59.9574 -62.9066 0.0000 0.0000 37.4747 -53.3298 24.5391 -29.1524 7.1250 -0.0000 -0.0000 -13.7897 6.4681 -15.6933
0.0980 15.6731 -6.2857 -356.8180 -26.8594 338.9550 0.0000 0.0000 0.0000 -6.3442 -4.9190 -36.3888 13.5555 18.9736 70.8422 0.2061 -5.9551 12.7797 0.0914 -1.9497 -5.3667 0.0000 0.0000 0.0000 -1.4194 6.3233 -39.1394 -15.9003 -19.5922 77.9347 -0.0469 -3.4536 4.2414 -0.0546 1.5083 -4.1485 -3.3300 1.3993 25.3456 -1.0180 0.6888 14.0547 0.6251 0.0241 1.4885 -8.2177 -2.4498 -8.8056 6.5908 -2.5492 -2.9760 3.5258 -1.1341 0.8080 0.0000 0.0000 0.0000 -40.2235 -12.7551 85.1289 83.9795 -59.8626 -54.7885 -0.0000 -0.0000 26.8265 39.2994 7.4516 6.0591 -7.1250 0.0000 -0.0000 10.8788 39.3476 -1.5365 0.0000 0.0000 0.0000 42.5851 10.3721 82.4075 -93.2572 59.9599 -62.8204 0.0000 0.0000 37.2965 -53.4539 24.7939 -29.5001 7.1250 -0.0000 -0.0000 -13.7835 6.8644 -15.7700
0.0989 15.6710 -6.2869 -356.9530 -26.8904 339.0480 0.0000 0.0000 0.0000 -6.1558 -4.9340 -36.4979 13.5746 18.9799 70.9011 0.2178 -5.9366 12.9541 0.0795 -1.8188 -5.0051 0.0000 0.0000 0.0000 -1.2756 6.3444 -39.1590 -15.9001 -19.5921 77.9339 -0.0444 -3.4577 4.1626 -0.0557 1.5223 -4.1873 -3.2053 1.3824 25.3776 -0.9964 0.6920 14.0471 0.5770 0.0327 1.4645 -8.1860 -2.4610 -8.8607 6.5753 -2.5637 -2.9525 3.5134 -1.1411 0.8256 0.0000 -0.0000 0.0000 -40.2418 -12.7191 85.1626 83.9830 -59.8628 -54.7916 -0.0000 -0.0000 26.7160 39.4626 7.4808 6.1176 -7.1250 0.0000 -0.0000 11.0257 39.4002 -1.5433 0.0000 -0.0000 0.0000 42.5959 10.3302 82.4082 -93.2971 59.9589 -62.8549 0.0000 0.0000 37.2439 -53.2590 24.4055 -28.9651 7.1250 -0.0000 -0.0000 -13.7895 6.2572 -15.6480
0.0983 15.6685 -6.2882 -356.9990 -26.8734 339.0770 0.0000 0.0000 0.0000 -6.0983 -4.9369 -36.5890 13.6033 18.9893 70.9892 0.2256 -5.8762 13.0228 0.0998 -2.0376 -5.6095 0.0000 0.0000 0.0000 -1.2295 6.3247 -39.1529 -15.8967 -19.5914 77.9238 -0.0430 -3.5088 4.1355 -0.0491 1.4301 -3.9332 -3.1358 1.3623 25.4317 -1.0100 0.6774 14.0791 0.5258 0.0291 1.4762 -8.2254 -2.4635 -8.9040 6.6166 -2.5572 -3.0829 3.5356 -1.1359 0.7918 0.0000 -0.0000 0.0000 -40.1730 -12.7662 85.1032 84.1021 -59.8681 -54.8945 -0.0000 -0.0000 26.7555 39.3251 7.3012 5.9437 -7.1250 0.0000 -0.0000 10.8853 39.1606 -1.5882 0.0000 -0.0000 0.0000 42.5797 10.3043 82.3547 -93.4838 59.9541 -63.0166 0.0000 0.0000 37.2577 -53.1553 24.5224 -28.9823 7.1250 -0.0000 -0.0000 -13.6997 6.3495 -15.5598
0.0978 15.6731 -6.2885 -357.0970 -26.9156 339.0320 0.0000 0.0000 0.0000 -5.9779 -4.9105 -36.5151 13.6253 18.9964 71.0569 0.2140 -6.1551 13.1061 0.1510 -2.5042 -6.9012 0.0000 0.0000 0.0000 -1.0776 6.3525 -38.9887 -15.8748 -19.5870 77.8583 -0.0402 -3.5482 4.0578 -0.0435 1.3455 -3.6999 -3.0590 1.3495 25.4837 -0.9946 0.6727 14.1872 0.4994 0.0264 1.5748 -8.2095 -2.4065 -9.0687 6.6011 -2.4704 -3.0861 3.5301 -1.0905 0.8122 0.0000 0.0000 0.0000 -40.1456 -12.7255 84.8849 84.1999 -59.8725 -54.9791 -0.0000 -0.0000 26.8848 39.3422 7.5568 6.1528 -7.1250 0.0000 -0.0000 10.9276 39.4843 -1.5063 0.0000 0.0000 0.0000 42.5193 10.5088 82.2216 -93.5105 59.9534 -63.0397 0.0000 0.0000 37.1958 -53.3520 24.6840 -29.3069 7.1250 -0.0000 -0.0000 -13.7600 6.6664 -15.6996
0.0961 15.6722 -6.2904 -357.1410 -26.9121 339.1050 0.0000 0.0000 0.0000 -5.8775 -4.9396 -36.6242 13.6169 18.9937 71.0311 0.2358 -5.9866 13.2911 0.1175 -2.2096 -6.0854 0.0000 0.0000 0.0000 -1.0028 6.3880 -39.0413 -15.8629 -19.5846 77.8230 -0.0391 -3.5576 4.0244 -0.0575 1.5474 -4.2565 -3.0277 1.2952 25.4534 -0.9837 0.6105 14.2147 0.5081 -0.0049 1.6218 -8.2532 -2.3249 -9.2142 6.4736 -2.3505 -2.8752 3.4991 -1.0307 0.8952 -0.0000 -0.0000 0.0000 -40.1976 -12.5701 84.7031 84.2241 -59.8736 -55.0001 -0.0000 -0.0000 26.9961 39.5524 7.4455 6.1085 -7.1250 0.0000 -0.0000 11.1011 39.3644 -1.5641 -0.0000 -0.0000 0.0000 42.5290 10.6932 82.2215 -93.4140 59.9559 -62.9561 0.0000 0.0000 37.2459 -53.6701 24.6562 -29.5659 7.1250 -0.0000 -0.0000 -13.9404 6.8102 -15.9485
0.0954 15.6699 -6.2892 -357.0400 -26.9163 339.0790 0.0000 0.0000 0.0000 -5.9807 -4.8972 -36.6510 13.6323 18.9987 71.0784 0.2220 -6.1266 13.2077 0.1549 -2.5357 -6.9887 0.0000 0.0000 0.0000 -1.1082 6.4197 -39.0966 -15.8906 -19.5902 77.9055 -0.0362 -3.5044 3.9021 -0.0642 1.6345 -4.4966 -3.0624 1.3420 25.4278 -0.9716 0.6650 14.2338 0.5283 0.0195 1.6538 -8.1278 -2.3038 -9.2154 6.1535 -2.3338 -2.7885 3.3635 -1.0281 0.9130 0.0000 -0.0000 0.0000 -40.3145 -12.5953 84.5929 84.2366 -59.8741 -55.0109 -0.0000 -0.0000 27.4010 39.1697 7.1953 5.8264 -7.1250 0.0000 -0.0000 10.7378 39.0130 -1.6056 0.0000 -0.0000 0.0000 42.4862 10.6076 82.1494 -93.5540 59.9522 -63.0773 0.0000 0.0000 37.1459 -53.6794 25.0510 -29.9415 7.1250 -0.0000 -0.0000 -13.8308 7.3209 -15.9235
0.0943 15.6751 -6.2853 -356.8550 -26.8011 339.0800 0.0000 0.0000 0.0000 -6.2236 -5.0377 -36.6254 13.5929 18.9859 70.9573 0.2308 -5.9564 13.1833 0.1270 -2.2972 -6.3278 0.0000 0.0000 0.0000 -1.3432 6.3110 -39.1408 -15.8920 -19.5905 77.9097 -0.0387 -3.3825 3.9420 -0.0576 1.5493 -4.2616 -3.1216 1.3334 25.3164 -1.0656 0.6466 14.2609 0.4653 0.0103 1.7384 -7.9746 -2.2533 -9.4929 5.9788 -2.2685 -2.3673 3.2767 -0.9978 1.0885 0.0000 -0.0000 0.0000 -40.2854 -12.6199 84.4122 84.2295 -59.8738 -55.0047 -0.0000 -0.0000 27.8161 38.9183 7.0492 5.6589 -7.1250 0.0000 -0.0000 10.5026 38.8066 -1.6235 0.0000 -0.0000 0.0000 42.5750 10.4728 81.9772 -93.6674 59.9491 -63.1756 0.0000 0.0000 37.1816 -53.3912 24.8072 -29.4563 7.1250 -0.0000 -0.0000 -13.7456 6.8462 -15.7203
0.0927 15.6708 -6.2846 -356.6800 -26.7080 339.0910 0.0000 0.0000 0.0000 -6.4252 -5.1100 -36.6934 13.5920 18.9856 70.9544 0.2274 -5.9371 13.1097 0.1247 -2.2767 -6.2710 0.0000 0.0000 0.0000 -1.5688 6.2435 -39.2554 -15.9164 -19.5954 77.9824 -0.0390 -3.2351 3.8970 -0.0716 1.7260 -4.7491 -3.2177 1.3463 25.2896 -1.1024 0.6454 14.2272 0.4805 0.0073 1.7132 -8.0379 -2.2508 -9.3978 5.9658 -2.2674 -2.2592 3.2850 -0.9988 1.1079 -0.0000 0.0000 0.0000 -40.5723 -12.3194 84.0776 84.1134 -59.8687 -54.9043 -0.0000 -0.0000 28.4711 38.8386 6.5027 5.2099 -7.1250 0.0000 -0.0000 10.3777 38.1139 -1.7826 -0.0000 0.0000 0.0000 42.6415 10.4106 81.8854 -93.5255 59.9530 -63.0527 0.0000 0.0000 37.1429 -52.9642 24.4289 -28.7273 7.1250 -0.0000 -0.0000 -13.6225 6.1241 -15.4193
0.0903 15.6610 -6.2854 -356.8620 -26.6866 339.3270 0.0000 0.0000 0.0000 -6.2371 -5.1311 -36.9345 13.6111 18.9918 71.0130 0.2195 -6.0950 13.1354 0.1346 -2.3651 -6.5157 0.0000 0.0000 0.0000 -1.3921 6.2070 -39.4263 -15.9351 -19.5991 78.0383 -0.0279 -3.4033 3.5659 -0.0380 1.2576 -3.4578 -3.0703 1.2954 25.3218 -1.0633 0.6109 14.1893 0.4472 -0.0010 1.6555 -8.0085 -2.3319 -9.6774 5.9708 -2.3657 -1.9189 3.2777 -1.0466 1.2766 -0.0000 -0.0000 0.0000 -40.6293 -12.2176 83.9273 84.4213 -59.8821 -55.1706 -0.0000 -0.0000 28.6416 38.7111 6.8425 5.4545 -7.1250 0.0000 -0.0000 10.3011 38.5292 -1.6626 -0.0000 -0.0000 0.0000 42.8248 10.3013 81.6860 -93.4862 59.9540 -63.0186 0.0000 0.0000 37.0040 -52.2283 24.0844 -27.7728 7.1250 -0.0000 -0.0000 -13.3182 5.2848 -14.8798
0.0896 15.6599 -6.2829 -356.6270 -26.5746 339.2740 0.0000 0.0000 0.0000 -6.5069 -5.2729 -36.8761 13.5768 18.9806 70.9079 0.2372 -5.7476 13.0874 0.0733 -1.7466 -4.8058 0.0000 0.0000 0.0000 -1.6570 6.0538 -39.4661 -15.9446 -19.6010 78.0667 -0.0288 -3.1837 3.5051 -0.0593 1.5708 -4.3209 -3.2074 1.3326 25.3191 -1.1179 0.6302 14.2105 0.4612 0.0027 1.6811 -7.9589 -2.4348 -9.4412 6.0180 -2.5210 -2.1736 3.2766 -1.1254 1.1627 -0.0000 -0.0000 0.0000 -40.8205 -12.0439 83.5681 84.5037 -59.8855 -55.2419 -0.0000 -0.0000 28.9937 38.4009 7.1522 5.6360 -7.1250 0.0000 -0.0000 10.0600 38.8892 -1.5327 -0.0000 -0.0000 0.0000 42.9687 10.1799 81.4022 -93.4491 59.9550 -62.9865 0.0000 0.0000 36.9493 -51.8295 24.2515 -27.5876 7.1250 -0.0000 -0.0000 -13.0527 5.2881 -14.5682
0.0886 15.6577 -6.2808 -356.5940 -26.5409 339.2620 0.0000 0.0000 0.0000 -6.6019 -5.2435 -36.8829 13.5856 18.9835 70.9348 0.2014 -6.0853 12.8320 0.1244 -2.2738 -6.2629 0.0000 0.0000 0.0000 -1.6500 6.1137 -39.2816 -15.9025 -19.5926 77.9411 -0.0215 -3.0249 3.1436 -0.0661 1.6591 -4.5643 -3.1944 1.3442 25.4601 -1.1133 0.6413 14.1602 0.4553 0.0115 1.5576 -7.9945 -2.3989 -9.4595 6.1612 -2.4755 -1.9270 3.3365 -1.1008 1.2478 0.0000 -0.0000 0.0000 -41.0095 -11.7077 83.3078 84.6888 -59.8931 -55.4020 -0.0000 -0.0000 29.2364 37.9590 7.1992 5.5838 -7.1250 0.0000 -0.0000 9.6775 38.9082 -1.4685 0.0000 -0.0000 0.0000 43.0978 9.9218 81.3078 -93.4971 59.9537 -63.0281 0.0000 0.0000 36.9060 -51.9529 24.8145 -28.2029 7.1250 -0.0000 -0.0000 -12.9614 6.0694 -14.6205
0.0880 15.6625 -6.2791 -356.4550 -26.4374 339.2670 0.0000 0.0000 0.0000 -6.8130 -5.2877 -36.8888 13.5682 18.9778 70.8813 0.1927 -6.1069 12.7088 0.1157 -2.1928 -6.0388 0.0000 0.0000 0.0000 -1.7887 6.0239 -39.1011 -15.8486 -19.5817 77.7804 -0.0136 -2.6220 2.6011 -0.0835 1.8642 -5.1304 -3.3251 1.3630 25.5425 -1.1097 0.6361 14.0341 0.5341 0.0063 1.3760 -7.8853 -2.2615 -9.0385 6.2297 -2.3313 -2.0357 3.3458 -1.0327 1.1255 -0.0000 -0.0000 0.0000 -41.2439 -11.4578 83.0711 84.9073 -59.9018 -55.5910 -0.0000 -0.0000 28.8339 36.6189 5.7736 4.2756 -7.1250 0.0000 -0.0000 8.4067 37.0433 -1.6600 -0.0000 -0.0000 0.0000 43.1107 9.6306 81.4122 -93.5991 59.9510 -63.1164 0.0000 0.0000 36.7519 -51.9433 24.4623 -27.8760 7.1250 -0.0000 -0.0000 -13.0558 5.6168 -14.6397
0.0851 15.6641 -6.2743 -356.2210 -26.3197 339.1810 0.0000 0.0000 0.0000 -7.1461 -5.2658 -36.7724 13.5494 18.9716 70.8236 0.1429 -6.4945 12.2569 0.1704 -2.6591 -7.3311 0.0000 0.0000 0.0000 -1.9891 5.9372 -38.7530 -15.7887 -19.5694 77.6015 -0.0036 -1.9861 1.6737 -0.0545 1.5070 -4.1450 -3.6271 1.3501 25.5002 -1.0380 0.5610 13.9191 0.8010 -0.0481 1.2678 -8.0677 -1.8893 -8.3473 6.3796 -1.8598 -2.3266 3.4526 -0.8009 0.8772 0.0000 0.0000 0.0000 -41.6933 -10.9859 83.0589 84.8763 -59.9006 -55.5642 -0.0000 -0.0000 29.3426 36.6107 5.6133 4.1564 -7.1250 0.0000 -0.0000 8.3878 36.8461 -1.6970 0.0000 0.0000 0.0000 42.8586 9.4444 81.6998 -93.6383 59.9499 -63.1504 0.0000 0.0000 36.4288 -52.0369 24.8067 -28.2680 7.1250 -0.0000 -0.0000 -13.0095 6.1041 -14.6846
0.0812 15.6630 -6.2738 -356.2260 -26.3927 339.2330 0.0000 0.0000 0.0000 -7.1374 -5.2281 -36.6670 13.4787 18.9482 70.6059 0.1185 -6.6398 11.9777 0.0976 -2.0146 -5.5459 0.0000 0.0000 0.0000 -1.7447 6.0583 -38.3124 -15.6639 -19.5431 77.2286 0.0020 -1.2455 0.5761 -0.1065 2.1047 -5.7951 -3.5887 1.4364 25.4995 -0.9813 0.6812 13.9402 0.8123 0.0118 1.2868 -7.4234 -1.4409 -8.6372 6.0566 -1.3030 -2.0450 3.2380 -0.5274 0.9633 -0.0000 0.0000 0.0000 -41.7927 -11.2675 83.0474 84.8148 -59.8982 -55.5111 -0.0000 -0.0000 28.8040 36.3796 5.1325 3.7707 -7.1250 0.0000 -0.0000 8.1565 36.2420 -1.7709 -0.0000 0.0000 0.0000 42.7196 9.2819 81.5968 -93.8784 59.9431 -63.3581 0.0000 0.0000 36.2552 -51.5434 24.0435 -27.1582 7.1250 -0.0000 -0.0000 -12.9537 4.8740 -14.3662
0.0760 15.6549 -6.2618 -356.0500 -26.2393 339.3820 0.0000 0.0000 0.0000 -7.4988 -5.3972 -36.4067 13.3320 18.8988 70.1536 -0.0163 -7.5294 10.3712 0.1184 -2.2186 -6.1101 0.0000 0.0000 0.0000 -1.7601 5.8267 -37.9552 -15.5014 -19.5077 76.7424 -0.0031 -0.4720 -1.3395 -0.1497 2.4934 -6.8713 -3.6120 1.4298 25.1815 -1.0708 0.6867 13.9469 0.7299 0.0171 1.4442 -6.9573 -0.7832 -8.5549 6.2867 -0.4728 -2.1092 3.2575 -0.1112 0.8656 -0.0000 0.0000 0.0000 -41.6730 -11.6236 83.1802 84.5861 -59.8890 -55.3132 -0.0000 -0.0000 28.6754 36.4607 5.5546 4.0909 -7.1250 0.0000 -0.0000 8.2560 36.7644 -1.6866 -0.0000 0.0000 0.0000 42.7975 9.1618 81.4906 -93.9619 59.9406 -63.4304 0.0000 0.0000 36.0901 -51.7192 24.3672 -27.5997 7.1250 -0.0000 -0.0000 -12.9598 5.3781 -14.4775
0.0708 15.6502 -6.2445 -355.7850 -26.2034 339.4300 0.0000 0.0000 0.0000 -7.9879 -5.4252 -35.8294 13.1043 18.8195 69.4492 -0.1485 -8.4283 8.3639 0.0644 -1.6368 -4.5028 0.0000 0.0000 0.0000 -1.7404 5.7583 -37.3503 -15.3299 -19.4689 76.2285 -0.0356 0.3186 -3.4608 -0.1511 2.5050 -6.9034 -3.7323 1.4812 24.9703 -1.1335 0.7402 13.9054 0.7198 0.0413 1.4952 -6.6657 -0.3573 -8.8581 6.5607 0.0660 -1.5513 3.3230 0.1658 1.0624 0.0000 -0.0000 0.0000 -41.6849 -11.7832 83.2259 84.2968 -59.8767 -55.0629 -0.0000 -0.0000 28.9626 35.7414 5.2980 3.8018 -7.1250 0.0000 -0.0000 7.6285 36.4061 -1.6238 0.0000 -0.0000 0.0000 42.8691 8.9721 81.5181 -93.8419 59.9442 -63.3265 0.0000 0.0000 36.0179 -51.5735 24.1265 -27.2588 7.1250 -0.0000 -0.0000 -12.9471 4.9955 -14.3837
0.0685 15.6366 -6.2208 -355.6980 -26.4239 339.6000 0.0000 0.0000 0.0000 -8.4154 -5.1354 -34.8298 12.7940 18.7065 68.4846 -0.3191 -10.0423 5.1106 0.0516 -1.4659 -4.0317 0.0000 0.0000 0.0000 -1.4003 5.8647 -36.7912 -15.1042 -19.4154 75.5504 -0.0977 0.9434 -5.6460 -0.1362 2.3788 -6.5537 -3.7678 1.5180 24.7698 -1.0417 0.7925 13.8142 0.8290 0.0640 1.4830 -6.4951 -0.0474 -8.5368 6.5608 0.4499 -1.6401 3.2990 0.3528 0.9479 0.0000 -0.0000 0.0000 -42.1191 -11.6431 83.1844 83.8521 -59.8567 -54.6784 -0.0000 -0.0000 29.1858 35.5167 4.8691 3.4668 -7.1250 0.0000 -0.0000 7.4117 35.8715 -1.6744 0.0000 -0.0000 0.0000 42.8062 8.9641 81.7332 -93.4227 59.9557 -62.9637 0.0000 0.0000 35.9600 -52.3970 24.6808 -28.4647 7.1250 -0.0000 -0.0000 -13.2416 6.1372 -14.9674
0.0690 15.6397 -6.2049 -356.0750 -26.8040 340.0650 0.0000 0.0000 0.0000 -8.3708 -4.9478 -33.6643 12.3555 18.5369 67.1113 -0.3926 -11.2821 1.5936 0.0854 -1.8847 -5.1872 0.0000 0.0000 0.0000 -0.4890 6.2095 -36.0822 -14.7498 -19.3259 74.4820 -0.1904 1.3269 -7.8826 -0.1303 2.3269 -6.4099 -3.4448 1.5499 24.8527 -0.8470 0.8983 13.6216 0.8314 0.1352 1.2194 -6.2961 0.0776 -8.5730 6.5973 0.5918 -1.4082 3.2810 0.4244 1.0191 -0.0000 0.0000 0.0000 -42.5557 -11.4235 83.3702 83.5757 -59.8435 -54.4393 -0.0000 -0.0000 30.3270 36.0584 5.8472 4.2422 -7.1250 0.0000 -0.0000 7.9335 37.0956 -1.5549 -0.0000 0.0000 0.0000 42.7729 8.7897 81.8128 -93.3150 59.9584 -62.8705 0.0000 0.0000 36.0589 -51.4784 23.6217 -26.7187 7.1250 -0.0000 -0.0000 -13.0348 4.3006 -14.3400
0.0679 15.6497 -6.1806 -356.1230 -26.9939 340.4300 0.0000 0.0000 0.0000 -8.7327 -5.2023 -32.3362 11.8017 18.3056 65.3589 -0.3729 -12.3143 -1.9003 0.0009 -0.1981 -0.5442 0.0000 0.0000 0.0000 0.0328 6.3651 -35.2667 -14.3525 -19.2175 73.2782 -0.3184 1.7822 -10.1866 -0.1337 2.3570 -6.4933 -3.3792 1.5279 24.7969 -0.7460 0.8878 13.5416 0.9062 0.1317 1.1543 -6.1163 0.1645 -8.6280 6.6084 0.6984 -1.5735 3.2525 0.4777 0.9672 0.0000 0.0000 0.0000 -42.9764 -11.0779 83.2412 83.2212 -59.8256 -54.1328 -0.0000 -0.0000 30.8953 35.7722 7.0014 5.0190 -7.1250 0.0000 -0.0000 7.7568 38.4790 -1.2547 0.0000 0.0000 0.0000 42.6674 8.8940 81.9515 -93.0219 59.9655 -62.6167 0.0000 0.0000 35.8887 -51.5853 23.8837 -27.0472 7.1250 -0.0000 -0.0000 -13.0212 4.6912 -14.4066
0.0665 15.6669 -6.1448 -355.9430 -27.1502 340.6920 0.0000 0.0000 0.0000 -9.3942 -5.4966 -30.9352 11.2461 18.0534 63.5782 -0.2601 -12.9456 -5.2056 0.0036 -0.3896 -1.0705 0.0000 0.0000 0.0000 0.3350 6.4658 -34.3046 -13.8863 -19.0792 71.8570 -0.5047 2.1017 -12.8600 -0.0444 1.3607 -3.7417 -3.4666 1.6121 24.7284 -0.6904 0.9809 13.5899 0.9950 0.1689 1.2362 -5.7773 0.1952 -9.1370 6.5220 0.7323 -1.6392 3.1645 0.4990 1.0326 0.0000 0.0000 0.0000 -43.3191 -11.0341 83.2837 82.8029 -59.8034 -53.7712 -0.0000 -0.0000 31.2599 36.6441 8.8763 6.5477 -7.1250 0.0000 -0.0000 8.6323 40.8430 -0.8924 0.0000 0.0000 0.0000 42.6957 8.7023 81.6979 -92.9710 59.9666 -62.5727 0.0000 0.0000 35.8054 -52.0264 22.5057 -26.1231 7.1250 -0.0000 -0.0000 -13.6447 3.1345 -14.7868
0.0616 15.6668 -6.1286 -356.5300 -27.5936 341.4910 0.0000 0.0000 0.0000 -8.8852 -5.7800 -30.7156 11.0456 17.9573 62.9295 -0.1488 -13.2201 -7.2613 0.0003 0.1159 0.3184 0.0000 0.0000 0.0000 1.5474 6.8894 -33.7505 -13.4321 -18.9326 70.4622 -0.7019 1.8299 -15.3103 -0.0497 1.4381 -3.9550 -2.9167 1.5306 24.9346 -0.4930 0.9825 13.3912 0.8932 0.1992 0.9141 -5.7156 0.3752 -8.9234 6.6593 0.9700 -2.0519 3.2005 0.6153 0.8451 -0.0000 0.0000 0.0000 -43.6261 -10.8318 83.5011 82.0650 -59.7607 -53.1336 -0.0000 -0.0000 31.4409 36.2420 8.6802 6.3127 -7.1250 0.0000 -0.0000 8.2612 40.5618 -0.9111 -0.0000 0.0000 0.0000 42.7370 8.3486 81.9616 -92.8341 59.9696 -62.4541 0.0000 0.0000 35.6176 -51.4931 23.8867 -26.9733 7.1250 -0.0000 -0.0000 -12.9695 4.6476 -14.3374
0.0558 15.6750 -6.1123 -357.0740 -27.8675 342.2970 0.0000 0.0000 0.0000 -8.0859 -6.3395 -31.6770 11.2588 18.0594 63.6191 -0.1577 -12.5413 -6.5115 0.0038 -0.3964 -1.0892 0.0000 0.0000 0.0000 2.5628 7.3295 -33.1480 -12.9879 -18.7778 69.0879 -0.8947 1.7814 -17.3626 -0.0260 1.0410 -2.8617 -2.5340 1.5366 25.1621 -0.1858 1.0658 13.3822 0.9856 0.2494 0.7915 -5.7314 0.4242 -9.3962 6.8252 1.0618 -2.2436 3.2685 0.6702 0.8601 0.0000 -0.0000 0.0000 -43.8632 -10.8901 83.5417 82.0542 -59.7601 -53.1243 -0.0000 -0.0000 31.5987 36.9391 8.8771 6.6184 -7.1250 0.0000 -0.0000 8.8973 40.8755 -0.9131 0.0000 -0.0000 0.0000 42.4565 7.7826 81.6965 -93.4772 59.9543 -63.0109 0.0000 0.0000 35.3928 -50.8908 23.2265 -25.8785 7.1250 -0.0000 -0.0000 -12.8176 3.4976 -13.9199
0.0413 15.6862 -6.0819 -356.9550 -28.3268 342.5160 0.0000 0.0000 0.0000 -8.0634 -6.0659 -32.0438 11.3126 18.0847 63.7927 -0.1387 -12.2139 -6.5168 0.0394 -1.2819 -3.5249 0.0000 0.0000 0.0000 2.9551 8.0788 -32.3103 -12.5764 -18.6238 67.8044 -1.0472 1.4424 -18.9144 -0.0195 0.9014 -2.4777 -2.5680 1.7897 25.5778 -0.0760 1.3610 13.4864 1.0480 0.3868 0.7012 -5.5576 0.3915 -9.6990 6.9262 1.0280 -2.7023 3.2680 0.6557 0.7669 0.0000 -0.0000 0.0000 -43.8254 -11.4263 83.9561 82.3650 -59.7786 -53.3929 -0.0000 -0.0000 31.3576 37.0694 9.1117 6.8221 -7.1250 0.0000 -0.0000 9.0292 41.1769 -0.8592 0.0000 -0.0000 0.0000 42.1256 6.9866 81.5241 -94.4260 59.9258 -63.8321 0.0000 0.0000 34.4396 -51.0978 22.8258 -25.6749 7.1250 -0.0000 -0.0000 -13.0415 3.0836 -14.0862
0.0441 15.6971 -6.0452 -356.9620 -28.8335 342.8920 0.0000 0.0000 0.0000 -7.9742 -5.8215 -32.2802 11.3536 18.1038 63.9246 -0.0987 -12.0965 -7.0462 0.0622 -1.6091 -4.4265 0.0000 0.0000 0.0000 3.0730 9.1661 -32.3872 -12.5188 -18.6014 67.6240 -1.0340 1.0238 -18.9063 -0.0129 0.7339 -2.0168 -2.3409 1.8936 26.2393 0.0833 1.5139 13.4874 1.0437 0.4676 0.3886 -5.7530 0.3317 -10.1875 7.0838 0.9974 -2.9740 3.3633 0.6503 0.7666 -0.0000 0.0000 0.0000 -44.1407 -11.3546 83.7458 82.8521 -59.8061 -53.8138 -0.0000 -0.0000 32.2980 36.7982 9.3504 6.9295 -7.1250 0.0000 -0.0000 8.7983 41.4382 -0.7797 -0.0000 0.0000 0.0000 41.3746 6.2140 81.4230 -95.8136 59.8719 -65.0326 0.0000 0.0000 33.9710 -51.5964 23.4318 -26.6408 7.1250 -0.0000 -0.0000 -13.1524 4.1166 -14.4369
0.0437 15.7070 -6.0113 -357.6270 -28.8525 343.8770 0.0000 0.0000 0.0000 -7.3676 -6.2284 -32.8130 11.3357 18.0955 63.8669 -0.0734 -12.0901 -7.4266 0.0608 -1.5913 -4.3774 0.0000 0.0000 0.0000 3.5895 9.6400 -32.9934 -12.4871 -18.5891 67.5246 -0.9860 0.1536 -18.7237 -0.0401 1.2926 -3.5543 -1.5831 1.6200 26.8683 0.2671 1.3188 13.4221 0.8518 0.4030 0.0383 -5.5585 0.5015 -10.8294 7.1355 1.2422 -3.3787 3.3578 0.7791 0.7299 0.0000 0.0000 0.0000 -43.9039 -11.0916 83.8566 83.5493 -59.8422 -54.4165 -0.0000 -0.0000 32.7760 36.8525 9.2165 6.8455 -7.1250 0.0000 -0.0000 8.8397 41.2809 -0.8180 0.0000 0.0000 0.0000 40.7139 5.7141 81.2592 -97.3107 59.7971 -66.3270 0.0000 0.0000 33.3675 -51.9241 22.3609 -25.9018 7.1250 -0.0000 -0.0000 -13.6275 2.8929 -14.7119
0.0309 15.7357 -5.9675 -357.3870 -28.4686 344.4810 0.0000 0.0000 0.0000 -7.7634 -6.9171 -33.1213 11.2097 18.0362 63.4606 -0.0585 -11.9453 -7.5357 0.0067 -0.5295 -1.4549 0.0000 0.0000 0.0000 3.1262 9.7099 -33.3909 -12.4588 -18.5779 67.4358 -1.0182 0.0092 -19.0781 -0.0358 1.2206 -3.3560 -1.6590 1.4489 27.3543 0.2894 1.0735 13.3735 0.9777 0.2779 -0.2345 -5.2052 0.5142 -11.5218 6.9615 1.2586 -3.8303 3.2354 0.7876 0.7022 0.0000 0.0000 0.0000 -43.2477 -11.0718 84.4017 84.3122 -59.8774 -55.0763 -0.0000 -0.0000 32.2035 37.7149 10.1289 7.7445 -7.1250 0.0000 -0.0000 9.6839 42.5010 -0.6033 0.0000 0.0000 0.0000 40.3264 4.7542 80.2582 -98.7804 59.7067 -67.5965 0.0000 0.0000 33.9482 -52.4934 20.8926 -24.9216 7.1250 -0.0000 -0.0000 -14.3427 1.2348 -15.1264
0.0158 15.7659 -5.9259 -357.5240 -28.3404 345.4600 0.0000 0.0000 0.0000 -7.6091 -7.4278 -33.7981 11.1426 18.0042 63.2439 -0.0456 -11.8432 -7.6490 0.0010 0.2038 0.5600 0.0000 0.0000 0.0000 3.1664 10.1380 -33.9272 -12.3144 -18.5204 66.9820 -1.0151 -0.6890 -19.3024 -0.0331 1.1735 -3.2265 -1.3283 1.2477 28.0081 0.3979 0.8930 13.0759 0.9490 0.2078 -0.8626 -5.3407 0.5406 -11.7738 7.1461 1.3457 -4.5529 3.3252 0.8335 0.5037 0.0000 -0.0000 0.0000 -42.6675 -10.7944 85.0146 85.3875 -59.9195 -56.0065 -0.0000 -0.0000 32.0111 38.4678 9.3800 7.3783 -7.1250 0.0000 -0.0000 10.3168 41.6683 -0.8580 0.0000 -0.0000 0.0000 40.3650 3.6184 78.5775 -99.9635 59.6215 -68.6177 0.0000 0.0000 34.3416 -52.9117 20.7132 -25.0730 7.1250 -0.0000 -0.0000 -14.6250 1.2052 -15.4370
-0.0145 15.8068 -5.8663 -356.8480 -28.3265 346.0440 0.0000 0.0000 0.0000 -8.2266 -7.5348 -34.2795 11.0822 17.9751 63.0483 -0.0024 -11.8754 -8.2971 0.1385 -2.3982 -6.6073 0.0000 0.0000 0.0000 2.4290 10.7485 -34.4439 -12.2412 -18.4908 66.7514 -1.0132 -1.1754 -19.4775 -0.0526 1.4802 -4.0711 -1.7295 1.3155 28.4126 0.3032 0.8704 12.9196 1.0777 0.1873 -1.2252 -5.2937 0.5328 -11.9754 7.1740 1.3722 -5.5061 3.3210 0.8408 0.2252 0.0000 0.0000 0.0000 -42.0774 -10.3115 84.7106 87.4293 -59.9750 -57.7739 -0.0000 -0.0000 33.0216 38.2430 8.8870 6.9420 -7.1250 0.0000 -0.0000 10.0719 41.0309 -0.9973 0.0000 0.0000 0.0000 40.6442 2.2930 76.2140 -101.1967 59.5210 -69.6810 0.0000 0.0000 34.5552 -53.5384 19.8683 -24.6995 7.1250 -0.0000 -0.0000 -15.2038 0.3757 -15.8711
-0.0456 15.8481 -5.8169 -357.4000 -28.4151 347.4690 0.0000 0.0000 0.0000 -7.4994 -7.3778 -35.3557 11.0234 17.9465 62.8574 -0.0214 -12.2816 -8.3228 0.3128 -3.5954 -9.9411 0.0000 0.0000 0.0000 2.9780 11.4786 -35.1128 -12.1220 -18.4417 66.3750 -1.0163 -2.1017 -19.9106 -0.0403 1.2956 -3.5625 -1.1079 1.1249 29.0166 0.4269 0.7866 12.5603 0.8765 0.1759 -1.8984 -4.9960 0.5360 -12.6624 7.0144 1.3742 -5.9542 3.2145 0.8399 0.1967 -0.0000 0.0000 0.0000 -41.6719 -9.4214 83.3308 89.8576 -59.9999 -59.8767 -0.0000 -0.0000 34.1441 38.4923 7.8939 6.2328 -7.1250 0.0000 -0.0000 10.2085 39.8226 -1.3186 -0.0000 0.0000 0.0000 41.3211 1.0773 73.2230 -101.8674 59.4611 -70.2588 0.0000 0.0000 34.2900 -54.1423 19.4155 -24.6990 7.1250 -0.0000 -0.0000 -15.6641 0.0623 -16.3022
-0.0972 15.8979 -5.7323 -356.7800 -28.4147 348.7200 0.0000 0.0000 0.0000 -7.9966 -7.2315 -36.4404 10.8516 17.8617 62.2989 -0.0247 -12.4143 -8.3744 0.3845 -3.9821 -11.0263 0.0000 0.0000 0.0000 2.1458 12.1286 -36.2562 -12.0869 -18.4272 66.2642 -1.0436 -2.3397 -20.2733 -0.0320 1.1556 -3.1771 -1.5445 1.1845 28.7095 0.3842 0.7734 12.1029 1.0839 0.1695 -2.2787 -4.8700 0.6024 -12.6376 6.7379 1.4603 -6.4547 3.0936 0.8720 0.0242 -0.0000 0.0000 0.0000 -41.6126 -8.3102 81.5352 91.5725 -59.9907 -61.3618 -0.0000 -0.0000 35.1060 39.1117 7.1588 5.7854 -7.1250 0.0000 -0.0000 10.6831 38.9618 -1.6108 -0.0000 0.0000 0.0000 42.2904 -0.1222 69.9780 -101.0291 59.5353 -69.5366 0.0000 0.0000 33.9122 -53.4344 17.5024 -22.0707 7.1250 -0.0000 -0.0000 -15.7790 -2.9724 -15.5500
-0.1570 15.9550 -5.6454 -356.2550 -28.5368 349.6520 0.0000 0.0000 0.0000 -8.3633 -6.9317 -36.9315 10.6019 17.7347 61.4820 -0.0825 -12.8617 -7.9119 0.1160 -2.1956 -6.0466 0.0000 0.0000 0.0000 1.5342 12.5782 -36.9952 -12.0325 -18.4044 66.0919 -1.0527 -2.4655 -20.4164 -0.0484 1.4195 -3.9038 -1.7273 1.2952 28.8006 0.2497 0.8672 11.7735 1.0116 0.2243 -2.6940 -4.7182 0.5232 -12.4523 6.5830 1.3567 -7.3257 3.0001 0.8039 -0.2833 -0.0000 0.0000 0.0000 -41.8350 -7.2741 78.4924 92.0643 -59.9839 -61.7877 -0.0000 -0.0000 34.8308 40.0680 7.0276 5.8756 -7.1250 0.0000 -0.0000 11.5064 38.8839 -1.7612 -0.0000 0.0000 0.0000 43.7235 -1.1262 66.3773 -99.1091 59.6841 -67.8803 0.0000 0.0000 31.9897 -54.0571 17.2628 -22.2596 7.1250 -0.0000 -0.0000 -16.1968 -3.0138 -15.9849
-0.2242 16.0030 -5.5584 -356.1440 -28.8177 351.0790 0.0000 0.0000 0.0000 -8.2282 -6.5392 -37.9880 10.4300 17.6446 60.9160 -0.1175 -13.1417 -7.6464 0.0513 -1.4619 -4.0207 0.0000 0.0000 0.0000 1.3255 13.0673 -38.1825 -11.9851 -18.3843 65.9416 -1.0500 -2.5802 -20.4475 -0.0549 1.5114 -4.1571 -1.7569 1.4244 28.8450 0.3427 1.0419 11.2552 1.0746 0.3222 -3.3043 -4.7110 0.5856 -12.5826 6.3396 1.4489 -7.6741 2.9182 0.8470 -0.3801 -0.0000 -0.0000 0.0000 -42.5516 -6.3510 74.9605 90.8124 -59.9975 -60.7035 -0.0000 -0.0000 33.1317 41.1635 6.7806 5.8937 -7.1250 0.0000 -0.0000 12.4330 38.6687 -1.9751 -0.0000 -0.0000 0.0000 45.4347 -2.4875 62.2650 -98.0781 59.7520 -66.9900 0.0000 0.0000 28.2066 -55.1645 14.7403 -20.0826 7.1250 -0.0000 -0.0000 -17.5096 -6.1728 -16.3258
-0.3024 16.0729 -5.4519 -355.4070 -29.1238 352.1810 0.0000 0.0000 0.0000 -8.8387 -6.2078 -38.7224 10.2562 17.5514 60.3414 -0.0664 -13.0497 -8.2830 0.2804 -3.4060 -9.4113 0.0000 0.0000 0.0000 0.4978 13.3603 -39.1906 -11.9026 -18.3492 65.6797 -1.0757 -2.4743 -20.6292 -0.0610 1.5936 -4.3838 -2.2505 1.6440 28.6630 0.3670 1.2133 10.7129 1.3300 0.4112 -3.8424 -4.8779 0.7070 -12.3859 6.0233 1.6281 -7.9984 2.8436 0.9349 -0.5290 0.0000 -0.0000 0.0000 -44.0973 -5.4323 70.6480 88.0216 -59.9852 -58.2867 -0.0000 -0.0000 30.0899 43.0494 7.8471 7.2681 -7.1250 0.0000 -0.0000 14.2655 40.2484 -1.7110 0.0000 -0.0000 0.0000 47.0333 -3.6227 58.4178 -96.3639 59.8464 -65.5085 0.0000 0.0000 26.4895 -55.1356 14.3477 -19.5800 7.1250 -0.0000 -0.0000 -17.6004 -6.7741 -16.2053
-0.3820 16.1309 -5.3342 -355.6540 -29.2819 353.5180 0.0000 0.0000 0.0000 -8.4941 -6.1176 -39.2319 10.0775 17.4532 59.7472 -0.1051 -13.5454 -8.1518 0.0114 -0.6892 -1.8939 0.0000 0.0000 0.0000 0.7046 13.3481 -39.8026 -11.7870 -18.2992 65.3122 -1.1103 -2.2567 -20.8370 -0.0427 1.3343 -3.6691 -1.6500 1.4900 28.4678 0.4416 1.1952 10.3905 1.0723 0.4228 -4.1050 -4.6320 0.8947 -12.4364 5.5963 1.8471 -8.3271 2.6581 1.0345 -0.6357 0.0000 -0.0000 0.0000 -45.6912 -5.0252 65.6505 85.0007 -59.9054 -55.6719 -0.0000 -0.0000 26.4612 43.9374 8.3363 7.9529 -7.1250 0.0000 -0.0000 15.1545 40.9993 -1.5350 0.0000 -0.0000 0.0000 48.7880 -3.7322 54.9520 -93.0516 59.9648 -62.6425 0.0000 0.0000 26.1609 -55.0851 13.5286 -18.5284 7.1250 -0.0000 -0.0000 -17.7959 -8.0310 -15.9453
-0.4652 16.2133 -5.2146 -355.5140 -29.2207 354.5040 0.0000 0.0000 0.0000 -8.6362 -6.4648 -39.2289 9.8295 17.3129 58.9171 -0.0704 -13.3750 -8.4816 0.0083 -0.5896 -1.6202 0.0000 0.0000 0.0000 0.5997 13.2065 -40.0054 -11.5892 -18.2115 64.6806 -1.1444 -2.5177 -21.2595 -0.0682 1.6849 -4.6357 -1.2779 1.3068 28.3377 0.4173 1.0725 10.0927 0.8690 0.3788 -4.3678 -4.4348 1.0717 -12.3184 5.4265 2.0562 -8.4915 2.5682 1.1309 -0.7168 0.0000 -0.0000 0.0000 -48.2042 -4.5891 60.5664 81.8851 -59.7497 -52.9782 -0.0000 -0.0000 24.5118 44.4109 10.1918 9.8341 -7.1250 0.0000 -0.0000 15.9516 43.5167 -0.6001 0.0000 -0.0000 0.0000 50.5547 -3.6157 52.2999 -88.3056 59.9891 -58.5326 0.0000 0.0000 25.0918 -54.7659 12.9856 -17.6479 7.1250 -0.0000 -0.0000 -17.7594 -8.9890 -15.5536
-0.5575 16.2866 -5.0954 -355.6290 -29.3727 355.4250 0.0000 0.0000 0.0000 -8.4464 -6.7247 -39.0333 9.6057 17.1821 58.1621 -0.0400 -13.3702 -8.8753 0.0099 -0.6414 -1.7625 0.0000 0.0000 0.0000 0.8563 13.3164 -39.9921 -11.3952 -18.1231 64.0583 -1.1751 -2.5183 -21.5262 -0.0682 1.6853 -4.6366 -0.8587 1.2193 28.2149 0.5929 1.0925 9.8783 0.8145 0.3967 -4.5470 -4.4121 1.1355 -12.4429 5.3049 2.1358 -8.3972 2.5271 1.1718 -0.6688 0.0000 -0.0000 0.0000 -51.2600 -4.8712 55.7336 77.0353 -59.3553 -48.7965 -0.0000 -0.0000 23.0744 45.8155 11.1168 11.2205 -7.1250 0.0000 -0.0000 17.5070 44.9768 -0.0103 0.0000 -0.0000 0.0000 52.1081 -3.1484 49.9219 -83.0754 59.8180 -54.0068 0.0000 0.0000 22.9450 -55.4277 13.4976 -18.7106 7.1250 -0.0000 -0.0000 -18.0024 -7.9279 -16.1896
-0.6485 16.3932 -4.9701 -355.2260 -29.5972 355.8460 0.0000 0.0000 0.0000 -8.8946 -7.0703 -38.1227 9.2469 16.9640 56.9402 0.0145 -13.0759 -9.3606 0.0018 -0.2745 -0.7542 0.0000 0.0000 0.0000 0.7092 13.4970 -39.4642 -11.1064 -17.9867 63.1265 -1.2012 -2.5999 -21.7885 -0.0732 1.7450 -4.8014 -0.6102 1.2401 28.0852 0.5615 1.1877 9.7405 0.6079 0.4502 -4.6366 -4.0333 1.1505 -12.4744 5.0510 2.1004 -8.2941 2.3713 1.1434 -0.6220 -0.0000 -0.0000 0.0000 -54.2950 -5.5456 51.6059 71.2778 -58.6332 -43.8605 -0.0000 -0.0000 19.6413 44.7421 9.4412 9.2335 -7.1250 0.0000 -0.0000 16.1128 42.5733 -0.9928 -0.0000 -0.0000 0.0000 53.8993 -2.9686 47.7985 -77.8815 59.4377 -49.5249 0.0000 0.0000 20.0105 -55.5073 12.6772 -17.7135 7.1250 -0.0000 -0.0000 -18.2766 -9.1484 -15.9971
-0.7431 16.5159 -4.8476 -354.7310 -29.8939 356.2570 0.0000 0.0000 0.0000 -9.4389 -7.4009 -37.1445 8.8184 16.6894 55.4600 0.0771 -12.4196 -9.7135 0.0004 -0.1233 -0.3387 0.0000 0.0000 0.0000 0.5264 13.8030 -38.8817 -10.7679 -17.8196 62.0255 -1.2143 -2.9325 -22.0598 -0.0873 1.9060 -5.2459 -0.5998 1.2198 27.9908 0.6350 1.1803 9.4538 0.6837 0.4507 -4.9132 -4.0786 1.2138 -12.5830 4.9750 2.1824 -7.9595 2.3597 1.1887 -0.4999 -0.0000 -0.0000 0.0000 -57.5735 -5.8170 47.8778 65.3168 -57.5678 -38.7983 -0.0000 -0.0000 15.6994 44.4751 11.2243 10.8197 -7.1250 0.0000 -0.0000 16.2187 44.8854 -0.0472 -0.0000 -0.0000 0.0000 55.3591 -2.8224 46.2281 -71.8893 58.7236 -44.3829 0.0000 0.0000 17.7648 -55.2113 12.0309 -16.7009 7.1250 -0.0000 -0.0000 -18.2844 -10.2656 -15.5693
-0.8475 16.6390 -4.7186 -353.6200 -30.0968 356.2330 0.0000 0.0000 0.0000 -10.6205 -7.7858 -35.8491 8.3273 16.3548 53.7331 0.1202 -11.6364 -9.7852 0.0003 -0.1170 -0.3215 0.0000 0.0000 0.0000 -0.2649 14.0517 -38.1060 -10.4465 -17.6534 60.9705 -1.2488 -2.9343 -22.3503 -0.0652 1.6472 -4.5315 -1.0356 1.2309 27.7410 0.5791 1.0889 9.2147 0.9017 0.4085 -5.0661 -4.0251 1.3325 -12.7158 4.7776 2.3203 -7.4500 2.2933 1.2598 -0.3181 0.0000 0.0000 0.0000 -60.6682 -5.8519 44.6903 59.2294 -56.1011 -33.7007 -0.0000 -0.0000 12.8626 43.0599 10.6529 9.8009 -7.1250 0.0000 -0.0000 14.7492 43.9092 -0.4064 0.0000 0.0000 0.0000 56.6546 -2.9380 45.0687 -65.9597 57.6995 -39.3413 0.0000 0.0000 14.7839 -54.9479 12.2069 -16.7721 7.1250 -0.0000 -0.0000 -18.0808 -10.1010 -15.4398
-0.9623 16.7782 -4.5855 -353.4520 -30.6089 356.5740 0.0000 0.0000 0.0000 -10.8648 -7.8350 -34.4465 7.8455 16.0044 52.0041 0.1986 -10.5401 -10.1984 0.0889 -1.9230 -5.2930 0.0000 0.0000 0.0000 0.0586 14.6799 -36.9887 -9.9928 -17.4058 59.4641 -1.2516 -3.4975 -22.6547 -0.0682 1.6846 -4.6347 -0.7214 1.1445 27.2230 0.6913 1.0786 9.0629 0.8510 0.4078 -4.9849 -3.8110 1.4567 -12.8478 4.4814 2.4465 -7.1203 2.1644 1.3182 -0.1914 -0.0000 0.0000 0.0000 -63.4251 -5.7197 41.8593 53.1379 -54.1853 -28.6999 -0.0000 -0.0000 8.7382 40.9196 10.8122 9.2359 -7.1250 0.0000 -0.0000 12.7390 43.7896 -0.3872 -0.0000 0.0000 0.0000 57.9107 -2.8953 43.8793 -60.3060 56.3909 -34.5958 0.0000 0.0000 14.0737 -54.1910 11.0123 -14.8297 7.1250 -0.0000 -0.0000 -17.9619 -12.2163 -14.5031
-1.0968 16.9320 -4.4374 -352.9450 -31.0373 356.5840 0.0000 0.0000 0.0000 -11.5123 -7.6556 -32.5747 7.2378 15.5289 49.7680 0.2411 -9.8733 -10.4333 0.0849 -1.8795 -5.1728 0.0000 0.0000 0.0000 0.1517 15.1565 -35.4719 -9.5206 -17.1313 57.8738 -1.2715 -3.6941 -22.9201 -0.0413 1.3118 -3.6072 -0.7790 1.1250 26.7711 0.8511 1.0678 8.7091 1.0640 0.4074 -5.1643 -3.8021 1.6004 -12.8812 4.1359 2.6180 -6.4477 2.0614 1.4041 0.0262 0.0000 -0.0000 0.0000 -65.9409 -5.1124 40.0541 46.9658 -51.6960 -23.7716 -0.0000 -0.0000 5.2346 39.4074 12.6734 10.2184 -7.1250 0.0000 -0.0000 11.4804 45.8849 0.2541 0.0000 -0.0000 0.0000 58.8833 -3.6358 42.8115 -54.8870 54.7859 -30.1237 0.0000 0.0000 13.8900 -53.6716 11.6478 -15.3529 7.1250 -0.0000 -0.0000 -17.4766 -11.4370 -14.3662
-1.2482 17.0897 -4.2779 -352.3050 -31.2650 356.3940 0.0000 0.0000 0.0000 -12.3603 -7.4777 -30.3850 6.5972 14.9831 47.3341 0.2894 -9.0171 -10.7093 0.1569 -2.5526 -7.0355 0.0000 0.0000 0.0000 0.2060 15.2675 -33.6904 -9.0194 -16.8202 56.1572 -1.3225 -3.8595 -23.4201 -0.0278 1.0765 -2.9592 -0.7400 1.0230 26.0316 0.8039 0.9628 8.4470 1.0252 0.3640 -5.0922 -3.4966 1.6391 -12.8168 3.8576 2.6182 -6.2218 1.9161 1.3945 0.0937 -0.0000 0.0000 0.0000 -67.8272 -4.3829 38.5716 41.1339 -48.7275 -19.2872 -0.0000 -0.0000 3.1602 36.6911 14.3438 10.4590 -7.1250 0.0000 -0.0000 8.8974 47.4673 0.5458 -0.0000 0.0000 0.0000 60.1838 -4.6727 41.6752 -50.0123 53.0004 -26.1839 0.0000 0.0000 13.6794 -53.3129 11.7869 -15.3327 7.1250 -0.0000 -0.0000 -17.2239 -11.3567 -14.1670
-1.4115 17.2421 -4.1250 -352.0100 -31.4980 356.4330 0.0000 0.0000 0.0000 -12.8427 -7.0574 -28.2725 5.9319 14.3620 44.7076 0.3157 -8.1658 -10.7620 0.2391 -3.1471 -8.6885 0.0000 0.0000 0.0000 0.6320 15.4455 -31.9736 -8.5294 -16.4952 54.4480 -1.3333 -4.2848 -23.7320 -0.0287 1.0939 -3.0073 -0.4705 0.8688 25.1188 0.8891 0.8584 8.1063 0.9978 0.3219 -5.0162 -3.5263 1.8143 -12.7388 3.5778 2.8432 -5.7737 1.8418 1.5055 0.2180 0.0000 0.0000 0.0000 -69.6184 -3.2561 37.4932 35.9504 -45.4790 -15.4871 -0.0000 -0.0000 2.5480 33.6561 16.2856 10.5759 -7.1250 0.0000 -0.0000 5.8300 49.2313 0.6102 0.0000 0.0000 0.0000 61.1921 -5.8563 40.3371 -45.5189 51.0202 -22.6414 0.0000 0.0000 14.3234 -53.3990 10.3657 -13.6184 7.1250 -0.0000 -0.0000 -17.6597 -13.4712 -13.7428
-1.5964 17.3890 -3.9631 -351.9700 -31.4770 356.5110 0.0000 0.0000 0.0000 -13.0330 -7.0694 -25.7535 5.2807 13.6931 42.0219 0.3613 -7.1652 -11.0888 0.4860 -4.4704 -12.4039 0.0000 0.0000 0.0000 1.3829 15.4426 -29.9642 -8.0367 -16.1462 52.6949 -1.3661 -4.6897 -24.2123 -0.0231 0.9821 -2.6995 0.0340 0.5739 24.0309 0.9851 0.6255 7.7009 0.8813 0.2194 -4.9128 -3.4948 1.9374 -12.6861 3.2767 2.9900 -5.0523 1.7521 1.5755 0.4389 -0.0000 0.0000 0.0000 -71.0615 -1.7624 36.6114 31.1296 -41.8422 -12.1562 -0.0000 -0.0000 3.9242 31.2726 16.6271 9.8589 -7.1250 0.0000 -0.0000 3.4117 49.2086 0.3545 -0.0000 0.0000 0.0000 62.2060 -7.1108 39.3638 -41.2796 48.8100 -19.3968 0.0000 0.0000 14.2837 -52.3425 10.6748 -13.4976 7.1250 -0.0000 -0.0000 -16.9293 -13.3444 -13.1651
-1.7998 17.5282 -3.8202 -351.7170 -32.4242 356.2800 0.0000 0.0000 0.0000 -13.3030 -6.0777 -23.1350 4.6132 12.9345 39.1239 0.4092 -5.9411 -11.4996 0.7018 -5.3546 -14.9228 0.0000 0.0000 0.0000 2.1142 16.3150 -27.8849 -7.5349 -15.7663 50.8696 -1.3756 -5.1418 -24.5417 -0.0191 0.8933 -2.4554 0.0628 0.7645 23.0801 0.9510 0.8864 7.3513 0.7606 0.3525 -4.8214 -3.3817 2.0200 -12.6200 3.0184 3.0755 -4.3792 1.6601 1.6130 0.6456 0.0000 -0.0000 0.0000 -72.2158 -0.3323 35.6376 26.8970 -38.0808 -9.4356 -0.0000 -0.0000 6.6572 29.5779 17.1714 9.5124 -7.1250 0.0000 -0.0000 1.6557 49.5332 0.1851 0.0000 -0.0000 0.0000 63.4365 -8.1686 37.8117 -37.1158 46.2652 -16.3237 0.0000 0.0000 14.3553 -51.2313 10.0937 -12.3102 7.1250 -0.0000 -0.0000 -16.3901 -14.5363 -12.2734
-2.0199 17.6665 -3.6725 -351.9030 -32.3862 356.1430 0.0000 0.0000 0.0000 -13.1856 -6.3046 -20.0664 3.9809 12.1350 36.2112 0.4315 -4.4666 -11.6857 0.8264 -5.7998 -16.2045 0.0000 0.0000 0.0000 3.3720 16.5143 -25.3497 -7.0489 -15.3729 49.0589 -1.3997 -5.7603 -25.0883 -0.0166 0.8315 -2.2854 0.5140 0.4916 21.9972 1.0545 0.6534 6.9160 0.6785 0.2478 -4.7385 -3.2738 2.0785 -12.4273 2.6061 3.1289 -3.3581 1.5221 1.6300 0.9469 -0.0000 0.0000 0.0000 -73.5718 1.7648 33.8695 23.6085 -34.7476 -7.4823 -0.0000 -0.0000 9.3860 29.8203 17.7458 9.9096 -7.1250 0.0000 -0.0000 1.8192 50.2182 0.2341 -0.0000 0.0000 0.0000 64.4476 -9.4981 36.3081 -33.5668 43.7612 -13.8126 0.0000 0.0000 14.6574 -48.9818 10.2387 -11.5492 7.1250 -0.0000 -0.0000 -14.9311 -14.9343 -10.9636
-2.2541 17.8066 -3.5399 -351.7780 -32.7927 355.9210 0.0000 0.0000 0.0000 -13.3180 -6.2260 -17.0471 3.3592 11.2550 33.1449 0.4350 -2.6980 -11.8221 0.9549 -6.2228 -17.4322 0.0000 0.0000 0.0000 4.3615 16.7913 -23.0546 -6.5562 -14.9465 47.1753 -1.4303 -6.1217 -25.5374 -0.0055 0.4770 -1.3108 0.5762 0.5222 20.7375 1.0244 0.7129 6.4997 0.6000 0.2849 -4.5428 -3.4632 2.0456 -12.5356 2.5884 3.1077 -2.0974 1.5728 1.6192 1.3762 0.0000 0.0000 0.0000 -74.8756 3.6942 31.0976 21.0880 -31.9310 -6.0964 -0.0000 -0.0000 12.0488 27.9092 18.5209 9.5507 -7.1250 0.0000 -0.0000 -0.2337 50.7411 -0.0331 0.0000 0.0000 0.0000 65.3933 -10.6091 34.8309 -30.4760 41.2979 -11.7225 0.0000 0.0000 14.6786 -47.8628 9.5496 -10.3908 7.1250 -0.0000 -0.0000 -14.3704 -16.1777 -10.1246
-2.5001 17.9274 -3.4160 -351.6620 -33.2185 355.6500 0.0000 0.0000 0.0000 -13.3936 -6.4491 -13.9989 2.8236 10.4038 30.2945 0.4146 -0.7866 -11.9141 0.7945 -5.6894 -15.8859 0.0000 0.0000 0.0000 5.3912 16.9526 -20.7897 -6.0838 -14.5091 45.3173 -1.4303 -6.5847 -25.8233 -0.0037 0.3910 -1.0743 0.5717 0.5992 19.3901 0.9783 0.8174 6.0753 0.5350 0.3443 -4.3011 -3.4200 1.7968 -12.2459 2.2941 2.7667 -1.1099 1.4647 1.4371 1.6650 0.0000 -0.0000 0.0000 -76.1910 5.7900 27.4694 19.3016 -29.7917 -5.1798 -0.0000 -0.0000 14.5014 27.0694 18.6982 9.3044 -7.1250 0.0000 -0.0000 -1.1135 50.7873 -0.1588 0.0000 -0.0000 0.0000 66.3314 -11.5534 33.1931 -27.9319 39.0535 -10.0808 0.0000 0.0000 15.4689 -45.9726 7.5440 -7.7347 7.1250 -0.0000 -0.0000 -13.5569 -19.3401 -8.5430
-2.7469 18.0607 -3.3140 -351.9000 -33.2933 355.5950 0.0000 0.0000 0.0000 -13.1309 -6.6043 -11.4594 2.3933 9.6412 27.8225 0.4103 0.7746 -12.4056 0.4738 -4.4145 -12.2458 0.0000 0.0000 0.0000 6.7199 16.5313 -18.4789 -5.5549 -13.9827 43.1683 -1.4403 -6.7316 -25.9897 -0.0001 0.0600 -0.1649 0.9051 0.4946 18.1439 0.9461 0.7447 5.6831 0.3338 0.3164 -4.0626 -3.7714 1.5948 -12.2501 2.5036 2.5378 0.0048 1.6033 1.3246 2.0402 0.0000 -0.0000 0.0000 -77.4868 7.8343 24.8158 17.9459 -28.0878 -4.5237 -0.0000 -0.0000 11.8587 26.2689 19.4326 9.3250 -7.1250 0.0000 -0.0000 -2.0779 51.4441 -0.3299 0.0000 -0.0000 0.0000 67.1278 -12.2828 31.5958 -25.6426 36.8536 -8.6724 0.0000 0.0000 16.0408 -45.1267 6.5563 -6.5425 7.1250 -0.0000 -0.0000 -13.1827 -20.8267 -7.8410
-2.9990 18.1687 -3.2408 -352.2400 -33.6650 355.5900 0.0000 0.0000 0.0000 -12.5771 -6.4684 -9.3107 2.0704 9.0112 25.8304 0.3131 2.7583 -11.9500 0.3260 -3.6699 -10.1498 0.0000 0.0000 0.0000 8.1325 16.3231 -16.4217 -5.0866 -13.4807 41.1957 -1.3962 -6.9466 -25.7991 -0.0000 -0.0197 0.0542 0.9396 0.6200 17.1416 1.0000 0.9249 5.1913 0.3392 0.4107 -4.0566 -3.8050 1.2869 -11.9961 2.3929 2.1270 0.9765 1.5630 1.1104 2.3355 0.0000 -0.0000 0.0000 -78.7218 10.0040 22.1252 17.1034 -26.9938 -4.1341 -0.0000 -0.0000 11.0364 25.4227 20.4018 9.4082 -7.1250 0.0000 -0.0000 -3.1734 52.3347 -0.5734 0.0000 -0.0000 0.0000 67.8413 -13.1781 30.0263 -24.0415 35.2082 -7.7305 0.0000 0.0000 16.3150 -45.7309 11.1671 -11.2370 7.1250 -0.0000 -0.0000 -12.6317 -14.4501 -9.3133
-3.2593 18.2810 -3.1907 -352.3710 -33.9620 355.6590 0.0000 0.0000 0.0000 -12.0652 -6.0293 -7.8355 1.8118 8.4625 24.1279 0.1868 4.4229 -11.0026 0.2426 -3.1696 -8.7513 0.0000 0.0000 0.0000 9.3320 16.1119 -14.6152 -4.6339 -12.9593 39.2162 -1.3671 -7.1872 -25.7383 -0.0010 -0.2030 0.5578 0.6255 0.7239 15.9207 0.8909 1.0081 4.8003 0.3953 0.4588 -3.8245 -3.7703 1.0298 -11.8214 2.6593 1.7584 1.6416 1.6323 0.9327 2.5411 -0.0000 0.0000 0.0000 -79.7951 11.5636 19.0905 16.2291 -25.8303 -3.7452 -0.0000 -0.0000 12.7443 25.6032 20.8182 9.6651 -7.1250 0.0000 -0.0000 -3.0980 52.8153 -0.5962 -0.0000 0.0000 0.0000 68.5787 -13.4777 28.7916 -22.5964 33.6445 -6.9134 0.0000 0.0000 17.0017 -43.5343 9.1095 -8.5544 7.1250 -0.0000 -0.0000 -11.5952 -17.6570 -7.6916
-3.5157 18.3853 -3.1535 -352.6520 -34.2949 355.7270 0.0000 0.0000 0.0000 -11.2985 -5.7150 -6.5551 1.6330 8.0557 22.8834 0.0294 5.9744 -9.2948 0.3061 -3.5570 -9.8335 0.0000 0.0000 0.0000 10.7087 15.9860 -12.6149 -4.1406 -12.3452 36.9642 -1.2733 -7.7761 -25.4265 -0.0025 -0.3224 0.8860 0.3347 0.9373 14.8855 0.8810 1.2521 4.3818 0.5142 0.5855 -3.7174 -3.9994 0.6516 -11.4673 2.9299 1.2577 2.1697 1.7381 0.6875 2.6734 0.0000 0.0000 0.0000 -80.7166 13.0186 17.1079 15.3623 -24.6484 -3.3756 -0.0000 -0.0000 16.3809 28.3795 18.9983 9.9745 -7.1250 0.0000 -0.0000 0.1546 51.3513 0.0242 0.0000 0.0000 0.0000 69.2055 -13.8392 27.5034 -21.5283 32.4398 -6.3309 0.0000 0.0000 17.3996 -42.0519 8.9004 -7.9450 7.1250 -0.0000 -0.0000 -10.6290 -18.1864 -6.9005
-3.7626 18.4932 -3.1277 -352.9010 -34.2617 355.7490 0.0000 0.0000 0.0000 -10.6471 -5.7364 -5.2493 1.4660 7.6518 21.6613 -0.1030 7.5914 -8.1311 0.2206 -3.0232 -8.3434 0.0000 0.0000 0.0000 12.0478 15.8851 -10.3961 -3.6443 -11.6714 34.5791 -1.1660 -8.7314 -25.2898 -0.0032 -0.3665 1.0070 0.1455 0.9428 13.9636 0.7570 1.2352 4.0358 0.5042 0.5831 -3.5847 -4.1760 0.4127 -11.5614 3.1949 0.9440 3.1089 1.8569 0.5361 3.0272 -0.0000 0.0000 0.0000 -81.4380 13.8740 15.6822 14.5776 -23.5544 -3.0551 -0.0000 -0.0000 16.7156 27.7806 19.3643 9.9082 -7.1250 0.0000 -0.0000 -0.5273 51.6441 -0.0863 -0.0000 0.0000 0.0000 69.7957 -13.9321 26.8476 -20.8722 31.6789 -5.9827 0.0000 0.0000 16.8450 -42.1927 10.0286 -8.9707 7.1250 -0.0000 -0.0000 -10.5214 -16.6963 -7.1782
-3.9880 18.5869 -3.0968 -353.2080 -34.3058 355.8530 0.0000 0.0000 0.0000 -10.0378 -5.8395 -4.3768 1.3798 7.4329 21.0044 -0.2553 9.4953 -6.9733 0.1684 -2.6440 -7.2891 0.0000 0.0000 0.0000 13.3583 15.9534 -8.1754 -3.1764 -10.9753 32.1966 -1.0632 -9.7301 -25.2664 -0.0067 -0.5277 1.4500 0.2091 0.9409 13.0177 0.5619 1.2403 3.7163 0.2750 0.5904 -3.4005 -4.3140 0.1597 -11.3870 3.3387 0.6054 3.5844 1.9151 0.3686 3.1742 0.0000 -0.0000 0.0000 -82.1471 14.6997 14.2043 14.1499 -22.9487 -2.8863 -0.0000 -0.0000 16.4221 25.3220 20.6353 9.4671 -7.1250 0.0000 -0.0000 -3.3377 52.5663 -0.6221 0.0000 -0.0000 0.0000 70.2950 -13.9668 26.3378 -20.6705 31.4417 -5.8771 0.0000 0.0000 16.8646 -41.8008 11.6074 -10.1985 7.1250 -0.0000 -0.0000 -9.9732 -14.7350 -7.2206
-4.1929 18.6691 -3.0869 -353.6540 -34.2211 356.0480 0.0000 0.0000 0.0000 -9.2796 -5.7003 -4.3615 1.4140 7.5206 21.2673 -0.3758 10.9958 -6.3187 0.2676 -3.3279 -9.1930 0.0000 0.0000 0.0000 14.6853 15.7110 -6.2767 -2.7487 -10.2767 29.8776 -0.9299 -10.6943 -25.0189 -0.0115 -0.6914 1.9001 0.2615 0.9167 12.4709 0.4804 1.2189 3.3772 0.1691 0.5830 -3.4540 -4.5739 0.0054 -11.2028 3.3808 0.4241 3.8266 1.9672 0.2738 3.2326 0.0000 -0.0000 0.0000 -83.0293 15.1418 12.4312 13.5214 -22.0465 -2.6458 -0.0000 -0.0000 16.7230 26.0452 19.8036 9.4014 -7.1250 0.0000 -0.0000 -2.3909 51.8050 -0.4008 0.0000 -0.0000 0.0000 70.6086 -13.6764 26.0571 -20.7079 31.4858 -5.8966 0.0000 0.0000 16.8165 -40.2304 10.8262 -9.0288 7.1250 -0.0000 -0.0000 -9.0633 -16.0320 -6.2879
-4.3733 18.7340 -3.0794 -353.7320 -34.0041 356.1780 0.0000 0.0000 0.0000 -8.9568 -6.0125 -4.7189 1.5101 7.7610 21.9905 -0.4955 12.3885 -5.5128 0.2263 -3.0623 -8.4521 0.0000 0.0000 0.0000 15.5207 15.5559 -4.7356 -2.4058 -9.6646 27.8973 -0.7891 -11.7976 -24.8849 -0.0158 -0.8105 2.2276 0.2384 0.9119 11.7920 0.1961 1.2031 3.1409 -0.1027 0.5784 -3.3234 -4.7963 -0.2359 -11.1025 3.4239 0.1257 3.9100 2.0045 0.1225 3.2581 0.0000 -0.0000 0.0000 -83.6681 14.8206 10.2240 12.4418 -20.4639 -2.2544 -0.0000 -0.0000 18.4042 26.5574 18.8752 9.1852 -7.1250 0.0000 -0.0000 -1.6648 50.8904 -0.2417 0.0000 -0.0000 0.0000 71.1726 -13.0131 25.3925 -20.7134 31.4923 -5.8995 0.0000 0.0000 16.7703 -39.3560 9.3523 -7.5913 7.1250 -0.0000 -0.0000 -8.7084 -18.0362 -5.6499
-4.5301 18.7860 -3.0707 -353.6670 -33.8047 356.1390 0.0000 0.0000 0.0000 -8.9198 -6.0455 -5.2792 1.6445 8.0827 22.9655 -0.6352 13.9603 -4.6529 0.1208 -2.2406 -6.1709 0.0000 0.0000 0.0000 16.1457 15.4915 -3.2707 -2.1325 -9.1367 26.2238 -0.6969 -12.6385 -24.9497 -0.0224 -0.9653 2.6533 0.1438 0.9748 11.3899 -0.0594 1.2705 2.8657 -0.3205 0.6142 -3.3857 -5.2282 -0.4179 -10.7909 3.3791 -0.0697 4.0909 2.0560 0.0128 3.2736 -0.0000 0.0000 0.0000 -84.3399 14.4478 8.3592 11.6401 -19.2627 -1.9819 -0.0000 -0.0000 18.5356 23.3215 20.7318 8.6770 -7.1250 0.0000 -0.0000 -5.3999 52.3009 -0.9728 -0.0000 0.0000 0.0000 71.6249 -12.2719 24.6969 -20.5655 31.3176 -5.8224 0.0000 0.0000 16.2408 -39.6043 8.6316 -7.0786 7.1250 -0.0000 -0.0000 -8.9923 -18.9082 -5.6630
-4.6739 18.8294 -3.0651 -353.6540 -33.3848 356.0860 0.0000 0.0000 0.0000 -8.8243 -5.9908 -6.1641 1.8375 8.5191 24.3024 -0.7260 14.9800 -3.7966 0.1062 -2.1012 -5.7853 0.0000 0.0000 0.0000 16.7959 15.4193 -1.8329 -1.9043 -8.6639 24.7496 -0.6326 -13.5810 -25.3937 -0.0302 -1.1214 3.0829 0.1118 1.0176 11.1015 -0.4148 1.3123 2.7518 -0.6732 0.6360 -3.3378 -5.2198 -0.6234 -10.9859 3.2367 -0.3294 4.4872 1.9973 -0.1238 3.4611 0.0000 -0.0000 0.0000 -84.7467 13.8376 6.2661 11.2485 -18.6682 -1.8547 -0.0000 -0.0000 19.1613 22.5724 21.3018 8.5876 -7.1250 0.0000 -0.0000 -6.3350 52.7629 -1.2140 0.0000 -0.0000 0.0000 72.4875 -10.8309 23.5432 -20.2071 30.8910 -5.6373 0.0000 0.0000 15.1455 -38.2465 7.4354 -5.8243 7.1250 -0.0000 -0.0000 -8.2205 -20.5887 -4.8542
-4.8003 18.8482 -3.0667 -353.7950 -33.1742 356.3150 0.0000 0.0000 0.0000 -8.4968 -4.4292 -8.0703 2.0845 9.0399 25.9203 -0.7697 15.5147 -3.1193 0.0127 -0.7289 -2.0032 0.0000 0.0000 0.0000 17.3985 15.2422 -1.1025 -1.7588 -8.3444 23.7652 -0.5777 -14.0827 -25.4824 -0.0360 -1.2255 3.3694 -0.1279 1.2129 10.8011 -0.4867 1.5462 2.4434 -0.6428 0.7547 -3.4950 -5.4777 -0.8753 -10.8038 2.8115 -0.6106 5.0319 1.8869 -0.2936 3.6284 0.0000 -0.0000 0.0000 -85.2129 13.1506 4.5802 10.7366 -17.8834 -1.6942 -0.0000 -0.0000 19.9553 22.3178 21.6079 8.5960 -7.1250 0.0000 -0.0000 -6.6937 53.0356 -1.3280 0.0000 -0.0000 0.0000 72.9240 -9.6328 22.4578 -19.5235 30.0639 -5.2905 0.0000 0.0000 14.7421 -37.9851 7.5160 -5.8319 7.1250 -0.0000 -0.0000 -8.0245 -20.5194 -4.7488
-4.9061 18.8608 -3.0445 -354.1500 -32.7635 356.5860 0.0000 0.0000 0.0000 -8.2349 -2.6699 -10.0013 2.3478 9.5558 27.5499 -0.7405 15.3268 -2.4857 0.0214 0.9454 2.5986 0.0000 0.0000 0.0000 18.1565 15.1202 -0.1936 -1.6267 -8.0409 22.8383 -0.5083 -14.8626 -25.7811 -0.0487 -1.4235 3.9149 0.1578 1.3056 10.3747 -0.7152 1.6955 2.3118 -1.0516 0.8275 -3.3799 -5.8943 -0.9271 -10.8877 3.0543 -0.6401 5.8061 2.0557 -0.3147 3.9298 0.0000 -0.0000 0.0000 -85.2715 12.5777 3.7714 10.5822 -17.6450 -1.6470 -0.0000 -0.0000 20.1147 22.5337 21.6700 8.7104 -7.1250 0.0000 -0.0000 -6.4946 53.1407 -1.3050 0.0000 -0.0000 0.0000 73.5352 -8.0976 21.6236 -18.7032 29.0483 -4.8859 0.0000 0.0000 14.9387 -37.6386 7.4349 -5.6987 7.1250 -0.0000 -0.0000 -7.7906 -20.6606 -4.5827
-4.9970 18.8547 -3.0259 -354.8170 -32.0821 356.9590 0.0000 0.0000 0.0000 -7.8433 -1.5202 -11.5511 2.5237 9.8808 28.5917 -0.5735 13.6346 -1.7094 0.0408 1.3031 3.5831 0.0000 0.0000 0.0000 19.3357 15.5266 0.8908 -1.5253 -7.7981 22.1024 -0.4855 -15.9720 -26.8676 -0.0781 -1.8025 4.9601 0.3803 1.4280 10.2843 -0.7125 1.8841 2.1416 -1.1989 0.9191 -3.4962 -6.0641 -1.1245 -11.0333 3.0399 -0.8797 7.0128 1.8549 -0.4356 3.9296 -0.0000 0.0000 0.0000 -85.3473 12.0245 3.4130 10.5668 -17.6213 -1.6424 -0.0000 -0.0000 20.0185 22.1625 23.5590 9.2470 -7.1250 0.0000 -0.0000 -7.5556 55.0331 -1.8694 -0.0000 0.0000 0.0000 73.8813 -7.2924 21.3224 -18.5590 28.8670 -4.8161 0.0000 0.0000 15.0974 -37.6002 7.0285 -5.3833 7.1250 -0.0000 -0.0000 -7.8182 -21.1687 -4.5087
-5.0739 18.8452 -2.9888 -355.1980 -30.9088 357.3990 0.0000 0.0000 0.0000 -7.9563 -0.9989 -12.6855 2.4952 9.8291 28.4251 -0.3934 11.0375 -3.8421 0.0878 1.9112 5.2603 0.0000 0.0000 0.0000 20.0393 15.5228 1.4232 -1.4794 -7.6851 21.7616 -0.4706 -17.0530 -28.0166 -0.0903 -1.9379 5.3340 0.4665 1.4281 9.7784 -0.7790 1.8937 2.0086 -1.3049 0.9250 -3.3492 -6.3823 -1.2563 -10.7119 2.8567 -1.0147 7.3523 1.8421 -0.5274 3.9886 0.0000 -0.0000 0.0000 -85.2299 11.3176 3.1448 10.4795 -17.4861 -1.6161 -0.0000 -0.0000 20.2956 24.5580 22.0552 9.7363 -7.1250 0.0000 -0.0000 -4.5356 53.9332 -0.9976 0.0000 -0.0000 0.0000 74.1658 -6.2173 21.3395 -18.4133 28.6832 -4.7460 0.0000 0.0000 15.4600 -37.4349 6.6206 -5.0439 7.1250 -0.0000 -0.0000 -7.7543 -21.6920 -4.3784
-5.1345 18.8253 -2.9408 -355.5110 -29.8491 357.5830 0.0000 0.0000 0.0000 -8.4306 -0.0596 -13.2606 2.3121 9.4879 27.3339 -0.3819 10.9559 -5.4471 0.0352 1.2103 3.3277 0.0000 0.0000 0.0000 20.5927 15.3204 1.8352 -1.4805 -7.6878 21.7697 -0.4767 -17.7414 -28.8738 -0.0851 -1.8821 5.1801 0.4819 1.4885 9.7150 -0.9319 1.9714 1.8091 -1.4837 0.9620 -3.5135 -6.5420 -1.3310 -10.5882 2.7441 -1.0939 8.1792 1.8298 -0.5890 4.2263 -0.0000 0.0000 0.0000 -84.9102 10.9651 2.9575 10.6577 -17.7616 -1.6700 -0.0000 -0.0000 20.2782 24.0392 22.5199 9.6947 -7.1250 0.0000 -0.0000 -5.2251 54.3222 -1.1995 -0.0000 0.0000 0.0000 74.4894 -5.3847 21.8469 -18.4715 28.7567 -4.7739 0.0000 0.0000 15.8859 -37.0765 6.4535 -4.8546 7.1250 -0.0000 -0.0000 -7.5189 -21.9349 -4.2013
-5.1823 18.8109 -2.8805 -356.0630 -28.4957 358.2050 0.0000 0.0000 0.0000 -8.8095 0.3083 -13.8460 2.0373 8.9433 25.6181 -0.4954 12.7997 -8.3118 0.1158 2.1939 6.0419 0.0000 0.0000 0.0000 21.1967 14.9280 1.8732 -1.4602 -7.6372 21.6175 -0.5427 -18.1660 -29.8361 -0.1129 -2.1667 5.9667 0.7098 1.4831 9.0642 -1.0413 1.9849 1.6966 -1.7082 0.9692 -3.2571 -6.8780 -1.3768 -10.2810 2.9453 -1.1525 8.7140 1.9446 -0.6265 4.3462 -0.0000 0.0000 0.0000 -84.4271 10.3777 3.0386 10.7446 -17.8957 -1.6966 -0.0000 -0.0000 20.0105 24.1855 22.5205 9.7603 -7.1250 0.0000 -0.0000 -5.0727 54.3518 -1.1680 -0.0000 0.0000 0.0000 74.8249 -4.6264 22.6717 -18.9785 29.3919 -5.0203 0.0000 0.0000 15.8239 -36.5761 3.9356 -2.9155 7.1250 -0.0000 -0.0000 -7.4570 -25.0802 -3.6222
-5.2145 18.7993 -2.8012 -356.4660 -27.2738 358.4750 0.0000 0.0000 0.0000 -9.4249 0.4002 -13.6847 1.7448 8.3128 23.6684 -0.7724 16.0475 -11.0577 0.0969 2.0072 5.5256 0.0000 0.0000 0.0000 21.6073 14.1661 2.2834 -1.3976 -7.4788 21.1417 -0.5378 -18.5985 -30.3095 -0.1112 -2.1501 5.9206 0.6428 1.5524 8.7373 -1.0999 2.0698 1.6047 -1.7319 1.0129 -3.1681 -6.9422 -1.3877 -10.2458 2.6072 -1.1283 9.6301 1.8542 -0.6511 4.6208 -0.0000 0.0000 0.0000 -84.1086 9.9942 2.8506 10.9769 -18.2528 -1.7687 -0.0000 -0.0000 19.8058 24.5251 23.9749 10.5030 -7.1250 0.0000 -0.0000 -5.2185 55.9536 -1.4050 -0.0000 0.0000 0.0000 74.9464 -4.0556 23.7519 -19.5730 30.1244 -5.3154 0.0000 0.0000 15.4333 -36.3053 3.6076 -2.6469 7.1250 -0.0000 -0.0000 -7.2920 -25.5001 -3.4690
-5.2333 18.7973 -2.7011 -356.5460 -25.9300 358.6360 0.0000 0.0000 0.0000 -10.4989 0.1249 -13.3190 1.4722 7.6672 21.7076 -1.2573 20.0272 -13.0784 0.0274 1.0677 2.9352 0.0000 0.0000 0.0000 21.5959 13.3035 2.5630 -1.3559 -7.3709 20.8189 -0.5731 -18.8514 -30.8410 -0.1239 -2.2695 6.2512 0.2930 1.5912 8.2698 -1.3038 2.0849 1.5152 -1.7342 1.0247 -3.0055 -6.9682 -1.2922 -10.1034 2.3914 -0.9850 10.6639 1.8049 -0.6131 4.9096 -0.0000 0.0000 0.0000 -83.5895 9.7422 3.0042 11.3630 -18.8425 -1.8915 -0.0000 -0.0000 18.5750 24.7983 24.8112 10.9724 -7.1250 0.0000 -0.0000 -5.2380 56.8911 -1.5292 -0.0000 0.0000 0.0000 75.1514 -3.5897 24.9398 -20.1220 30.7891 -5.5937 0.0000 0.0000 15.1573 -36.5634 6.7397 -4.9746 7.1250 -0.0000 -0.0000 -7.1147 -21.6343 -4.0209
-5.2372 18.7865 -2.5903 -356.9290 -24.5055 358.9140 0.0000 0.0000 0.0000 -11.0674 -1.3235 -12.4249 1.2638 7.1260 20.0891 -1.6635 23.2219 -16.6654 0.1859 2.7768 7.6580 0.0000 0.0000 0.0000 21.9295 12.6416 2.9520 -1.3157 -7.2651 20.5031 -0.6141 -19.3128 -31.6442 -0.1141 -2.1775 5.9965 -0.0263 1.5853 7.8795 -1.2773 2.0538 1.3713 -1.5143 1.0130 -2.9504 -7.2706 -1.0532 -10.2553 2.3790 -0.6061 12.2210 1.8848 -0.4687 5.4033 0.0000 0.0000 0.0000 -83.3372 9.6578 3.0889 11.6234 -19.2375 -1.9764 -0.0000 -0.0000 18.7163 23.6460 23.7643 10.0063 -7.1250 0.0000 -0.0000 -6.0755 55.5489 -1.5772 0.0000 0.0000 0.0000 75.1682 -3.2845 26.1741 -20.6559 31.4245 -5.8695 0.0000 0.0000 14.4234 -36.4871 5.9427 -4.3788 7.1250 -0.0000 -0.0000 -7.1571 -22.6195 -3.8834
-5.2136 18.7622 -2.4600 -357.4680 -22.9734 359.2020 0.0000 0.0000 0.0000 -11.5293 -3.5351 -11.2062 1.1598 6.8370 19.2335 -1.5448 24.4677 -22.2828 0.4238 4.1782 11.5787 0.0000 0.0000 0.0000 22.3222 11.8304 3.4246 -1.2698 -7.1423 20.1376 -0.7083 -19.5735 -32.5346 -0.1281 -2.3074 6.3559 0.0664 1.6066 7.5114 -1.3604 2.0906 1.2871 -1.6453 1.0314 -2.8251 -7.1344 -0.7379 -10.2143 2.0894 -0.1631 13.5372 1.8133 -0.2930 5.7875 -0.0000 -0.0000 0.0000 -82.8122 9.4917 3.8924 12.0434 -19.8696 -2.1170 -0.0000 -0.0000 17.2061 24.5749 24.4654 10.7243 -7.1250 0.0000 -0.0000 -5.3474 56.4796 -1.5081 -0.0000 -0.0000 0.0000 75.4068 -3.0771 26.8422 -21.1451 31.9974 -6.1267 0.0000 0.0000 14.3800 -36.5142 7.4473 -5.4813 7.1250 -0.0000 -0.0000 -6.9910 -20.7725 -4.0872
-5.1729 18.7412 -2.3014 -357.7940 -21.5129 359.4480 0.0000 0.0000 0.0000 -12.2204 -5.5850 -10.0398 1.1073 6.6856 18.7872 -0.6966 23.9525 -29.0607 0.8666 5.9358 16.5984 0.0000 0.0000 0.0000 22.4577 11.1526 3.9444 -1.2296 -7.0324 19.8113 -0.7501 -20.0887 -33.3733 -0.0976 -2.0142 5.5449 -0.0843 1.7051 6.8940 -1.4555 2.2131 1.1648 -1.6513 1.0951 -2.6059 -6.8211 -0.2714 -10.2205 1.7843 0.4728 15.4372 1.7306 -0.0306 6.3614 0.0000 -0.0000 0.0000 -82.3470 9.2170 4.8460 12.0496 -19.8790 -2.1191 -0.0000 -0.0000 15.9438 25.7713 23.9539 11.0904 -7.1250 0.0000 -0.0000 -3.8720 56.1967 -1.0644 0.0000 -0.0000 0.0000 75.6581 -3.0074 27.3406 -21.5308 32.4427 -6.3323 0.0000 0.0000 14.2438 -36.4762 7.5417 -5.5423 7.1250 -0.0000 -0.0000 -6.9521 -20.6612 -4.0817
-5.1088 18.7235 -2.1290 -358.1670 -20.2902 359.7860 0.0000 0.0000 0.0000 -12.7255 -6.9145 -9.2435 1.0517 6.5210 18.3038 -0.5698 24.5590 -30.9579 0.7375 5.4862 15.3006 0.0000 0.0000 0.0000 22.6142 10.7639 4.3800 -1.2112 -6.9816 19.6610 -0.7440 -20.7584 -34.0995 -0.0674 -1.6752 4.6090 -0.1834 1.8801 6.3129 -1.5402 2.4413 0.8820 -1.6877 1.2097 -2.5676 -6.8333 0.3578 -9.9123 1.9632 1.2897 17.5276 1.8787 0.3312 6.9382 0.0000 -0.0000 0.0000 -82.0964 9.0408 4.8026 12.1437 -20.0198 -2.1512 -0.0000 -0.0000 16.0572 26.1747 23.1947 10.9562 -7.1250 0.0000 -0.0000 -3.1881 55.4739 -0.8202 0.0000 -0.0000 0.0000 75.9207 -3.4236 27.7339 -21.9174 32.8836 -6.5410 0.0000 0.0000 14.1637 -36.4702 7.5671 -5.5595 7.1250 -0.0000 -0.0000 -6.9447 -20.6308 -4.0821
-5.0266 18.7050 -1.9506 -358.3790 -19.1821 359.9320 0.0000 0.0000 0.0000 -13.1772 -8.2754 -8.4742 1.0412 6.4894 18.2112 -0.2949 24.2953 -32.3711 0.8969 6.0358 16.8884 0.0000 0.0000 0.0000 22.5453 10.2364 4.9359 -1.1786 -6.8902 19.3905 -0.6520 -21.5089 -34.4370 -0.0347 -1.2017 3.3040 -0.4046 2.1347 5.8342 -1.7732 2.7644 0.7316 -1.8136 1.3726 -2.4456 -6.1106 1.0132 -9.8518 1.9131 2.0851 19.8173 1.8424 0.7074 7.6423 -0.0000 -0.0000 0.0000 -81.7301 8.8435 5.4093 12.5971 -20.6940 -2.3090 -0.0000 -0.0000 15.3618 26.4199 23.3964 11.1605 -7.1250 0.0000 -0.0000 -2.9885 55.7411 -0.7882 -0.0000 -0.0000 0.0000 76.5344 -3.8319 27.6132 -22.5056 33.5437 -6.8631 0.0000 0.0000 14.1585 -35.0413 6.4607 -4.5118 7.1250 -0.0000 -0.0000 -6.0514 -22.1203 -3.3456
-4.9209 18.6947 -1.7657 -358.6460 -17.7542 360.2520 0.0000 0.0000 0.0000 -13.4266 -8.8439 -8.3625 1.0517 6.5211 18.3041 -0.0681 23.0512 -32.0405 1.0069 6.3850 17.9056 0.0000 0.0000 0.0000 22.5746 10.2260 5.4797 -1.1639 -6.8487 19.2678 -0.6036 -22.4368 -35.2594 -0.0179 -0.8628 2.3713 -0.5230 2.2691 5.2048 -2.0274 2.9381 0.5504 -1.9982 1.4603 -2.2683 -5.7597 1.7553 -9.8753 2.9596 2.8408 22.2808 2.2454 1.1454 8.4153 0.0000 -0.0000 0.0000 -81.4314 8.5436 5.5750 12.9434 -21.2042 -2.4328 -0.0000 -0.0000 15.1002 26.0643 24.0153 11.2583 -7.1250 0.0000 -0.0000 -3.5761 56.3250 -0.9940 0.0000 -0.0000 0.0000 77.0028 -3.9503 27.9533 -22.1520 33.1484 -6.6688 0.0000 0.0000 14.3971 -34.4601 6.8760 -4.6969 7.1250 -0.0000 -0.0000 -5.5871 -21.6742 -3.1432
-4.7891 18.7104 -1.5724 -358.2470 -16.1821 360.1760 0.0000 0.0000 0.0000 -14.4805 -8.8717 -8.0249 0.9978 6.3570 17.8239 -0.1281 22.3919 -30.7136 0.9887 6.3287 17.7411 0.0000 0.0000 0.0000 21.6903 9.6984 5.7742 -1.2299 -7.0333 19.8139 -0.5646 -22.8234 -35.5064 -0.0003 -0.1160 0.3187 -1.1665 2.4519 4.7250 -2.4904 3.1497 0.6913 -2.1014 1.5711 -1.8577 -4.5453 2.3215 -9.4486 3.1386 3.3427 23.2295 2.1624 1.4871 8.6484 0.0000 -0.0000 0.0000 -81.1740 7.9472 6.4552 13.5930 -22.1498 -2.6727 -0.0000 -0.0000 14.1673 25.8934 23.4103 10.9165 -7.1250 0.0000 -0.0000 -3.5586 55.6445 -0.9305 0.0000 -0.0000 0.0000 77.6693 -4.0175 27.5899 -21.9583 32.9299 -6.5632 0.0000 0.0000 15.3132 -31.7709 5.8680 -3.6230 7.1250 -0.0000 -0.0000 -3.7249 -23.0905 -1.9697
-4.6252 18.7312 -1.3917 -357.9810 -14.5715 359.8390 0.0000 0.0000 0.0000 -15.5932 -8.0505 -7.7211 0.9722 6.2771 17.5906 -0.3076 21.5853 -28.2327 0.7636 5.5803 15.5715 0.0000 0.0000 0.0000 20.8102 8.6843 6.0653 -1.3128 -7.2575 20.4806 -0.5368 -22.9261 -35.4766 -0.0055 0.4774 -1.3119 -1.5511 2.6418 4.8680 -2.8806 3.3737 0.8354 -2.3050 1.6844 -1.7820 -4.7639 2.8712 -9.9996 5.0443 3.7191 25.4665 2.9618 1.8191 9.4530 -0.0000 0.0000 0.0000 -81.0491 6.9932 7.2050 13.8883 -22.5748 -2.7851 -0.0000 -0.0000 13.8510 25.5086 23.4328 10.7444 -7.1250 0.0000 -0.0000 -3.9780 55.5876 -1.0348 -0.0000 0.0000 0.0000 78.2937 -4.4080 27.1773 -21.8713 32.8313 -6.5159 0.0000 0.0000 16.2610 -30.4640 5.4536 -3.1997 7.1250 -0.0000 -0.0000 -2.7926 -23.6606 -1.4388
-4.4281 18.7695 -1.1963 -358.6240 -12.8802 360.0630 0.0000 0.0000 0.0000 -15.8253 -8.1151 -7.8550 1.0146 6.4085 17.9743 -0.4535 21.1293 -26.3436 0.5497 4.7497 13.1959 0.0000 0.0000 0.0000 20.6560 7.7372 6.0689 -1.3633 -7.3902 20.8767 -0.2739 -23.4117 -34.5986 -0.0272 1.0656 -2.9292 -0.8922 2.7872 4.5790 -2.9534 3.6113 0.8623 -2.7440 1.8020 -1.5408 -4.5504 3.2599 -9.6208 6.0759 3.9368 26.7775 3.3436 2.0411 9.8075 0.0000 -0.0000 0.0000 -81.2008 6.4208 8.2777 14.2037 -23.0252 -2.9073 -0.0000 -0.0000 13.8407 25.3159 22.3373 10.1918 -7.1250 0.0000 -0.0000 -3.8315 54.3830 -0.8844 0.0000 -0.0000 0.0000 78.6896 -5.0937 26.6241 -21.7497 32.6930 -6.4501 0.0000 0.0000 17.7346 -28.8454 4.4363 -2.4396 7.1250 -0.0000 -0.0000 -1.6459 -24.9180 -0.7996
-4.2095 18.8001 -0.9850 -358.7870 -11.2076 359.9920 0.0000 0.0000 0.0000 -16.7499 -8.1658 -7.6184 1.0431 6.4951 18.2280 -0.4865 20.5809 -25.1548 0.4152 4.1363 11.4604 0.0000 0.0000 0.0000 19.7369 6.1464 5.7711 -1.5007 -7.7378 21.9206 -0.2263 -22.9257 -33.6931 -0.0686 1.6904 -4.6507 -0.8130 2.9104 4.4448 -2.9838 3.7839 0.8686 -2.8208 1.8890 -1.4453 -4.3901 3.4509 -9.1154 6.6374 4.0009 27.8402 3.5490 2.1402 10.0763 0.0000 -0.0000 0.0000 -81.6612 6.3014 9.6085 14.6729 -23.6884 -3.0933 -0.0000 -0.0000 13.4026 25.0418 20.8473 9.4399 -7.1250 0.0000 -0.0000 -3.6821 52.7407 -0.7021 0.0000 -0.0000 0.0000 78.6917 -5.9354 26.8188 -21.2859 32.1606 -6.2014 0.0000 0.0000 18.8737 -28.4888 4.5665 -2.4741 7.1250 -0.0000 -0.0000 -1.3728 -24.7874 -0.6709
-3.9925 18.8294 -0.7884 -359.1020 -9.5113 360.0410 0.0000 0.0000 0.0000 -17.3326 -7.7071 -7.7834 1.0774 6.5977 18.5288 -0.4373 19.3416 -23.5484 0.3096 3.5771 9.8899 0.0000 0.0000 0.0000 19.1098 5.0839 5.1416 -1.7116 -8.2375 23.4379 0.1149 -23.3598 -32.1733 -0.2025 2.8974 -7.9931 -0.9441 2.9901 4.2762 -2.7829 3.8950 0.9559 -2.5334 1.9463 -1.2795 -4.2586 3.6036 -9.1461 7.0272 4.0836 28.7799 3.7175 2.2338 10.4137 -0.0000 -0.0000 0.0000 -82.2792 5.9088 10.8586 14.8306 -23.9096 -3.1570 -0.0000 -0.0000 13.2381 23.8478 22.8169 9.7272 -7.1250 0.0000 -0.0000 -5.5250 54.5967 -1.3056 -0.0000 -0.0000 0.0000 78.4183 -6.5398 27.1164 -20.9973 31.8251 -6.0485 0.0000 0.0000 18.9980 -28.6197 5.6879 -3.0956 7.1250 -0.0000 -0.0000 -1.4156 -23.5069 -0.7337
-3.7698 18.8386 -0.5973 -359.4100 -7.3292 360.0190 0.0000 0.0000 0.0000 -17.8946 -7.3543 -7.9076 1.1257 6.7393 18.9453 -0.2691 17.3780 -22.0375 0.2882 3.4526 9.5416 0.0000 0.0000 0.0000 18.4290 3.4263 4.1099 -2.0142 -8.8957 25.4695 0.4735 -23.7824 -30.4029 -0.3693 3.9035 -10.8052 -1.1632 2.8548 4.3931 -2.4921 3.7038 0.8532 -2.1136 1.8505 -1.4905 -4.1952 3.7364 -8.5155 7.3286 4.1598 29.3021 3.8266 2.3069 10.4699 -0.0000 0.0000 0.0000 -82.8303 6.0869 12.5390 15.0439 -24.2073 -3.2439 -0.0000 -0.0000 12.2427 23.4599 22.3241 9.3607 -7.1250 0.0000 -0.0000 -5.7614 54.0024 -1.2782 -0.0000 0.0000 0.0000 78.1930 -7.2866 26.9169 -20.5865 31.3425 -5.8334 0.0000 0.0000 19.8145 -28.9101 5.8573 -3.2257 7.1250 -0.0000 -0.0000 -1.6208 -23.2963 -0.8480
-3.5467 18.8367 -0.4062 -359.3370 -5.0885 359.7190 0.0000 0.0000 0.0000 -18.9094 -6.8084 -7.7205 1.1546 6.8223 19.1900 -0.1906 15.6207 -20.1184 0.1925 2.8258 7.7941 0.0000 0.0000 0.0000 17.3870 2.2075 3.0825 -2.4878 -9.8157 28.3819 0.4965 -23.4304 -29.6871 -0.4182 4.1509 -11.5015 -1.6246 2.7659 4.6682 -2.4051 3.5619 1.0522 -1.7682 1.7813 -1.4771 -3.9866 3.6936 -8.6340 7.4901 4.0251 29.6159 3.8563 2.2915 10.6217 -0.0000 -0.0000 0.0000 -82.9887 5.6465 14.3990 14.9588 -24.0886 -3.2091 -0.0000 -0.0000 12.0427 23.0913 22.3558 9.2113 -7.1250 0.0000 -0.0000 -6.1532 53.9641 -1.3599 -0.0000 -0.0000 0.0000 78.4621 -7.6225 25.4186 -20.2083 30.8924 -5.6379 0.0000 0.0000 20.6757 -28.6147 5.8489 -3.1820 7.1250 -0.0000 -0.0000 -1.4033 -23.3244 -0.7332
-3.3269 18.8330 -0.2132 -359.4590 -2.9925 359.3920 0.0000 0.0000 0.0000 -19.6993 -6.6959 -7.3080 1.2026 6.9577 19.5900 -0.0659 14.0078 -19.1342 0.1645 2.6127 7.2023 0.0000 0.0000 0.0000 16.6530 1.2765 1.7009 -3.1340 -10.9089 31.9733 0.9026 -24.2105 -27.9072 -0.4622 4.3611 -12.0947 -1.8135 2.6954 4.8005 -2.2560 3.4648 1.3203 -1.5027 1.7330 -1.2974 -4.0346 3.5602 -8.6439 7.5745 3.8342 29.7296 3.8831 2.2141 10.6764 -0.0000 0.0000 0.0000 -82.9572 5.2456 16.2681 14.8153 -23.8882 -3.1508 -0.0000 -0.0000 12.0680 22.7270 22.1507 8.9746 -7.1250 0.0000 -0.0000 -6.4584 53.6794 -1.3828 -0.0000 0.0000 0.0000 78.8894 -7.6755 23.5007 -19.7082 30.2892 -5.3834 0.0000 0.0000 20.9618 -29.0514 6.3075 -3.4923 7.1250 -0.0000 -0.0000 -1.6988 -22.7743 -0.9092
-3.1017 18.8182 -0.0216 -359.2490 -0.8091 358.9570 0.0000 0.0000 0.0000 -20.8496 -6.0901 -6.8838 1.2538 7.0989 20.0086 0.0714 11.9975 -17.9946 0.1015 2.0541 5.6553 0.0000 0.0000 0.0000 15.5104 0.6187 -0.0405 -4.0292 -12.1991 36.4400 1.3679 -25.2220 -25.8828 -0.3828 3.9732 -11.0012 -2.1968 2.5658 5.0982 -2.1871 3.2684 1.4770 -1.2176 1.6352 -1.3299 -4.2424 3.4024 -8.4167 7.5310 3.6703 29.8251 3.8850 2.1148 10.6751 -0.0000 0.0000 0.0000 -82.8685 4.9128 17.8605 14.5039 -23.4505 -3.0258 -0.0000 -0.0000 12.4463 22.5296 21.7226 8.7285 -7.1250 0.0000 -0.0000 -6.5163 53.1949 -1.3180 -0.0000 0.0000 0.0000 79.2246 -7.9062 21.8907 -19.2295 29.7029 -5.1441 0.0000 0.0000 20.6968 -28.7512 5.6730 -3.1043 7.1250 -0.0000 -0.0000 -1.5136 -23.5159 -0.7842
-2.8944 18.7937 0.1384 -358.9220 1.2797 358.7580 0.0000 0.0000 0.0000 -21.9929 -5.7499 -6.5944 1.2977 7.2172 20.3604 0.2108 9.9891 -17.2370 0.1050 2.0894 5.7527 0.0000 0.0000 0.0000 14.4585 1.0387 -2.5518 -5.2352 -13.6439 41.8294 2.0359 -26.9517 -23.2329 -0.1856 2.7747 -7.6522 -2.6402 2.4965 5.4948 -2.2564 3.1376 1.5411 -1.0513 1.5711 -1.5050 -4.1935 3.2514 -8.4530 7.5159 3.4634 29.9906 3.8608 2.0294 10.7623 -0.0000 -0.0000 0.0000 -82.4245 4.3504 19.4018 14.0806 -22.8498 -2.8593 -0.0000 -0.0000 12.7255 22.3525 21.3267 8.5054 -7.1250 0.0000 -0.0000 -6.5660 52.7485 -1.2563 -0.0000 -0.0000 0.0000 79.8606 -8.1535 20.4105 -18.9401 29.3442 -5.0015 0.0000 0.0000 20.8429 -29.9581 6.1183 -3.5153 7.1250 -0.0000 -0.0000 -2.3761 -22.9284 -1.2638
-2.7082 18.7741 0.2916 -358.6640 2.9895 358.5890 0.0000 0.0000 0.0000 -22.9550 -5.5029 -6.1099 1.3007 7.2253 20.3845 0.2862 8.5106 -16.5575 0.1018 2.0574 5.6642 0.0000 0.0000 0.0000 13.7641 2.7429 -5.2614 -6.6569 -15.0361 47.5645 2.9610 -29.7624 -20.4411 -0.0295 1.1082 -3.0465 -3.0508 2.5018 5.8354 -2.2939 3.1075 1.6052 -0.8742 1.5575 -1.6480 -4.0694 3.1838 -8.2245 7.3271 3.4077 29.8493 3.7520 2.0003 10.6762 -0.0000 0.0000 0.0000 -81.9704 3.9963 20.2162 13.9589 -22.6760 -2.8123 -0.0000 -0.0000 13.1684 21.9011 21.5114 8.3859 -7.1250 0.0000 -0.0000 -7.0842 52.8581 -1.3753 -0.0000 0.0000 0.0000 80.3283 -8.2682 19.6690 -18.6776 29.0161 -4.8735 0.0000 0.0000 20.9338 -29.7973 6.0111 -3.4318 7.1250 -0.0000 -0.0000 -2.2650 -23.0625 -1.1976
-2.5462 18.7465 0.4321 -357.8940 4.9295 358.5720 0.0000 0.0000 0.0000 -24.3627 -5.3565 -5.7230 1.3089 7.2472 20.4497 0.3729 6.8051 -16.0035 0.0886 1.9195 5.2832 0.0000 0.0000 0.0000 12.7043 4.2428 -8.0603 -8.0808 -16.1783 52.8530 3.5263 -31.2515 -16.8187 -0.2223 -3.0350 8.3761 -4.0636 2.4180 6.1402 -2.4307 2.9206 1.7224 -0.4488 1.4664 -1.7376 -3.8567 3.3531 -8.2907 7.1036 3.6922 29.7382 3.6610 2.1350 10.6400 -0.0000 -0.0000 0.0000 -81.4462 3.3246 21.2046 13.5938 -22.1511 -2.6731 -0.0000 -0.0000 12.4924 21.9503 21.6211 8.4466 -7.1250 0.0000 -0.0000 -7.0713 52.9814 -1.3941 -0.0000 -0.0000 0.0000 80.7061 -8.1985 19.4424 -18.5851 28.8999 -4.8287 0.0000 0.0000 21.7724 -30.4713 6.0036 -3.5214 7.1250 -0.0000 -0.0000 -2.7608 -23.0250 -1.4627
-2.4019 18.7206 0.5749 -357.7980 7.0424 358.4530 0.0000 0.0000 0.0000 -25.0015 -5.6541 -5.2812 1.3762 7.4238 20.9771 0.4534 5.1798 -15.6766 0.0863 1.8951 5.2158 0.0000 0.0000 0.0000 12.4642 5.9074 -9.8550 -9.0371 -16.8315 56.2183 2.3033 -25.8158 -13.0268 -0.1294 -2.3184 6.3864 -4.3784 2.2201 6.4558 -2.3084 2.6288 1.8940 -0.1335 1.3204 -1.7486 -3.8494 3.5986 -8.3612 7.0150 4.0874 29.5950 3.6641 2.3137 10.5764 -0.0000 0.0000 0.0000 -81.3070 2.7963 20.8414 13.6413 -22.2196 -2.6910 -0.0000 -0.0000 12.4892 21.4522 21.6195 8.2379 -7.1250 0.0000 -0.0000 -7.5752 52.8878 -1.4770 -0.0000 0.0000 0.0000 80.8783 -8.0097 19.5268 -18.5675 28.8778 -4.8202 0.0000 0.0000 22.4783 -31.2701 6.3254 -3.8279 7.1250 -0.0000 -0.0000 -3.3223 -22.5941 -1.7938
-2.2781 18.6998 0.7240 -357.8430 9.2738 358.5010 0.0000 0.0000 0.0000 -25.4249 -6.5665 -4.7974 1.4575 7.6306 21.5977 0.5203 3.8909 -15.6041 0.0919 1.9547 5.3804 0.0000 0.0000 0.0000 12.7411 8.0461 -11.1011 -9.4118 -17.0655 57.5037 1.0833 -18.3995 -10.7947 -0.0000 0.0104 -0.0286 -4.4811 2.0584 6.7474 -2.2643 2.3869 1.8161 -0.0239 1.2049 -1.9898 -4.1342 3.6933 -8.4996 7.4761 4.1704 29.9128 3.9098 2.3810 10.6941 0.0000 0.0000 0.0000 -80.9068 2.5141 20.6531 13.6185 -22.1867 -2.6824 -0.0000 -0.0000 12.4577 22.0737 22.9230 8.9756 -7.1250 0.0000 -0.0000 -7.4063 54.3569 -1.7100 0.0000 0.0000 0.0000 81.1826 -8.4199 19.9280 -18.9170 29.3154 -4.9901 0.0000 0.0000 22.1107 -31.5397 6.1147 -3.7405 7.1250 -0.0000 -0.0000 -3.5360 -22.8192 -1.8914
-2.1732 18.6711 0.8730 -358.0200 11.3793 358.4320 0.0000 0.0000 0.0000 -25.5499 -6.9329 -4.5563 1.5746 7.9172 22.4628 0.5882 2.1584 -15.4297 0.1096 2.1345 5.8776 0.0000 0.0000 0.0000 13.4065 10.5174 -11.8603 -9.2967 -16.9949 57.1105 0.3751 -12.8944 -12.3053 -0.1010 2.0495 -5.6425 -4.6872 1.9614 6.7534 -2.0182 2.2580 1.9869 0.3593 1.1371 -1.8296 -3.9281 3.8729 -8.2883 7.3553 4.4349 29.7677 3.8434 2.5169 10.5891 -0.0000 -0.0000 0.0000 -81.0058 1.7844 19.3456 13.6059 -22.1684 -2.6776 -0.0000 -0.0000 13.3620 20.9001 22.8919 8.4491 -7.1250 0.0000 -0.0000 -8.6019 54.0973 -1.9344 -0.0000 -0.0000 0.0000 81.3370 -8.5434 19.9054 -19.2227 29.6945 -5.1407 0.0000 0.0000 21.7983 -32.1714 6.0805 -3.8121 7.1250 -0.0000 -0.0000 -4.0010 -22.8119 -2.1419
-2.0899 18.6391 1.0207 -358.3580 13.8015 358.5760 0.0000 0.0000 0.0000 -25.3660 -7.6764 -4.6550 1.7258 8.2699 23.5369 0.6392 0.2283 -15.1919 0.1170 2.2049 6.0723 0.0000 0.0000 0.0000 14.3526 12.7598 -12.4806 -8.7445 -16.6404 55.2021 0.0693 -10.8315 -14.3289 -0.1550 2.5372 -6.9928 -4.6791 1.8199 6.7353 -1.8442 2.0789 2.0366 0.5513 1.0468 -1.7669 -4.1572 3.8979 -8.9772 7.7020 4.4549 30.3443 4.0678 2.5507 10.9248 -0.0000 -0.0000 0.0000 -80.6756 1.2124 19.6007 13.7611 -22.3922 -2.7364 -0.0000 -0.0000 12.9151 20.3817 22.7586 8.1789 -7.1250 0.0000 -0.0000 -9.0798 53.8616 -1.9907 -0.0000 -0.0000 0.0000 81.6423 -8.7162 19.7915 -19.5536 30.1007 -5.3056 0.0000 0.0000 21.3780 -33.4901 7.1724 -4.7224 7.1250 -0.0000 -0.0000 -4.8578 -21.4116 -2.7588
-2.0095 18.6144 1.1734 -358.2040 16.3880 358.8700 0.0000 0.0000 0.0000 -25.6557 -8.2063 -4.5126 1.7992 8.4346 24.0421 0.6517 -1.7129 -14.7606 0.1083 2.1223 5.8436 0.0000 0.0000 0.0000 14.7281 14.9272 -12.7161 -7.8987 -16.0442 52.1970 -0.2640 -10.2064 -18.1401 -0.1861 2.7784 -7.6624 -5.0381 1.6627 6.7419 -1.8560 1.8441 1.9707 0.7577 0.9331 -1.8382 -3.6755 3.6643 -8.5849 7.0931 4.2060 30.0745 3.7112 2.4241 10.7978 0.0000 -0.0000 0.0000 -80.2763 0.8462 19.7803 13.9312 -22.6362 -2.8016 -0.0000 -0.0000 12.5448 20.8278 22.5133 8.2875 -7.1250 0.0000 -0.0000 -8.5313 53.6944 -1.8342 0.0000 -0.0000 0.0000 81.8922 -9.2495 19.9676 -19.9099 30.5336 -5.4855 0.0000 0.0000 21.0803 -32.3599 4.6179 -2.9204 7.1250 -0.0000 -0.0000 -4.2583 -24.5185 -2.1128
-1.9560 18.6057 1.3124 -358.8350 18.6563 359.0630 0.0000 0.0000 0.0000 -24.9433 -8.9252 -4.7224 1.9132 8.6829 24.8082 0.6414 -3.4634 -14.3483 0.1206 2.2385 6.1652 0.0000 0.0000 0.0000 15.9668 17.8765 -12.8900 -6.8708 -15.2221 48.3838 -0.4362 -12.0244 -21.9929 -0.1021 2.0601 -5.6719 -4.6712 1.5757 6.9117 -1.6555 1.7473 1.9673 0.7636 0.8862 -1.9273 -3.6016 3.4350 -8.3362 6.7000 3.9884 29.4763 3.4983 2.2931 10.5519 0.0000 -0.0000 0.0000 -79.8756 0.3725 20.6302 14.2922 -23.1509 -2.9420 -0.0000 -0.0000 10.8485 23.3701 21.3661 8.9467 -7.1250 0.0000 -0.0000 -5.5439 52.9781 -1.0909 0.0000 -0.0000 0.0000 82.0329 -9.0983 19.7048 -19.9409 30.5710 -5.5012 0.0000 0.0000 22.0358 -33.1028 5.3743 -3.4944 7.1250 -0.0000 -0.0000 -4.7449 -23.5764 -2.4592
-1.8867 18.5844 1.4729 -359.1860 21.0738 359.4810 0.0000 0.0000 0.0000 -24.4926 -9.2362 -4.8239 1.9424 8.7450 25.0008 0.5703 -5.4931 -13.4566 0.1769 2.7092 7.4702 0.0000 0.0000 0.0000 16.4934 20.1596 -12.9264 -5.7227 -14.1541 43.8583 -0.5905 -12.6728 -24.0883 -0.0525 1.4781 -4.0652 -4.2584 1.4797 6.6411 -1.6412 1.6629 1.8994 0.5615 0.8430 -1.8324 -4.0840 3.2517 -8.3725 7.1299 3.7250 29.4190 3.7097 2.1781 10.5287 0.0000 0.0000 0.0000 -79.4509 0.1502 21.1167 14.9407 -24.0635 -3.2017 -0.0000 -0.0000 11.0013 22.2969 21.9676 8.7211 -7.1250 0.0000 -0.0000 -6.8364 53.4068 -1.4187 0.0000 0.0000 0.0000 82.0520 -8.9267 19.6330 -19.6226 30.1849 -5.3403 0.0000 0.0000 23.0795 -31.7334 5.6725 -3.4979 7.1250 -0.0000 -0.0000 -3.7128 -23.3217 -1.9435
-1.8311 18.6117 1.6277 -358.9800 23.6035 359.9260 0.0000 0.0000 0.0000 -24.6377 -9.7164 -4.0654 1.8030 8.4431 24.0682 0.4751 -7.0486 -12.4923 0.2107 2.9553 8.1544 0.0000 0.0000 0.0000 16.1360 22.7328 -13.2513 -4.6966 -13.0338 39.4951 -0.6403 -11.2463 -23.0783 -0.0980 2.0187 -5.5574 -4.3983 1.3826 6.6971 -1.7151 1.5153 1.7592 0.5723 0.7748 -2.0037 -4.1441 3.2003 -7.5422 7.1786 3.6545 28.8343 3.6783 2.1490 10.1495 0.0000 0.0000 0.0000 -79.2498 0.2055 21.5739 15.4945 -24.8305 -3.4309 -0.0000 -0.0000 10.2874 22.7641 22.0125 8.9382 -7.1250 0.0000 -0.0000 -6.3734 53.5421 -1.3431 0.0000 0.0000 0.0000 82.0257 -9.1424 19.7242 -19.3843 29.8933 -5.2210 0.0000 0.0000 22.4889 -32.0721 6.7510 -4.2129 7.1250 -0.0000 -0.0000 -3.8717 -22.0337 -2.1412
-1.7840 18.6267 1.7795 -358.6410 25.8967 360.5310 0.0000 0.0000 0.0000 -24.8029 -10.2900 -3.6913 1.7424 8.3076 23.6523 0.3770 -8.5707 -11.6580 0.2399 3.1522 8.7028 0.0000 0.0000 0.0000 15.2738 25.3232 -13.6258 -3.7246 -11.7846 34.9741 -0.7178 -7.0135 -20.0571 -0.2244 3.0493 -8.4160 -4.6461 1.4632 6.7795 -1.7404 1.6024 1.7797 0.6750 0.8200 -2.0377 -4.5768 3.0103 -7.8320 7.2864 3.4666 28.8590 3.7852 2.0388 10.2152 0.0000 -0.0000 0.0000 -79.3567 -0.1456 21.6559 15.9089 -25.3970 -3.6068 -0.0000 -0.0000 9.9664 22.6909 21.1062 8.5624 -7.1250 0.0000 -0.0000 -6.1527 52.5797 -1.1513 0.0000 -0.0000 0.0000 81.8569 -9.0358 19.4519 -19.2473 29.7248 -5.1529 0.0000 0.0000 22.1903 -32.5010 6.6243 -4.2034 7.1250 -0.0000 -0.0000 -4.1943 -22.1467 -2.3097
-1.7246 18.6475 1.9301 -358.5820 28.0897 360.9100 0.0000 0.0000 0.0000 -24.7697 -10.8587 -2.7436 1.5771 7.9232 22.4812 0.2491 -9.7153 -10.4690 0.3513 3.8080 10.5372 0.0000 0.0000 0.0000 14.7532 28.6296 -13.2522 -2.8628 -10.4696 30.5112 -0.7226 -3.3172 -17.5967 -0.2935 3.4837 -9.6285 -4.3969 1.4967 6.7985 -1.6997 1.6713 1.9181 0.5738 0.8506 -1.9028 -4.5784 2.9607 -7.7515 7.0228 3.4868 28.5298 3.6771 2.0256 10.0849 0.0000 -0.0000 0.0000 -79.6874 -0.5070 21.3508 16.2365 -25.8402 -3.7484 -0.0000 -0.0000 9.4087 22.3326 21.6836 8.6305 -7.1250 0.0000 -0.0000 -6.7039 53.1174 -1.3435 0.0000 -0.0000 0.0000 81.5379 -8.8683 19.3352 -19.2475 29.7251 -5.1530 0.0000 0.0000 21.8176 -32.9426 6.0470 -3.9051 7.1250 -0.0000 -0.0000 -4.5676 -22.7919 -2.4491
-1.6786 18.6748 2.0942 -358.7930 30.4868 361.2250 0.0000 0.0000 0.0000 -24.2616 -11.1927 -2.1630 1.4545 7.6231 21.5749 0.0898 -11.2727 -9.1718 0.4195 4.1573 11.5196 0.0000 0.0000 0.0000 14.3753 31.9564 -13.0563 -2.2353 -9.3398 26.8643 -0.6821 -1.9480 -16.4246 -0.3743 3.9293 -10.8779 -4.0952 1.3098 6.8336 -1.5094 1.4456 1.9058 0.6200 0.7381 -1.9233 -4.6991 3.2143 -7.4912 7.0260 3.8820 28.4610 3.7263 2.2020 9.9782 0.0000 -0.0000 0.0000 -80.1577 -0.4126 20.5885 16.4209 -26.0881 -3.8292 -0.0000 -0.0000 9.4046 21.6124 21.4711 8.2512 -7.1250 0.0000 -0.0000 -7.3626 52.7632 -1.4126 0.0000 -0.0000 0.0000 80.8949 -8.6189 19.9360 -19.0732 29.5095 -5.0668 0.0000 0.0000 21.1564 -31.5250 5.7726 -3.5305 7.1250 -0.0000 -0.0000 -3.5517 -23.2193 -1.8672
-1.6242 18.6811 2.2785 -358.3900 32.9933 361.4710 0.0000 0.0000 0.0000 -24.4519 -11.6301 -1.0115 1.3425 7.3358 20.7141 -0.0401 -12.6470 -8.3349 0.4421 4.2663 11.8270 0.0000 0.0000 0.0000 13.9799 32.4630 -13.2039 -1.9102 -8.6764 24.7881 -0.6144 -1.2037 -15.2903 -0.2961 3.4987 -9.6704 -3.8598 1.4567 6.8881 -1.5048 1.6691 2.2191 0.4777 0.8434 -1.6330 -4.6773 3.1392 -7.8690 6.7440 3.8896 28.8340 3.6541 2.1873 10.1990 0.0000 -0.0000 0.0000 -80.5036 -0.6158 21.4633 16.5569 -26.2699 -3.8892 -0.0000 -0.0000 8.9427 21.4123 20.4406 7.7982 -7.1250 0.0000 -0.0000 -7.2260 51.6566 -1.1898 0.0000 -0.0000 0.0000 80.5676 -8.5602 19.3624 -19.0904 29.5308 -5.0753 0.0000 0.0000 20.5676 -32.8590 5.1801 -3.3376 7.1250 -0.0000 -0.0000 -4.5821 -23.8232 -2.3481
-1.5782 18.6744 2.4785 -358.6620 35.5878 361.2830 0.0000 0.0000 0.0000 -23.8469 -11.9025 -0.2471 1.3192 7.2744 20.5309 -0.2457 -14.8282 -7.3732 0.5045 4.5530 12.6380 0.0000 0.0000 0.0000 14.6047 32.0451 -13.0362 -1.7289 -8.2769 23.5583 -0.4957 -0.8002 -13.6140 -0.3514 3.8088 -10.5394 -3.2383 1.3424 6.9856 -1.2565 1.5651 2.3531 0.3944 0.7897 -1.5366 -4.7762 3.4024 -7.7231 6.8910 4.2727 29.3071 3.7798 2.3790 10.3117 0.0000 0.0000 0.0000 -80.8463 -0.2266 21.4327 16.6079 -26.3380 -3.9118 -0.0000 -0.0000 8.8887 21.0913 20.1084 7.5534 -7.1250 0.0000 -0.0000 -7.4401 51.2560 -1.1520 0.0000 0.0000 0.0000 80.1617 -8.5439 19.1953 -19.0277 29.4530 -5.0444 0.0000 0.0000 20.3269 -31.8219 5.2811 -3.2690 7.1250 -0.0000 -0.0000 -3.8082 -23.7735 -1.9541
-1.5253 18.6481 2.7059 -358.0160 38.2579 361.6480 0.0000 0.0000 0.0000 -23.9281 -11.8719 0.3498 1.3113 7.2534 20.4684 -0.5093 -17.1115 -6.2031 0.5887 4.9126 13.6595 0.0000 0.0000 0.0000 14.6118 31.7416 -12.4122 -1.7260 -8.2704 23.5386 -0.3963 -0.0693 -11.9189 -0.3650 3.8806 -10.7411 -3.4499 1.2270 6.7420 -1.1684 1.4095 2.2971 0.6210 0.7115 -1.4611 -4.2537 3.6500 -6.9764 6.4864 4.6658 29.9103 3.5892 2.5804 10.3942 0.0000 -0.0000 0.0000 -81.1026 0.7373 20.9405 16.5741 -26.2929 -3.8968 -0.0000 -0.0000 9.2062 20.1856 19.2168 6.8997 -7.1250 0.0000 -0.0000 -8.0542 50.1817 -1.0346 0.0000 -0.0000 0.0000 79.5033 -8.6584 19.6616 -18.7656 29.1264 -4.9163 0.0000 0.0000 19.5438 -31.9033 5.6351 -3.4980 7.1250 -0.0000 -0.0000 -3.8407 -23.3536 -2.0079
-1.4677 18.6166 2.9617 -357.1150 40.8211 362.1950 0.0000 0.0000 0.0000 -24.1808 -12.1172 1.3711 1.2559 7.1044 20.0251 -0.7419 -18.8946 -5.2954 0.6093 4.9961 13.8973 0.0000 0.0000 0.0000 14.7736 31.3930 -11.5933 -1.8949 -8.6436 24.6866 -0.3387 -0.6832 -11.2617 -0.0444 1.3604 -3.7410 -3.4286 1.5141 6.1929 -1.4734 1.8219 2.4223 0.2793 0.9134 -1.0314 -3.4476 3.6737 -6.8304 6.5764 4.5854 30.5112 3.5036 2.6600 10.6190 0.0000 -0.0000 0.0000 -80.5214 0.9827 22.0990 16.4957 -26.1881 -3.8621 -0.0000 -0.0000 8.5841 20.6029 20.3011 7.4312 -7.1250 0.0000 -0.0000 -7.9846 51.3723 -1.2600 0.0000 -0.0000 0.0000 80.3184 -9.0028 17.9909 -18.6995 29.0435 -4.8841 0.0000 0.0000 19.4905 -31.7833 5.4988 -3.3979 7.1250 -0.0000 -0.0000 -3.7630 -23.5214 -1.9526
-1.4150 18.6159 3.1937 -356.4640 43.1729 362.3950 0.0000 0.0000 0.0000 -24.2650 -12.5207 2.7725 1.1665 6.8560 19.2894 -0.9469 -19.9204 -3.9021 0.7194 5.4201 15.1107 0.0000 0.0000 0.0000 15.0709 29.9181 -11.4793 -2.0883 -9.0477 25.9447 -0.2364 -3.3907 -11.0767 -0.0362 1.2289 -3.3788 -3.0924 1.5691 6.4855 -1.3774 1.8926 2.1324 0.1714 0.9560 -1.4879 -3.5812 3.9642 -5.9607 6.5721 5.0871 31.3168 3.5860 2.8953 10.7201 -0.0000 0.0000 0.0000 -80.7813 2.4107 20.8866 16.3698 -26.0195 -3.8067 -0.0000 -0.0000 9.4822 23.0127 21.7434 8.9419 -7.1250 0.0000 -0.0000 -6.0296 53.3075 -1.2356 -0.0000 0.0000 0.0000 80.0616 -9.5223 17.8349 -18.3781 28.6386 -4.7291 0.0000 0.0000 18.7237 -31.4440 5.4080 -3.2982 7.1250 -0.0000 -0.0000 -3.5196 -23.6502 -1.8154
-1.3418 18.6089 3.4236 -357.2020 45.4713 361.7330 0.0000 0.0000 0.0000 -23.2262 -12.6612 3.1057 1.2767 7.1609 20.1929 -1.1354 -20.8435 -2.6399 0.8354 5.8307 16.2940 0.0000 0.0000 0.0000 16.2685 27.6893 -11.0738 -2.1752 -9.2218 26.4915 -0.2944 -2.9648 -11.7786 -0.0053 0.4709 -1.2940 -1.7592 1.5307 6.3992 -0.7890 1.9335 2.0517 0.0287 0.9750 -1.5022 -4.2021 4.3664 -5.3945 6.5028 5.8399 31.7066 3.7377 3.1805 10.6924 0.0000 -0.0000 0.0000 -81.3004 4.0794 20.6709 16.8197 -26.6194 -4.0062 -0.0000 -0.0000 7.7851 22.9722 22.6374 9.2667 -7.1250 0.0000 -0.0000 -6.3737 54.2354 -1.4511 0.0000 -0.0000 0.0000 79.2772 -9.5346 17.9304 -17.6977 27.7683 -4.4075 0.0000 0.0000 19.0474 -33.1707 5.1796 -3.3771 7.1250 -0.0000 -0.0000 -4.8122 -23.8025 -2.4691
-1.2974 18.6003 3.6299 -357.5000 48.0117 361.5460 0.0000 0.0000 0.0000 -22.5236 -13.2618 2.5654 1.5127 7.7673 22.0094 -1.2667 -21.3756 -1.5489 0.8891 6.0104 16.8147 0.0000 0.0000 0.0000 16.9198 25.6946 -11.0881 -2.2907 -9.4469 27.2036 -0.3704 -2.8039 -12.8719 -0.0025 0.3215 -0.8834 -0.7018 1.8509 6.2196 -0.4987 2.4367 2.2620 -0.2919 1.2265 -1.1626 -3.7832 4.2012 -5.2602 6.1525 5.6674 31.4118 3.5077 3.1280 10.5957 -0.0000 0.0000 0.0000 -82.2222 3.5439 18.1911 15.9936 -25.5119 -3.6432 -0.0000 -0.0000 8.1505 23.9434 22.1218 9.4930 -7.1250 0.0000 -0.0000 -5.1943 53.8837 -1.1368 -0.0000 0.0000 0.0000 79.1550 -9.1606 16.9864 -17.3863 27.3642 -4.2634 0.0000 0.0000 17.7994 -31.7598 4.7693 -2.9464 7.1250 -0.0000 -0.0000 -3.8008 -24.3765 -1.8973
-1.2718 18.5975 3.8354 -357.9400 50.8478 360.7960 0.0000 0.0000 0.0000 -21.6183 -13.2374 1.5478 1.9036 8.6623 24.7444 -1.4232 -21.7143 0.6209 1.0275 6.4480 18.0899 0.0000 0.0000 0.0000 18.0388 24.5220 -10.0694 -2.3717 -9.6008 27.6936 -0.4389 -3.9073 -14.5623 -0.0003 -0.1143 0.3142 0.0142 1.9029 6.4941 -0.1183 2.5573 2.4051 -0.3175 1.2890 -1.1543 -3.5752 4.3365 -5.1739 6.2125 5.8588 31.4856 3.5147 3.2647 10.6009 -0.0000 0.0000 0.0000 -82.9326 3.9306 14.9747 15.5750 -24.9410 -3.4648 -0.0000 -0.0000 10.0161 22.3721 21.3766 8.5323 -7.1250 0.0000 -0.0000 -6.5624 52.8042 -1.2646 -0.0000 0.0000 0.0000 78.9287 -9.3927 17.2387 -17.3121 27.2673 -4.2293 0.0000 0.0000 17.6422 -30.7508 4.8499 -2.8796 7.1250 -0.0000 -0.0000 -3.0450 -24.3418 -1.5213
-1.2559 18.6077 4.0182 -356.7840 53.8638 361.6610 0.0000 0.0000 0.0000 -21.4151 -12.4861 -0.9490 2.5335 9.8986 28.6490 -1.6363 -22.5650 2.8814 0.8067 5.7322 16.0093 0.0000 0.0000 0.0000 17.9040 23.4626 -9.4396 -2.4214 -9.6936 27.9900 -0.4970 -5.2322 -16.2614 -0.0053 -0.4718 1.2964 -0.1149 1.9576 6.5378 -0.0295 2.6254 2.4305 -0.1606 1.3232 -1.1620 -3.4964 4.2408 -4.9781 6.3274 5.7252 31.5362 3.5293 3.2458 10.5881 0.0000 -0.0000 0.0000 -83.1871 4.4456 14.8915 15.3775 -24.6693 -3.3819 -0.0000 -0.0000 9.2971 21.6325 23.0100 8.8119 -7.1250 0.0000 -0.0000 -7.8944 54.3607 -1.8245 0.0000 -0.0000 0.0000 78.4377 -8.9511 17.5088 -16.8845 26.7053 -4.0353 0.0000 0.0000 18.2585 -31.0860 5.2023 -3.1291 7.1250 -0.0000 -0.0000 -3.2698 -23.9126 -1.6664
-1.2417 18.6205 4.1943 -356.4810 56.8010 361.7740 0.0000 0.0000 0.0000 -20.5986 -11.9596 -3.6429 3.3084 11.1783 32.8837 -1.6291 -22.0133 5.9194 0.7731 5.6142 15.6691 0.0000 0.0000 0.0000 18.4634 22.4637 -8.6471 -2.4429 -9.7334 28.1175 -0.5322 -6.7112 -17.8465 -0.0231 -0.9812 2.6970 0.7023 2.1164 6.6863 -0.0824 2.8901 2.4551 -0.6960 1.4594 -1.1756 -3.4518 4.2289 -4.4199 7.1138 5.5175 31.1837 3.7473 3.2656 10.3247 0.0000 -0.0000 0.0000 -82.8136 4.9031 15.3510 15.2456 -24.4871 -3.3271 -0.0000 -0.0000 10.2953 21.7637 22.0342 8.5183 -7.1250 0.0000 -0.0000 -7.4035 53.3757 -1.5317 0.0000 -0.0000 0.0000 78.4118 -8.6002 17.5922 -16.6247 26.3603 -3.9192 0.0000 0.0000 19.2534 -32.2298 5.0989 -3.2071 7.1250 -0.0000 -0.0000 -4.1240 -23.9607 -2.0990
-1.2412 18.6062 4.3566 -356.3510 60.0071 361.6090 0.0000 0.0000 0.0000 -19.3986 -10.6768 -6.9307 4.2295 12.4597 37.3781 -1.5655 -21.5337 9.8103 0.5680 4.8267 13.4149 0.0000 0.0000 0.0000 19.0735 20.4774 -8.3328 -2.5026 -9.8427 28.4688 -0.5917 -7.5932 -19.2382 -0.0298 -1.1147 3.0644 1.2855 2.0760 7.0166 0.1237 2.8851 2.5036 -0.8226 1.4591 -1.2905 -3.2305 4.3134 -4.3068 7.4099 5.5830 31.3384 3.8286 3.3760 10.3529 -0.0000 0.0000 0.0000 -82.8224 5.6010 15.8832 15.4108 -24.7153 -3.3959 -0.0000 -0.0000 11.1017 21.4245 22.2008 8.4336 -7.1250 0.0000 -0.0000 -7.8082 53.4847 -1.6371 -0.0000 0.0000 0.0000 78.0111 -8.4920 18.2099 -16.9773 26.8279 -4.0771 0.0000 0.0000 18.9982 -32.5209 4.6569 -2.9633 7.1250 -0.0000 -0.0000 -4.3749 -24.4627 -2.1766
-1.2187 18.6261 4.5122 -356.4530 62.5531 361.1850 0.0000 0.0000 0.0000 -17.9205 -9.6225 -9.8364 5.1222 13.5201 41.3478 -1.1282 -19.6492 14.8541 0.7979 5.7015 15.9208 0.0000 0.0000 0.0000 19.8987 19.2065 -7.1883 -2.4138 -9.6794 27.9448 -0.5956 -8.8324 -20.3679 -0.0421 -1.3250 3.6436 2.0945 2.1807 7.2705 0.2512 3.0901 2.4885 -1.1706 1.5630 -1.4059 -2.7403 4.4327 -3.7981 7.2356 5.7909 31.3635 3.6849 3.5302 10.2782 -0.0000 0.0000 0.0000 -83.0841 6.2464 14.8827 15.3689 -24.6575 -3.3783 -0.0000 -0.0000 12.2941 21.2484 21.9319 8.2636 -7.1250 0.0000 -0.0000 -7.8910 53.1736 -1.5944 -0.0000 0.0000 0.0000 77.6457 -8.5182 18.4807 -17.5173 27.5346 -4.3238 0.0000 0.0000 18.3014 -32.4968 4.1748 -2.6550 7.1250 -0.0000 -0.0000 -4.3948 -25.0328 -2.1283
-1.1980 18.6414 4.6449 -355.7550 64.4529 361.6680 0.0000 0.0000 0.0000 -16.8870 -8.1868 -12.5850 5.7867 14.2184 44.1195 -0.6977 -17.3567 16.5130 0.2143 2.9802 8.2235 0.0000 0.0000 0.0000 19.9882 17.5242 -6.7512 -2.3354 -9.5323 27.4751 -0.6578 -8.8862 -21.0306 -0.0697 -1.7034 4.6868 2.1552 2.3879 7.2174 0.5879 3.3768 2.5107 -0.8784 1.7068 -1.3607 -3.2095 4.6462 -3.7816 7.5157 6.1593 31.8026 3.9230 3.7034 10.3879 0.0000 -0.0000 0.0000 -84.1703 7.0922 14.4937 15.5749 -24.9408 -3.4647 -0.0000 -0.0000 10.3741 20.8739 21.4880 7.9521 -7.1250 0.0000 -0.0000 -8.1129 52.6465 -1.5348 0.0000 -0.0000 0.0000 76.3916 -8.0264 19.2881 -17.8266 27.9346 -4.4677 0.0000 0.0000 17.3698 -31.9348 4.7312 -2.9429 7.1250 -0.0000 -0.0000 -3.9337 -24.4107 -1.9608
-1.1579 18.6583 4.7629 -354.4850 65.9964 362.5560 0.0000 0.0000 0.0000 -16.2827 -6.7739 -14.3844 6.1272 14.5505 45.4900 -0.6739 -16.2645 14.2429 0.1013 -2.0522 -5.6499 0.0000 0.0000 0.0000 19.9147 16.5411 -5.8882 -2.2695 -9.4062 27.0744 -0.7542 -9.0547 -22.0852 -0.1224 -2.2549 6.2107 2.3810 2.8486 7.2337 0.2998 4.0001 2.4406 -1.3508 2.0180 -1.3866 -2.2957 4.4882 -3.6311 7.4842 5.8900 32.1093 3.7518 3.7090 10.5325 -0.0000 0.0000 0.0000 -84.1405 7.9062 13.6279 15.5490 -24.9054 -3.4538 -0.0000 -0.0000 9.6881 23.2686 22.5793 9.3756 -7.1250 0.0000 -0.0000 -6.0463 54.2329 -1.3758 -0.0000 0.0000 0.0000 76.4937 -7.6185 18.3316 -17.9724 28.1217 -4.5362 0.0000 0.0000 17.1629 -32.1536 4.8023 -3.0124 7.1250 -0.0000 -0.0000 -4.0908 -24.3140 -2.0486
-1.1060 18.6789 4.8663 -353.3150 67.2591 363.5620 0.0000 0.0000 0.0000 -15.7457 -5.5161 -15.6627 6.1123 14.5363 45.4309 -0.7592 -15.5873 9.4712 0.0681 -1.6835 -4.6319 0.0000 0.0000 0.0000 19.9311 16.1553 -5.0458 -2.2004 -9.2717 26.6489 -0.7894 -9.7501 -23.0081 -0.1425 -2.4326 6.7027 2.7487 3.1697 6.9693 -0.0840 4.4368 2.3309 -1.9677 2.2379 -1.2768 -1.7480 4.4463 -3.6691 7.8967 5.7129 32.5620 3.8263 3.7669 10.7306 -0.0000 0.0000 0.0000 -84.3105 9.1342 13.2220 15.5979 -24.9724 -3.4745 -0.0000 -0.0000 9.4582 25.1165 24.5981 11.0415 -7.1250 0.0000 -0.0000 -4.8120 56.7364 -1.3864 -0.0000 0.0000 0.0000 76.7979 -6.9865 17.5210 -18.1408 28.3371 -4.6159 0.0000 0.0000 17.3790 -31.9297 4.8488 -3.0152 7.1250 -0.0000 -0.0000 -3.9210 -24.2731 -1.9669
-1.0634 18.6910 4.9476 -351.3630 68.5312 365.4540 0.0000 0.0000 0.0000 -15.5419 -5.3841 -16.2689 5.6945 14.1257 43.7432 -0.5294 -12.9031 2.7606 0.2282 -3.0748 -8.4872 0.0000 0.0000 0.0000 19.7239 16.6176 -4.2050 -2.1516 -9.1750 26.3444 -0.7985 -10.9657 -24.1830 -0.1574 -2.5565 7.0464 2.7220 3.2727 7.0623 -0.2855 4.5705 1.9836 -2.1897 2.2921 -1.6649 -1.9463 4.5715 -3.5897 8.1438 5.9070 32.7707 3.9789 3.8817 10.7654 -0.0000 0.0000 0.0000 -85.0878 10.4381 11.0804 15.0711 -24.2451 -3.2551 -0.0000 -0.0000 9.2304 26.0213 23.7808 11.1368 -7.1250 0.0000 -0.0000 -3.5434 56.0663 -0.9627 -0.0000 0.0000 0.0000 76.5066 -6.4786 17.0480 -18.4397 28.7165 -4.7586 0.0000 0.0000 16.5270 -31.4287 4.8703 -2.9699 7.1250 -0.0000 -0.0000 -3.5475 -24.2783 -1.7784
-1.0088 18.7139 5.0112 -351.5400 69.6919 365.2930 0.0000 0.0000 0.0000 -14.4201 -5.6981 -16.0970 4.9228 13.2964 40.4883 -0.1868 -9.7913 -2.9573 0.2606 -3.2845 -9.0720 0.0000 0.0000 0.0000 20.3204 16.7258 -3.2379 -2.0529 -8.9754 25.7184 -0.8271 -11.7251 -25.1251 -0.2605 -3.2837 9.0695 3.5668 3.2515 7.0797 -0.3428 4.6023 1.7986 -2.7280 2.3008 -1.7916 -2.5944 4.6218 -3.7912 8.6463 5.9400 32.5980 4.2722 3.8835 10.6845 -0.0000 0.0000 0.0000 -85.9369 11.2565 8.7456 14.1374 -22.9308 -2.8814 -0.0000 -0.0000 10.9369 25.1236 22.1642 10.0325 -7.1250 0.0000 -0.0000 -3.9798 54.1605 -0.8971 -0.0000 0.0000 0.0000 76.4128 -5.8800 16.9810 -18.9651 29.3753 -5.0137 0.0000 0.0000 15.5069 -31.8304 4.8426 -2.9998 7.1250 -0.0000 -0.0000 -3.8477 -24.2864 -1.9288
-0.9586 18.7408 5.0654 -349.1720 70.7579 367.3830 0.0000 0.0000 0.0000 -14.2975 -6.5780 -14.9593 3.9142 12.0453 35.8924 0.1146 -6.2006 -6.9353 0.0723 -1.7345 -4.7726 0.0000 0.0000 0.0000 19.7476 15.7500 -2.7062 -1.9754 -8.8147 25.2173 -0.7929 -11.9508 -25.0616 -0.2523 -3.2319 8.9250 3.4348 3.3677 7.3922 -0.5773 4.7547 1.7011 -2.9338 2.3703 -2.0455 -2.3415 4.7898 -3.8159 8.2226 6.2445 31.9070 4.0568 3.9966 10.4339 0.0000 -0.0000 0.0000 -86.8039 11.5423 6.0768 12.7903 -20.9792 -2.3777 -0.0000 -0.0000 12.7852 25.1384 22.0506 9.9912 -7.1250 0.0000 -0.0000 -3.9298 54.0425 -0.8745 0.0000 -0.0000 0.0000 76.2654 -5.4670 16.8189 -19.6780 30.2524 -5.3682 0.0000 0.0000 14.0830 -32.0556 5.0379 -3.1476 7.1250 -0.0000 -0.0000 -3.9999 -24.0434 -2.0279
-0.9002 18.7646 5.1145 -349.2290 71.6830 367.4070 0.0000 0.0000 0.0000 -13.1317 -8.0546 -13.6518 2.8935 10.5206 30.6794 0.2782 -3.7184 -9.3782 0.0119 -0.7035 -1.9332 0.0000 0.0000 0.0000 20.0815 15.2281 -2.1216 -1.8502 -8.5469 24.3879 -0.7495 -12.4077 -25.1517 -0.2330 -3.1065 8.5753 3.8309 3.4243 7.3970 -0.5448 4.8618 1.5182 -3.1368 2.4142 -2.1991 -2.7188 4.7470 -3.8885 8.3639 6.1561 31.0348 4.1106 3.9148 10.1001 0.0000 -0.0000 0.0000 -87.8911 11.5388 1.6316 11.1346 -18.4943 -1.8184 -0.0000 -0.0000 16.5804 25.4993 21.9485 10.1082 -7.1250 0.0000 -0.0000 -3.5224 54.0049 -0.7804 0.0000 -0.0000 0.0000 76.0486 -5.1614 17.0695 -20.2337 30.9228 -5.6509 0.0000 0.0000 13.8869 -32.6497 4.7841 -3.0589 7.1250 -0.0000 -0.0000 -4.4603 -24.3048 -2.2356
-0.8342 18.7886 5.1520 -348.6200 72.4653 368.0270 0.0000 0.0000 0.0000 -12.1808 -10.3097 -11.8267 1.9472 8.7551 25.0323 0.3005 -1.3054 -9.9798 0.0554 1.5189 4.1777 0.0000 0.0000 0.0000 20.1303 14.5552 -1.5292 -1.7219 -8.2611 23.5100 -0.6864 -12.8446 -25.0722 -0.2140 -2.9783 8.2183 3.7818 3.4324 7.1006 -0.5817 4.8557 1.5685 -3.1227 2.4179 -1.9837 -2.7358 4.8172 -4.2052 8.2908 6.2221 30.1265 4.0487 3.9137 9.8210 -0.0000 0.0000 0.0000 -88.8787 11.0734 -4.0030 9.6114 -16.1295 -1.3650 -0.0000 -0.0000 21.2589 25.1954 21.9539 9.9757 -7.1250 0.0000 -0.0000 -3.8412 53.9508 -0.8462 -0.0000 0.0000 0.0000 75.8887 -4.6421 17.6798 -20.7900 31.5823 -5.9395 0.0000 0.0000 13.2788 -32.7382 4.9709 -3.1886 7.1250 -0.0000 -0.0000 -4.5105 -24.0786 -2.2846
-0.7545 18.8186 5.1894 -348.1890 72.9979 368.4430 0.0000 0.0000 0.0000 -11.4713 -11.5623 -10.6818 1.2543 7.1003 20.0128 0.2204 1.5184 -9.5580 0.0000 0.0260 0.0715 0.0000 0.0000 0.0000 20.2465 14.2777 -0.7365 -1.5943 -7.9643 22.6058 -0.6709 -13.1853 -25.2940 -0.2650 -3.3117 9.1478 3.5185 3.4556 6.9691 -0.5369 4.8637 1.4335 -2.9279 2.4177 -2.0757 -2.8594 4.9917 -4.5201 8.4656 6.4258 29.8369 4.1419 4.0086 9.7475 0.0000 -0.0000 0.0000 -89.7277 11.0146 -8.7639 8.4628 -14.3002 -1.0635 -0.0000 -0.0000 24.6381 25.1685 22.3630 10.1363 -7.1250 0.0000 -0.0000 -3.9941 54.3809 -0.9218 0.0000 -0.0000 0.0000 75.7810 -4.5631 18.5327 -21.2509 32.1200 -6.1828 0.0000 0.0000 13.1352 -33.0746 5.1270 -3.3308 7.1250 -0.0000 -0.0000 -4.7458 -23.8714 -2.4273
-0.6732 18.8531 5.1979 -348.1910 73.5446 368.5230 0.0000 0.0000 0.0000 -10.4318 -14.4960 -9.4489 0.8813 5.9846 16.7398 0.1784 4.5490 -10.9581 0.0313 1.1419 3.1394 0.0000 0.0000 0.0000 20.3824 13.6629 -0.1792 -1.4445 -7.5980 21.4996 -0.4347 -14.1301 -24.3335 -0.2305 -3.0898 8.5289 3.7146 3.5186 6.8013 -0.7727 4.9502 1.2388 -3.2816 2.4543 -2.1394 -2.3479 5.0661 -4.5752 8.5164 6.4354 29.4531 4.0536 4.0680 9.6372 -0.0000 0.0000 0.0000 -89.7611 11.0049 -13.0800 7.7882 -13.2090 -0.9031 -0.0000 -0.0000 29.3627 23.6613 21.8524 9.2629 -7.1250 0.0000 -0.0000 -5.3990 53.5453 -1.1371 -0.0000 0.0000 0.0000 76.2134 -4.6076 18.9551 -21.4824 32.3871 -6.3064 0.0000 0.0000 12.9752 -32.7788 5.4461 -3.4973 7.1250 -0.0000 -0.0000 -4.5003 -23.5144 -2.3380
-0.5871 18.8765 5.1967 -347.3250 74.1675 369.4210 0.0000 0.0000 0.0000 -9.8844 -16.2652 -8.9894 0.7058 5.3695 14.9654 0.0542 7.8838 -12.3053 0.0254 1.0294 2.8296 0.0000 0.0000 0.0000 20.2956 13.4726 0.5779 -1.3325 -7.3095 20.6357 -0.3844 -14.7829 -24.6561 -0.2761 -3.3794 9.3370 3.5917 3.5542 6.6338 -0.9334 4.9793 1.0904 -3.3751 2.4652 -2.1932 -2.1842 5.1433 -4.7619 8.6078 6.5082 29.4931 4.0753 4.1342 9.6860 0.0000 -0.0000 0.0000 -89.7870 11.2128 -13.7968 7.6149 -12.9267 -0.8639 -0.0000 -0.0000 30.3755 23.4300 21.4014 8.9859 -7.1250 0.0000 -0.0000 -5.4938 53.0265 -1.0875 0.0000 -0.0000 0.0000 76.6002 -4.8240 19.6215 -21.6578 32.5881 -6.4006 0.0000 0.0000 13.1164 -32.6376 5.0033 -3.1970 7.1250 -0.0000 -0.0000 -4.4334 -24.0468 -2.2486
-0.4972 18.8891 5.1789 -347.1710 74.7641 369.5120 0.0000 0.0000 0.0000 -9.2485 -16.4825 -9.1999 0.6754 5.2550 14.6374 -0.1113 10.5666 -13.1732 0.0724 1.7358 4.7761 0.0000 0.0000 0.0000 20.2817 12.7690 1.1967 -1.2378 -7.0549 19.8781 -0.3635 -15.0337 -24.7735 -0.3024 -3.5357 9.7741 3.6215 3.5918 6.6345 -1.0405 5.0295 0.9547 -3.5119 2.4842 -2.3175 -2.1136 5.3523 -4.8906 8.9075 6.7472 29.7811 4.2120 4.2989 9.7898 0.0000 -0.0000 0.0000 -89.7913 10.9768 -15.5480 7.7133 -13.0871 -0.8861 -0.0000 -0.0000 31.6593 23.4905 21.7136 9.1346 -7.1250 0.0000 -0.0000 -5.5303 53.3666 -1.1407 0.0000 -0.0000 0.0000 76.8878 -5.3380 20.5974 -21.8535 32.8110 -6.5063 0.0000 0.0000 12.7476 -32.2887 5.1652 -3.2559 7.1250 -0.0000 -0.0000 -4.1623 -23.8789 -2.1265
-0.4185 18.8969 5.1264 -348.4630 75.4509 368.3220 0.0000 0.0000 0.0000 -8.3264 -15.0287 -10.7329 0.7931 5.6848 15.8727 -0.3417 12.0270 -11.0633 0.0749 1.7656 4.8584 0.0000 0.0000 0.0000 20.5188 12.0160 1.6202 -1.1377 -6.7739 19.0473 -0.2830 -15.4062 -24.5290 -0.2553 -3.2507 8.9774 4.2002 3.7491 6.7328 -0.9418 5.2876 0.8441 -3.7621 2.6028 -2.4219 -2.4456 5.4415 -4.8917 9.2548 6.8657 29.9336 4.4093 4.3695 9.8051 -0.0000 -0.0000 0.0000 -89.5517 10.6978 -13.5598 8.1312 -13.7653 -0.9831 -0.0000 -0.0000 29.5967 23.6224 21.7029 9.1870 -7.1250 0.0000 -0.0000 -5.3915 53.3804 -1.1138 -0.0000 -0.0000 0.0000 77.0132 -6.0161 21.1698 -21.9133 32.8788 -6.5387 0.0000 0.0000 13.0062 -32.5805 4.7938 -3.0570 7.1250 -0.0000 -0.0000 -4.4082 -24.2977 -2.2101
-0.3358 18.8918 5.0770 -349.3360 75.6501 367.3440 0.0000 0.0000 0.0000 -7.5681 -13.6304 -11.7532 0.9628 6.2475 17.5043 -0.4416 12.0076 -7.4178 0.0658 1.6553 4.5540 0.0000 0.0000 0.0000 20.8456 12.5115 2.5083 -1.1023 -6.6710 18.7443 -0.2570 -16.0880 -25.1529 -0.2752 -3.3744 9.3228 4.3893 3.9097 6.9359 -1.0023 5.5231 0.8894 -3.9601 2.7194 -2.4422 -2.3173 5.6858 -5.0201 9.3393 7.1958 30.1059 4.4613 4.5535 9.8725 -0.0000 0.0000 0.0000 -89.0119 10.3450 -10.7891 8.8902 -14.9852 -1.1716 -0.0000 -0.0000 26.0957 23.6618 21.6096 9.1668 -7.1250 0.0000 -0.0000 -5.3216 53.2896 -1.0875 -0.0000 0.0000 0.0000 77.3838 -6.3488 22.0394 -21.6806 32.6141 -6.4128 0.0000 0.0000 12.8831 -32.6479 5.0420 -3.2229 7.1250 -0.0000 -0.0000 -4.4378 -24.0004 -2.2556
-0.2414 18.8907 5.0163 -348.7840 75.4475 367.7000 0.0000 0.0000 0.0000 -7.0342 -13.4292 -11.9015 1.1129 6.7021 18.8357 -0.3665 10.6765 -3.2568 0.0832 1.8603 5.1198 0.0000 0.0000 0.0000 20.7783 13.4091 3.3931 -1.1116 -6.6982 18.8244 -0.2412 -16.8199 -25.9436 -0.2588 -3.2728 9.0393 4.1278 4.1153 7.1728 -1.1935 5.7828 0.9729 -4.0472 2.8529 -2.4679 -2.1070 6.0359 -5.2135 9.3835 7.6763 30.3834 4.5085 4.8116 9.9880 0.0000 -0.0000 0.0000 -88.4942 10.0451 -7.8596 9.9082 -16.5958 -1.4486 -0.0000 -0.0000 22.7262 23.2765 21.3873 8.9156 -7.1250 0.0000 -0.0000 -5.6461 52.9830 -1.1117 0.0000 -0.0000 0.0000 77.8746 -6.4984 22.7686 -21.2354 32.1021 -6.1746 0.0000 0.0000 13.2431 -32.7936 5.4933 -3.5294 7.1250 -0.0000 -0.0000 -4.5071 -23.4575 -2.3475
-0.1256 18.9029 4.9192 -349.7140 74.6149 366.9040 0.0000 0.0000 0.0000 -5.8959 -14.7778 -11.5040 1.2575 7.1089 20.0383 -0.2693 9.4029 -1.1588 0.2872 3.4464 9.5240 0.0000 0.0000 0.0000 20.4486 13.4554 3.5795 -1.0808 -6.6079 18.5589 -0.2033 -16.5028 -25.2220 -0.2017 -2.8917 7.9775 4.4608 4.4251 7.0725 -1.4199 6.2117 0.9773 -4.4845 3.0699 -2.3050 -1.7655 6.4293 -5.0960 9.3572 8.2160 30.5008 4.4867 5.0991 9.9933 -0.0000 0.0000 0.0000 -87.6000 10.0793 -3.9464 11.0815 -18.4130 -1.8016 -0.0000 -0.0000 19.1337 24.6860 21.1287 9.4078 -7.1250 0.0000 -0.0000 -4.1261 52.9739 -0.8106 -0.0000 0.0000 0.0000 78.2761 -6.6486 23.9827 -20.7104 31.4887 -5.8979 0.0000 0.0000 14.2171 -32.4931 5.6494 -3.5876 7.1250 -0.0000 -0.0000 -4.2729 -23.2948 -2.2408
0.0087 18.8887 4.8237 -349.6960 73.4542 366.8400 0.0000 0.0000 0.0000 -5.3138 -15.0367 -10.3009 1.2311 7.0365 19.8236 -0.1174 7.3548 1.7506 0.0647 1.6414 4.5155 0.0000 0.0000 0.0000 19.8991 13.8548 3.8459 -1.1152 -6.7089 18.8558 -0.2360 -16.0268 -24.8960 -0.1521 -2.5135 6.9270 3.9904 4.7006 6.9943 -1.4840 6.5387 1.1069 -4.2974 3.2451 -2.1372 -1.6459 6.9141 -5.6349 9.3512 8.9269 31.3119 4.6119 5.4510 10.3620 -0.0000 -0.0000 0.0000 -87.0866 9.9644 -1.7590 12.2277 -20.1452 -2.1801 -0.0000 -0.0000 17.3123 24.3561 20.8853 9.1677 -7.1250 0.0000 -0.0000 -4.3938 52.6534 -0.8288 -0.0000 -0.0000 0.0000 78.3943 -6.6052 25.1285 -20.2632 30.9581 -5.6661 0.0000 0.0000 15.1761 -32.3085 6.5341 -4.1160 7.1250 -0.0000 -0.0000 -4.0622 -22.2686 -2.2253
0.1583 18.8830 4.6973 -350.4540 72.0740 366.3780 0.0000 0.0000 0.0000 -4.5741 -15.6166 -9.1927 1.1859 6.9108 19.4515 -0.0942 7.1354 2.3259 0.0683 1.6866 4.6403 0.0000 0.0000 0.0000 19.2341 14.1014 3.7466 -1.1080 -6.6879 18.7939 -0.2803 -15.1289 -24.1641 -0.1070 -2.1089 5.8068 4.0214 4.8886 6.7756 -1.6839 6.7792 0.9987 -4.5195 3.3650 -2.0756 -1.3584 7.5045 -5.8068 9.3281 9.7698 31.9194 4.6829 5.8730 10.5917 0.0000 -0.0000 0.0000 -86.5639 9.9472 -0.3351 13.0858 -21.4128 -2.4845 -0.0000 -0.0000 14.9169 26.3863 19.7860 9.5331 -7.1250 0.0000 -0.0000 -2.0398 51.8481 -0.3441 0.0000 -0.0000 0.0000 78.7597 -6.7981 26.0256 -20.1875 30.8676 -5.6272 0.0000 0.0000 15.8530 -31.8148 6.2017 -3.8342 7.1250 -0.0000 -0.0000 -3.7303 -22.6971 -2.0062
0.3194 18.8743 4.5626 -350.4600 70.6976 366.4770 0.0000 0.0000 0.0000 -4.2008 -16.1875 -7.6793 1.1010 6.6672 18.7332 -0.1035 7.4074 2.3443 0.0877 1.9106 5.2586 0.0000 0.0000 0.0000 18.5495 14.9806 4.0718 -1.1312 -6.7552 18.9922 -0.3154 -14.7886 -24.0600 -0.0733 -1.7467 4.8062 3.5436 4.9746 6.6622 -1.8152 6.8531 0.9618 -4.3875 3.4044 -2.0829 -1.1883 8.1710 -6.2226 9.3165 10.7591 32.8783 4.8399 6.3478 10.9933 -0.0000 -0.0000 0.0000 -85.9201 9.7578 0.3453 13.6501 -22.2323 -2.6943 -0.0000 -0.0000 13.7726 27.5641 19.6377 9.9499 -7.1250 0.0000 -0.0000 -0.8049 51.9034 -0.1368 -0.0000 -0.0000 0.0000 79.0339 -7.0007 26.8502 -20.3345 31.0433 -5.7029 0.0000 0.0000 15.4960 -32.3159 6.2219 -3.9219 7.1250 -0.0000 -0.0000 -4.0946 -22.6347 -2.2089
0.4910 18.8484 4.3937 -350.3280 69.2269 366.8380 0.0000 0.0000 0.0000 -3.9993 -16.6683 -6.0021 0.9625 6.2467 17.5019 -0.1101 7.0145 1.5281 0.0528 1.4834 4.0798 0.0000 0.0000 0.0000 17.4475 15.6123 3.6162 -1.2261 -7.0229 19.7833 -0.4183 -13.8744 -23.8971 -0.0375 -1.2502 3.4376 3.0149 5.0902 6.5873 -1.8765 6.9656 0.8903 -4.1648 3.4605 -2.1595 -1.0162 8.7925 -6.7117 8.8046 11.8331 33.7668 4.8369 6.7868 11.4289 0.0000 0.0000 0.0000 -85.5152 9.4025 0.2929 13.9276 -22.6311 -2.8002 -0.0000 -0.0000 13.6450 28.1128 18.1096 9.4285 -7.1250 0.0000 -0.0000 0.0448 50.3235 0.0059 0.0000 0.0000 0.0000 79.1286 -7.3765 26.8488 -20.6302 31.3941 -5.8561 0.0000 0.0000 14.8804 -32.3062 6.3245 -3.9846 7.1250 -0.0000 -0.0000 -4.0788 -22.5151 -2.2115
0.6749 18.8207 4.2146 -351.3030 67.7230 365.8300 0.0000 0.0000 0.0000 -3.5054 -16.2993 -4.2833 0.8122 5.7510 16.0637 0.0116 4.2768 3.4284 0.0018 -0.2750 -0.7555 0.0000 0.0000 0.0000 16.9675 16.4972 3.9803 -1.2663 -7.1328 20.1095 -0.4626 -13.3999 -23.7539 -0.0153 -0.7977 2.1924 2.9224 5.1260 7.0454 -1.9894 7.0141 0.7651 -4.2913 3.4732 -2.5360 -1.0361 9.4194 -7.1051 8.7983 12.8288 34.6946 5.0411 7.2249 11.8206 0.0000 -0.0000 0.0000 -84.5736 9.2999 0.7051 14.0552 -22.8136 -2.8495 -0.0000 -0.0000 13.5353 29.6313 17.6267 9.7728 -7.1250 0.0000 -0.0000 1.6459 50.0517 0.2050 0.0000 -0.0000 0.0000 79.7329 -7.7992 26.4264 -20.7210 31.5012 -5.9035 0.0000 0.0000 14.3703 -32.6161 5.6697 -3.6174 7.1250 -0.0000 -0.0000 -4.3616 -23.2621 -2.2909
0.8735 18.7984 4.0096 -353.4700 66.3226 364.0990 0.0000 0.0000 0.0000 -2.4680 -16.7587 -2.8352 0.6813 5.2775 14.7016 0.0936 2.4189 5.4458 0.0750 -1.7671 -4.8623 0.0000 0.0000 0.0000 16.8939 17.5157 4.1717 -1.2502 -7.0889 19.9789 -0.4573 -13.2251 -23.5119 -0.0091 -0.6170 1.6955 3.1820 5.0292 6.8909 -1.9519 6.9006 0.7441 -4.3718 3.4153 -2.4564 -0.7965 10.0398 -7.4355 8.3561 13.8420 35.0970 5.0046 7.6287 12.0566 0.0000 -0.0000 0.0000 -83.6649 8.6836 0.1857 14.0203 -22.7637 -2.8359 -0.0000 -0.0000 14.0949 30.1532 17.1960 9.7451 -7.1250 0.0000 -0.0000 2.2275 49.6593 0.2560 0.0000 -0.0000 0.0000 80.3069 -7.6476 25.8246 -20.3902 31.1096 -5.7316 0.0000 0.0000 14.3903 -32.8779 5.7022 -3.6747 7.1250 -0.0000 -0.0000 -4.5509 -23.2045 -2.3969
1.0871 18.7684 3.7763 -353.8200 64.8143 363.8410 0.0000 0.0000 0.0000 -2.5667 -17.3382 -0.9605 0.5534 4.7653 13.2403 0.1309 1.9107 6.4380 0.0320 -1.1552 -3.1760 0.0000 0.0000 0.0000 15.8061 17.9290 4.1368 -1.2619 -7.1208 20.0736 -0.4694 -12.5583 -22.8873 -0.0000 0.0378 -0.1038 2.7981 5.1835 6.8755 -2.1394 7.0750 0.8800 -4.3552 3.5132 -2.3128 -0.8444 10.4625 -7.7481 8.1201 14.5395 35.2220 5.0296 7.8843 12.1514 -0.0000 -0.0000 0.0000 -82.5004 7.9024 0.4861 14.0569 -22.8159 -2.8501 -0.0000 -0.0000 14.5701 31.1508 17.3168 10.1993 -7.1250 0.0000 -0.0000 3.2160 49.9702 0.3944 -0.0000 -0.0000 0.0000 80.8964 -7.6262 24.6632 -19.9555 30.5887 -5.5087 0.0000 0.0000 14.4392 -32.8170 6.1687 -3.9640 7.1250 -0.0000 -0.0000 -4.4649 -22.6580 -2.4074
1.3242 18.7227 3.4995 -355.2630 63.4580 362.7450 0.0000 0.0000 0.0000 -2.3465 -17.8025 0.3419 0.4923 4.4988 12.4843 0.1033 1.3349 5.7507 0.2673 -3.3258 -9.1872 0.0000 0.0000 0.0000 15.1909 18.6841 4.3207 -1.2314 -7.0375 19.8265 -0.4767 -12.2886 -22.6621 -0.0133 0.7437 -2.0438 2.9669 5.1363 6.9627 -2.2424 7.0230 0.7674 -4.5674 3.4800 -2.4494 -0.7796 10.8756 -7.8016 8.1475 15.1291 35.4192 5.1068 8.1444 12.2141 -0.0000 0.0000 0.0000 -81.4671 7.6704 0.4462 14.3905 -23.2902 -2.9808 -0.0000 -0.0000 14.0808 31.9810 16.5503 10.0855 -7.1250 0.0000 -0.0000 4.1275 49.2430 0.4325 -0.0000 0.0000 0.0000 80.9304 -7.8685 24.7236 -19.4598 29.9860 -5.2587 0.0000 0.0000 14.1540 -32.2224 5.5875 -3.5117 7.1250 -0.0000 -0.0000 -4.0792 -23.3870 -2.1301
1.5849 18.6569 3.2039 -356.4290 62.0368 361.6310 0.0000 0.0000 0.0000 -2.6522 -17.6857 2.0464 0.4116 4.1185 11.4102 0.0395 -0.4566 3.9483 0.4225 -4.1721 -11.5613 0.0000 0.0000 0.0000 14.5732 19.7963 4.8224 -1.2424 -7.0676 19.9159 -0.5349 -11.9975 -22.8885 -0.0295 1.1095 -3.0501 2.7898 5.1984 7.0890 -2.2233 7.0956 0.8820 -4.4617 3.5207 -2.4176 -1.0846 11.0619 -7.8914 8.2035 15.4217 35.4178 5.2007 8.2329 12.1770 -0.0000 -0.0000 0.0000 -80.5994 7.3240 1.1190 14.8949 -23.9994 -3.1831 -0.0000 -0.0000 12.3729 33.3815 17.1563 10.9992 -7.1250 0.0000 -0.0000 5.4968 50.1897 0.7050 -0.0000 -0.0000 0.0000 80.7474 -8.1300 24.9704 -19.0309 29.4570 -5.0460 0.0000 0.0000 14.2499 -31.8216 6.3357 -3.9175 7.1250 -0.0000 -0.0000 -3.7243 -22.5399 -2.0163
1.8545 18.5733 2.8645 -357.1700 60.6883 361.1460 0.0000 0.0000 0.0000 -3.4439 -16.8301 2.3759 0.4664 4.3804 12.1494 -0.0340 -3.2735 1.0280 0.6176 -5.0293 -13.9923 0.0000 0.0000 0.0000 13.4329 20.7242 4.5191 -1.3183 -7.2721 20.5240 -0.5657 -11.6566 -22.8168 -0.0944 1.9816 -5.4547 2.4695 5.1159 7.2048 -2.2481 6.9613 0.8612 -4.3165 3.4522 -2.5510 -1.3407 11.3251 -7.7339 8.2388 15.8307 35.4551 5.2706 8.3808 12.1056 0.0000 -0.0000 0.0000 -79.9277 7.2032 0.4855 15.3543 -24.6373 -3.3723 -0.0000 -0.0000 12.9837 32.7222 16.5050 10.3451 -7.1250 0.0000 -0.0000 4.8754 49.3203 0.5205 0.0000 -0.0000 0.0000 80.3142 -8.3721 25.5499 -18.7101 29.0569 -4.8893 0.0000 0.0000 14.7244 -32.6806 5.7646 -3.6867 7.1250 -0.0000 -0.0000 -4.4007 -23.1454 -2.3234
2.1378 18.4889 2.4975 -358.1860 59.4909 360.4450 0.0000 0.0000 0.0000 -4.3075 -15.5901 1.9016 0.5884 4.9114 13.6561 -0.0805 -6.4534 -1.9580 0.5937 -4.9331 -13.7178 0.0000 0.0000 0.0000 12.5301 21.9859 4.3602 -1.3941 -7.4697 21.1146 -0.5345 -12.0798 -22.9710 -0.1634 2.6045 -7.1794 1.9914 4.8316 7.1322 -1.9517 6.5501 1.0023 -3.7025 3.2532 -2.4896 -1.7957 11.6125 -7.7496 7.9001 16.4190 35.5030 5.2697 8.5267 12.0854 0.0000 -0.0000 0.0000 -79.7216 7.1380 0.4408 15.8488 -25.3152 -3.5811 -0.0000 -0.0000 12.1859 32.9640 17.1450 10.8230 -7.1250 0.0000 -0.0000 5.0716 50.1001 0.6390 0.0000 -0.0000 0.0000 79.3113 -8.3493 26.3338 -18.6659 29.0014 -4.8678 0.0000 0.0000 15.1758 -32.0278 5.4074 -3.3736 7.1250 -0.0000 -0.0000 -3.9503 -23.6119 -2.0420
2.3910 18.4117 2.0838 -357.4580 58.4213 361.5000 0.0000 0.0000 0.0000 -6.3540 -14.3395 0.7792 0.7263 5.4455 15.1838 -0.0152 -8.1997 -5.4310 0.4213 -4.1661 -11.5444 0.0000 0.0000 0.0000 10.2010 22.6922 3.2075 -1.5090 -7.7582 21.9819 -0.4661 -12.3186 -22.5965 -0.3023 3.5349 -9.7716 1.3597 4.9952 7.6026 -2.6000 6.7070 0.9052 -4.0907 3.3308 -2.8335 -0.9099 11.4322 -7.3711 7.6263 16.0417 35.3274 4.9667 8.4248 12.0836 0.0000 -0.0000 0.0000 -78.0675 6.4848 2.1828 15.9926 -25.5106 -3.6428 -0.0000 -0.0000 12.3231 33.7101 18.2712 11.8142 -7.1250 0.0000 -0.0000 5.7537 51.5386 0.9291 0.0000 -0.0000 0.0000 79.9433 -8.9560 24.7646 -19.1293 29.5790 -5.0945 0.0000 0.0000 15.6508 -32.2015 5.5353 -3.4763 7.1250 -0.0000 -0.0000 -4.0681 -23.4497 -2.1184
2.6097 18.3757 1.6822 -357.6740 57.6548 361.5480 0.0000 0.0000 0.0000 -7.9837 -14.0754 -0.0516 0.8733 5.9582 16.6632 0.1490 -8.7642 -8.6555 0.2743 -3.3686 -9.3068 0.0000 0.0000 0.0000 8.8319 23.4891 2.5413 -1.5672 -7.8994 22.4091 -0.2349 -13.7280 -22.0129 -0.4347 4.2310 -11.7275 0.7126 5.1606 8.0852 -2.8311 6.8727 1.1695 -4.0228 3.4240 -2.8614 -0.7752 11.2141 -6.7138 7.7898 15.5871 34.8836 4.8570 8.2667 11.7882 -0.0000 -0.0000 0.0000 -76.7953 4.6304 2.8253 15.4675 -24.7934 -3.4196 -0.0000 -0.0000 12.9269 32.7507 17.9891 11.2358 -7.1250 0.0000 -0.0000 4.7805 51.0295 0.7115 -0.0000 -0.0000 0.0000 80.4214 -9.1032 22.4428 -19.8389 30.4478 -5.4495 0.0000 0.0000 15.3558 -32.4951 5.7536 -3.6537 7.1250 -0.0000 -0.0000 -4.2656 -23.1719 -2.2490
2.7771 18.3919 1.2889 -357.7470 56.5985 361.7920 0.0000 0.0000 0.0000 -9.4262 -14.9055 -0.7573 1.0134 6.4049 17.9638 0.2487 -8.8878 -10.1262 0.1037 -2.0764 -5.7167 0.0000 0.0000 0.0000 7.4850 24.1371 1.2339 -1.6414 -8.0754 22.9435 0.0950 -15.5883 -21.1336 -0.3974 4.0476 -11.2105 -0.1357 5.3025 8.8137 -3.1588 6.9769 1.4431 -3.9683 3.4860 -3.0323 -0.6029 11.0439 -6.2251 7.9436 15.2786 35.0742 4.8304 8.1628 11.7852 0.0000 -0.0000 0.0000 -75.1958 2.4973 3.4940 14.7311 -23.7701 -3.1167 -0.0000 -0.0000 12.7750 31.6118 18.2583 10.9146 -7.1250 0.0000 -0.0000 3.5776 51.1215 0.5401 0.0000 -0.0000 0.0000 81.6108 -8.7183 19.3609 -20.3039 31.0067 -5.6871 0.0000 0.0000 16.1499 -33.1314 5.5988 -3.6435 7.1250 -0.0000 -0.0000 -4.7460 -23.3082 -2.4891
2.8896 18.4442 0.9041 -358.9340 55.3571 361.9320 0.0000 0.0000 0.0000 -9.4241 -14.2193 -3.3709 1.1798 6.8938 19.4011 0.1904 -9.6303 -9.6561 0.1616 -2.5900 -7.1394 0.0000 0.0000 0.0000 6.7396 24.3713 -1.9557 -1.7885 -8.4108 23.9690 0.6288 -18.2537 -19.4394 -0.2471 3.1984 -8.8317 -0.2324 5.5676 9.0485 -3.5084 7.3057 1.4162 -4.3394 3.6498 -3.1347 -0.6627 10.7822 -5.6059 8.4988 14.8199 35.6951 4.9945 8.0193 11.8755 0.0000 -0.0000 0.0000 -73.4712 -0.1016 3.8525 13.6364 -22.2125 -2.6891 -0.0000 -0.0000 14.0421 30.1482 18.8044 10.6039 -7.1250 0.0000 -0.0000 1.9977 51.4624 0.3181 0.0000 -0.0000 0.0000 83.3324 -8.1843 16.0048 -20.6322 31.3965 -5.8572 0.0000 0.0000 16.4441 -33.4393 5.6250 -3.7034 7.1250 -0.0000 -0.0000 -4.9695 -23.2541 -2.6133
3.0012 18.5394 0.5392 -359.2040 53.5933 362.7590 0.0000 0.0000 0.0000 -10.2283 -13.0210 -5.1626 1.2129 6.9863 19.6746 0.2041 -9.0723 -9.5928 0.1562 -2.5468 -7.0194 0.0000 0.0000 0.0000 5.5920 23.6793 -5.3813 -1.8365 -8.5169 24.2954 1.2260 -21.3977 -18.4161 -0.0137 0.7562 -2.0783 -1.1757 5.4111 8.9412 -3.5569 7.0182 1.7162 -3.8108 3.5201 -2.8897 -1.5423 10.9901 -5.2815 7.9483 15.4214 35.8389 4.9546 8.0886 11.8090 0.0000 0.0000 0.0000 -72.9470 -1.7566 2.5314 13.3613 -21.8142 -2.5860 -0.0000 -0.0000 15.1529 27.9281 20.1111 10.3299 -7.1250 0.0000 -0.0000 -0.5311 52.4898 -0.0979 0.0000 0.0000 0.0000 83.2039 -7.3672 16.7624 -21.3086 32.1867 -6.2135 0.0000 0.0000 15.4875 -33.4613 5.0373 -3.3212 7.1250 -0.0000 -0.0000 -5.0392 -23.9518 -2.5691
3.0840 18.6295 0.1774 -360.6130 52.2710 362.5340 0.0000 0.0000 0.0000 -10.2905 -12.9043 -6.2950 1.1825 6.9012 19.4231 0.2507 -7.9896 -9.8219 0.0646 -1.6405 -4.5131 0.0000 0.0000 0.0000 5.6699 22.5911 -8.1657 -1.7756 -8.3820 23.8806 1.9207 -25.0333 -18.7115 -0.1560 -2.5449 7.0142 -0.6595 5.5365 9.3200 -4.0349 7.2185 1.8386 -4.6425 3.6224 -2.8338 -1.1950 10.9703 -5.0052 7.8831 15.3629 35.9969 4.8651 8.0784 11.8648 -0.0000 0.0000 0.0000 -71.2062 -3.0720 4.1530 13.7828 -22.4233 -2.7447 -0.0000 -0.0000 13.7890 26.4576 20.9073 10.0703 -7.1250 0.0000 -0.0000 -2.2396 53.0740 -0.4450 -0.0000 0.0000 0.0000 84.3155 -7.6469 17.6704 -22.6368 33.6892 -6.9358 0.0000 0.0000 15.3731 -32.9956 5.6560 -3.6615 7.1250 -0.0000 -0.0000 -4.6413 -23.2505 -2.4400
3.1439 18.7127 -0.1492 -362.2220 51.4830 361.8790 0.0000 0.0000 0.0000 -10.0401 -12.5491 -7.3713 1.1486 6.8050 19.1389 0.2316 -7.2223 -9.2860 0.0704 -1.7115 -4.7090 0.0000 0.0000 0.0000 6.3293 22.2584 -9.7446 -1.6801 -8.1653 23.2172 2.4658 -28.0433 -21.1672 -0.6794 -5.2702 14.6809 -0.7006 5.0527 9.5872 -3.6412 6.5862 2.3020 -4.1414 3.3119 -2.5957 -2.3551 11.3521 -5.4062 7.8120 16.1582 36.6006 5.1543 8.2378 12.0401 0.0000 -0.0000 0.0000 -70.8414 -3.7514 3.7315 14.5784 -23.5555 -3.0554 -0.0000 -0.0000 15.0052 25.8715 23.4117 10.9067 -7.1250 0.0000 -0.0000 -3.5826 55.6414 -0.9365 0.0000 -0.0000 0.0000 83.0890 -7.3547 21.3368 -24.0468 35.2137 -7.7335 0.0000 0.0000 16.0045 -32.9936 6.3651 -4.1169 7.1250 -0.0000 -0.0000 -4.5758 -22.4117 -2.4934
3.1821 18.7646 -0.4404 -362.5600 50.8123 362.0270 0.0000 0.0000 0.0000 -10.3984 -11.8963 -8.5336 1.1501 6.8093 19.1516 0.1769 -7.3234 -8.4698 0.0240 -1.0003 -2.7498 0.0000 0.0000 0.0000 6.2262 21.7232 -10.7616 -1.6100 -8.0016 22.7191 2.4051 -27.3507 -19.4184 -0.6504 -5.1587 14.3619 -1.3472 4.9745 10.1416 -3.6777 6.4115 2.6157 -3.8425 3.2296 -2.6506 -4.3685 11.2287 -5.8789 9.4896 15.7680 36.7578 6.0378 8.0153 11.8153 0.0000 -0.0000 0.0000 -69.9774 -4.4081 5.7780 15.9062 -25.3934 -3.6057 -0.0000 -0.0000 12.8586 24.2068 22.0864 9.5944 -7.1250 0.0000 -0.0000 -4.9100 53.8976 -1.0760 0.0000 -0.0000 0.0000 82.3364 -7.5572 23.6230 -25.3147 36.5239 -8.4765 0.0000 0.0000 17.2399 -32.6591 7.0068 -4.4709 7.1250 -0.0000 -0.0000 -4.2742 -21.6829 -2.3991
3.2253 18.7872 -0.7089 -362.6270 50.2306 362.2700 0.0000 0.0000 0.0000 -10.9169 -11.6725 -9.6299 1.2133 6.9875 19.6785 0.1465 -7.5220 -8.0535 0.0043 -0.4252 -1.1682 0.0000 0.0000 0.0000 6.1762 21.2793 -10.7886 -1.5394 -7.8324 22.2061 1.6126 -22.6261 -15.3238 -0.1543 -2.5314 6.9767 -1.8543 4.9453 10.4506 -3.7554 6.3251 2.9766 -3.6430 3.1934 -2.4934 -4.4758 11.1556 -5.3369 9.1794 15.7089 36.5084 5.8608 7.9345 11.6371 -0.0000 0.0000 0.0000 -69.4803 -5.1412 7.9907 17.6157 -27.6623 -4.3694 -0.0000 -0.0000 9.0703 24.3724 22.0222 9.6411 -7.1250 0.0000 -0.0000 -4.7180 53.8621 -1.0297 -0.0000 0.0000 0.0000 82.0495 -7.7386 24.5021 -26.1220 37.3289 -8.9615 0.0000 0.0000 18.1475 -32.5881 7.6945 -4.8919 7.1250 -0.0000 -0.0000 -4.1587 -20.8805 -2.4096
3.2443 18.8180 -0.9527 -363.9110 49.6563 361.8760 0.0000 0.0000 0.0000 -10.3105 -12.2223 -11.0714 1.3212 7.2798 20.5470 0.1595 -7.3001 -8.1766 0.0039 0.4017 1.1039 0.0000 0.0000 0.0000 6.9187 21.6185 -10.8594 -1.5392 -7.8320 22.2049 0.8899 -17.5866 -13.3540 -0.0509 -1.4566 4.0062 -1.5334 4.8539 10.5820 -3.7694 6.2320 3.0302 -3.8324 3.1468 -2.4783 -4.2998 10.9778 -5.1084 8.9501 15.5006 36.7651 5.7475 7.8160 11.7599 -0.0000 0.0000 0.0000 -68.8403 -5.3536 8.9521 19.6539 -30.2231 -5.3560 -0.0000 -0.0000 7.6102 25.1007 22.2852 10.0731 -7.1250 0.0000 -0.0000 -4.0410 54.2845 -0.9232 -0.0000 0.0000 0.0000 81.8782 -7.7238 25.3077 -26.1905 37.3962 -9.0031 0.0000 0.0000 17.0007 -33.0602 7.6456 -4.9495 7.1250 -0.0000 -0.0000 -4.5021 -20.8923 -2.6085
3.2439 18.8114 -1.1589 -364.8420 48.7816 361.8690 0.0000 0.0000 0.0000 -10.1090 -11.9934 -12.7677 1.4089 7.5078 21.2287 0.2230 -6.1710 -8.8398 0.2462 -3.1931 -8.8168 0.0000 0.0000 0.0000 7.8370 19.8642 -12.6168 -1.7785 -8.3887 23.9010 0.5489 -14.4201 -12.0434 -0.0024 0.3162 -0.8688 -1.6958 4.9270 10.4499 -3.7163 6.3166 3.0684 -3.6821 3.1880 -2.3854 -4.1063 10.9776 -4.7652 8.7652 15.5354 37.0363 5.6523 7.8167 11.8440 0.0000 -0.0000 0.0000 -68.8822 -5.3582 8.6355 21.8526 -32.8101 -6.5058 -0.0000 -0.0000 7.5020 22.8592 20.0534 8.2255 -7.1250 0.0000 -0.0000 -5.6659 51.5037 -0.9100 0.0000 -0.0000 0.0000 81.6075 -7.3404 25.4687 -25.6159 36.8269 -8.6564 0.0000 0.0000 16.5337 -33.0279 7.4670 -4.8291 7.1250 -0.0000 -0.0000 -4.4964 -21.1065 -2.5834
3.2235 18.8002 -1.3449 -365.8170 47.9500 361.7510 0.0000 0.0000 0.0000 -9.4599 -12.8951 -14.0840 1.5523 7.8637 22.3008 0.2944 -5.3445 -9.7896 0.1983 -2.8678 -7.9110 0.0000 0.0000 0.0000 9.4229 17.9065 -14.0484 -2.0921 -9.0553 25.9685 0.4566 -14.0196 -13.1478 -0.0373 1.2465 -3.4273 -1.4644 5.0195 10.4928 -3.9318 6.4575 3.0961 -4.0520 3.2609 -2.3220 -3.8965 10.8707 -4.5569 8.7270 15.3303 36.9683 5.5672 7.7380 11.8144 0.0000 0.0000 0.0000 -68.7037 -4.6750 10.1544 25.0082 -36.2123 -8.2947 -0.0000 -0.0000 4.4334 24.8093 22.0986 9.8653 -7.1250 0.0000 -0.0000 -4.2876 54.0286 -0.9529 0.0000 0.0000 0.0000 81.8827 -6.9997 25.2731 -25.0559 36.2611 -8.3229 0.0000 0.0000 16.8350 -32.8690 7.5048 -4.8240 7.1250 -0.0000 -0.0000 -4.3785 -21.0770 -2.5182
3.1952 18.8066 -1.5139 -365.5740 46.8688 362.5940 0.0000 0.0000 0.0000 -9.6036 -13.7836 -14.9725 1.6189 8.0226 22.7827 0.3555 -4.3618 -10.6120 0.1513 -2.5064 -6.9075 0.0000 0.0000 0.0000 10.3377 15.8166 -15.4565 -2.4089 -9.6703 27.9155 0.3448 -14.0553 -15.3170 -0.0175 0.8548 -2.3494 -2.0916 5.2468 10.4297 -4.2035 6.6934 3.1518 -4.0076 3.3808 -2.2532 -4.2284 10.8192 -4.4146 8.8809 15.2244 36.8526 5.6331 7.6641 11.6955 0.0000 0.0000 0.0000 -69.1579 -4.4393 10.7823 27.1700 -38.3408 -9.6044 -0.0000 -0.0000 3.2470 24.9833 22.4152 10.0749 -7.1250 0.0000 -0.0000 -4.2045 54.3992 -0.9724 0.0000 0.0000 0.0000 81.8091 -6.8051 25.1976 -24.7910 35.9896 -8.1667 0.0000 0.0000 17.0962 -32.6230 7.7929 -4.9604 7.1250 -0.0000 -0.0000 -4.1744 -20.7614 -2.4300
3.1317 18.8135 -1.6719 -365.7690 46.2602 363.3170 0.0000 0.0000 0.0000 -9.0622 -14.6649 -16.2307 1.6826 8.1710 23.2347 0.3893 -4.4335 -11.1020 0.0043 -0.4246 -1.1667 0.0000 0.0000 0.0000 11.6526 14.1198 -16.5851 -2.6057 -10.0277 29.0664 0.2079 -13.8845 -17.1019 -0.0081 0.5810 -1.5966 -2.3829 5.3056 10.5045 -4.3976 6.7305 3.1334 -4.0638 3.3993 -2.3201 -4.2051 10.8234 -4.1972 8.7200 15.2118 36.5096 5.5165 7.6401 11.5329 -0.0000 0.0000 0.0000 -69.4219 -4.0813 11.9945 28.8898 -39.9226 -10.6899 -0.0000 -0.0000 1.9157 25.3261 22.0178 10.0608 -7.1250 0.0000 -0.0000 -3.7240 54.0447 -0.8288 -0.0000 0.0000 0.0000 81.6313 -6.6985 25.5252 -24.7948 35.9936 -8.1690 0.0000 0.0000 16.9047 -32.9094 7.4105 -4.7714 7.1250 -0.0000 -0.0000 -4.4166 -21.1843 -2.5295
3.0677 18.8163 -1.8093 -365.9110 45.5109 363.9230 0.0000 0.0000 0.0000 -8.7021 -14.8953 -17.6569 1.7674 8.3637 23.8243 0.4209 -4.0499 -11.5394 0.0022 -0.3060 -0.8406 0.0000 0.0000 0.0000 13.1275 12.3018 -17.3701 -2.6674 -10.1362 29.4189 0.0898 -13.8717 -18.6401 -0.0302 1.1220 -3.0845 -2.4710 5.3818 10.7237 -4.6284 6.8060 3.1620 -4.2874 3.4385 -2.3867 -4.4172 10.8083 -4.2578 8.8314 15.1762 36.5488 5.5896 7.5994 11.5298 -0.0000 0.0000 0.0000 -69.5467 -3.6702 12.8927 29.6804 -40.6178 -11.2010 -0.0000 -0.0000 2.2597 24.2795 21.4567 9.3697 -7.1250 0.0000 -0.0000 -4.6402 53.2453 -0.9427 -0.0000 0.0000 0.0000 81.4245 -6.6244 25.7873 -25.0257 36.2302 -8.3051 0.0000 0.0000 16.6814 -32.8928 7.0832 -4.5597 7.1250 -0.0000 -0.0000 -4.4358 -21.5721 -2.5015
2.9912 18.7965 -1.9289 -366.1160 44.5471 364.7560 0.0000 0.0000 0.0000 -8.2372 -14.3812 -19.5326 1.8306 8.5040 24.2557 0.4109 -3.8591 -11.4022 0.0020 -0.2902 -0.7974 0.0000 0.0000 0.0000 14.5159 11.4859 -18.3551 -2.7149 -10.2186 29.6876 0.0574 -14.2625 -19.6078 -0.0527 1.4808 -4.0729 -2.4808 5.4342 10.7342 -4.8999 6.8622 3.1009 -4.5776 3.4676 -2.4198 -4.6262 10.9041 -4.2035 8.8260 15.2950 36.3097 5.5925 7.6201 11.3923 0.0000 -0.0000 0.0000 -69.8323 -3.0950 13.1774 29.7534 -40.6811 -11.2485 -0.0000 -0.0000 3.9273 23.1111 20.7511 8.5984 -7.1250 0.0000 -0.0000 -5.6184 52.2832 -1.0099 0.0000 -0.0000 0.0000 81.2355 -6.4858 26.3718 -25.3689 36.5787 -8.5088 0.0000 0.0000 16.5753 -32.9159 7.4099 -4.7721 7.1250 -0.0000 -0.0000 -4.4213 -21.1845 -2.5322
2.9101 18.7610 -2.0450 -365.8430 43.4715 365.9380 0.0000 0.0000 0.0000 -8.0817 -13.6492 -21.8262 1.9951 8.8559 25.3455 0.4014 -4.2798 -11.2680 0.0016 0.2610 0.7170 0.0000 0.0000 0.0000 15.2746 11.0715 -19.1840 -2.6775 -10.1538 29.4762 -0.2136 -14.1314 -22.3065 -0.0065 0.5197 -1.4281 -2.5642 5.5475 10.9283 -5.2631 6.9765 3.0090 -4.9552 3.5255 -2.5776 -4.4116 10.9624 -4.1563 8.4182 15.4348 36.1772 5.4116 7.6479 11.3868 0.0000 -0.0000 0.0000 -69.7953 -2.0620 14.3667 29.4511 -40.4182 -11.0520 -0.0000 -0.0000 5.1356 22.5161 20.5236 8.2692 -7.1250 0.0000 -0.0000 -6.1485 51.9373 -1.0535 0.0000 -0.0000 0.0000 80.8220 -6.5864 27.2185 -25.8828 37.0927 -8.8169 0.0000 0.0000 15.5491 -33.0779 7.0441 -4.5669 7.1250 -0.0000 -0.0000 -4.5732 -21.6015 -2.5764
2.8038 18.7147 -2.1683 -365.5280 42.8362 367.2110 0.0000 0.0000 0.0000 -8.0979 -12.7807 -24.6584 2.1766 9.2246 26.5006 0.3799 -4.4309 -10.9685 0.0331 -1.1738 -3.2271 0.0000 0.0000 0.0000 15.5628 11.5694 -19.9601 -2.6095 -10.0343 29.0879 -0.3687 -14.5806 -24.2811 -0.0007 0.1724 -0.4735 -2.0251 5.8502 11.4201 -6.0010 7.3874 2.8617 -6.1509 3.7359 -2.8038 -3.2584 10.6462 -3.2832 8.1091 14.7986 35.4120 4.9530 7.4849 11.0951 -0.0000 0.0000 0.0000 -68.7643 -1.5264 17.3104 28.3106 -39.4006 -10.3203 -0.0000 -0.0000 6.9693 22.6872 20.4587 8.3133 -7.1250 0.0000 -0.0000 -5.9573 51.8997 -1.0151 -0.0000 0.0000 0.0000 81.7623 -7.0235 25.9858 -26.4851 37.6837 -9.1826 0.0000 0.0000 15.9449 -33.5635 6.7892 -4.4848 7.1250 -0.0000 -0.0000 -4.9488 -21.8601 -2.7604
2.6866 18.6612 -2.2807 -365.1130 42.3466 368.3650 0.0000 0.0000 0.0000 -7.9262 -12.4853 -26.9552 2.3689 9.5955 27.6767 0.3756 -5.2683 -10.9661 0.0012 -0.2227 -0.6119 0.0000 0.0000 0.0000 15.2095 12.9292 -20.3164 -2.4604 -9.7656 28.2210 -0.4651 -14.8702 -25.4364 -0.0016 -0.2623 0.7207 -2.2174 5.5814 11.5949 -5.8940 7.0261 3.2752 -5.8754 3.5629 -2.5333 -3.4257 10.7017 -3.5533 7.3052 15.0986 35.4053 4.7428 7.4785 11.1995 -0.0000 0.0000 0.0000 -69.0370 -0.5252 19.0608 26.9775 -38.1577 -9.4852 -0.0000 -0.0000 9.7352 22.5455 21.7036 8.7280 -7.1250 0.0000 -0.0000 -6.4937 53.1780 -1.3107 -0.0000 0.0000 0.0000 80.5488 -6.4561 27.1253 -26.8264 38.0132 -9.3920 0.0000 0.0000 17.2083 -33.5801 7.1749 -4.7401 7.1250 -0.0000 -0.0000 -4.9223 -21.4002 -2.7970
2.5466 18.5909 -2.4056 -363.3780 41.7048 369.9150 0.0000 0.0000 0.0000 -9.1809 -11.6508 -28.7840 2.5044 9.8460 28.4793 0.3493 -5.9649 -10.6907 0.0076 -0.5634 -1.5481 0.0000 0.0000 0.0000 13.2391 14.6842 -20.6985 -2.3975 -9.6492 27.8480 -0.7017 -14.4180 -26.8207 -0.0210 -0.9365 2.5742 -3.0293 5.4005 12.7947 -6.0520 6.6341 3.6781 -5.6552 3.3702 -2.8630 -3.7410 10.6433 -3.4506 6.7268 15.1700 35.2611 4.5730 7.3932 11.1539 0.0000 0.0000 0.0000 -69.3082 0.1994 20.7006 24.9120 -36.1139 -8.2380 -0.0000 -0.0000 12.3773 22.0069 22.5774 8.8204 -7.1250 0.0000 -0.0000 -7.3484 53.9855 -1.6299 0.0000 0.0000 0.0000 79.4640 -6.1875 28.8596 -26.9537 38.1350 -9.4705 0.0000 0.0000 17.6903 -34.4353 7.1954 -4.9083 7.1250 -0.0000 -0.0000 -5.5350 -21.2937 -3.1616
2.4192 18.5215 -2.5284 -362.6390 41.4045 371.0620 0.0000 0.0000 0.0000 -9.5555 -11.1298 -31.0452 2.7003 10.1933 29.6048 0.3209 -6.6048 -10.4157 0.0344 -1.1965 -3.2896 0.0000 0.0000 0.0000 12.0908 15.2594 -22.0160 -2.4233 -9.6971 28.0014 -0.7715 -13.8510 -26.7687 -0.0282 -1.0843 2.9808 -3.0354 5.0264 13.3760 -5.7340 6.1418 4.1933 -5.2696 3.1275 -2.7068 -4.5680 10.5783 -3.3704 6.1256 15.2826 34.9743 4.4636 7.2702 11.0117 0.0000 -0.0000 0.0000 -70.1775 1.3525 23.3629 23.2803 -34.3939 -7.2960 -0.0000 -0.0000 13.5092 20.4722 21.5508 7.8085 -7.1250 0.0000 -0.0000 -8.5386 52.6385 -1.6146 0.0000 -0.0000 0.0000 77.7380 -6.1305 30.9661 -27.1952 38.3647 -9.6200 0.0000 0.0000 19.7271 -32.6168 7.0314 -4.4792 7.1250 -0.0000 -0.0000 -4.2414 -21.6577 -2.3830
2.3258 18.4928 -2.6641 -362.2440 40.0906 371.4820 0.0000 0.0000 0.0000 -9.9555 -10.2367 -32.1835 2.8181 10.3946 30.2641 0.3228 -6.7361 -10.4706 0.0430 -1.3381 -3.6796 0.0000 0.0000 0.0000 11.3313 15.0196 -23.8519 -2.5683 -9.9611 28.8509 -0.6681 -12.8048 -24.8803 -0.0214 -0.9447 2.5968 -2.9174 4.9043 14.4599 -5.4117 5.9819 4.9431 -5.0326 3.0530 -2.5310 -5.1018 10.5721 -3.6125 5.2269 15.5487 34.8005 4.2594 7.2032 11.0305 -0.0000 0.0000 0.0000 -71.1379 2.4215 25.6098 21.7876 -32.7362 -6.4706 -0.0000 -0.0000 16.0414 17.7970 20.1909 6.3223 -7.1250 0.0000 -0.0000 -10.6988 50.7903 -1.5416 -0.0000 0.0000 0.0000 76.0938 -5.7328 33.3818 -27.0273 38.2052 -9.5160 0.0000 0.0000 21.9015 -29.3986 7.7821 -4.3628 7.1250 -0.0000 -0.0000 -1.8562 -21.0667 -1.0655
2.2153 18.4591 -2.7668 -362.7500 39.3236 371.3560 0.0000 0.0000 0.0000 -9.3438 -9.7997 -33.3444 2.9574 10.6258 31.0279 0.3390 -6.8570 -10.7206 0.0816 -1.8430 -5.0721 0.0000 0.0000 0.0000 11.4739 15.5609 -25.1963 -2.6979 -10.1892 29.5916 -0.6106 -12.5169 -24.0992 -0.0186 -0.8802 2.4191 -2.8540 4.7466 15.1465 -4.6238 5.8091 5.7486 -4.2237 2.9641 -2.1362 -5.3654 10.4901 -3.3823 4.3731 15.5490 34.0383 3.9330 7.0873 10.7597 -0.0000 0.0000 0.0000 -72.6406 3.6549 28.0550 20.6101 -31.3703 -5.8456 -0.0000 -0.0000 17.8051 17.3466 19.3816 5.9180 -7.1250 0.0000 -0.0000 -10.8536 49.8991 -1.3246 -0.0000 0.0000 0.0000 74.6365 -5.4185 36.5039 -26.1625 37.3688 -8.9861 0.0000 0.0000 22.6961 -29.3515 8.5767 -4.7939 7.1250 -0.0000 -0.0000 -1.7653 -20.1653 -1.0490
2.1125 18.4246 -2.8588 -362.3510 38.7147 372.0180 0.0000 0.0000 0.0000 -9.5281 -9.3699 -34.5783 3.0182 10.7245 31.3562 0.3029 -6.9075 -10.2340 0.0630 -1.6190 -4.4538 0.0000 0.0000 0.0000 10.6985 16.4048 -26.7478 -2.8728 -10.4862 30.5659 -0.6139 -12.3632 -23.9689 -0.0217 -0.9515 2.6154 -2.6360 4.8490 15.7795 -4.6408 5.9672 6.2063 -4.4235 3.0533 -1.9524 -4.7662 9.8255 -2.9009 4.3651 14.4190 33.6490 3.7002 6.6586 10.6187 -0.0000 0.0000 0.0000 -72.6572 4.6805 32.4180 19.6517 -30.2204 -5.3549 -0.0000 -0.0000 18.6680 16.8369 19.8132 5.8566 -7.1250 0.0000 -0.0000 -11.4941 50.2542 -1.5059 -0.0000 0.0000 0.0000 75.2882 -6.2187 37.9223 -25.2185 36.4265 -8.4193 0.0000 0.0000 23.7495 -30.3861 6.7792 -3.9596 7.1250 -0.0000 -0.0000 -2.6435 -22.1365 -1.4540
2.0522 18.3913 -2.9780 -361.7990 38.6961 372.5060 0.0000 0.0000 0.0000 -10.0566 -9.2946 -35.4812 3.0847 10.8310 31.7120 0.2904 -7.0354 -10.0902 0.1285 -2.3106 -6.3648 0.0000 0.0000 0.0000 9.8880 16.0350 -28.0073 -3.0187 -10.7252 31.3587 -0.6581 -11.6065 -23.5911 -0.0423 -1.3273 3.6498 -2.2013 4.2828 16.5850 -4.3458 5.3038 6.9141 -4.2744 2.7388 -1.6518 -4.8072 9.5311 -2.8862 3.7990 14.0908 33.4029 3.4740 6.4357 10.5899 -0.0000 0.0000 0.0000 -73.9286 5.4121 35.0551 18.5300 -28.8305 -4.8021 -0.0000 -0.0000 18.5931 16.9173 19.4447 5.7816 -7.1250 0.0000 -0.0000 -11.2875 49.8956 -1.3778 -0.0000 0.0000 0.0000 75.5052 -6.1847 40.1439 -23.7794 34.9301 -7.5799 0.0000 0.0000 23.9833 -29.4051 7.7109 -4.3244 7.1250 -0.0000 -0.0000 -1.8658 -21.1474 -1.0676
1.9906 18.3533 -3.0687 -361.3800 38.5749 373.0170 0.0000 0.0000 0.0000 -10.3637 -9.1891 -36.4936 3.1764 10.9753 32.1967 0.2402 -7.2915 -9.4359 0.0613 -1.5979 -4.3955 0.0000 0.0000 0.0000 9.2130 16.1352 -29.2706 -3.1818 -10.9837 32.2250 -0.6104 -11.6232 -23.1861 -0.0189 -0.8872 2.4385 -1.9768 3.8787 16.9394 -4.1140 4.8422 7.5471 -4.0717 2.5230 -1.1924 -4.4251 9.0266 -2.7696 3.1784 13.4182 33.0476 3.1268 6.1061 10.5464 -0.0000 0.0000 0.0000 -75.2167 5.6697 36.7853 17.2533 -27.1905 -4.2024 -0.0000 -0.0000 20.4489 16.9925 17.5643 5.2689 -7.1250 0.0000 -0.0000 -10.6051 48.0055 -0.7947 -0.0000 0.0000 0.0000 76.0796 -6.3608 42.8254 -22.4031 33.4296 -6.8066 0.0000 0.0000 23.2547 -29.2919 7.3657 -4.1136 7.1250 -0.0000 -0.0000 -1.8075 -21.5504 -1.0177
1.9288 18.3316 -3.1481 -361.0800 38.4112 373.3420 0.0000 0.0000 0.0000 -10.6343 -8.7018 -37.3290 3.2306 11.0592 32.4800 0.2051 -7.8563 -9.1110 0.1132 -2.1694 -5.9740 0.0000 0.0000 0.0000 8.7632 16.2068 -30.3250 -3.3380 -11.2231 33.0360 -0.6104 -11.4975 -23.0594 -0.0173 -0.8496 2.3351 -2.2670 3.3735 17.3518 -3.5822 4.1752 8.2073 -3.2316 2.1830 -0.8025 -5.0879 8.6813 -3.1741 2.8526 13.0508 32.7788 3.1010 5.8185 10.5170 -0.0000 0.0000 0.0000 -77.1819 5.7200 37.2647 16.2231 -25.8223 -3.7426 -0.0000 -0.0000 20.3520 18.0239 16.7646 5.3617 -7.1250 0.0000 -0.0000 -9.4045 47.3347 -0.5464 -0.0000 0.0000 0.0000 76.1808 -6.1995 46.6946 -21.1868 32.0457 -6.1487 0.0000 0.0000 23.0820 -28.7798 7.6608 -4.1881 7.1250 -0.0000 -0.0000 -1.4173 -21.2560 -0.8073
1.8803 18.2809 -3.2595 -360.4420 37.7358 373.8490 0.0000 0.0000 0.0000 -11.4266 -7.8858 -38.4568 3.3478 11.2378 33.0861 0.1535 -8.2557 -8.4881 0.0926 -1.9626 -5.4022 0.0000 0.0000 0.0000 7.9443 15.4949 -32.0436 -3.5702 -11.5654 34.2113 -0.5988 -10.4463 -21.9159 -0.0069 -0.5352 1.4708 -2.4272 3.0663 18.0458 -3.4996 3.7495 8.6540 -3.0072 1.9724 -0.7138 -5.4573 8.2356 -3.6827 2.6781 12.4930 32.5879 3.0780 5.4930 10.5533 0.0000 -0.0000 0.0000 -78.8500 5.0996 37.3577 14.8813 -23.9805 -3.1776 -0.0000 -0.0000 19.2586 20.3455 16.7651 6.1052 -7.1250 0.0000 -0.0000 -7.2202 47.6602 -0.4763 0.0000 -0.0000 0.0000 76.4407 -6.2184 51.8881 -20.3242 31.0309 -5.6975 0.0000 0.0000 22.5997 -24.9980 11.6179 -5.3643 7.1250 -0.0000 -0.0000 1.5106 -17.2015 0.9966
1.8418 18.2355 -3.3719 -360.2080 37.3004 373.9880 0.0000 0.0000 0.0000 -11.7778 -7.4826 -39.3069 3.4822 11.4375 33.7698 0.1815 -8.3090 -8.9386 0.0256 -1.0331 -2.8400 0.0000 0.0000 0.0000 7.4780 14.8329 -33.3927 -3.7642 -11.8398 35.1676 -0.6234 -9.3667 -21.1310 -0.0060 -0.5001 1.3742 -2.2964 2.8009 18.5208 -3.2390 3.4428 9.1613 -2.7592 1.8249 -0.4336 -5.2084 7.7028 -3.3951 2.0923 11.7509 31.8721 2.7271 5.1408 10.3190 0.0000 -0.0000 0.0000 -79.8559 4.9520 38.6520 14.2628 -23.1091 -2.9304 -0.0000 -0.0000 18.2072 23.2119 18.2912 7.6655 -7.1250 0.0000 -0.0000 -4.8461 49.6999 -0.5627 0.0000 -0.0000 0.0000 76.3108 -6.3317 58.1742 -20.0250 30.6725 -5.5441 0.0000 0.0000 20.9535 -27.0205 9.7735 -4.9478 7.1250 -0.0000 -0.0000 -0.0232 -19.0360 -0.0144
1.7853 18.1793 -3.4583 -359.3880 36.5303 374.6030 0.0000 0.0000 0.0000 -12.6868 -6.7316 -40.3999 3.6151 11.6297 34.4344 0.1008 -9.0905 -8.0786 0.0445 -1.3612 -3.7431 0.0000 0.0000 0.0000 6.5141 14.5458 -35.0455 -4.0384 -12.2114 36.4839 -0.6336 -8.5354 -20.4828 -0.0018 -0.2730 0.7501 -3.3108 2.7167 18.7445 -3.0539 3.2038 9.7076 -1.9451 1.6722 -0.0252 -5.1194 7.3453 -3.7598 1.6467 11.3177 31.5588 2.5317 4.8991 10.3256 0.0000 -0.0000 0.0000 -80.4425 4.5902 41.0038 14.0105 -22.7497 -2.8322 -0.0000 -0.0000 18.0171 27.6852 18.1600 9.2873 -7.1250 0.0000 -0.0000 -0.3927 50.3048 -0.0513 0.0000 -0.0000 0.0000 76.7078 -5.8628 62.4499 -19.5812 30.1344 -5.3195 0.0000 0.0000 20.3123 -29.3158 7.9238 -4.4265 7.1250 -0.0000 -0.0000 -1.7866 -20.9122 -1.0317
1.7400 18.1134 -3.5548 -359.6980 35.9080 374.4620 0.0000 0.0000 0.0000 -12.4171 -6.2256 -41.5806 3.8439 11.9497 35.5543 0.0783 -9.5037 -7.9585 0.0570 -1.5406 -4.2376 0.0000 0.0000 0.0000 6.5487 14.3344 -36.4423 -4.2644 -12.5041 37.5395 -0.6510 -7.5258 -19.7955 -0.0040 -0.4071 1.1187 -3.1615 2.6875 19.1996 -2.7381 3.1950 10.1067 -1.7046 1.6659 0.1629 -4.8847 6.9152 -3.8482 1.4431 10.6832 31.2031 2.3615 4.6180 10.2561 0.0000 -0.0000 0.0000 -80.3106 4.1899 43.9724 14.0733 -22.8394 -2.8565 -0.0000 -0.0000 16.8945 28.4864 16.8961 8.9625 -7.1250 0.0000 -0.0000 0.6122 49.0434 0.0611 0.0000 -0.0000 0.0000 77.4826 -5.7732 65.2758 -19.2665 29.7485 -5.1624 0.0000 0.0000 19.7092 -29.8372 9.2218 -5.2518 7.1250 -0.0000 -0.0000 -2.0618 -19.3823 -1.2615
1.6872 18.0661 -3.6366 -359.5310 35.6799 374.1280 0.0000 0.0000 0.0000 -12.6809 -5.6523 -42.0547 4.0141 12.1791 36.3685 0.0643 -9.9198 -7.9882 0.0363 -1.2296 -3.3808 0.0000 0.0000 0.0000 6.4047 14.0090 -36.9715 -4.4673 -12.7576 38.4676 -0.6986 -6.9048 -19.7799 -0.0031 -0.3568 0.9805 -3.6258 2.6161 19.9891 -2.3144 3.0357 10.6810 -0.9877 1.5612 0.3449 -4.5021 6.5101 -3.7956 0.7853 10.1646 30.6170 2.0052 4.3657 10.1082 -0.0000 0.0000 0.0000 -80.2238 3.7202 46.4249 14.4554 -23.3819 -3.0065 -0.0000 -0.0000 15.9932 29.4290 15.6179 8.6360 -7.1250 0.0000 -0.0000 1.7043 47.7668 0.1164 -0.0000 0.0000 0.0000 77.8226 -5.4545 67.2314 -19.2482 29.7260 -5.1534 0.0000 0.0000 18.7978 -29.7202 9.3387 -5.2924 7.1250 -0.0000 -0.0000 -1.9692 -19.2606 -1.2101
1.6536 17.9919 -3.7630 -359.5210 35.2721 374.4650 0.0000 0.0000 0.0000 -12.6732 -5.7491 -43.5236 4.2577 12.4956 37.5087 0.0853 -9.8377 -8.2604 0.0409 -1.3058 -3.5906 0.0000 0.0000 0.0000 6.0304 13.5100 -38.8119 -4.7107 -13.0504 39.5575 -0.6817 -6.0485 -18.9547 -0.0000 0.0226 -0.0621 -3.4746 2.4244 20.0709 -2.0206 2.8383 11.0702 -0.7164 1.4579 0.7195 -4.5260 6.1634 -3.8653 0.4721 9.6886 29.9589 1.8416 4.1265 9.9075 0.0000 -0.0000 0.0000 -80.2006 3.3393 48.4939 15.1861 -24.4047 -3.3025 -0.0000 -0.0000 16.7196 29.8827 16.7028 9.3778 -7.1250 0.0000 -0.0000 2.0198 49.0589 0.2023 0.0000 -0.0000 0.0000 78.0802 -4.9186 68.1556 -19.3094 29.8013 -5.1837 0.0000 0.0000 17.3480 -28.5752 10.5660 -5.7034 7.1250 -0.0000 -0.0000 -1.0644 -17.9894 -0.6837
1.6142 17.9114 -3.8759 -359.6210 35.0219 374.4520 0.0000 0.0000 0.0000 -12.5381 -5.6996 -44.8177 4.5615 12.8723 38.8923 0.1000 -10.2122 -8.6923 0.0724 -1.7363 -4.7774 0.0000 0.0000 0.0000 5.8905 13.0239 -40.2273 -4.9614 -13.3402 40.6555 -0.7252 -4.9979 -18.6675 -0.0000 0.0280 -0.0769 -3.2815 2.2494 20.3297 -1.7607 2.6598 11.4357 -0.5167 1.3691 0.9856 -4.5695 5.8249 -3.8386 0.5258 9.1431 29.4597 1.8035 3.8888 9.7248 0.0000 -0.0000 0.0000 -80.0005 2.9987 51.0895 16.2058 -25.7989 -3.7351 -0.0000 -0.0000 16.3980 28.1401 17.7613 9.2666 -7.1250 0.0000 -0.0000 0.1316 49.9437 0.0160 0.0000 -0.0000 0.0000 78.2234 -4.4448 69.0282 -19.6040 30.1623 -5.3310 0.0000 0.0000 14.7618 -32.5099 9.4735 -5.9882 7.1250 -0.0000 -0.0000 -3.9278 -18.8016 -2.4581
1.5747 17.8408 -3.9890 -359.0830 34.6538 374.6000 0.0000 0.0000 0.0000 -13.1474 -5.4218 -45.7183 4.7995 13.1544 39.9494 0.0910 -10.6979 -8.8459 0.0694 -1.7001 -4.6775 0.0000 0.0000 0.0000 5.1618 12.5841 -41.4021 -5.2333 -13.6418 41.8210 -0.7612 -4.0835 -18.4582 -0.0000 -0.0261 0.0717 -3.0495 2.5238 20.7642 -2.0183 3.0416 11.6198 -1.0084 1.5841 0.9933 -3.3192 5.0574 -3.2955 0.7141 7.8015 28.9890 1.5156 3.4425 9.5194 -0.0000 0.0000 0.0000 -78.5086 2.7540 54.6752 16.9901 -26.8447 -4.0829 -0.0000 -0.0000 15.2898 28.7732 17.0168 9.1298 -7.1250 0.0000 -0.0000 0.8779 49.2249 0.0915 -0.0000 0.0000 0.0000 80.1439 -4.8344 67.7681 -19.8071 30.4092 -5.4334 0.0000 0.0000 13.1263 -36.2789 9.6587 -7.0207 7.1250 -0.0000 -0.0000 -6.5394 -18.1041 -4.2111
1.5326 17.7674 -4.0978 -359.2220 34.1321 374.1800 0.0000 0.0000 0.0000 -13.2142 -4.6558 -46.6314 5.0596 13.4506 41.0797 0.0901 -11.2174 -9.1432 0.0766 -1.7853 -4.9126 0.0000 0.0000 0.0000 5.0121 12.7893 -42.1353 -5.4643 -13.8883 42.7917 -0.8025 -3.5112 -18.5471 -0.0053 0.4719 -1.2967 -2.9059 2.5160 21.3302 -1.8975 3.0445 11.8473 -0.9810 1.5906 0.9630 -3.2208 4.7626 -3.4855 0.6798 7.3751 28.8557 1.4553 3.2515 9.5198 0.0000 -0.0000 0.0000 -78.4037 2.6419 56.0494 17.5472 -27.5735 -4.3376 -0.0000 -0.0000 13.2647 29.3854 14.7613 8.1652 -7.1250 0.0000 -0.0000 1.7567 46.7973 0.0779 0.0000 -0.0000 0.0000 80.5303 -4.5297 67.9356 -20.2710 30.9674 -5.6701 0.0000 0.0000 11.0809 -39.3839 11.0013 -8.9036 7.1250 -0.0000 -0.0000 -8.4647 -15.9627 -5.8757
1.4949 17.6898 -4.2149 -358.7580 33.3546 374.1330 0.0000 0.0000 0.0000 -13.8815 -3.9267 -47.4601 5.3122 13.7270 42.1546 0.0913 -11.8622 -9.5486 0.1784 -2.7205 -7.5016 0.0000 0.0000 0.0000 4.1633 13.1070 -43.0638 -5.7377 -14.1693 43.9198 -0.8056 -3.0012 -18.2982 -0.0137 0.7551 -2.0753 -3.6528 2.4144 21.7179 -1.7012 2.7827 12.1172 -0.3094 1.4169 1.0353 -4.0476 4.6983 -3.9256 0.4542 7.4279 28.4887 1.5259 3.1676 9.4503 0.0000 -0.0000 0.0000 -79.1109 2.8950 56.8880 17.9126 -28.0451 -4.5081 -0.0000 -0.0000 9.9946 30.2193 16.5483 9.4195 -7.1250 0.0000 -0.0000 2.3721 48.9413 0.2307 0.0000 -0.0000 0.0000 79.7608 -3.7140 69.2969 -20.7451 31.5296 -5.9161 0.0000 0.0000 9.7641 -42.3203 11.6373 -10.4080 7.1250 -0.0000 -0.0000 -10.3103 -14.5887 -7.5056
1.4553 17.6142 -4.3235 -358.6180 32.9336 373.8180 0.0000 0.0000 0.0000 -14.0445 -3.6413 -48.1918 5.6192 14.0489 43.4335 0.1233 -12.3263 -10.2265 0.2492 -3.2118 -8.8691 0.0000 0.0000 0.0000 3.6693 13.6252 -43.6532 -5.9912 -14.4198 44.9463 -0.7999 -2.9420 -18.2068 -0.0052 0.4657 -1.2795 -3.4831 2.4530 22.0995 -1.8386 2.8441 12.1864 -0.5782 1.4635 0.9381 -3.6767 4.3028 -3.9769 0.4201 6.8184 28.1960 1.3959 2.9270 9.3809 -0.0000 0.0000 0.0000 -78.4542 3.3133 58.7310 18.6267 -28.9522 -4.8488 -0.0000 -0.0000 8.2810 40.4490 8.9072 7.5197 -7.1250 0.0000 -0.0000 12.0713 41.3113 -1.1164 -0.0000 0.0000 0.0000 80.7081 -3.9696 67.3462 -20.7046 31.4819 -5.8949 0.0000 0.0000 9.3113 -49.1200 9.5121 -10.8083 7.1250 -0.0000 -0.0000 -15.1928 -15.9339 -10.8304
1.4142 17.5151 -4.4399 -359.5680 32.6496 373.0550 0.0000 0.0000 0.0000 -13.0253 -3.4590 -49.3809 6.0220 14.4496 45.0699 0.1390 -12.5963 -10.5724 0.3418 -3.7566 -10.3930 0.0000 0.0000 0.0000 4.1520 14.3758 -44.4325 -6.2459 -14.6624 45.9606 -0.7843 -3.1117 -18.1369 -0.0046 0.4371 -1.2010 -3.6483 1.9799 22.2322 -0.9616 2.2258 12.4304 0.5806 1.1077 1.1101 -5.3015 4.6051 -4.6108 -0.1068 7.5659 27.6704 1.5571 3.0566 9.2683 -0.0000 -0.0000 0.0000 -80.0512 4.3606 57.5557 19.7194 -30.3028 -5.3890 -0.0000 -0.0000 8.1824 32.2539 13.4132 8.3281 -7.1250 0.0000 -0.0000 4.6014 45.6770 0.0771 -0.0000 -0.0000 0.0000 78.8346 -3.3314 68.2722 -21.0246 31.8571 -6.0629 0.0000 0.0000 9.3027 -51.8670 9.1847 -11.4930 7.1250 -0.0000 -0.0000 -17.0255 -15.7056 -12.3457
1.3930 17.4633 -4.5370 -358.5710 32.5616 372.7850 0.0000 0.0000 0.0000 -14.1990 -3.2480 -49.2197 6.1827 14.6031 45.7105 0.1738 -12.3669 -10.8508 0.2836 -3.4247 -9.4635 0.0000 0.0000 0.0000 3.1769 13.9034 -44.5618 -6.4978 -14.8940 46.9482 -0.7741 -2.7737 -17.8488 -0.0045 0.4323 -1.1877 -4.2152 1.8820 22.2879 -1.1699 2.0121 12.6261 0.7240 0.9813 1.3074 -5.4481 4.3537 -4.7058 0.1310 7.1501 27.2523 1.6202 2.8850 9.1302 -0.0000 0.0000 0.0000 -79.6380 4.7959 58.5968 20.4134 -31.1371 -5.7436 -0.0000 -0.0000 7.4990 32.3006 13.6213 8.4681 -7.1250 0.0000 -0.0000 4.6362 45.9245 0.1060 -0.0000 0.0000 0.0000 78.9934 -3.5191 67.5951 -20.9892 31.8158 -6.0443 0.0000 0.0000 9.4783 -53.8851 9.0232 -12.1314 7.1250 -0.0000 -0.0000 -18.3297 -15.3761 -13.5345
1.3683 17.3921 -4.6271 -358.5290 32.5532 372.0300 0.0000 0.0000 0.0000 -14.2847 -3.0397 -49.2943 6.4206 14.8239 46.6472 0.1902 -12.5508 -11.1402 0.3346 -3.7176 -10.2835 0.0000 0.0000 0.0000 3.1078 13.6228 -44.7071 -6.7595 -15.1260 47.9587 -0.7784 -2.4057 -17.7038 -0.0154 0.8016 -2.2032 -4.1797 1.8317 22.3015 -1.1149 1.9585 12.6731 0.7744 0.9543 1.3539 -5.4185 4.0910 -4.7550 0.3279 6.7354 27.2287 1.6490 2.7170 9.1338 0.0000 -0.0000 0.0000 -79.0121 5.3083 60.8429 21.5412 -32.4546 -6.3379 -0.0000 -0.0000 4.2170 26.7532 23.7891 11.4940 -7.1250 0.0000 -0.0000 -2.7535 56.2329 -0.7589 0.0000 -0.0000 0.0000 78.6495 -4.0774 68.1649 -21.2790 32.1526 -6.1978 0.0000 0.0000 7.8176 -54.9081 8.6558 -12.0901 7.1250 -0.0000 -0.0000 -19.0655 -15.6407 -14.0289
1.3315 17.3186 -4.7145 -359.0370 32.8188 370.9500 0.0000 0.0000 0.0000 -13.9618 -2.5010 -49.6229 6.6970 15.0713 47.7187 0.2025 -12.7667 -11.3956 0.5251 -4.6438 -12.8954 0.0000 0.0000 0.0000 3.6617 13.2174 -44.7566 -7.0078 -15.3384 48.9037 -0.7733 -2.2964 -17.5958 -0.0171 0.8442 -2.3201 -3.9180 1.6719 22.2464 -0.8838 1.8106 12.7088 0.9067 0.8840 1.4219 -5.6340 3.8337 -5.1359 0.6235 6.3657 27.3230 1.7688 2.5487 9.2297 -0.0000 0.0000 0.0000 -78.5243 6.0879 62.2872 22.6048 -33.6538 -6.9180 -0.0000 -0.0000 1.9729 29.1993 19.2133 10.4210 -7.1250 0.0000 -0.0000 0.9547 51.7406 0.1585 -0.0000 0.0000 0.0000 78.3061 -4.7488 68.2799 -21.7133 32.6515 -6.4305 0.0000 0.0000 5.7613 -55.5170 8.5017 -12.1472 7.1250 -0.0000 -0.0000 -19.4841 -15.6974 -14.3517
1.2962 17.2367 -4.7908 -359.2490 33.1123 369.9580 0.0000 0.0000 0.0000 -13.7807 -2.2948 -49.7364 6.9683 15.3052 48.7545 0.1930 -12.9521 -11.3911 0.5488 -4.7458 -13.1850 0.0000 0.0000 0.0000 3.9230 12.7321 -44.8764 -7.3326 -15.6057 50.1212 -0.7126 -1.8727 -16.7305 -0.0026 0.3283 -0.9020 -3.7213 1.6640 22.1145 -0.7775 1.8469 12.7245 0.9055 0.9084 1.5012 -5.9026 3.3202 -5.6225 1.0498 5.6174 27.2230 1.9075 2.2213 9.2854 -0.0000 -0.0000 0.0000 -77.8306 6.6650 63.0716 23.7881 -34.9394 -7.5849 -0.0000 -0.0000 2.4632 34.5176 13.6198 9.1990 -7.1250 0.0000 -0.0000 6.7669 46.2545 0.2105 -0.0000 -0.0000 0.0000 78.4344 -5.4969 67.2601 -21.9771 32.9511 -6.5734 0.0000 0.0000 3.8291 -55.2272 9.8341 -13.8199 7.1250 -0.0000 -0.0000 -18.9173 -13.6806 -14.7503
1.2579 17.1642 -4.8650 -359.1520 33.6265 369.0680 0.0000 0.0000 0.0000 -13.9312 -2.2125 -49.6224 7.2119 15.5078 49.6713 0.1798 -13.2083 -11.3879 0.6587 -5.1911 -14.4545 0.0000 0.0000 0.0000 3.9893 11.8001 -45.1133 -7.7179 -15.9078 51.5401 -0.6761 -1.5273 -16.1586 -0.0003 -0.1122 0.3082 -3.7469 1.5524 21.9632 -0.7496 1.7049 12.6153 0.9807 0.8373 1.4579 -6.1217 2.9114 -5.6431 1.2133 5.0220 26.7394 1.9385 1.9561 9.1288 0.0000 0.0000 0.0000 -77.1426 7.6200 64.0340 24.7930 -35.9917 -8.1680 -0.0000 -0.0000 1.1209 33.4338 13.2950 8.6332 -7.1250 0.0000 -0.0000 5.7316 45.7106 0.1009 0.0000 0.0000 0.0000 78.5630 -6.5359 66.7007 -22.3110 33.3267 -6.7559 0.0000 0.0000 1.7443 -53.0073 10.9650 -14.1701 7.1250 -0.0000 -0.0000 -17.2591 -12.6952 -13.6948
1.2045 17.0796 -4.9337 -359.3770 33.8446 367.6830 0.0000 0.0000 0.0000 -13.7502 -1.7265 -49.3810 7.5031 15.7414 50.7526 0.1527 -13.4918 -11.2522 0.6856 -5.2937 -14.7483 0.0000 0.0000 0.0000 4.3298 11.3170 -45.1866 -8.1813 -16.2510 53.2130 -0.6317 -1.3626 -15.5680 -0.0043 -0.4240 1.1651 -3.9969 1.6126 21.9687 -0.5599 1.7471 12.6699 1.3165 0.8379 1.5056 -6.4458 2.5385 -5.9669 1.3537 4.5213 26.3071 1.9958 1.7169 9.0462 0.0000 0.0000 0.0000 -76.5428 8.3949 64.7215 25.6945 -36.9054 -8.7035 -0.0000 -0.0000 0.2271 32.7208 11.6765 7.4088 -7.1250 0.0000 -0.0000 5.0994 43.7221 -0.1613 0.0000 0.0000 0.0000 78.6439 -7.8349 66.3455 -22.8659 33.9418 -7.0633 0.0000 -0.0000 -1.0137 -53.2205 11.2907 -14.6767 7.1250 -0.0000 -0.0000 -17.3012 -12.1338 -13.9447
1.1488 16.9924 -5.0093 -359.9210 34.1922 366.1030 0.0000 0.0000 0.0000 -13.1204 -1.6666 -49.0409 7.8005 15.9705 51.8409 0.1513 -13.4995 -11.2407 0.6922 -5.3187 -14.8197 0.0000 0.0000 0.0000 4.8257 10.9415 -45.1973 -8.6386 -16.5694 54.8316 -0.5947 -1.2969 -15.0936 -0.0065 -0.5226 1.4359 -3.7576 1.6656 22.0512 -0.3646 1.8588 12.6527 1.3653 0.9015 1.4374 -6.6375 2.0860 -6.2025 1.5413 3.8794 25.9013 2.0329 1.4302 8.9663 -0.0000 -0.0000 0.0000 -75.7037 9.3676 65.4825 27.0980 -38.2725 -9.5598 -0.0000 0.0000 -1.0474 31.7289 11.1644 6.8270 -7.1250 0.0000 -0.0000 4.1981 43.0048 -0.2071 -0.0000 -0.0000 0.0000 78.6435 -8.9522 66.5632 -23.6129 34.7522 -7.4848 0.0000 -0.0000 -5.2444 -53.9598 10.4295 -13.9712 7.1250 -0.0000 -0.0000 -17.9834 -13.1883 -14.1359
1.0766 16.9384 -5.0673 -360.0600 34.7968 364.2740 0.0000 0.0000 0.0000 -13.0188 -1.2296 -48.0152 8.0079 16.1251 52.5912 0.0929 -13.9391 -10.8590 0.6547 -5.1755 -14.4098 0.0000 0.0000 0.0000 5.0932 10.2659 -44.6052 -9.1357 -16.8942 56.5581 -0.5616 -1.1368 -14.6126 -0.0057 -0.4866 1.3371 -4.0511 1.7759 22.3680 -0.2088 1.9539 12.7645 1.6723 0.9331 1.3941 -6.6121 1.6327 -6.2422 1.8563 3.1599 25.4921 2.0655 1.1399 8.8541 -0.0000 0.0000 0.0000 -74.9636 8.9946 66.3710 27.8391 -38.9677 -10.0223 -0.0000 0.0000 -3.9383 28.4971 11.2180 6.0289 -7.1250 0.0000 -0.0000 1.2446 42.6935 -0.0708 -0.0000 0.0000 0.0000 78.7608 -10.4648 66.5128 -24.9825 36.1861 -8.2796 0.0000 -0.0000 -9.5995 -53.4782 9.4497 -12.5004 7.1250 -0.0000 -0.0000 -17.9594 -14.8426 -13.4481
1.0213 16.8389 -5.1593 -360.2500 34.6476 362.9380 0.0000 0.0000 0.0000 -12.7710 -0.8835 -47.8710 8.3613 16.3786 53.8537 0.0943 -13.9724 -10.8963 0.6314 -5.0845 -14.1497 0.0000 0.0000 0.0000 5.0003 10.0185 -45.1752 -9.7446 -17.2637 58.6313 -0.4573 -0.8486 -13.1096 -0.0000 -0.0015 0.0041 -3.7087 1.7832 22.5934 -0.4920 1.9919 12.4840 1.1568 0.9876 0.9847 -6.6660 1.4146 -6.1808 2.3817 2.7271 25.2276 2.2091 0.9909 8.7565 0.0000 0.0000 0.0000 -73.6250 10.1329 66.6927 29.7319 -40.6625 -11.2345 -0.0000 0.0000 -5.6076 26.0728 11.1854 5.4221 -7.1250 0.0000 -0.0000 -0.9465 42.3930 0.0609 0.0000 0.0000 0.0000 78.9145 -12.2568 66.2493 -26.7206 37.9115 -9.3270 0.0000 -0.0000 -14.5039 -51.9945 9.7628 -12.2432 7.1250 -0.0000 -0.0000 -16.9534 -14.8077 -12.6323
0.9776 16.7345 -5.2596 -360.2840 34.5768 361.8150 0.0000 0.0000 0.0000 -12.7770 -0.4550 -47.9083 8.7056 16.6145 55.0664 0.0798 -14.2802 -10.9317 0.6386 -5.1128 -14.2305 0.0000 0.0000 0.0000 4.5873 9.5829 -45.8726 -10.3216 -17.5868 60.5579 -0.3743 -0.1020 -11.5956 -0.0002 -0.0887 0.2438 -3.6654 1.7440 22.1233 -0.5303 1.9697 12.5079 1.1091 0.9755 1.2429 -6.6962 1.1725 -6.3457 2.3844 2.3939 24.8959 2.1818 0.8382 8.6888 -0.0000 0.0000 0.0000 -72.6580 10.8426 67.5863 31.6457 -42.2629 -12.5019 -0.0000 0.0000 -6.3305 25.4501 12.2943 5.7864 -7.1250 0.0000 -0.0000 -1.6381 43.5428 0.0589 -0.0000 0.0000 0.0000 78.5734 -13.3467 66.1083 -28.3751 39.4593 -10.3612 0.0000 -0.0000 -18.1004 -50.8243 9.8525 -11.8590 7.1250 -0.0000 -0.0000 -16.1955 -15.0031 -11.9456
0.9263 16.6589 -5.3513 -360.8960 34.8508 359.7690 0.0000 0.0000 0.0000 -12.2009 -0.1286 -47.0633 8.9850 16.7981 56.0383 0.0497 -14.5334 -10.7648 0.6331 -5.0910 -14.1684 0.0000 0.0000 0.0000 4.9850 8.9510 -45.4176 -10.7626 -17.8169 62.0082 -0.2843 0.1624 -10.0148 -0.0016 0.2551 -0.7009 -3.0462 1.4848 22.1976 -0.4811 1.7542 12.5830 0.8562 0.9000 1.3066 -6.6978 1.0137 -6.3331 2.4801 2.1470 24.7968 2.1910 0.7338 8.6625 -0.0000 0.0000 0.0000 -71.7838 11.6648 68.3499 33.1486 -43.4439 -13.5241 -0.0000 0.0000 -8.2089 25.1229 11.2475 5.2259 -7.1250 0.0000 -0.0000 -1.8087 42.3609 0.1178 -0.0000 0.0000 0.0000 77.8075 -14.2916 66.6485 -30.0870 40.9678 -11.4666 0.0000 -0.0000 -20.3781 -48.8276 8.6440 -9.7509 7.1250 -0.0000 -0.0000 -15.2098 -17.2410 -10.3931
0.8635 16.5656 -5.4251 -360.7620 34.4678 358.3110 0.0000 0.0000 0.0000 -12.1893 0.7078 -46.5164 9.2876 16.9892 57.0794 0.0083 -14.8320 -10.5081 0.5797 -4.8753 -13.5534 0.0000 0.0000 0.0000 4.7900 8.8804 -45.2985 -11.2183 -18.0402 63.4884 -0.2048 0.2731 -8.4543 -0.0229 0.9773 -2.6864 -3.6628 1.7415 21.8180 -0.3939 1.9941 12.6758 1.2595 0.9788 1.5731 -6.5754 0.8667 -6.2210 2.4134 1.9258 24.5796 2.1228 0.6389 8.5800 0.0000 0.0000 0.0000 -71.0539 12.3256 69.0787 34.8416 -44.6987 -14.7018 -0.0000 0.0000 -10.8063 23.6829 11.6486 5.0609 -7.1250 0.0000 -0.0000 -3.1554 42.6447 0.1836 0.0000 0.0000 0.0000 77.2400 -15.2191 66.8745 -31.7204 42.3232 -12.5522 0.0000 -0.0000 -22.3801 -47.1635 8.2426 -8.7896 7.1250 -0.0000 -0.0000 -14.2050 -18.1539 -9.3645
0.8064 16.4650 -5.5182 -360.8420 33.9531 356.7660 0.0000 0.0000 0.0000 -11.9438 1.4420 -45.9800 9.5791 17.1662 58.0720 -0.0530 -14.9037 -9.8620 0.4348 -4.2315 -11.7289 0.0000 0.0000 0.0000 4.8196 8.8332 -45.3836 -11.6696 -18.2475 64.9378 -0.1480 0.1424 -7.2169 -0.0289 1.0979 -3.0182 -3.7852 1.7882 21.6415 -0.3426 2.0421 12.7609 1.3799 0.9896 1.7481 -6.8229 0.8411 -6.6408 2.4609 1.9464 24.7189 2.1904 0.6273 8.7030 0.0000 0.0000 0.0000 -70.6319 13.0005 69.5311 36.2510 -45.6851 -15.7019 -0.0000 0.0000 -12.6899 23.0253 11.8461 4.9861 -7.1250 0.0000 -0.0000 -3.7753 42.7875 0.2064 0.0000 0.0000 0.0000 76.2049 -15.7955 67.7060 -33.6950 43.8575 -13.9013 0.0000 -0.0000 -25.3319 -46.9966 8.0989 -8.5902 7.1250 -0.0000 -0.0000 -14.1256 -18.3866 -9.2336
0.7502 16.3959 -5.6101 -360.7180 33.4671 355.0410 0.0000 0.0000 0.0000 -11.9431 2.1460 -44.8266 9.7362 17.2588 58.6029 -0.1629 -14.3315 -8.0390 0.1713 -2.6662 -7.3509 0.0000 0.0000 0.0000 4.8647 8.8801 -44.7016 -12.0308 -18.4036 66.0863 -0.1007 -0.3062 -6.1134 -0.0220 0.9575 -2.6319 -3.8597 1.8526 21.7881 -0.4337 2.1041 12.7885 1.3089 1.0211 1.7063 -6.8268 0.8514 -6.5390 2.6388 1.9110 24.7270 2.2472 0.6276 8.6848 -0.0000 0.0000 0.0000 -70.1023 14.0021 69.6808 37.7645 -46.6882 -16.7940 -0.0000 0.0000 -14.7510 22.6633 10.9517 4.5357 -7.1250 0.0000 -0.0000 -3.9718 41.7899 0.3151 -0.0000 0.0000 0.0000 75.4509 -16.5021 68.2965 -35.5296 45.1866 -15.1879 0.0000 -0.0000 -27.1359 -45.9421 8.8999 -9.0836 7.1250 -0.0000 -0.0000 -13.2499 -17.4859 -8.8986
0.6880 16.3436 -5.7076 -360.4930 33.3454 353.2660 0.0000 0.0000 0.0000 -12.0748 2.4228 -43.3547 9.8101 17.3017 58.8518 -0.3106 -13.9363 -5.4643 0.0461 -1.3861 -3.8119 0.0000 0.0000 0.0000 4.7765 8.5767 -43.9905 -12.3819 -18.5474 67.1942 -0.0550 -0.7787 -4.7895 -0.0162 0.8221 -2.2596 -4.2069 1.8063 21.9558 -0.3857 1.9862 12.9261 1.5776 0.9408 1.7776 -6.7134 0.9865 -6.3609 2.4444 2.1079 24.6114 2.1746 0.7125 8.6063 -0.0000 0.0000 0.0000 -69.8017 15.1286 70.2611 39.5547 -47.8038 -18.1086 -0.0000 0.0000 -15.6472 23.3905 12.3446 5.2833 -7.1250 0.0000 -0.0000 -3.5190 43.3637 0.1423 -0.0000 0.0000 0.0000 74.5735 -17.0869 68.8018 -37.4006 46.4522 -16.5298 0.0000 -0.0000 -28.1961 -45.1401 8.0729 -8.0327 7.1250 -0.0000 -0.0000 -12.8837 -18.7617 -8.2663
0.6334 16.2656 -5.8118 -357.5580 33.3637 352.4280 0.0000 0.0000 0.0000 -14.7452 2.5233 -41.1071 9.9080 17.3578 59.1804 -0.2772 -12.8115 -4.7401 0.0044 0.4297 1.1806 0.0000 0.0000 0.0000 2.0171 7.8818 -43.1311 -12.9146 -18.7511 68.8600 -0.0042 -0.8256 -1.8032 -0.0795 -1.8189 5.0054 -6.4750 2.0531 22.7288 -0.9724 1.8738 13.2143 2.2347 0.7881 1.7389 -6.8525 0.9945 -6.3993 2.5848 2.1048 24.5629 2.2448 0.7122 8.5930 -0.0000 0.0000 0.0000 -69.6231 15.9791 70.1185 41.0413 -48.6749 -19.2176 -0.0000 0.0000 -17.7358 22.9291 12.5127 5.2365 -7.1250 0.0000 -0.0000 -3.9633 43.4927 0.1477 -0.0000 0.0000 0.0000 73.8094 -17.5737 68.8350 -39.3359 47.6715 -17.9467 0.0000 -0.0000 -29.1553 -44.4842 8.0727 -7.8529 7.1250 -0.0000 -0.0000 -12.4392 -18.8746 -7.9348
0.5624 16.1078 -5.9116 -358.9290 32.3304 350.1720 0.0000 0.0000 0.0000 -13.0706 3.1409 -41.5103 10.5616 17.7138 61.3493 -0.2259 -11.9126 -4.6712 0.1564 -2.5480 -7.0227 0.0000 0.0000 0.0000 3.4235 8.6608 -43.5554 -13.5715 -18.9789 70.8916 0.0079 -1.5843 -0.7687 -0.0162 -0.8225 2.2605 -5.4121 1.9924 23.0315 -0.7492 1.9522 13.1121 1.8504 0.8802 1.4677 -6.7342 1.1118 -6.1774 2.7554 2.1906 24.5857 2.2871 0.7782 8.5517 0.0000 -0.0000 0.0000 -69.4280 17.2775 69.1799 43.2250 -49.8687 -20.8726 -0.0000 0.0000 -24.3613 20.0262 14.8881 5.3501 -7.1250 0.0000 -0.0000 -7.0720 45.6593 -0.1157 0.0000 -0.0000 0.0000 73.0260 -18.1221 68.9006 -41.5159 48.9428 -19.5748 0.0000 -0.0000 -30.4323 -43.4900 8.3838 -7.8748 7.1250 -0.0000 -0.0000 -11.7031 -18.6264 -7.5102
0.4760 16.0650 -6.0326 -360.0140 31.2832 348.3440 0.0000 0.0000 0.0000 -11.0661 3.4154 -41.4739 11.0963 17.9819 63.0941 -0.2994 -11.4441 -2.3835 0.0208 0.9302 2.5569 0.0000 0.0000 0.0000 4.6371 10.0172 -43.7980 -13.9790 -19.1077 72.1404 0.0407 -3.8453 0.1075 -0.0018 -0.2735 0.7514 -4.5329 1.9138 23.2002 -0.5529 1.9789 12.8704 1.5509 0.9353 1.1143 -6.7595 1.2181 -6.0561 2.7528 2.3328 24.6665 2.3024 0.8402 8.5494 -0.0000 0.0000 0.0000 -69.2870 18.9454 68.7812 45.1343 -50.8341 -22.3428 -0.0000 0.0000 -29.1815 18.2722 16.4083 5.3285 -7.1250 0.0000 -0.0000 -9.0749 47.0034 -0.4522 -0.0000 0.0000 0.0000 72.5872 -18.9044 68.4695 -43.7164 50.1239 -21.2490 0.0000 -0.0000 -32.2422 -41.2607 7.0796 -6.1712 7.1250 -0.0000 -0.0000 -10.3962 -20.6656 -6.1590
0.4136 15.9619 -6.1079 -360.6760 30.5215 346.5410 0.0000 0.0000 0.0000 -9.7517 4.0687 -41.5774 11.6734 18.2492 64.9499 -0.3021 -10.7242 -0.9757 0.0283 1.0859 2.9853 0.0000 0.0000 0.0000 5.4999 10.1978 -44.8247 -14.8748 -19.3582 74.8592 0.1035 -6.1437 0.2115 -0.0017 0.2641 -0.7257 -3.7751 1.7413 23.4887 -0.5398 1.8724 12.7476 1.1508 0.9227 0.8524 -6.7465 1.3521 -6.0174 2.9545 2.4667 24.8162 2.3822 0.9202 8.5816 -0.0000 0.0000 0.0000 -68.8678 20.7806 68.4286 47.0384 -51.7289 -23.8285 -0.0000 0.0000 -34.0250 15.9668 17.9753 5.0460 -7.1250 0.0000 -0.0000 -11.6986 48.2741 -0.9570 -0.0000 0.0000 0.0000 72.7909 -19.6900 67.1963 -45.3914 50.9588 -22.5424 0.0000 -0.0000 -35.4339 -38.6641 6.2042 -4.9422 7.1250 -0.0000 -0.0000 -8.6912 -22.0844 -4.8405
0.3697 15.9324 -6.1650 -359.0830 30.6991 345.3700 0.0000 0.0000 0.0000 -10.9823 4.3328 -40.1550 11.8780 18.3386 65.6015 -0.2649 -9.5024 0.4938 0.0259 1.0387 2.8554 0.0000 0.0000 0.0000 4.1881 9.3709 -45.2404 -16.0168 -19.6153 78.2818 0.2290 -8.6202 -1.3394 -0.0241 1.0016 -2.7533 -5.0412 1.7151 23.8117 -0.9284 1.5815 12.9226 1.5092 0.7281 0.9109 -6.5666 1.3838 -5.9279 2.8486 2.5018 24.9262 2.3197 0.9398 8.6050 0.0000 -0.0000 0.0000 -68.7404 22.2816 68.2201 47.6378 -51.9972 -24.3000 -0.0000 0.0000 -37.0026 14.2519 18.2269 4.5425 -7.1250 0.0000 -0.0000 -13.3906 48.2804 -1.1020 0.0000 -0.0000 0.0000 73.1892 -20.5116 65.5907 -46.7943 51.6178 -23.6371 0.0000 -0.0000 -40.0819 -35.6792 4.7206 -3.3817 7.1250 -0.0000 -0.0000 -6.7066 -24.1791 -3.3936
0.3253 15.9008 -6.2154 -359.0880 30.7525 343.9390 0.0000 0.0000 0.0000 -10.6397 4.1197 -39.3852 12.1327 18.4462 66.4089 -0.2201 -8.3734 1.7725 0.0347 1.2024 3.3059 0.0000 0.0000 0.0000 4.3413 8.7849 -46.4555 -17.4277 -19.8406 82.4598 0.3439 -10.4192 -2.3729 -0.0021 0.2932 -0.8056 -4.9266 1.5085 24.0202 -0.8673 1.3240 12.8923 1.5643 0.6050 0.7913 -6.9967 1.4058 -5.8491 3.3453 2.4613 24.5867 2.5481 0.9350 8.4601 0.0000 -0.0000 0.0000 -68.5439 23.5222 68.8212 47.6332 -51.9952 -24.2964 -0.0000 0.0000 -38.6554 12.3695 18.6202 4.0055 -7.1250 0.0000 -0.0000 -15.2881 48.3998 -1.3105 0.0000 -0.0000 0.0000 73.5898 -21.3285 64.4466 -47.6720 52.0123 -24.3269 0.0000 -0.0000 -43.5183 -34.5342 3.0182 -2.0752 7.1250 -0.0000 -0.0000 -6.0216 -26.3091 -2.7432
0.2948 15.8756 -6.2780 -359.0790 30.5752 342.7060 0.0000 0.0000 0.0000 -10.2856 4.0587 -38.7069 12.3425 18.5317 67.0703 -0.1876 -7.6544 2.8048 0.0256 1.0324 2.8380 0.0000 0.0000 0.0000 4.3749 8.3734 -48.0449 -18.9776 -19.9749 87.0096 0.4583 -12.1047 -2.0685 -0.0026 0.3280 -0.9012 -4.6227 1.4155 24.2784 -0.8051 1.2483 12.8613 1.4721 0.5836 0.6362 -6.9060 1.1527 -6.1175 3.2450 2.1302 24.4144 2.4713 0.7798 8.4725 -0.0000 0.0000 0.0000 -68.3556 24.4902 69.7724 47.4882 -51.9308 -24.1822 -0.0000 0.0000 -39.9357 11.3080 19.2401 3.7700 -7.1250 0.0000 -0.0000 -16.5150 48.8498 -1.6082 -0.0000 0.0000 0.0000 74.1542 -22.1897 63.3589 -48.3622 52.3132 -24.8720 0.0000 -0.0000 -45.6437 -34.9414 2.6454 -1.8470 7.1250 -0.0000 -0.0000 -6.3638 -26.7417 -2.8360
0.2818 15.8493 -6.3475 -358.8970 30.7301 341.8040 0.0000 0.0000 0.0000 -10.4094 3.5711 -38.0294 12.4567 18.5771 67.4294 -0.1651 -7.2378 3.5935 0.0003 -0.1118 -0.3073 0.0000 0.0000 0.0000 3.7867 7.6098 -50.2403 -20.6710 -19.9892 91.9623 0.5365 -13.1702 -1.7732 -0.0000 -0.0086 0.0237 -4.4196 1.2854 24.4433 -0.6703 1.1174 12.8529 1.5302 0.5259 0.5530 -6.9279 0.8812 -6.5411 2.9349 1.8359 23.7107 2.3360 0.6193 8.3334 0.0000 -0.0000 0.0000 -68.5938 25.2334 70.6774 47.4829 -51.9285 -24.1780 -0.0000 0.0000 -40.9139 11.3015 19.3083 3.7806 -7.1250 0.0000 -0.0000 -16.5481 48.9149 -1.6387 0.0000 -0.0000 0.0000 74.1190 -23.0008 62.9664 -49.2771 52.6997 -25.5980 0.0000 -0.0000 -47.4178 -34.5653 1.7004 -1.1712 7.1250 -0.0000 -0.0000 -6.1607 -27.8975 -2.5759
0.2748 15.8360 -6.4165 -358.9100 30.7670 340.8040 0.0000 0.0000 0.0000 -10.2806 3.0167 -37.1882 12.5704 18.6215 67.7859 -0.1293 -6.6134 4.3425 0.0044 0.4301 1.1819 0.0000 0.0000 0.0000 3.5114 7.0439 -51.9851 -22.2559 -19.8775 96.6086 0.6675 -14.7165 -1.7002 -0.0023 -0.3083 0.8471 -3.9034 1.1008 24.5455 -0.6634 0.9844 12.8929 1.2751 0.4864 0.5551 -6.7737 0.8514 -6.6417 3.3103 1.6659 22.6355 2.4006 0.6012 7.9908 -0.0000 0.0000 0.0000 -69.0257 25.9065 70.5028 48.2552 -52.2671 -24.7875 -0.0000 0.0000 -43.0407 11.3168 20.4565 4.0009 -7.1250 0.0000 -0.0000 -17.0070 50.0258 -2.1621 -0.0000 0.0000 0.0000 74.2080 -23.8382 63.1579 -50.3153 53.1219 -26.4262 0.0000 -0.0000 -48.7959 -35.1024 2.7632 -1.9407 7.1250 -0.0000 -0.0000 -6.4746 -26.5920 -2.9088
0.2738 15.8019 -6.4833 -358.9400 30.7933 339.8670 0.0000 0.0000 0.0000 -10.3227 2.8872 -36.7123 12.6815 18.6641 68.1334 -0.1007 -6.1063 4.7789 0.0032 -0.3652 -1.0036 0.0000 0.0000 0.0000 3.2283 5.7349 -54.0881 -23.8240 -19.6457 101.2443 0.7324 -15.6579 -0.8268 -0.0330 -1.1721 3.2226 -3.6600 1.0934 24.8238 -0.3361 1.0235 12.8999 1.4773 0.5095 0.4236 -7.5977 0.5781 -6.6113 4.3930 1.1578 21.2704 2.8298 0.4084 7.5407 -0.0000 0.0000 0.0000 -70.2043 26.2009 69.6602 48.6869 -52.4520 -25.1293 -0.0000 0.0000 -42.8615 16.1718 18.8022 5.3397 -7.1250 0.0000 -0.0000 -11.7790 49.1350 -1.2164 -0.0000 0.0000 0.0000 73.9463 -24.5008 63.2151 -51.2739 53.4965 -27.1948 0.0000 -0.0000 -47.0336 -35.2774 1.4669 -1.0375 7.1250 -0.0000 -0.0000 -6.7282 -28.1602 -2.7741
0.2638 15.7931 -6.5443 -358.8230 30.6913 339.1310 0.0000 0.0000 0.0000 -10.3948 3.1086 -36.3369 12.7579 18.6930 68.3720 -0.0610 -5.4523 5.4516 0.0030 -0.3514 -0.9656 0.0000 0.0000 0.0000 2.9251 4.7912 -55.9464 -25.2612 -19.3230 105.5513 0.9096 -17.4413 -0.7569 -0.1523 -2.5150 6.9311 -3.5212 1.1986 24.7529 -0.1721 1.1992 12.9693 1.5355 0.5979 0.5232 -7.5224 0.4262 -6.4883 4.8767 0.8246 19.9853 2.9229 0.3089 7.1129 -0.0000 0.0000 0.0000 -70.8604 26.0026 69.2291 48.6183 -52.4228 -25.0749 -0.0000 0.0000 -43.3555 18.7435 16.8493 5.6173 -7.1250 0.0000 -0.0000 -8.7528 47.5216 -0.5486 -0.0000 0.0000 0.0000 73.9876 -24.7732 63.8382 -51.8745 53.7241 -27.6783 0.0000 -0.0000 -45.8317 -37.6772 4.2846 -3.3020 7.1250 -0.0000 -0.0000 -8.2298 -24.5736 -4.1024
0.2519 15.7851 -6.6144 -359.1890 30.6195 338.1450 0.0000 0.0000 0.0000 -9.9053 3.0366 -36.0276 12.8667 18.7335 68.7110 0.0016 -4.6885 6.7486 0.0012 -0.2200 -0.6044 0.0000 0.0000 0.0000 3.0898 3.6394 -57.6244 -26.5521 -18.9380 109.4890 0.9476 -18.2126 0.4252 -0.0702 -1.7098 4.7043 -2.8463 1.1431 24.9996 0.0707 1.2718 13.0143 1.3939 0.6630 0.4518 -7.6457 0.2608 -6.8815 5.3246 0.5560 19.1554 3.0569 0.2182 6.9270 0.0000 -0.0000 0.0000 -71.7860 26.0820 68.0404 49.5927 -52.8299 -25.8492 -0.0000 0.0000 -43.6402 20.3450 17.0489 6.2046 -7.1250 0.0000 -0.0000 -7.2931 47.9558 -0.5345 0.0000 -0.0000 0.0000 74.0619 -24.6732 64.4556 -52.1722 53.8349 -27.9185 0.0000 -0.0000 -43.4994 -39.3847 3.7880 -3.1045 7.1250 -0.0000 -0.0000 -9.5545 -25.0774 -4.6661
0.2318 15.7844 -6.6772 -361.0890 30.0721 335.9960 0.0000 0.0000 0.0000 -7.6611 2.8303 -35.4186 13.0570 18.8026 69.3024 0.0887 -4.2872 8.7852 0.0098 0.6409 1.7611 0.0000 0.0000 0.0000 5.1517 2.6699 -58.4683 -27.6474 -18.5358 112.8977 1.0554 -19.1943 0.4785 -0.0681 -1.6832 4.6310 -0.7990 0.9719 25.6321 0.6282 1.5020 13.0627 0.7663 0.8672 0.2136 -7.3844 0.0447 -6.6984 5.6191 0.1662 17.9660 3.0558 0.0783 6.5373 -0.0000 0.0000 0.0000 -71.7442 25.9790 68.3421 49.9779 -52.9866 -26.1565 -0.0000 0.0000 -44.0493 21.7689 15.8648 6.2302 -7.1250 0.0000 -0.0000 -5.6639 46.9153 -0.2685 -0.0000 0.0000 0.0000 74.4027 -24.9092 65.1856 -52.1945 53.8431 -27.9365 0.0000 -0.0000 -41.1191 -42.6607 3.9336 -3.6172 7.1250 -0.0000 -0.0000 -11.9311 -24.6350 -5.9967
