HIERARCHY
ROOT Hips
{
	OFFSET 0.00000 0.00000 0.00000
	CHANNELS 6 Xposition Yposition Zposition Zrotation Yrotation Xrotation 
	JOINT LHipJoint
	{
		OFFSET 0 0 0
		CHANNELS 3 Zrotation Yrotation Xrotation
		JOINT LeftUpLeg
		{
			OFFSET 1.37959 -1.78713 0.86582
			CHANNELS 3 Zrotation Yrotation Xrotation
			JOINT LeftLeg
			{
				OFFSET 2.54611 -6.99539 0.00000
				CHANNELS 3 Zrotation Yrotation Xrotation
				JOINT LeftFoot
				{
					OFFSET 2.59951 -7.14211 0.00000
					CHANNELS 3 Zrotation Yrotation Xrotation
					JOINT LeftToeBase
					{
						OFFSET 0.18493 -0.50810 1.96120
						CHANNELS 3 Zrotation Yrotation Xrotation
						End Site
						{
							OFFSET 0.00000 -0.00000 1.02054
						}
					}
				}
			}
		}
	}
	JOINT RHipJoint
	{
		OFFSET 0 0 0
		CHANNELS 3 Zrotation Yrotation Xrotation
		JOINT RightUpLeg
		{
			OFFSET -1.33564 -1.78713 0.86582
			CHANNELS 3 Zrotation Yrotation Xrotation
			JOINT RightLeg
			{
				OFFSET -2.52705 -6.94302 0.00000
				CHANNELS 3 Zrotation Yrotation Xrotation
				JOINT RightFoot
				{
					OFFSET -2.55964 -7.03257 0.00000
					CHANNELS 3 Zrotation Yrotation Xrotation
					JOINT RightToeBase
					{
						OFFSET -0.25804 -0.70896 2.12109
						CHANNELS 3 Zrotation Yrotation Xrotation
						End Site
						{
							OFFSET -0.00000 -0.00000 1.11821
						}
					}
				}
			}
		}
	}
	JOINT LowerBack
	{
		OFFSET 0 0 0
		CHANNELS 3 Zrotation Yrotation Xrotation
		JOINT Spine
		{
			OFFSET -0.02031 2.24248 -0.18900
			CHANNELS 3 Zrotation Yrotation Xrotation
			JOINT Spine1
			{
				OFFSET 0.08342 2.24689 -0.03799
				CHANNELS 3 Zrotation Yrotation Xrotation
				JOINT Neck
				{
					OFFSET 0 0 0
					CHANNELS 3 Zrotation Yrotation Xrotation
					JOINT Neck1
					{
						OFFSET -0.11607 1.55844 0.24628
						CHANNELS 3 Zrotation Yrotation Xrotation
						JOINT Head
						{
							OFFSET 0.06877 1.60174 -0.17013
							CHANNELS 3 Zrotation Yrotation Xrotation
							End Site
							{
								OFFSET 0.03358 1.61266 -0.08543
							}
						}
					}
				}
				JOINT LeftShoulder
				{
					OFFSET 0 0 0
					CHANNELS 3 Zrotation Yrotation Xrotation
					JOINT LeftArm
					{
						OFFSET 3.47537 0.55866 -0.72348
						CHANNELS 3 Zrotation Yrotation Xrotation
						JOINT LeftForeArm
						{
							OFFSET 5.38154 -0.00000 0.00000
							CHANNELS 3 Zrotation Yrotation Xrotation
							JOINT LeftHand
							{
								OFFSET 3.33312 -0.00000 0.00000
								CHANNELS 3 Zrotation Yrotation Xrotation
								JOINT LeftFingerBase
								{
									OFFSET 0 0 0
									CHANNELS 3 Zrotation Yrotation Xrotation
									JOINT LeftHandIndex1
									{
										OFFSET 0.71079 -0.00000 0.00000
										CHANNELS 3 Zrotation Yrotation Xrotation
										End Site
										{
											OFFSET 0.57306 -0.00000 0.00000
										}
									}
								}
								JOINT LThumb
								{
									OFFSET 0 0 0
									CHANNELS 3 Zrotation Yrotation Xrotation
									End Site
									{
										OFFSET 0.58181 -0.00000 0.58181
									}
								}
							}
						}
					}
				}
				JOINT RightShoulder
				{
					OFFSET 0 0 0
					CHANNELS 3 Zrotation Yrotation Xrotation
					JOINT RightArm
					{
						OFFSET -3.27844 0.90739 -0.35708
						CHANNELS 3 Zrotation Yrotation Xrotation
						JOINT RightForeArm
						{
							OFFSET -5.16954 -0.00000 0.00000
							CHANNELS 3 Zrotation Yrotation Xrotation
							JOINT RightHand
							{
								OFFSET -3.38287 -0.00000 0.00000
								CHANNELS 3 Zrotation Yrotation Xrotation
								JOINT RightFingerBase
								{
									OFFSET 0 0 0
									CHANNELS 3 Zrotation Yrotation Xrotation
									JOINT RightHandIndex1
									{
										OFFSET -0.81797 -0.00000 0.00000
										CHANNELS 3 Zrotation Yrotation Xrotation
										End Site
										{
											OFFSET -0.65947 -0.00000 0.00000
										}
									}
								}
								JOINT RThumb
								{
									OFFSET 0 0 0
									CHANNELS 3 Zrotation Yrotation Xrotation
									End Site
									{
										OFFSET -0.66953 -0.00000 0.66953
									}
								}
							}
						}
					}
				}
			}
		}
	}
}
MOTION
Frames: 400
Frame Time: 0.033333
6.5018 18.0911 12.0689 0 0 0 0 0 0 -21 0 0 0 0 0 0 0 0 0 0 0 0 0 0 21 0 0 0 0 0 0 0 0 0 0 0 0 0 0 0 0 0 0 0 0 0 0 -16 0 0 21 0 0 11 0 0 0 -8 0 0 0 0 0 0 0 0 0 0 0 0 0 0 0 0 0 0 0 0 8 0 0 0 0 0 0 0 0 0 0 0 0 0 0 0 0 0
6.5000 18.0799 12.0775 178.7830 -11.8133 -175.6650 0.0000 0.0000 0.0000 -26.8835 1.4114 -9.2139 1.2857 7.1850 20.2646 0.5118 -3.2532 -12.7934 0.0393 1.2802 3.5201 0.0000 0.0000 0.0000 6.2919 8.6645 -6.6067 -0.6445 -5.1356 14.2958 0.0007 -5.8444 -8.3180 -0.1641 2.6095 -7.1934 -6.5190 1.4736 1.9974 -0.3926 1.8054 2.8216 3.2315 0.7358 1.6012 -12.9883 -7.3361 -5.8142 12.4958 -11.4524 16.3162 5.1739 -5.6618 7.3991 0.0000 -0.0000 0.0000 -86.6778 -1.9383 7.3504 16.0451 -25.5818 -3.6654 -0.0000 -0.0000 10.2844 -2.4358 38.4770 -1.5161 -7.1250 0.0000 -0.0000 -45.1007 62.6368 -21.5672 0.0000 -0.0000 0.0000 87.6310 0.0091 21.6401 -24.2060 35.3813 -7.8255 0.0000 -0.0000 -28.0777 -13.8761 17.6927 -4.2935 7.1250 -0.0000 -0.0000 9.2815 -11.9691 7.2530
6.5099 18.0819 12.0797 178.9130 -11.4822 -175.8790 0.0000 0.0000 0.0000 -26.7059 1.7526 -9.2856 1.3094 7.2486 20.4540 0.5229 -3.2732 -12.9327 0.0356 1.2176 3.3477 0.0000 0.0000 0.0000 6.5022 8.8592 -6.3041 -0.6279 -5.0704 14.1095 0.0059 -5.9141 -8.2697 -0.1356 2.3731 -6.5380 -6.6907 1.3342 2.3831 -0.1302 1.5855 2.8374 3.5935 0.6262 1.4135 -14.4317 -7.5863 -4.5348 13.2459 -11.3534 13.1456 5.7076 -5.6299 6.2884 0.0000 -0.0000 0.0000 -87.0946 -1.3596 6.8834 16.0404 -25.5754 -3.6634 -0.0000 -0.0000 10.0532 -1.8642 38.2522 -1.1544 -7.1250 0.0000 -0.0000 -44.2643 62.6256 -21.0693 0.0000 -0.0000 0.0000 87.3263 0.1611 24.0251 -29.4063 40.3790 -11.0229 0.0000 -0.0000 -32.6377 -15.0307 19.3318 -5.0798 7.1250 -0.0000 -0.0000 8.5692 -10.1915 6.9986
6.5197 18.0794 12.0831 179.0190 -11.3625 -175.6670 0.0000 0.0000 0.0000 -26.6008 1.4263 -9.4084 1.3034 7.2324 20.4058 0.5233 -2.8173 -12.9900 0.0421 1.3235 3.6395 0.0000 0.0000 0.0000 6.6153 9.1354 -6.5669 -0.6304 -5.0803 14.1377 0.0147 -6.0119 -8.1586 -0.1584 2.5646 -7.0689 -6.3389 1.1973 2.5238 -0.3558 1.3977 2.4812 3.1601 0.5671 0.9987 -13.6275 -7.9702 -5.0260 12.1387 -11.5399 12.3854 5.1744 -5.6925 6.0550 0.0000 0.0000 0.0000 -86.4007 -0.5099 7.4025 15.9107 -25.3993 -3.6076 -0.0000 -0.0000 9.7146 -2.1316 38.3681 -1.3235 -7.1250 0.0000 -0.0000 -44.6700 62.6389 -21.3182 0.0000 0.0000 0.0000 87.6635 0.6759 25.7933 -35.8974 45.4424 -15.4493 0.0000 -0.0000 -38.3095 -14.0343 20.7757 -5.0669 7.1250 -0.0000 -0.0000 9.2581 -8.8453 7.8301
6.5174 18.0718 12.0988 178.8970 -10.8864 -175.6920 0.0000 0.0000 0.0000 -26.7519 1.7875 -9.6303 1.3191 7.2741 20.5301 0.5446 -2.8852 -13.2519 0.0095 0.6282 1.7262 0.0000 0.0000 0.0000 6.3881 9.6741 -6.5432 -0.6324 -5.0882 14.1604 0.0053 -5.9185 -8.2945 -0.0596 1.5751 -4.3328 -6.4803 1.1392 2.6916 -0.2846 1.3050 2.3404 3.3105 0.5314 0.7646 -13.7839 -8.1304 -4.9239 11.4513 -11.5067 11.6126 4.9866 -5.6989 5.7644 0.0000 0.0000 0.0000 -86.4772 -0.2731 6.8918 15.6126 -24.9925 -3.4807 -0.0000 -0.0000 10.0131 -2.8474 38.4687 -1.7722 -7.1250 0.0000 -0.0000 -45.4748 62.5226 -21.6655 0.0000 0.0000 0.0000 87.0658 1.8660 27.5675 -42.9552 49.7265 -20.6666 0.0000 -0.0000 -41.5564 -17.0660 22.2343 -6.6260 7.1250 -0.0000 -0.0000 7.4094 -6.9878 6.5090
6.5064 18.0807 12.0996 178.6400 -10.5466 -175.5550 0.0000 0.0000 0.0000 -27.0904 1.8124 -9.6985 1.3110 7.2527 20.4662 0.5432 -2.7526 -13.2515 0.0291 1.1015 3.0280 0.0000 0.0000 0.0000 6.0401 9.3393 -7.1328 -0.6713 -5.2395 14.5929 -0.0161 -5.3143 -8.0665 -0.0802 1.8269 -5.0276 -6.7913 1.0338 2.4942 -0.2012 1.1774 2.2705 3.5768 0.4658 0.8103 -14.0495 -8.3799 -5.0872 11.0916 -11.6079 10.7942 4.8996 -5.7468 5.5497 -0.0000 0.0000 0.0000 -86.7208 -0.5384 6.1988 15.2366 -24.4747 -3.3233 -0.0000 -0.0000 10.7382 -2.8170 38.1042 -1.7392 -7.1250 0.0000 -0.0000 -44.9643 62.2697 -21.1021 -0.0000 0.0000 0.0000 86.3811 4.2095 29.0213 -48.4552 52.3531 -24.9457 0.0000 -0.0000 -43.2176 -17.0762 24.9667 -7.3878 7.1250 -0.0000 -0.0000 7.5938 -4.2052 7.0801
6.4954 18.0762 12.0964 178.5460 -11.3774 -175.3470 0.0000 0.0000 0.0000 -27.1549 0.2584 -9.4600 1.3597 7.3807 20.8484 0.5600 -2.1973 -13.5523 0.0407 1.3018 3.5795 0.0000 0.0000 0.0000 5.9504 8.7595 -7.1121 -0.6519 -5.1645 14.3783 -0.0079 -5.5344 -8.1304 -0.0617 1.6031 -4.4099 -6.6878 0.7630 2.2695 -0.2051 0.8405 2.1374 3.5239 0.3054 0.8378 -13.9257 -8.7914 -5.0401 10.8743 -12.0416 9.9559 4.7740 -5.9481 5.3201 -0.0000 0.0000 0.0000 -86.7550 -1.0023 5.7122 15.0003 -24.1465 -3.2261 -0.0000 -0.0000 11.4329 -2.7316 38.5636 -1.7036 -7.1250 0.0000 -0.0000 -45.4938 62.6207 -21.7805 -0.0000 0.0000 0.0000 85.6556 6.0807 29.7084 -53.8553 54.4368 -29.2826 0.0000 -0.0000 -43.5911 -20.0827 26.5737 -9.2887 7.1250 -0.0000 -0.0000 5.9200 -2.0719 5.7331
6.5052 18.0648 12.0969 179.0280 -10.9642 -175.6300 0.0000 0.0000 0.0000 -26.6126 0.8048 -9.7638 1.4211 7.5387 21.3216 0.5877 -2.4351 -13.8534 0.0286 1.0911 2.9995 0.0000 0.0000 0.0000 6.4667 8.8667 -7.3891 -0.7160 -5.4073 15.0740 -0.0362 -4.9989 -8.2272 -0.0188 0.8846 -2.4314 -6.0826 1.0932 2.4175 -0.3572 1.2775 2.0232 3.0154 0.5425 0.6025 -13.7940 -9.1152 -4.2345 11.6483 -12.5690 8.6699 4.9927 -6.1891 4.9000 0.0000 -0.0000 0.0000 -86.1890 -1.4637 6.1728 14.9163 -24.0294 -3.1918 -0.0000 -0.0000 11.3781 -2.0649 38.1959 -1.2772 -7.1250 0.0000 -0.0000 -44.3790 62.5322 -21.0390 0.0000 -0.0000 0.0000 85.3948 8.0757 29.4475 -57.0721 55.4779 -31.9165 0.0000 -0.0000 -43.9108 -20.2941 26.7076 -9.4363 7.1250 -0.0000 -0.0000 5.8076 -1.8967 5.6415
6.5156 18.0637 12.0721 179.3800 -11.2723 -175.8210 0.0000 0.0000 0.0000 -26.1465 0.9270 -9.6793 1.4445 7.5978 21.4991 0.5921 -2.7476 -13.8570 0.0470 1.3992 3.8479 0.0000 0.0000 0.0000 6.8641 8.5296 -7.5307 -0.7803 -5.6397 15.7425 -0.0934 -4.4449 -9.0632 -0.0076 -0.5644 1.5509 -5.6667 1.1015 2.5048 -0.4182 1.2913 1.7509 2.7151 0.5732 0.2808 -13.6092 -9.3973 -3.7229 11.7265 -13.0062 8.2436 4.9736 -6.4135 4.7344 0.0000 -0.0000 0.0000 -85.8749 -1.8473 6.1077 14.9990 -24.1448 -3.2256 -0.0000 -0.0000 11.1586 -1.8922 38.1123 -1.1681 -7.1250 0.0000 -0.0000 -44.1063 62.5170 -20.8663 0.0000 -0.0000 0.0000 84.8353 9.1450 29.3608 -58.3454 55.8527 -32.9680 0.0000 -0.0000 -43.2300 -21.5267 28.7116 -10.7300 7.1250 -0.0000 -0.0000 5.3129 0.3948 5.3725
6.5323 18.0481 12.0498 178.8320 -11.6020 -175.9140 0.0000 0.0000 0.0000 -26.5832 2.5011 -9.7488 1.3817 7.4380 21.0196 0.5367 -4.3935 -13.0407 0.0476 1.4085 3.8736 0.0000 0.0000 0.0000 6.4494 7.8943 -8.5684 -1.0020 -6.3700 17.8619 -0.1481 -3.8603 -9.7326 -0.0001 -0.0532 0.1463 -6.2348 1.2083 2.7987 -0.7343 1.3829 1.5694 2.6967 0.6260 -0.0838 -14.3195 -9.7925 -4.2482 12.6476 -13.6896 9.2706 5.2599 -6.7238 5.3409 0.0000 -0.0000 0.0000 -85.7287 -2.1614 6.3788 15.6254 -25.0101 -3.4861 -0.0000 -0.0000 10.1967 -2.5911 38.9245 -1.6287 -7.1250 0.0000 -0.0000 -45.8523 62.9140 -22.3035 0.0000 -0.0000 0.0000 84.0512 9.8114 29.1787 -58.4599 55.8854 -33.0628 0.0000 -0.0000 -41.5101 -22.6376 29.1837 -11.4943 7.1250 -0.0000 -0.0000 4.7270 1.1054 4.8337
6.5512 18.0277 12.0285 178.6870 -12.0600 -175.9870 0.0000 0.0000 0.0000 -26.6503 2.1600 -9.4695 1.3930 7.4669 21.1062 0.5507 -4.3470 -13.2141 0.0247 1.0145 2.7887 0.0000 0.0000 0.0000 6.5557 6.9436 -9.4332 -1.1667 -6.8565 19.2910 -0.1929 -3.6441 -10.4597 -0.0002 0.1015 -0.2788 -6.1560 1.2710 2.9351 -1.0886 1.4416 1.4277 2.2813 0.6621 -0.3017 -14.5326 -10.1810 -3.9682 13.1003 -14.3555 9.4614 5.3710 -7.0542 5.4946 0.0000 -0.0000 0.0000 -85.2158 -2.3733 7.1718 16.2650 -25.8786 -3.7609 -0.0000 -0.0000 9.8506 -2.9791 38.7414 -1.8653 -7.1250 0.0000 -0.0000 -45.9643 62.6814 -22.1226 0.0000 -0.0000 0.0000 83.8085 9.9291 28.4162 -57.4148 55.5808 -32.1991 0.0000 -0.0000 -39.2089 -22.8369 29.7202 -11.7926 7.1250 -0.0000 -0.0000 4.6861 1.7003 4.8392
6.5708 18.0335 11.9819 179.0590 -12.3123 -176.1000 0.0000 0.0000 0.0000 -26.0831 2.9530 -9.6418 1.4028 7.4920 21.1814 0.5347 -5.0645 -13.0183 0.0001 0.0756 0.2078 0.0000 0.0000 0.0000 7.3979 6.0797 -10.0952 -1.2545 -7.1006 20.0138 -0.1638 -4.3815 -10.5222 -0.0273 1.0666 -2.9320 -5.8583 1.4048 2.9762 -1.1427 1.6219 1.1603 2.0484 0.7702 -0.6062 -14.7655 -10.5888 -3.7035 13.2017 -15.0443 9.9724 5.3642 -7.4099 5.7310 0.0000 0.0000 0.0000 -85.0181 -2.2581 8.7224 16.9197 -26.7518 -4.0511 -0.0000 -0.0000 7.9098 -1.6611 38.5128 -1.0345 -7.1250 0.0000 -0.0000 -44.4207 62.8674 -21.4096 0.0000 0.0000 0.0000 83.6691 9.5037 27.7966 -54.6970 54.7227 -29.9684 0.0000 -0.0000 -34.7338 -23.8094 29.0182 -12.0815 7.1250 -0.0000 -0.0000 4.0217 1.1814 4.1138
6.5843 18.0377 11.9208 179.5820 -12.6952 -176.1840 0.0000 0.0000 0.0000 -25.3575 3.2122 -9.5956 1.4132 7.5185 21.2610 0.5435 -5.7075 -13.1519 0.0015 0.2541 0.6981 0.0000 0.0000 0.0000 8.4136 4.5870 -11.0466 -1.3678 -7.4020 20.9118 -0.1561 -5.0877 -11.0394 -0.0017 0.2696 -0.7406 -5.5325 1.2721 2.3135 -0.8919 1.5217 1.4216 2.1464 0.7034 0.0438 -15.5236 -10.7429 -4.4054 13.8505 -15.2396 10.3516 5.6178 -7.4708 6.1105 0.0000 -0.0000 0.0000 -85.5241 -2.7229 9.8648 17.7509 -27.8370 -4.4323 -0.0000 -0.0000 5.2952 2.6838 39.7694 1.7176 -7.1250 0.0000 -0.0000 -42.0286 64.9719 -22.0600 0.0000 -0.0000 0.0000 83.4425 9.4016 27.2961 -51.8937 53.7313 -27.6938 0.0000 -0.0000 -31.1259 -23.0508 29.6382 -11.8833 7.1250 -0.0000 -0.0000 4.5508 1.6610 4.6955
6.6037 18.0592 11.8648 179.5230 -12.6960 -176.0460 0.0000 0.0000 0.0000 -25.3390 2.2543 -8.7374 1.3255 7.2911 20.5806 0.5761 -4.6830 -13.5124 0.0266 1.0535 2.8961 0.0000 0.0000 0.0000 8.7015 3.6137 -12.7812 -1.6396 -8.0711 22.9301 -0.1620 -5.7801 -11.8427 -0.0001 -0.0639 0.1755 -5.6326 1.4364 2.7610 -0.9702 1.6935 0.8631 2.0979 0.8243 -0.7957 -15.6573 -10.8895 -4.0561 13.3543 -15.4499 10.6559 5.4674 -7.6146 6.1466 -0.0000 -0.0000 0.0000 -85.8005 -2.2385 9.1228 18.4737 -28.7595 -4.7750 -0.0000 -0.0000 7.2355 -0.7402 38.2023 -0.4578 -7.1250 0.0000 -0.0000 -43.1337 62.8857 -20.6819 -0.0000 -0.0000 0.0000 83.7004 7.3825 26.4146 -49.7165 52.8805 -25.9479 0.0000 -0.0000 -26.3102 -21.2603 27.3626 -10.1391 7.1250 -0.0000 -0.0000 5.3048 -1.0449 5.2297
6.6231 18.0410 11.8063 178.9070 -12.5227 -175.8690 0.0000 0.0000 0.0000 -25.9269 3.0908 -8.4651 1.2207 7.0080 19.7390 0.5370 -4.9642 -13.0437 0.0080 0.5783 1.5893 0.0000 0.0000 0.0000 8.2766 2.3164 -14.4762 -1.9163 -8.6896 24.8291 -0.2700 -4.7269 -12.7057 -0.0080 0.5771 -1.5859 -6.2163 1.6018 2.7697 -1.1877 1.8788 0.7499 2.1898 0.9185 -0.9434 -16.0852 -10.9722 -4.3571 13.6759 -15.6229 11.2040 5.5900 -7.6912 6.4576 0.0000 -0.0000 0.0000 -86.0631 -2.1407 9.5128 18.6955 -29.0385 -4.8821 -0.0000 -0.0000 6.1925 -0.2397 37.1935 -0.1449 -7.1250 0.0000 -0.0000 -41.3546 62.2678 -19.0712 0.0000 -0.0000 0.0000 83.9433 5.9122 25.8823 -46.6329 51.5438 -23.5106 0.0000 -0.0000 -23.0932 -20.2138 27.5902 -9.6776 7.1250 -0.0000 -0.0000 5.9525 -1.0056 5.8791
6.6369 18.0574 11.7512 177.5230 -12.4292 -175.9690 0.0000 0.0000 0.0000 -27.2603 3.4200 -7.4585 1.1335 6.7618 19.0117 0.5213 -5.0256 -12.8535 0.0237 0.9943 2.7332 0.0000 0.0000 0.0000 6.9919 1.2589 -15.4598 -2.0927 -9.0566 25.9726 -0.2646 -4.8507 -12.7245 -0.0050 0.4569 -1.2555 -7.5311 1.5176 3.2557 -1.5026 1.6539 0.9670 2.5977 0.7885 -1.0013 -16.2754 -10.9120 -5.5294 13.5005 -15.3838 11.9187 5.5249 -7.5362 6.8500 0.0000 0.0000 0.0000 -86.7003 -2.3052 8.7984 19.0603 -29.4936 -5.0605 -0.0000 -0.0000 5.7221 -1.4238 39.1640 -0.8993 -7.1250 0.0000 -0.0000 -45.0892 63.3974 -22.3538 0.0000 0.0000 0.0000 84.7575 5.1984 25.2283 -43.3990 49.9596 -21.0058 0.0000 -0.0000 -19.4317 -19.0307 26.8053 -8.8414 7.1250 -0.0000 -0.0000 6.5745 -2.0182 6.3815
6.6790 18.0884 11.6847 179.0330 -11.7583 -176.1200 0.0000 0.0000 0.0000 -25.4619 3.2615 -7.7313 1.2082 6.9731 19.6357 0.5647 -4.7534 -13.3761 0.0953 1.9905 5.4795 0.0000 0.0000 0.0000 8.9620 1.1912 -16.2563 -2.0696 -9.0096 25.8253 -0.1994 -5.8837 -12.5985 -0.0284 1.0879 -2.9906 -6.4205 1.6932 2.9421 -0.9094 1.9973 1.0687 2.5856 0.9651 -0.7375 -15.9258 -11.0030 -5.8388 13.1488 -15.3866 11.7052 5.3419 -7.5203 6.7793 -0.0000 0.0000 0.0000 -87.3198 -2.4129 8.3087 19.2981 -29.7874 -5.1781 -0.0000 -0.0000 6.5878 1.5664 39.8014 1.0029 -7.1250 0.0000 -0.0000 -43.1560 64.6796 -22.4698 -0.0000 0.0000 0.0000 85.1645 4.2623 24.3452 -40.5682 48.4030 -18.8631 0.0000 -0.0000 -17.6881 -17.5567 25.7293 -7.8206 7.1250 -0.0000 -0.0000 7.3631 -3.3566 6.9781
6.7045 18.0779 11.6056 179.2130 -11.1900 -176.2880 0.0000 0.0000 0.0000 -25.2348 2.7559 -7.1182 1.2253 7.0208 19.7769 0.6233 -3.5482 -14.1293 0.0700 1.7067 4.6957 0.0000 0.0000 0.0000 9.5069 0.1510 -17.1988 -2.0469 -8.9631 25.6798 -0.1552 -6.6254 -12.6130 -0.0054 0.4738 -1.3020 -5.9122 1.7246 3.0786 -0.9972 2.0437 1.2059 2.2086 0.9818 -0.6566 -15.4316 -10.8526 -6.7690 12.7092 -15.0347 12.0173 5.1228 -7.3112 6.9113 0.0000 -0.0000 0.0000 -87.3282 -2.4941 8.8192 19.2480 -29.7257 -5.1533 -0.0000 -0.0000 5.5996 -2.4228 39.7264 -1.5490 -7.1250 0.0000 -0.0000 -46.8189 63.5213 -23.5373 0.0000 -0.0000 0.0000 86.1308 3.1889 23.2246 -37.9621 46.8151 -16.9380 0.0000 -0.0000 -15.9837 -15.5631 25.0154 -6.7169 7.1250 -0.0000 -0.0000 8.5212 -4.3778 7.9358
6.7397 18.0682 11.5185 178.5180 -10.9558 -176.2790 0.0000 0.0000 0.0000 -25.7690 4.1774 -6.4561 1.0742 6.5882 18.5009 0.5617 -4.1452 -13.3538 0.0184 0.8766 2.4094 0.0000 0.0000 0.0000 9.1843 -1.0810 -18.3781 -2.1003 -9.0720 26.0207 -0.1530 -7.3392 -13.3657 -0.1679 -2.6395 7.2766 -6.7658 1.4919 2.2468 -0.9110 1.7902 2.1055 2.8183 0.7770 0.7315 -14.8700 -10.8638 -8.0924 12.3635 -14.7628 11.6416 4.8995 -7.1066 6.9109 0.0000 -0.0000 0.0000 -87.9093 -3.3849 9.0942 19.2840 -29.7700 -5.1711 -0.0000 -0.0000 5.0079 -1.7726 39.7352 -1.1334 -7.1250 0.0000 -0.0000 -46.2255 63.7053 -23.3672 0.0000 -0.0000 0.0000 86.4529 3.8422 22.3328 -34.9088 44.7469 -14.7491 0.0000 -0.0000 -14.6846 -13.8305 24.1417 -5.7497 7.1250 -0.0000 -0.0000 9.5307 -5.4905 8.6990
6.7865 18.0369 11.4270 178.5430 -10.4390 -176.3620 0.0000 0.0000 0.0000 -25.5822 5.0759 -5.9381 0.9690 6.2670 17.5612 0.5135 -3.5817 -12.7869 0.0803 -1.8279 -5.0303 0.0000 0.0000 0.0000 9.6718 -1.7425 -19.4783 -2.0077 -8.8821 25.4271 -0.1300 -7.8534 -13.5813 -0.1111 -2.1494 5.9187 -5.4763 1.3830 2.1824 -1.8238 1.6442 2.3278 1.1684 0.6970 1.0674 -13.5042 -10.5269 -8.6681 12.6150 -14.4738 11.6458 4.7872 -6.8871 6.8875 0.0000 -0.0000 0.0000 -86.3349 -3.4576 9.6442 19.2722 -29.7556 -5.1653 -0.0000 -0.0000 5.2175 -2.9330 39.8978 -1.8823 -7.1250 0.0000 -0.0000 -47.5383 63.5005 -23.9605 0.0000 -0.0000 0.0000 88.8025 3.3314 20.6906 -32.7441 43.1324 -13.2468 0.0000 -0.0000 -13.6350 -11.4829 22.9099 -4.5215 7.1250 -0.0000 -0.0000 10.9321 -6.9998 9.7012
6.8327 18.0724 11.3311 178.8920 -9.7165 -176.1940 0.0000 0.0000 0.0000 -25.1190 4.7997 -4.9419 0.8185 5.7729 16.1270 0.5048 -2.1553 -12.8523 0.1132 -2.1697 -5.9749 0.0000 0.0000 0.0000 10.1622 -0.7792 -19.6770 -2.0570 -8.9837 25.7445 -0.3127 -6.6941 -15.0965 -1.2960 -7.2127 20.3471 -6.5748 1.2534 1.9483 -0.3675 1.5186 2.3055 3.2876 0.6292 1.1233 -14.4622 -10.1672 -9.4301 11.6133 -13.5740 12.1949 4.6931 -6.5067 7.0648 -0.0000 0.0000 0.0000 -88.5937 -3.5438 9.3845 19.1531 -29.6085 -5.1063 -0.0000 -0.0000 6.3561 -4.1805 39.8412 -2.6811 -7.1250 0.0000 -0.0000 -48.6045 63.1226 -24.2082 -0.0000 0.0000 0.0000 87.3919 3.0647 18.8845 -29.6843 40.6212 -11.2035 0.0000 -0.0000 -12.7491 -9.3431 23.0659 -3.6882 7.1250 -0.0000 -0.0000 12.2614 -7.0722 10.9179
6.9037 18.0499 11.2189 178.8360 -9.0160 -176.3400 0.0000 0.0000 0.0000 -24.9240 4.5134 -4.5021 0.8723 5.9547 16.6531 0.5650 -1.2956 -13.8118 0.1516 -2.5093 -6.9155 0.0000 0.0000 0.0000 10.6396 -0.9734 -19.6328 -1.9804 -8.8251 25.2496 -0.1179 -7.4888 -12.9500 -0.8081 -5.7370 16.0233 -6.7761 1.0046 3.4069 -0.1566 1.0592 1.5085 3.5980 0.4781 -0.4758 -14.3137 -9.7107 -10.0858 11.0730 -12.8926 13.1209 4.5544 -6.1929 7.3343 -0.0000 -0.0000 0.0000 -88.7749 -1.9477 9.5079 19.4031 -29.9165 -5.2304 -0.0000 -0.0000 5.6471 -3.5468 39.1524 -2.2411 -7.1250 0.0000 -0.0000 -47.0538 62.8190 -22.9225 -0.0000 -0.0000 0.0000 87.2804 1.0768 18.3729 -27.6191 38.7632 -9.8843 0.0000 -0.0000 -12.9396 -8.0190 22.7277 -3.1155 7.1250 -0.0000 -0.0000 13.0758 -7.5320 11.5621
6.9698 18.0433 11.0946 178.7460 -8.0932 -176.2490 0.0000 0.0000 0.0000 -24.8145 5.1252 -4.1945 0.8434 5.8577 16.3720 0.5854 -0.7896 -14.2039 0.2989 -3.5156 -9.7178 0.0000 0.0000 0.0000 10.8759 -0.2017 -19.8687 -2.1368 -9.1455 26.2515 -0.0741 -7.5931 -12.3015 -0.2164 -2.9949 8.2646 -5.8976 1.0492 3.0775 -0.9598 1.1451 1.3030 2.2769 0.5251 -0.4825 -13.0856 -9.2390 -9.5308 11.3717 -12.5868 12.9185 4.5282 -6.0091 7.0690 -0.0000 0.0000 0.0000 -87.2083 -1.6190 10.3443 19.3555 -29.8581 -5.2067 -0.0000 -0.0000 5.3417 -3.0663 39.5972 -1.9555 -7.1250 0.0000 -0.0000 -47.2317 63.2568 -23.5065 -0.0000 0.0000 0.0000 89.2281 0.5109 15.8115 -24.9353 36.1378 -8.2517 0.0000 -0.0000 -11.2262 -8.8643 23.1985 -3.5155 7.1250 -0.0000 -0.0000 12.5589 -6.9898 11.2170
7.0914 18.0410 10.9879 178.8800 -8.5097 -175.8470 0.0000 0.0000 0.0000 -24.1257 4.8140 -4.4244 0.8780 5.9738 16.7084 0.6100 -0.7859 -14.5065 0.4982 -4.5253 -12.5595 0.0000 0.0000 0.0000 11.3500 0.9910 -18.9154 -2.0689 -9.0082 25.8210 -0.1253 -7.5288 -13.1231 -1.1492 -6.8067 19.1440 -6.6918 0.4754 2.7740 -0.1128 0.4123 1.2004 3.6245 0.1667 -0.3658 -14.2943 -8.7912 -10.2835 12.1173 -11.8465 13.3348 5.0350 -5.6321 7.3629 -0.0000 -0.0000 0.0000 -88.0873 -2.0212 9.7361 19.2451 -29.7220 -5.1518 -0.0000 -0.0000 5.7058 -3.3467 39.2781 -2.1202 -7.1250 0.0000 -0.0000 -47.0428 62.9599 -23.0690 -0.0000 -0.0000 0.0000 88.4322 0.8497 13.2372 -22.1386 33.1333 -6.6614 0.0000 -0.0000 -10.7270 -8.5086 23.1790 -3.3700 7.1250 -0.0000 -0.0000 12.7778 -7.0437 11.4092
7.2090 18.0275 10.8033 178.7410 -8.5320 -176.4100 0.0000 0.0000 0.0000 -23.6281 5.0253 -2.6414 0.7998 5.7080 15.9394 0.6339 -0.7336 -14.8083 0.3927 -4.0236 -11.1430 0.0000 0.0000 0.0000 11.8552 1.5647 -17.5282 -2.0784 -9.0275 25.8815 -0.1211 -7.9405 -13.5387 -0.4633 -4.3660 12.1088 -7.2987 0.0129 2.8101 0.2430 -0.2137 1.4381 4.3537 -0.1672 -0.0643 -13.2270 -8.4839 -10.6427 10.1799 -11.1412 13.2036 4.3048 -5.3497 7.1046 0.0000 0.0000 0.0000 -88.1957 -2.3052 9.1824 19.2046 -29.6722 -5.1318 -0.0000 -0.0000 5.4344 -3.0040 39.4904 -1.9114 -7.1250 0.0000 -0.0000 -47.0231 63.1997 -23.3168 0.0000 0.0000 0.0000 88.0406 1.1623 10.7072 -19.5008 30.0362 -5.2792 0.0000 -0.0000 -10.5606 -9.3706 22.6156 -3.6310 7.1250 -0.0000 -0.0000 12.2374 -7.5123 10.7880
7.2726 18.0221 10.6613 179.2440 -7.7506 -176.1990 0.0000 0.0000 0.0000 -22.9752 3.8498 -2.1808 0.8434 5.8578 16.3725 0.6821 0.7395 -15.8880 0.2779 -3.3906 -9.3683 0.0000 0.0000 0.0000 12.8795 1.9480 -17.5267 -2.0434 -8.9558 25.6573 -0.0874 -7.9916 -13.0354 -0.4138 -4.1292 11.4405 -6.2432 0.0618 2.4464 0.2584 -0.0897 1.0413 3.7718 -0.0747 -0.2899 -12.9039 -8.1541 -10.7200 10.2618 -10.8117 13.6088 4.3195 -5.1800 7.1931 -0.0000 0.0000 0.0000 -87.5952 -2.4282 9.4342 18.8673 -29.2535 -4.9659 -0.0000 -0.0000 5.8488 -3.1344 39.1556 -1.9804 -7.1250 0.0000 -0.0000 -46.6760 62.9313 -22.8162 -0.0000 0.0000 0.0000 88.2871 1.0840 5.9225 -16.9935 26.8493 -4.0844 0.0000 -0.0000 -9.6049 -9.5650 22.4257 -3.6781 7.1250 -0.0000 -0.0000 12.1139 -7.6798 10.6331
7.3888 18.0440 10.5461 180.2570 -7.1041 -175.7680 0.0000 0.0000 0.0000 -21.4888 3.2189 -2.5792 0.9250 6.1272 17.1539 0.7510 1.1427 -16.8228 0.1811 -2.7413 -7.5594 0.0000 0.0000 0.0000 14.6352 2.9086 -17.3601 -1.9452 -8.7510 25.0194 -0.0226 -8.7623 -12.9034 -0.3531 -3.8179 10.5650 -4.8223 -0.1241 1.0382 0.3262 -0.2165 1.5714 3.0393 -0.1778 1.0522 -12.7060 -7.9939 -11.0798 10.8666 -10.5217 12.3982 4.5147 -4.9628 6.8568 -0.0000 0.0000 0.0000 -86.7309 -4.2600 9.2211 18.5491 -28.8545 -4.8113 -0.0000 -0.0000 5.8619 -3.1208 39.0827 -1.9686 -7.1250 0.0000 -0.0000 -46.5627 62.8840 -22.6969 -0.0000 0.0000 0.0000 88.6070 2.7116 1.2589 -14.7111 23.7421 -3.1087 0.0000 -0.0000 -8.0628 -10.6216 22.8844 -4.1711 7.1250 -0.0000 -0.0000 11.4661 -7.1187 10.1678
7.5492 18.0230 10.3578 179.2320 -7.1390 -176.7540 0.0000 0.0000 0.0000 -21.8375 4.3550 0.1224 0.7328 5.4693 15.2522 0.6818 1.3313 -16.1345 0.2883 -3.4527 -9.5418 0.0000 0.0000 0.0000 14.1671 2.3860 -16.0214 -2.1295 -9.1308 26.2052 -0.1788 -7.8048 -14.2942 -0.2395 -3.1492 8.6943 -6.5634 -0.2828 2.3986 0.4241 -0.5491 1.3498 4.1332 -0.3301 0.1122 -12.2776 -7.6514 -11.5921 9.9357 -9.9827 13.2131 4.1908 -4.7362 7.0661 -0.0000 0.0000 0.0000 -86.5282 -3.5497 9.8655 18.8285 -29.2050 -4.9469 -0.0000 -0.0000 5.7491 -2.0634 39.0530 -1.3004 -7.1250 0.0000 -0.0000 -45.5356 63.1461 -22.3594 -0.0000 0.0000 0.0000 88.1207 1.4014 -0.6878 -13.7715 22.4072 -2.7404 0.0000 -0.0000 -7.5600 -14.1340 19.8512 -4.8875 7.1250 -0.0000 -0.0000 9.1644 -9.7655 7.5773
7.6754 18.0189 10.1918 179.6600 -6.8689 -176.7230 0.0000 0.0000 0.0000 -20.8705 4.9394 0.5244 0.7005 5.3500 14.9095 0.6021 2.0295 -15.5318 0.5897 -4.9164 -13.6702 0.0000 0.0000 0.0000 15.1129 2.4246 -15.7120 -2.1850 -9.2412 26.5527 -0.2737 -7.0814 -14.9258 -0.2800 -3.4034 9.4038 -6.3545 -0.3425 2.2973 0.8337 -0.6095 0.9792 4.4434 -0.3330 -0.2037 -12.5577 -7.5527 -11.2987 9.8894 -9.8263 13.1825 4.2483 -4.6887 6.9989 -0.0000 0.0000 0.0000 -86.5520 -3.4923 10.3222 18.7770 -29.1407 -4.9218 -0.0000 -0.0000 6.3640 -2.8226 38.8282 -1.7706 -7.1250 0.0000 -0.0000 -45.9366 62.7843 -22.2158 -0.0000 0.0000 0.0000 87.6274 0.8162 -4.0809 -12.7273 20.8864 -2.3552 0.0000 -0.0000 -4.9346 -14.6111 20.2219 -5.1489 7.1250 -0.0000 -0.0000 8.8701 -9.3381 7.4050
7.7899 18.0270 10.0539 180.3410 -6.3538 -176.4830 0.0000 0.0000 0.0000 -19.8095 3.8707 1.0207 0.7205 5.4241 15.1223 0.6027 2.8289 -15.9643 0.2872 -3.4466 -9.5247 0.0000 0.0000 0.0000 16.3397 2.1779 -15.6523 -2.1267 -9.1251 26.1876 -0.3173 -6.3173 -14.8107 -0.2861 -3.4398 9.5056 -4.9225 -0.5155 0.3407 0.7365 -0.7017 1.9458 3.5096 -0.4549 1.8803 -11.7715 -7.3074 -12.1264 9.5439 -9.3822 12.6365 4.0412 -4.4234 6.8592 -0.0000 -0.0000 0.0000 -85.6916 -5.2969 10.3570 18.8734 -29.2611 -4.9688 -0.0000 -0.0000 6.3053 -2.1748 39.0236 -1.3697 -7.1250 0.0000 -0.0000 -45.5992 63.0953 -22.3440 -0.0000 -0.0000 0.0000 87.7519 2.0701 -6.2453 -12.3209 20.2841 -2.2123 0.0000 -0.0000 -4.3134 -13.4607 20.8260 -4.8640 7.1250 -0.0000 -0.0000 9.6251 -8.8593 8.1468
7.9541 18.0589 9.8871 180.7460 -6.2592 -176.9490 0.0000 0.0000 0.0000 -18.5900 4.0550 1.9078 0.7617 5.5738 15.5525 0.6130 2.6355 -15.9797 0.3179 -3.6246 -10.0228 0.0000 0.0000 0.0000 17.5225 2.3790 -14.0066 -2.0209 -8.9095 25.5126 -0.3452 -6.6068 -15.4585 -0.5177 -4.6117 12.8044 -5.0800 -0.5678 1.8397 1.2575 -0.8534 1.0564 4.1616 -0.4630 0.1488 -12.3629 -7.0166 -11.8527 9.6753 -9.0009 13.1971 4.2325 -4.2780 6.9824 0.0000 -0.0000 0.0000 -85.9271 -3.8007 10.4523 19.5974 -30.1542 -5.3276 -0.0000 -0.0000 6.0924 -3.6682 40.0508 -2.3622 -7.1250 0.0000 -0.0000 -48.4364 63.4043 -24.4159 0.0000 -0.0000 0.0000 87.3211 -0.2352 -5.6990 -12.6653 20.7949 -2.3331 0.0000 -0.0000 -5.0305 -15.2089 20.1987 -5.3625 7.1250 -0.0000 -0.0000 8.4858 -9.2928 7.0844
8.1057 18.0833 9.7637 180.6550 -6.1879 -177.0110 0.0000 0.0000 0.0000 -17.9587 3.8425 2.0413 0.8200 5.7780 16.1418 0.5083 2.8241 -14.7938 0.7446 -5.5120 -15.3750 0.0000 0.0000 0.0000 18.1008 2.3560 -13.1972 -1.9230 -8.7038 24.8730 -0.3683 -6.4306 -15.6062 -0.2780 -3.3914 9.3705 -5.2093 -0.7065 2.3789 1.3229 -1.0702 0.7970 4.3172 -0.5494 -0.3931 -12.3969 -6.9869 -12.3201 9.6307 -8.9963 14.1409 4.2125 -4.2810 7.3666 0.0000 0.0000 0.0000 -85.5890 -3.8867 10.7944 19.4448 -29.9677 -5.2512 -0.0000 -0.0000 5.9051 -2.4202 38.6504 -1.5121 -7.1250 0.0000 -0.0000 -45.3194 62.7648 -21.8300 0.0000 0.0000 0.0000 87.2398 -1.1166 -5.6503 -13.0387 21.3439 -2.4674 0.0000 -0.0000 -6.1341 -14.1131 20.6746 -5.0727 7.1250 -0.0000 -0.0000 9.2045 -8.9382 7.7662
8.2201 18.1137 9.6341 181.0610 -5.1759 -176.3120 0.0000 0.0000 0.0000 -17.2536 3.1001 1.3065 0.9453 6.1923 17.3433 0.4106 3.8721 -14.1517 1.3372 -7.3219 -20.6725 0.0000 0.0000 0.0000 19.0463 2.9834 -12.9606 -1.7701 -8.3699 23.8433 -0.3180 -6.5067 -14.9948 -0.3374 -3.7329 10.3263 -4.6214 -0.4740 1.5197 1.5589 -0.7033 0.4465 4.2133 -0.3568 -0.3181 -11.7536 -6.7677 -11.5295 8.7422 -8.6893 13.4967 3.8726 -4.1844 6.9146 0.0000 -0.0000 0.0000 -85.9594 -3.4315 11.2359 20.2831 -30.9819 -5.6763 -0.0000 -0.0000 5.1401 -2.2302 39.4168 -1.4165 -7.1250 0.0000 -0.0000 -46.1996 63.3577 -22.9835 0.0000 -0.0000 0.0000 87.0044 -1.6061 -5.2249 -13.3455 21.7914 -2.5801 0.0000 -0.0000 -7.2461 -14.5088 20.8532 -5.2632 7.1250 -0.0000 -0.0000 8.9587 -8.7126 7.5942
8.3515 18.1150 9.5104 181.3490 -4.2268 -176.2940 0.0000 0.0000 0.0000 -16.4410 3.0662 0.4733 1.2078 6.9722 19.6332 0.4154 3.7964 -14.1656 1.6942 -8.1977 -23.3161 0.0000 0.0000 0.0000 19.9454 3.5068 -11.8780 -1.6183 -8.0211 22.7781 -0.3063 -6.4555 -14.7848 -0.2881 -3.4515 9.5385 -3.5144 -0.3894 1.1460 1.1956 -0.5613 0.6431 3.2055 -0.2964 0.0631 -11.1364 -6.2688 -12.0058 8.8962 -8.0674 13.3632 3.8853 -3.8283 6.8670 -0.0000 -0.0000 0.0000 -85.1979 -3.4421 11.4143 21.1447 -31.9969 -6.1264 -0.0000 -0.0000 4.0552 -3.1330 39.6624 -2.0009 -7.1250 0.0000 -0.0000 -47.3860 63.2839 -23.6308 -0.0000 -0.0000 0.0000 87.8199 -1.0721 -5.1087 -13.5824 22.1345 -2.6687 0.0000 -0.0000 -7.4027 -14.0549 21.1034 -5.1506 7.1250 -0.0000 -0.0000 9.2567 -8.5132 7.8908
8.5104 18.1281 9.3926 182.4110 -4.0783 -177.2820 0.0000 0.0000 0.0000 -14.2153 3.7629 -0.2210 1.6284 8.0450 22.8508 0.3900 2.8019 -13.1608 2.2471 -9.3628 -26.9369 0.0000 0.0000 0.0000 21.9963 3.2505 -9.4292 -1.3739 -7.4178 20.9591 -0.2424 -7.0952 -14.4880 -0.1490 -2.4877 6.8556 -2.4385 -0.1555 2.4337 1.4939 -0.2723 0.4226 2.9110 -0.1349 -0.9126 -11.1772 -6.4307 -11.4278 8.9990 -8.4957 14.1948 3.8891 -4.0693 7.0839 0.0000 -0.0000 0.0000 -85.1384 -2.5489 13.0855 21.9434 -32.9130 -6.5551 -0.0000 -0.0000 3.0241 -3.0558 40.2666 -1.9762 -7.1250 0.0000 -0.0000 -48.1884 63.7190 -24.6062 0.0000 -0.0000 0.0000 88.0923 -1.8328 -4.6054 -14.1493 22.9477 -2.8861 0.0000 -0.0000 -8.6083 -14.7188 20.6360 -5.2895 7.1250 -0.0000 -0.0000 8.8165 -8.9075 7.4359
8.6133 18.1470 9.3240 181.7800 -3.1213 -177.2140 0.0000 0.0000 0.0000 -14.3894 3.5846 -2.6286 2.3152 9.4938 27.3527 0.3806 2.1669 -12.6488 2.2698 -9.4069 -27.0766 0.0000 0.0000 0.0000 21.6764 3.2919 -8.5391 -1.1937 -6.9327 19.5160 -0.2232 -6.6335 -13.7302 -0.1639 -2.6084 7.1902 -2.5329 -0.3705 2.4965 1.5604 -0.5772 1.0164 3.0391 -0.3112 -0.3161 -11.5046 -5.9979 -12.6694 8.7045 -7.5240 13.6655 3.9313 -3.5790 7.0290 -0.0000 -0.0000 0.0000 -85.8922 -3.6044 12.5145 22.7864 -33.8544 -7.0190 -0.0000 -0.0000 2.4683 -3.8985 40.9786 -2.5588 -7.1250 0.0000 -0.0000 -50.0226 63.9623 -26.0532 -0.0000 -0.0000 0.0000 87.3046 -0.0485 -2.3482 -14.5718 23.5462 -3.0528 0.0000 -0.0000 -9.3594 -14.2978 20.7466 -5.1586 7.1250 -0.0000 -0.0000 9.0892 -8.8445 7.6835
8.7381 18.1385 9.2336 182.9010 -2.3068 -177.4750 0.0000 0.0000 0.0000 -12.0677 4.5603 -5.0564 3.1086 10.8688 31.8388 0.3106 0.5178 -10.7267 2.0750 -9.0206 -25.8597 0.0000 0.0000 0.0000 23.4362 3.5058 -7.1907 -1.0465 -6.5054 18.2581 -0.2058 -6.4554 -13.2749 -0.2588 -3.2727 9.0389 -1.0445 0.1666 3.0556 1.6423 0.1736 0.6366 2.2642 0.0763 -1.0685 -10.6773 -5.8999 -11.0043 8.5203 -7.7390 13.4970 3.7473 -3.7177 6.6661 -0.0000 0.0000 0.0000 -85.6080 -2.8617 14.7374 23.4942 -34.6248 -7.4172 -0.0000 -0.0000 1.6003 -2.8921 39.8846 -1.8555 -7.1250 0.0000 -0.0000 -47.4814 63.5025 -23.9272 -0.0000 0.0000 0.0000 87.9123 -0.9362 -1.1159 -15.5197 24.8651 -3.4415 0.0000 -0.0000 -10.8103 -14.6571 20.6836 -5.2780 7.1250 -0.0000 -0.0000 8.8576 -8.8665 7.4789
8.8441 18.1341 9.1437 183.5880 -1.4353 -177.8730 0.0000 0.0000 0.0000 -10.3009 5.3939 -7.8635 4.2306 12.4611 37.3834 0.1696 -0.5128 -7.6131 1.9381 -8.7360 -24.9730 0.0000 0.0000 0.0000 24.6544 3.1445 -5.8776 -0.9084 -6.0736 16.9982 -0.1910 -6.1029 -12.6761 -0.2661 -3.3182 9.1660 -0.0648 -0.0265 3.0532 2.1713 -0.1268 1.6605 2.2667 -0.1139 -0.0042 -11.0500 -5.8410 -13.7751 8.1786 -7.2382 14.4763 3.6971 -3.4373 7.4156 0.0000 -0.0000 0.0000 -86.5833 -4.4571 14.4681 24.4785 -35.6662 -7.9838 -0.0000 -0.0000 1.5909 -3.3989 40.7443 -2.2199 -7.1250 0.0000 -0.0000 -49.2136 63.9460 -25.5107 0.0000 -0.0000 0.0000 87.0489 1.2678 2.7667 -16.5009 26.1951 -3.8644 0.0000 -0.0000 -11.9967 -15.8788 20.4905 -5.6865 7.1250 -0.0000 -0.0000 8.0688 -8.9169 6.7901
8.9336 18.1410 9.0714 184.0040 -0.7763 -178.0220 0.0000 0.0000 0.0000 -8.8288 5.4825 -10.7823 5.3342 13.7506 42.2473 0.0342 -0.9935 -3.2891 1.9955 -8.8568 -25.3483 0.0000 0.0000 0.0000 25.4577 2.5841 -5.2296 -0.8172 -5.7683 16.1137 -0.1847 -5.5067 -11.9742 -0.2640 -3.3057 9.1309 0.8617 0.1902 3.3967 2.2767 0.1555 1.9556 1.8459 0.0182 0.0980 -10.3894 -5.7317 -14.7028 7.5090 -7.0814 15.4312 3.3699 -3.3710 7.8244 -0.0000 -0.0000 0.0000 -86.7883 -5.1407 16.4011 25.4898 -36.7004 -8.5809 -0.0000 -0.0000 1.5531 -3.8683 40.8218 -2.5309 -7.1250 0.0000 -0.0000 -49.7581 63.8670 -25.7743 -0.0000 -0.0000 0.0000 87.0114 2.3325 4.7900 -17.7658 27.8563 -4.4393 0.0000 -0.0000 -13.3632 -15.7252 21.4938 -5.8900 7.1250 -0.0000 -0.0000 8.2142 -7.9172 7.0795
9.0198 18.1249 9.0002 184.9080 0.6037 -178.7390 0.0000 0.0000 0.0000 -6.7828 5.8622 -12.7157 6.3261 14.7371 46.2770 -0.0014 -1.1859 1.4771 1.3044 -7.2350 -20.4136 0.0000 0.0000 0.0000 26.8265 2.7677 -3.4863 -0.7189 -5.4181 15.1049 -0.1819 -5.2365 -11.6643 -0.2676 -3.3278 9.1927 1.7821 0.4477 4.2111 2.6964 0.8568 2.0440 1.7295 0.5031 -0.2793 -10.1201 -5.5146 -14.2342 7.1128 -6.9299 16.2668 3.2214 -3.3567 7.9778 -0.0000 0.0000 0.0000 -87.2104 -4.8967 18.8458 26.7333 -37.9237 -9.3348 -0.0000 -0.0000 1.0766 -3.6149 40.0773 -2.3292 -7.1250 0.0000 -0.0000 -48.4258 63.4368 -24.4452 -0.0000 0.0000 0.0000 86.6239 2.0798 7.2704 -19.5428 30.0875 -5.3002 0.0000 -0.0000 -15.2787 -15.4911 21.8703 -5.8945 7.1250 -0.0000 -0.0000 8.3809 -7.5652 7.2850
9.0837 18.1327 8.9151 184.6080 1.2230 -178.6440 0.0000 0.0000 0.0000 -6.4334 5.3707 -14.7745 7.1082 15.4224 49.2825 0.0246 -2.4228 4.8062 0.9120 -6.0853 -17.0322 0.0000 0.0000 0.0000 26.7908 3.0531 -2.6730 -0.6503 -5.1582 14.3603 -0.1723 -5.2638 -11.5152 -0.3096 -3.5770 9.8894 1.6341 0.2517 3.6757 2.9303 0.5859 2.4308 2.0723 0.3778 0.4176 -10.3459 -5.3694 -14.8357 7.1096 -6.1630 16.9154 3.3695 -2.8275 8.2463 -0.0000 -0.0000 0.0000 -87.8104 -5.6146 20.2384 27.6710 -38.8116 -9.9168 -0.0000 -0.0000 0.4916 -1.9951 38.7339 -1.2486 -7.1250 0.0000 -0.0000 -45.0340 62.9374 -21.8425 -0.0000 -0.0000 0.0000 85.7728 3.3288 10.9446 -21.3133 32.1922 -6.2160 0.0000 -0.0000 -18.0516 -14.7617 21.5597 -5.5305 7.1250 -0.0000 -0.0000 8.8271 -7.9696 7.6113
9.1001 18.1467 8.8300 184.7340 1.4326 -178.9970 0.0000 0.0000 0.0000 -6.0087 3.8555 -15.6510 7.7250 15.9132 51.5661 -0.0269 -3.7560 3.8973 0.7096 -5.3838 -15.0066 0.0000 0.0000 0.0000 27.0740 2.4728 -1.3290 -0.5184 -4.6144 12.8120 -0.1204 -5.4675 -10.7240 -0.2277 -3.0718 8.4786 3.6690 0.1287 2.8816 1.9462 0.4235 3.3471 -0.0587 0.3613 1.8309 -9.5991 -5.3948 -15.7386 8.3180 -6.5518 17.4300 3.6047 -2.8101 8.6321 -0.0000 -0.0000 0.0000 -86.3543 -6.9077 21.9945 28.6907 -39.7443 -10.5624 -0.0000 -0.0000 0.1910 -2.0615 38.0959 -1.2722 -7.1250 0.0000 -0.0000 -44.2441 62.4608 -20.8874 -0.0000 -0.0000 0.0000 87.3651 5.5217 13.5258 -22.4235 33.4524 -6.8178 0.0000 -0.0000 -16.8299 -17.8263 21.8038 -6.8112 7.1250 -0.0000 -0.0000 6.9028 -7.3231 6.0115
9.1249 18.1291 8.7442 184.5320 2.0198 -179.1460 0.0000 0.0000 0.0000 -6.1140 3.5112 -16.0672 7.8531 16.0102 52.0320 -0.0360 -4.3800 -1.3898 1.0935 -6.6453 -18.6687 0.0000 0.0000 0.0000 26.9875 2.5749 -0.6248 -0.5026 -4.5447 12.6143 -0.1419 -5.2621 -10.9370 -0.2004 -2.8828 7.9526 2.4573 0.1526 3.9213 3.1182 0.5115 2.2785 1.8038 0.3536 0.1308 -10.6491 -4.9401 -13.9321 7.7270 -5.6621 17.8225 3.7223 -2.5339 8.3691 0.0000 0.0000 0.0000 -88.4912 -5.0027 23.7853 29.4449 -40.4128 -11.0480 -0.0000 0.0000 -0.2831 3.8605 27.1818 1.7656 -7.1250 0.0000 -0.0000 -27.8519 54.9516 -7.2216 0.0000 0.0000 0.0000 85.3089 4.1480 15.8629 -23.9073 35.0661 -7.6533 0.0000 -0.0000 -16.9674 -16.6723 21.6582 -6.3074 7.1250 -0.0000 -0.0000 7.6234 -7.6280 6.6043
9.1241 18.1096 8.6482 183.9600 3.0454 -179.1900 0.0000 0.0000 0.0000 -7.1656 3.0829 -15.8397 7.3629 15.6300 50.2337 0.1161 -4.0815 -6.2811 1.4092 -7.5083 -21.2304 0.0000 0.0000 0.0000 26.3397 3.2821 -0.7552 -0.6200 -5.0389 14.0195 -0.2236 -4.5007 -11.7385 -0.2008 -2.8856 7.9604 2.4164 0.0442 3.0953 2.9905 0.3147 2.7174 1.7096 0.2627 1.0466 -10.7005 -4.6492 -15.3024 7.5285 -5.0838 19.3305 3.7460 -2.2483 9.0692 -0.0000 -0.0000 0.0000 -88.7079 -5.9026 23.7961 29.6725 -40.6110 -11.1958 -0.0000 -0.0000 1.2008 -3.9696 37.5601 -2.4222 -7.1250 0.0000 -0.0000 -45.3379 61.5826 -20.5842 -0.0000 -0.0000 0.0000 84.9598 5.4598 19.0203 -25.0427 36.2476 -8.3151 0.0000 -0.0000 -18.5347 -16.6484 21.9700 -6.3834 7.1250 -0.0000 -0.0000 7.6564 -7.3135 6.6809
9.1090 18.1039 8.5545 184.1290 4.1862 -179.2270 0.0000 0.0000 0.0000 -7.5283 2.7698 -15.1462 6.4243 14.8272 46.6616 0.3206 -4.5953 -10.1041 0.9738 -6.2821 -17.6052 0.0000 0.0000 0.0000 26.4572 3.7234 -0.1586 -0.6191 -5.0354 14.0096 -0.2508 -4.0547 -11.8408 -0.2207 -3.0245 8.3468 2.6004 0.0626 3.1318 3.4399 0.3735 2.6769 2.0681 0.3030 0.9823 -10.5053 -4.4649 -15.9380 6.5018 -4.6031 19.5643 3.4135 -2.1158 9.1899 -0.0000 -0.0000 0.0000 -89.5127 -6.0042 23.9382 29.6389 -40.5819 -11.1740 -0.0000 -0.0000 1.9288 -4.3768 36.8647 -2.6290 -7.1250 0.0000 -0.0000 -44.8504 60.9783 -19.6656 -0.0000 -0.0000 0.0000 84.3300 6.2072 21.4329 -25.8507 37.0609 -8.7975 0.0000 -0.0000 -18.7001 -18.0167 22.1415 -6.9886 7.1250 -0.0000 -0.0000 6.8052 -6.9503 5.9750
9.0902 18.0906 8.4748 184.2320 3.7298 -178.7310 0.0000 0.0000 0.0000 -8.1088 0.6902 -14.4667 5.1593 13.5610 41.5066 0.4860 -4.9681 -12.4117 1.0345 -6.4693 -18.1522 0.0000 0.0000 0.0000 26.4721 3.6368 -0.6788 -0.6608 -5.1992 14.4776 -0.2918 -3.8312 -12.3482 -0.2407 -3.1573 8.7169 2.8153 -0.3230 3.2163 3.6810 -0.1145 2.0432 2.2054 0.0505 0.2921 -10.4553 -4.2428 -16.9841 6.4309 -4.1722 20.8410 3.4552 -1.8954 9.7867 -0.0000 -0.0000 0.0000 -89.5450 -5.7012 24.6738 29.0767 -40.0888 -10.8101 -0.0000 -0.0000 2.5470 -4.1455 35.6524 -2.4191 -7.1250 0.0000 -0.0000 -43.1999 60.1444 -17.9082 -0.0000 -0.0000 0.0000 84.7063 6.3419 21.8055 -26.4606 37.6599 -9.1676 0.0000 -0.0000 -17.7325 -16.4401 21.9976 -6.3071 7.1250 -0.0000 -0.0000 7.7894 -7.3131 6.7992
9.0543 18.0918 8.3889 183.5810 3.9158 -178.4010 0.0000 0.0000 0.0000 -9.7466 -1.6991 -12.6386 3.6291 11.6497 34.5039 0.6532 -4.9672 -14.3946 0.7431 -5.5066 -15.3593 0.0000 0.0000 0.0000 25.5473 3.3592 -1.3740 -0.7360 -5.4809 15.2854 -0.3483 -3.0753 -12.7097 -0.2148 -2.9836 8.2330 2.3750 -0.4236 2.5493 3.6494 -0.3106 1.9609 2.4223 -0.0598 0.5872 -10.1604 -4.0484 -16.9528 6.1551 -3.9399 20.3545 3.3299 -1.8039 9.5737 0.0000 -0.0000 0.0000 -89.7614 -6.3769 24.9438 27.6691 -38.8098 -9.9156 -0.0000 -0.0000 3.7150 -3.3768 34.7432 -1.9259 -7.1250 0.0000 -0.0000 -41.4625 59.6431 -16.5228 0.0000 -0.0000 0.0000 84.7591 6.7464 22.8822 -26.6726 37.8651 -9.2974 0.0000 -0.0000 -18.2585 -17.2986 22.4982 -6.7961 7.1250 -0.0000 -0.0000 7.2802 -6.6863 6.4365
9.0230 18.0939 8.3041 183.6050 3.4647 -178.0990 0.0000 0.0000 0.0000 -10.4393 -3.9111 -11.0599 2.3373 9.5358 27.4863 0.6955 -4.7810 -14.8642 1.2864 -7.1869 -20.2702 0.0000 0.0000 0.0000 25.4657 3.3314 -1.1764 -0.7139 -5.3995 15.0516 -0.3584 -3.2700 -12.9897 -0.2565 -3.2583 8.9986 2.2236 -0.7243 2.6837 3.9968 -0.6784 1.3350 2.8773 -0.2472 -0.1153 -10.0216 -4.0821 -17.1287 5.7730 -3.9137 20.6099 3.1782 -1.8201 9.6840 -0.0000 0.0000 0.0000 -90.1375 -6.2759 24.6874 25.9441 -37.1535 -8.8539 -0.0000 -0.0000 5.0646 -2.8998 34.3762 -1.6383 -7.1250 0.0000 -0.0000 -40.6171 59.4740 -15.9452 -0.0000 0.0000 0.0000 84.7512 6.6311 22.8301 -26.3244 37.5272 -9.0845 0.0000 -0.0000 -17.7467 -15.9220 22.8160 -6.3124 7.1250 -0.0000 -0.0000 8.1615 -6.5512 7.2528
8.9697 18.1059 8.1978 183.4440 4.1475 -177.4120 0.0000 0.0000 0.0000 -11.3805 -5.3397 -10.7820 1.6143 8.0117 22.7497 0.4798 -2.5495 -12.4563 0.5585 -4.7868 -13.3015 0.0000 0.0000 0.0000 24.9780 3.7633 -0.9985 -0.6370 -5.1062 14.2117 -0.3510 -2.9485 -12.6685 -0.2260 -3.0598 8.4454 2.3439 -0.6361 1.8951 3.7964 -0.6153 1.0981 2.5940 -0.2262 0.0778 -8.9445 -3.9835 -17.3762 5.2103 -3.9595 19.9511 2.7804 -1.8325 9.4626 0.0000 0.0000 0.0000 -89.8379 -6.8314 23.8844 24.0052 -35.1697 -7.7095 -0.0000 -0.0000 6.3851 -3.3958 34.8771 -1.9433 -7.1250 0.0000 -0.0000 -41.6274 59.7403 -16.7021 0.0000 0.0000 0.0000 85.0759 6.5258 23.7844 -25.9881 37.1970 -8.8805 0.0000 -0.0000 -18.6307 -16.6892 22.2249 -6.4697 7.1250 -0.0000 -0.0000 7.6458 -7.0486 6.7113
8.8796 18.1385 8.1080 183.3830 3.5469 -177.3340 0.0000 0.0000 0.0000 -12.0843 -6.2953 -10.4972 1.6391 8.0699 22.9266 0.3001 0.0436 -10.3643 0.2910 -3.4689 -9.5869 0.0000 0.0000 0.0000 24.5646 2.8631 0.0027 -0.4760 -4.4247 12.2748 -0.3019 -3.0496 -11.9584 -0.3052 -3.5521 9.8197 2.4845 -1.0247 1.9975 3.9333 -1.1009 0.6339 2.6711 -0.4690 -0.4425 -8.5225 -3.8391 -17.1952 4.5343 -3.7426 19.5910 2.5004 -1.7799 9.2647 0.0000 -0.0000 0.0000 -89.8817 -6.5746 22.8421 22.2240 -33.2293 -6.7082 -0.0000 -0.0000 7.7655 -3.5509 35.5143 -2.0645 -7.1250 0.0000 -0.0000 -42.4868 60.1839 -17.5852 0.0000 -0.0000 0.0000 85.2062 6.2848 23.0702 -24.5341 35.7240 -8.0163 0.0000 -0.0000 -17.0021 -16.7187 22.7142 -6.6158 7.1250 -0.0000 -0.0000 7.6572 -6.5465 6.7968
8.8388 18.1424 8.0441 183.4720 4.2934 -176.8440 0.0000 0.0000 0.0000 -12.2342 -7.1350 -10.0144 1.6223 8.0305 22.8068 0.3416 1.0686 -11.4800 0.1734 -2.6822 -7.3951 0.0000 0.0000 0.0000 24.5002 3.6696 0.1708 -0.4418 -4.2647 11.8226 -0.2766 -3.5340 -11.8797 -0.2043 -2.9105 8.0298 1.7820 -0.8964 1.5561 4.2469 -0.9517 0.6142 3.3809 -0.3911 -0.2017 -7.8666 -3.8513 -18.4661 3.9813 -3.7292 20.1823 2.1938 -1.7814 9.6775 0.0000 -0.0000 0.0000 -89.9187 -7.1884 21.6677 19.9507 -30.5829 -5.5063 -0.0000 -0.0000 9.5012 -1.5377 34.1054 -0.8623 -7.1250 0.0000 -0.0000 -39.0410 59.5809 -15.3032 0.0000 -0.0000 0.0000 85.2041 7.1046 21.4939 -22.3363 33.3550 -6.7698 0.0000 -0.0000 -15.8662 -16.0321 22.5260 -6.2821 7.1250 -0.0000 -0.0000 8.0760 -6.8305 7.1311
8.7698 18.1347 7.9617 183.7890 4.2960 -176.9900 0.0000 0.0000 0.0000 -12.1384 -6.4667 -9.6776 1.5428 7.8407 22.2314 0.3130 0.7006 -10.8455 0.5035 -4.5489 -12.6263 0.0000 0.0000 0.0000 24.6513 3.7318 0.8040 -0.4337 -4.2260 11.7135 -0.3002 -3.7617 -12.4317 -0.1690 -2.6484 7.3012 2.0533 -0.9696 1.9017 4.2731 -1.0187 0.5752 3.2623 -0.4208 -0.4373 -8.5933 -4.1416 -18.8842 5.0546 -4.1693 19.9178 2.6209 -1.9241 9.7302 -0.0000 0.0000 0.0000 -89.4075 -7.0915 20.3219 18.3054 -28.5464 -4.6943 -0.0000 -0.0000 9.5125 -5.1303 37.7958 -3.1494 -7.1250 0.0000 -0.0000 -46.7112 61.4555 -21.2245 -0.0000 0.0000 0.0000 85.9426 7.3656 19.0039 -19.8899 30.5094 -5.4753 0.0000 -0.0000 -14.5070 -16.1728 24.0429 -6.7386 7.1250 -0.0000 -0.0000 8.0820 -5.2738 7.3804
8.6712 18.1497 7.8845 182.4060 5.1414 -176.9440 0.0000 0.0000 0.0000 -13.9801 -5.5582 -9.4823 1.4758 7.6761 21.7347 0.2923 0.3647 -10.3510 0.4428 -4.2694 -11.8359 0.0000 0.0000 0.0000 22.6700 3.7715 1.0146 -0.4187 -4.1533 11.5084 -0.3092 -3.2251 -12.1955 -0.1237 -2.2669 6.2438 0.6661 -0.7557 1.7802 3.8443 -0.8244 0.5398 3.5942 -0.3494 -0.3980 -9.7409 -3.9855 -18.0403 6.8980 -4.1268 18.4273 3.4501 -1.8044 9.1185 0.0000 0.0000 0.0000 -89.1002 -6.8822 18.4132 16.9641 -26.8104 -4.0711 -0.0000 -0.0000 11.2210 -4.8490 37.7630 -2.9739 -7.1250 0.0000 -0.0000 -46.4100 61.5038 -21.1059 0.0000 0.0000 0.0000 86.2060 7.1863 16.0871 -17.8542 27.9700 -4.4806 0.0000 -0.0000 -13.5154 -15.7901 23.7403 -6.4950 7.1250 -0.0000 -0.0000 8.2990 -5.6335 7.5255
8.5712 18.1534 7.7977 183.2230 6.1637 -176.5450 0.0000 0.0000 0.0000 -13.4567 -4.2054 -9.7642 1.4662 7.6523 21.6627 0.3240 0.1741 -10.8175 0.5175 -4.6107 -12.8015 0.0000 0.0000 0.0000 23.0935 4.0430 1.8221 -0.3209 -3.6413 10.0697 -0.2716 -3.0992 -11.4863 -0.0748 -1.7644 4.8551 1.5499 -0.3273 1.1284 3.9257 -0.2480 0.6527 3.1650 -0.0534 0.0455 -9.2827 -4.2144 -18.2496 6.2133 -4.4085 18.4707 3.0938 -1.9778 9.1702 -0.0000 -0.0000 0.0000 -88.6393 -6.5874 16.9014 16.1333 -25.7010 -3.7036 -0.0000 -0.0000 12.4132 -3.5615 36.4276 -2.1166 -7.1250 0.0000 -0.0000 -43.5627 60.8604 -18.8469 -0.0000 -0.0000 0.0000 86.3597 6.9503 12.9757 -15.7577 25.1910 -3.5422 0.0000 -0.0000 -11.7923 -15.5337 23.6691 -6.3671 7.1250 -0.0000 -0.0000 8.4533 -5.7404 7.6511
8.4514 18.1659 7.7221 182.7450 6.4664 -176.3960 0.0000 0.0000 0.0000 -14.4525 -4.3560 -8.8740 1.3194 7.2750 20.5327 0.3379 0.4570 -11.1549 0.0954 -1.9920 -5.4836 0.0000 0.0000 0.0000 22.1192 4.2333 1.8112 -0.3287 -3.6849 10.1917 -0.2940 -2.6544 -11.5705 -0.1080 -2.1190 5.8347 1.4973 -0.2038 1.1344 3.5031 -0.1109 0.4638 2.7560 0.0017 -0.1581 -10.0349 -4.3244 -17.9627 7.2137 -4.5930 18.1549 3.5409 -2.0131 9.0692 -0.0000 0.0000 0.0000 -88.1238 -5.5773 14.6839 15.7797 -25.2210 -3.5516 -0.0000 -0.0000 13.3364 -4.9203 37.1305 -2.9747 -7.1250 0.0000 -0.0000 -45.6804 61.0348 -20.1825 -0.0000 0.0000 0.0000 86.5575 6.0607 10.5502 -14.0127 22.7528 -2.8330 0.0000 -0.0000 -9.0721 -15.5933 23.4634 -6.3407 7.1250 -0.0000 -0.0000 8.4041 -5.9402 7.5731
8.3384 18.1726 7.6541 183.1840 6.6432 -175.4240 0.0000 0.0000 0.0000 -14.3918 -4.8809 -9.4882 1.3223 7.2826 20.5553 0.3796 0.6322 -11.8850 0.0587 -1.5633 -4.3003 0.0000 0.0000 0.0000 22.0681 4.6626 1.4379 -0.2894 -3.4593 9.5602 -0.2919 -2.5285 -11.4542 -0.1898 -2.8060 7.7392 2.0189 -0.0756 0.3737 3.5011 0.0443 0.2904 2.4591 0.0824 0.0848 -9.9025 -4.4153 -18.1136 6.9540 -4.6907 17.9987 3.4101 -2.0795 9.0418 0.0000 -0.0000 0.0000 -87.9872 -4.9003 12.5437 15.5780 -24.9452 -3.4661 -0.0000 -0.0000 13.1380 -4.7281 37.5112 -2.8832 -7.1250 0.0000 -0.0000 -45.9787 61.3554 -20.6990 0.0000 -0.0000 0.0000 86.5135 5.0453 8.4412 -13.0557 21.3687 -2.4735 0.0000 -0.0000 -6.4810 -16.0708 22.3196 -6.2437 7.1250 -0.0000 -0.0000 8.0399 -7.0348 7.0664
8.2283 18.1615 7.5984 182.3510 7.3149 -175.8010 0.0000 0.0000 0.0000 -15.8647 -4.5453 -8.7964 1.2831 7.1780 20.2439 0.3955 0.9907 -12.2795 0.1194 -2.2281 -6.1364 0.0000 0.0000 0.0000 20.8372 5.7931 1.4892 -0.3769 -3.9430 10.9163 -0.3270 -3.1953 -12.4579 -0.1068 -2.1072 5.8020 1.0321 0.1805 0.7619 3.1877 0.3571 0.4538 2.6881 0.2232 0.0228 -10.5750 -4.6344 -18.3389 7.5910 -4.9280 18.1904 3.7131 -2.1643 9.2068 0.0000 -0.0000 0.0000 -87.7782 -3.8513 11.3096 15.5540 -24.9122 -3.4559 -0.0000 -0.0000 11.8278 -3.0099 37.1393 -1.8183 -7.1250 0.0000 -0.0000 -43.9138 61.5208 -19.7260 0.0000 -0.0000 0.0000 86.4622 3.8968 5.7230 -12.2748 20.2155 -2.1963 0.0000 -0.0000 -4.7755 -15.6774 21.9709 -5.9944 7.1250 -0.0000 -0.0000 8.2685 -7.4395 7.2057
8.0775 18.1455 7.5343 182.0560 6.0402 -175.4700 0.0000 0.0000 0.0000 -16.6952 -4.6661 -9.3184 1.2908 7.1989 20.3061 0.4001 -0.0299 -11.9401 0.3805 -3.9615 -10.9685 0.0000 0.0000 0.0000 19.9664 4.9320 0.6549 -0.4334 -4.2245 11.7091 -0.3762 -3.1685 -13.1880 -0.1254 -2.2823 6.2865 1.4101 0.0822 0.4587 2.6697 0.1922 0.5071 1.9445 0.1316 0.2568 -9.6284 -4.8849 -18.3738 6.9553 -5.4004 17.5408 3.2567 -2.3956 8.9882 -0.0000 0.0000 0.0000 -87.2338 -3.4519 10.0369 15.3471 -24.6275 -3.3693 -0.0000 -0.0000 11.3268 -2.9850 36.1981 -1.7639 -7.1250 0.0000 -0.0000 -42.7496 60.8322 -18.3874 -0.0000 0.0000 0.0000 87.0551 2.6300 2.4356 -12.2032 20.1086 -2.1716 0.0000 -0.0000 -4.2425 -15.5969 21.9215 -5.9496 7.1250 -0.0000 -0.0000 8.3168 -7.4999 7.2388
7.9720 18.1228 7.4905 182.2770 7.0613 -175.4930 0.0000 0.0000 0.0000 -16.8854 -3.7790 -9.7429 1.3912 7.4624 21.0928 0.4301 -0.2094 -12.3185 0.6299 -5.0782 -14.1319 0.0000 0.0000 0.0000 19.7119 5.4395 0.6947 -0.4559 -4.3313 12.0107 -0.3870 -2.7510 -13.0847 -0.0783 -1.8046 4.9660 1.1034 0.3329 0.6392 2.9459 0.5374 0.8144 2.4006 0.3086 0.4570 -10.6737 -4.8290 -18.7542 7.2983 -5.0743 17.4595 3.5881 -2.2774 9.0380 -0.0000 0.0000 0.0000 -87.6724 -3.0030 8.6577 15.3232 -24.5945 -3.3593 -0.0000 -0.0000 11.1578 -3.2169 38.2306 -1.9920 -7.1250 0.0000 -0.0000 -45.5039 62.2562 -21.3994 -0.0000 0.0000 0.0000 86.3315 1.2889 3.3392 -12.3240 20.2887 -2.2133 0.0000 -0.0000 -5.9168 -17.1499 21.2159 -6.3721 7.1250 -0.0000 -0.0000 7.2954 -8.0164 6.2590
7.8485 18.0924 7.4659 180.9930 6.7266 -175.7310 0.0000 0.0000 0.0000 -18.6747 -3.5012 -9.8890 1.4358 7.5761 21.4336 0.4616 -1.5458 -12.3916 0.4398 -4.2554 -11.7964 0.0000 0.0000 0.0000 17.8389 4.7150 -0.7295 -0.6529 -5.1684 14.3896 -0.4788 -1.9290 -13.9145 -0.0243 -1.0066 2.7670 -0.1592 0.3956 1.0836 2.3952 0.5853 0.8693 2.5398 0.3121 0.2563 -10.3169 -4.8993 -18.0697 6.9516 -5.2519 16.7886 3.3819 -2.3867 8.6837 -0.0000 -0.0000 0.0000 -87.3055 -2.4156 8.0323 14.9917 -24.1346 -3.2226 -0.0000 -0.0000 11.9617 -3.0089 37.8633 -1.8478 -7.1250 0.0000 -0.0000 -44.8304 62.0467 -20.7905 -0.0000 -0.0000 0.0000 86.4702 -0.0152 1.7989 -12.3442 20.3188 -2.2204 0.0000 -0.0000 -5.8465 -16.8195 21.4588 -6.3105 7.1250 -0.0000 -0.0000 7.5189 -7.8119 6.4847
7.7378 18.0698 7.4474 180.1700 7.0012 -176.3030 0.0000 0.0000 0.0000 -20.0107 -2.1309 -9.7367 1.4070 7.5029 21.2142 0.4360 -2.6003 -11.8492 0.3938 -4.0296 -11.1600 0.0000 0.0000 0.0000 16.4835 4.5918 -2.1018 -0.9683 -6.2649 17.5550 -0.5830 -1.1664 -14.8918 -0.0130 -0.7361 2.0231 -1.2732 0.5748 1.8284 2.0857 0.8001 1.1210 2.8398 0.4102 0.0771 -10.7959 -4.9323 -18.5290 7.4068 -5.2239 17.1120 3.6220 -2.3496 8.9000 0.0000 -0.0000 0.0000 -87.2577 -1.9612 7.2404 14.8202 -23.8951 -3.1528 -0.0000 -0.0000 12.4926 -2.8860 37.5885 -1.7614 -7.1250 0.0000 -0.0000 -44.3629 61.8796 -20.3505 0.0000 -0.0000 0.0000 86.5073 -0.8739 0.8951 -12.3253 20.2907 -2.2138 0.0000 -0.0000 -5.6496 -16.5750 21.3431 -6.1825 7.1250 -0.0000 -0.0000 7.6675 -7.9618 6.5924
7.6240 18.0649 7.4477 180.3680 7.1312 -176.4910 0.0000 0.0000 0.0000 -20.0663 -1.6120 -9.8111 1.4144 7.5217 21.2703 0.4160 -3.5628 -11.4843 0.0889 -1.9233 -5.2938 0.0000 0.0000 0.0000 16.3293 4.7101 -3.7478 -1.3327 -7.3100 20.6371 -0.6361 -0.9129 -15.4249 -0.0095 0.6304 -1.7323 -1.1773 0.6295 2.3873 1.9092 0.8772 1.4068 2.5981 0.4506 0.0566 -10.7002 -4.6771 -17.5445 7.5807 -5.0056 15.6926 3.6868 -2.2440 8.2249 0.0000 -0.0000 0.0000 -86.8033 -1.9726 6.7096 14.4263 -23.3409 -2.9950 -0.0000 -0.0000 12.7300 -2.7964 37.4713 -1.7021 -7.1250 0.0000 -0.0000 -44.1299 61.8173 -20.1549 0.0000 -0.0000 0.0000 86.6984 -1.1071 0.1433 -12.2646 20.2003 -2.1928 0.0000 -0.0000 -4.7616 -16.4079 21.7815 -6.2358 7.1250 -0.0000 -0.0000 7.7975 -7.5373 6.7719
7.5179 18.0484 7.4396 179.9340 6.9785 -176.4830 0.0000 0.0000 0.0000 -20.8362 -1.0044 -10.2195 1.4312 7.5644 21.3987 0.3993 -4.6792 -11.2524 0.0332 -1.1755 -3.2318 0.0000 0.0000 0.0000 15.3572 4.3590 -5.8095 -1.7624 -8.3526 23.7904 -0.6527 -0.0719 -15.2947 -0.0090 0.6137 -1.6863 -1.6970 0.8311 2.3693 1.5614 1.1320 1.6623 2.5294 0.5697 0.3125 -10.5490 -4.9977 -18.3217 7.3346 -5.3823 16.6162 3.5296 -2.4218 8.6997 0.0000 0.0000 0.0000 -86.3865 -1.9438 7.2654 14.2761 -23.1281 -2.9357 -0.0000 -0.0000 12.5871 -3.0546 37.1706 -1.8467 -7.1250 0.0000 -0.0000 -43.9946 61.5323 -19.7825 0.0000 0.0000 0.0000 86.8983 -0.8937 -1.2044 -11.9765 19.7693 -2.0943 0.0000 -0.0000 -4.7187 -15.2558 21.6870 -5.7552 7.1250 -0.0000 -0.0000 8.5205 -7.7803 7.3728
7.4000 18.0597 7.4203 179.1900 6.9105 -176.5350 0.0000 0.0000 0.0000 -22.1569 -1.2242 -9.6972 1.3170 7.2686 20.5137 0.3764 -4.1379 -10.9106 0.1659 -2.6240 -7.2337 0.0000 0.0000 0.0000 13.8177 3.9359 -8.2512 -2.3272 -9.5167 27.4254 -0.5878 0.7160 -14.2560 -0.0148 0.7856 -2.1591 -2.3164 0.6105 2.5747 1.2721 0.8109 1.5164 2.5840 0.4059 0.0622 -10.1261 -4.7410 -17.6874 6.4230 -5.0079 16.5658 3.2029 -2.3215 8.4984 0.0000 -0.0000 0.0000 -86.5986 -1.7237 5.1933 13.7152 -22.3261 -2.7190 -0.0000 -0.0000 13.6702 -2.9580 37.4635 -1.8002 -7.1250 0.0000 -0.0000 -44.2717 61.7704 -20.1851 0.0000 -0.0000 0.0000 86.7974 -1.1727 -0.5936 -11.9747 19.7667 -2.0937 0.0000 -0.0000 -4.2319 -16.8819 21.1351 -6.2447 7.1250 -0.0000 -0.0000 7.4612 -8.1341 6.3863
7.3062 18.0907 7.4120 180.4370 6.8898 -176.6790 0.0000 0.0000 0.0000 -21.0691 -1.5398 -9.0177 1.2710 7.1455 20.1470 0.3803 -3.8777 -10.9663 0.0000 0.0257 0.0706 0.0000 0.0000 0.0000 14.5312 2.9426 -10.1091 -2.7813 -10.3323 30.0596 -0.4505 1.8638 -12.1711 -0.0148 0.7856 -2.1590 -1.0336 0.5849 3.0871 1.4949 0.8160 1.5120 2.0856 0.4232 -0.2161 -9.8134 -4.5262 -17.5736 5.7229 -4.6571 16.8694 2.9625 -2.2073 8.5251 0.0000 0.0000 0.0000 -86.6814 -1.2775 4.5579 13.7087 -22.3168 -2.7165 -0.0000 -0.0000 13.8368 -2.4871 37.9164 -1.5290 -7.1250 0.0000 -0.0000 -44.4102 62.2200 -20.7327 0.0000 0.0000 0.0000 86.8343 -1.0384 -0.7337 -12.0164 19.8292 -2.1078 0.0000 -0.0000 -4.7383 -15.1062 22.1516 -5.8117 7.1250 -0.0000 -0.0000 8.6372 -7.3294 7.5533
7.2339 18.0791 7.4012 179.4080 8.0262 -176.8540 0.0000 0.0000 0.0000 -22.5931 -0.6793 -8.8936 1.2051 6.9647 19.6109 0.3838 -3.6256 -11.0209 0.0074 -0.5539 -1.5221 0.0000 0.0000 0.0000 12.4236 3.7903 -11.8344 -3.3244 -11.2026 32.9661 -0.3876 3.3391 -11.0877 -0.0429 1.3373 -3.6774 -2.5541 1.0028 3.0308 1.2596 1.3249 1.6098 2.6835 0.6661 -0.1335 -10.2156 -4.6545 -18.0127 5.9190 -4.7241 17.5769 3.0892 -2.2381 8.8664 0.0000 -0.0000 0.0000 -86.8147 -1.6122 3.7305 13.2798 -21.6958 -2.5558 -0.0000 -0.0000 14.8198 -2.9655 37.5260 -1.8074 -7.1250 0.0000 -0.0000 -44.3578 61.8138 -20.2788 0.0000 -0.0000 0.0000 86.6927 -0.8614 0.8359 -12.5588 20.6373 -2.2954 0.0000 -0.0000 -6.0232 -15.2831 21.5649 -5.7353 7.1250 -0.0000 -0.0000 8.4974 -7.9005 7.3320
7.1723 18.0818 7.3864 179.1270 7.9182 -176.9560 0.0000 0.0000 0.0000 -23.1098 0.3043 -9.0490 1.1807 6.8963 19.4084 0.3345 -4.5365 -10.3094 0.0003 0.1081 0.2969 0.0000 0.0000 0.0000 11.3293 3.2799 -12.6864 -3.5242 -11.4988 33.9813 -0.3305 4.5002 -10.2474 -0.0786 1.8084 -4.9764 -3.1620 0.8990 3.2747 1.3336 1.1579 1.4515 3.1022 0.5849 -0.4339 -9.5833 -4.5081 -18.3312 4.6999 -4.3968 17.9105 2.6078 -2.1677 8.9662 -0.0000 -0.0000 0.0000 -87.1549 -0.9547 4.0845 13.5768 -22.1264 -2.6666 -0.0000 -0.0000 14.3027 -3.0141 37.3731 -1.8306 -7.1250 0.0000 -0.0000 -44.2102 61.6903 -20.0670 -0.0000 -0.0000 0.0000 86.5534 -0.8315 2.1759 -13.2249 21.6158 -2.5355 0.0000 -0.0000 -7.1478 -14.8272 21.6808 -5.5856 7.1250 -0.0000 -0.0000 8.7910 -7.8395 7.6021
7.1255 18.0811 7.3759 179.6480 7.6387 -176.9300 0.0000 0.0000 0.0000 -22.7352 -0.1585 -8.8500 1.1915 6.9266 19.4980 0.3517 -4.2124 -10.5495 0.0008 -0.1823 -0.5009 0.0000 0.0000 0.0000 11.4524 3.3372 -12.4408 -3.3506 -11.2421 33.1007 -0.4725 4.4732 -12.2287 -0.0965 2.0036 -5.5156 -2.6210 0.9160 2.9102 1.2588 1.2073 1.5621 2.7258 0.6060 -0.1086 -10.4575 -4.4969 -17.4539 6.2783 -4.5666 17.2442 3.2770 -2.1479 8.6541 -0.0000 -0.0000 0.0000 -86.6918 -1.4134 4.4002 13.5151 -22.0373 -2.6434 -0.0000 -0.0000 14.5372 -3.5435 37.7670 -2.1719 -7.1250 0.0000 -0.0000 -45.2055 61.8399 -20.7846 -0.0000 -0.0000 0.0000 87.0392 -0.3475 3.4376 -13.9341 22.6404 -2.8027 0.0000 -0.0000 -7.5834 -16.0253 21.9229 -6.1208 7.1250 -0.0000 -0.0000 8.0467 -7.4434 7.0077
7.0975 18.0649 7.3532 180.0860 6.2832 -176.9870 0.0000 0.0000 0.0000 -22.2700 -1.2110 -8.8387 1.2927 7.2039 20.3209 0.3657 -4.7042 -10.7784 0.0000 0.0141 0.0388 0.0000 0.0000 0.0000 11.7935 2.6421 -10.9323 -2.7510 -10.2806 29.8902 -0.6359 1.6975 -14.5787 -0.0898 1.9330 -5.3204 -2.1196 0.4205 2.8404 1.3894 0.5663 1.6113 2.5988 0.2874 0.0268 -9.7999 -4.7090 -19.0481 5.1512 -4.6468 18.6843 2.7641 -2.2442 9.3993 0.0000 0.0000 0.0000 -86.5287 -1.7958 5.0414 13.6401 -22.2179 -2.6905 -0.0000 -0.0000 13.8263 -2.9712 37.7426 -1.8197 -7.1250 0.0000 -0.0000 -44.6397 61.9693 -20.6007 0.0000 0.0000 0.0000 86.8638 0.1075 6.0997 -14.5528 23.5194 -3.0452 0.0000 -0.0000 -9.3196 -16.7504 22.2689 -6.5067 7.1250 -0.0000 -0.0000 7.6100 -6.9955 6.6873
7.0956 18.0618 7.3057 180.2830 6.5008 -177.1660 0.0000 0.0000 0.0000 -22.1232 -0.3993 -8.8087 1.3166 7.2677 20.5109 0.3872 -5.1016 -11.1119 0.0094 -0.6275 -1.7242 0.0000 0.0000 0.0000 11.9766 3.6049 -8.2437 -1.9193 -8.6960 24.8488 -0.6726 -1.5631 -16.1349 -0.0564 1.5318 -4.2134 -1.9464 0.6405 2.5915 1.2124 0.8587 1.5070 2.3130 0.4327 0.0459 -10.3600 -4.7370 -18.4509 5.9875 -4.7570 18.9763 3.1460 -2.2422 9.4395 -0.0000 -0.0000 0.0000 -86.0382 -2.1875 5.1723 13.5808 -22.1323 -2.6682 -0.0000 -0.0000 13.9298 -2.8912 38.3183 -1.7936 -7.1250 0.0000 -0.0000 -45.3157 62.4038 -21.4468 -0.0000 -0.0000 0.0000 87.4398 0.3252 7.1639 -15.0199 24.1739 -3.2341 0.0000 -0.0000 -10.0198 -16.2181 22.2412 -6.2827 7.1250 -0.0000 -0.0000 7.9430 -7.0950 6.9701
7.1073 18.0494 7.2769 180.6750 6.6301 -177.2040 0.0000 0.0000 0.0000 -21.6691 -0.4063 -8.8169 1.3699 7.4073 20.9279 0.4002 -4.9144 -11.2774 0.0180 -0.8666 -2.3819 0.0000 0.0000 0.0000 12.5666 4.2739 -5.1060 -1.0247 -6.4395 18.0652 -0.4529 -4.2014 -14.9524 -0.0690 1.6945 -4.6620 -1.7555 0.8425 2.1293 1.2052 1.1339 1.4605 2.1978 0.5677 0.2454 -10.2140 -4.7701 -17.7715 5.8476 -4.8613 19.0395 3.0674 -2.2968 9.3407 0.0000 0.0000 0.0000 -85.7418 -2.6039 5.6135 13.9026 -22.5953 -2.7906 -0.0000 -0.0000 13.6790 -3.1494 37.7051 -1.9274 -7.1250 0.0000 -0.0000 -44.7583 61.8965 -20.5912 0.0000 0.0000 0.0000 87.8349 0.9176 8.4828 -15.2027 24.4277 -3.3093 0.0000 -0.0000 -9.9407 -16.2902 22.2906 -6.3252 7.1250 -0.0000 -0.0000 7.9004 -7.0351 6.9413
7.0880 18.0485 7.2499 180.5120 6.5145 -177.2660 0.0000 0.0000 0.0000 -21.9962 -1.6991 -8.0842 1.3707 7.4095 20.9344 0.4356 -3.9003 -11.7442 0.0035 0.3826 1.0512 0.0000 0.0000 0.0000 12.3110 3.5053 -3.9785 -0.7434 -5.5078 15.3627 -0.2036 -5.1005 -11.9212 -0.0039 0.4020 -1.1046 -1.4635 0.9578 2.0182 0.9154 1.2806 1.1686 1.7321 0.6429 0.0133 -10.3751 -4.9937 -17.5773 5.7654 -5.0963 19.9485 3.0472 -2.4158 9.6494 -0.0000 -0.0000 0.0000 -85.3933 -2.7889 6.4640 14.3847 -23.2819 -2.9785 -0.0000 -0.0000 12.6264 -2.3076 38.4088 -1.4341 -7.1250 0.0000 -0.0000 -44.8896 62.6218 -21.4282 -0.0000 -0.0000 0.0000 88.0471 1.2019 9.7196 -15.2811 24.5363 -3.3418 0.0000 -0.0000 -9.7213 -15.9992 22.4223 -6.2415 7.1250 -0.0000 -0.0000 8.0907 -6.9400 7.1271
7.0819 18.0540 7.2373 179.4170 6.2884 -177.0040 0.0000 0.0000 0.0000 -23.2990 -2.3633 -7.8763 1.2808 7.1719 20.2257 0.4174 -3.2166 -11.5246 0.0136 -0.7521 -2.0669 0.0000 0.0000 0.0000 11.1060 3.4521 -4.6329 -0.8212 -5.7820 16.1533 -0.2570 -4.6552 -12.4344 -0.0147 0.7824 -2.1504 -2.1337 1.0581 1.5090 0.2549 1.4004 0.9584 1.4360 0.6978 0.0789 -10.1631 -5.1579 -18.3542 5.6759 -5.2655 21.2908 2.9658 -2.4645 10.2792 -0.0000 -0.0000 0.0000 -85.0881 -3.1154 7.8100 15.1720 -24.3852 -3.2966 -0.0000 -0.0000 10.9938 -0.8182 38.8247 -0.5130 -7.1250 0.0000 -0.0000 -44.0474 63.3176 -21.6509 -0.0000 -0.0000 0.0000 88.4087 2.0718 11.7027 -15.0813 24.2593 -3.2593 0.0000 -0.0000 -10.0091 -16.1052 22.7775 -6.3783 7.1250 -0.0000 -0.0000 8.0448 -6.5656 7.1447
7.0971 18.0642 7.2344 180.3520 6.7153 -177.3240 0.0000 0.0000 0.0000 -22.3059 -2.2210 -7.1459 1.2257 7.0219 19.7801 0.4149 -2.3473 -11.5838 0.1554 -2.5403 -7.0013 0.0000 0.0000 0.0000 12.1576 3.6173 -3.9017 -0.7599 -5.5672 15.5337 -0.2348 -4.4984 -11.9302 -0.0093 0.6235 -1.7134 -1.1122 1.1875 1.9635 0.4110 1.5785 0.7977 1.0084 0.7932 -0.3249 -10.5594 -5.0879 -18.3287 5.8594 -5.0579 22.1670 3.1465 -2.3633 10.5934 0.0000 0.0000 0.0000 -85.3060 -2.9394 8.0267 15.9596 -25.4658 -3.6286 -0.0000 -0.0000 10.2780 -0.1907 38.4558 -0.1186 -7.1250 0.0000 -0.0000 -42.9487 63.2177 -20.9062 0.0000 0.0000 0.0000 88.3677 2.7586 14.9382 -14.9581 24.0877 -3.2088 0.0000 -0.0000 -9.4348 -17.7204 21.0334 -6.5424 7.1250 -0.0000 -0.0000 6.9217 -8.1275 5.9181
7.1692 18.0672 7.2357 181.0210 6.3718 -177.5750 0.0000 0.0000 0.0000 -21.1893 -1.4730 -7.2256 1.2777 7.1637 20.2013 0.4287 -3.5417 -11.6622 0.1017 -2.0560 -5.6605 0.0000 0.0000 0.0000 13.2779 3.6872 -2.8207 -0.6786 -5.2673 14.6726 -0.1813 -5.2251 -11.6422 -0.0093 0.6212 -1.7070 -1.1633 1.0960 2.1300 0.7171 1.4573 0.7650 1.3493 0.7341 -0.4576 -10.8481 -4.9381 -18.3469 5.9954 -4.7533 22.8864 3.3075 -2.2172 10.8465 0.0000 0.0000 0.0000 -85.6596 -2.8101 8.4116 16.8349 -26.6396 -4.0130 -0.0000 -0.0000 9.1008 -1.8789 39.0097 -1.1830 -7.1250 0.0000 -0.0000 -45.3029 63.1650 -22.2399 0.0000 0.0000 0.0000 88.3022 3.5950 16.2892 -14.7900 23.8528 -3.1405 0.0000 -0.0000 -8.7701 -15.5584 22.2471 -6.0174 7.1250 -0.0000 -0.0000 8.3579 -7.1752 7.3289
7.1605 18.0476 7.2293 180.7900 6.4493 -177.5510 0.0000 0.0000 0.0000 -21.6689 -2.7552 -7.0837 1.3511 7.3583 20.7813 0.4658 -2.0894 -12.3409 0.2177 -3.0037 -8.2891 0.0000 0.0000 0.0000 12.8121 3.2947 -2.4079 -0.5806 -4.8793 13.5645 -0.1939 -4.6751 -11.3603 -0.0034 0.3741 -1.0279 -1.0876 1.2017 1.8534 0.5343 1.5965 0.6552 1.1209 0.8022 -0.4124 -10.7139 -5.0274 -17.6951 5.4525 -4.8287 22.6913 3.0780 -2.3071 10.6415 -0.0000 -0.0000 0.0000 -85.9172 -2.6014 10.1517 17.5383 -27.5619 -4.3335 -0.0000 -0.0000 7.9080 -1.1757 38.2220 -0.7275 -7.1250 0.0000 -0.0000 -43.5737 62.7851 -20.8339 -0.0000 -0.0000 0.0000 88.3770 4.1008 18.1529 -15.0925 24.2747 -3.2639 0.0000 -0.0000 -8.3461 -15.3245 21.9647 -5.8522 7.1250 -0.0000 -0.0000 8.4906 -7.4907 7.3951
7.1705 18.0619 7.2214 181.8520 5.5847 -177.2680 0.0000 0.0000 0.0000 -20.4362 -3.6317 -7.3388 1.4236 7.5451 21.3406 0.4729 -2.0441 -12.4449 0.2258 -3.0588 -8.4424 0.0000 0.0000 0.0000 14.1148 2.8883 -1.4124 -0.4245 -4.1818 11.5886 -0.1115 -5.5938 -10.6784 -0.0001 -0.0607 0.1667 0.1475 0.9681 1.4551 0.7579 1.3086 0.5683 0.6712 0.6594 -0.2482 -10.7575 -5.0497 -17.8237 5.3453 -4.7808 23.1461 3.0612 -2.2930 10.8293 0.0000 0.0000 0.0000 -86.3122 -2.4770 11.6847 17.9867 -28.1401 -4.5430 -0.0000 -0.0000 7.5329 -1.1428 38.1336 -0.7057 -7.1250 0.0000 -0.0000 -43.4255 62.7292 -20.6919 0.0000 0.0000 0.0000 88.4452 4.6938 19.6594 -15.5797 24.9475 -3.4668 0.0000 -0.0000 -9.9472 -13.7427 22.9927 -5.4569 7.1250 -0.0000 -0.0000 9.5298 -6.6529 8.4827
7.2028 18.0737 7.2347 182.5220 5.3712 -176.6830 0.0000 0.0000 0.0000 -19.4826 -3.7925 -8.2993 1.4990 7.7336 21.9080 0.4993 -2.3115 -12.7522 0.3314 -3.6999 -10.2339 0.0000 0.0000 0.0000 15.0327 3.2461 -1.3641 -0.3600 -3.8543 10.6670 -0.0677 -6.3073 -10.5883 -0.0032 0.3636 -0.9991 0.5042 0.9729 0.9466 0.9573 1.3180 0.2870 0.6817 0.6644 -0.2479 -10.9300 -5.0738 -17.7001 5.5107 -4.7885 23.5406 3.1604 -2.2820 10.9633 -0.0000 0.0000 0.0000 -86.6195 -2.3329 13.1267 18.3139 -28.5573 -4.6983 -0.0000 -0.0000 7.3342 -0.9352 38.1543 -0.5778 -7.1250 0.0000 -0.0000 -43.2556 62.7991 -20.6650 -0.0000 0.0000 0.0000 90.1495 5.6314 18.1494 -15.5459 24.9011 -3.4525 0.0000 -0.0000 -7.2232 -13.9804 23.8838 -5.7560 7.1250 -0.0000 -0.0000 9.4252 -5.7297 8.5564
7.2168 18.0697 7.2245 182.0930 5.0786 -176.8880 0.0000 0.0000 0.0000 -19.9392 -3.7536 -7.9273 1.4545 7.6231 21.5749 0.4967 -2.5447 -12.6816 0.2866 -3.4428 -9.5139 0.0000 0.0000 0.0000 14.6121 3.2598 -1.2144 -0.3810 -3.9643 10.9762 -0.0770 -6.3085 -10.7847 -0.0061 -0.5034 1.3833 0.0303 0.9476 0.9420 0.8267 1.2753 0.3132 0.8143 0.6414 -0.2255 -10.7778 -5.1154 -18.0121 5.3186 -4.7933 23.9402 3.0682 -2.2865 11.1646 0.0000 -0.0000 0.0000 -87.0808 -2.6274 14.0380 17.9823 -28.1344 -4.5409 -0.0000 -0.0000 7.4913 0.4894 37.1467 0.2955 -7.1250 0.0000 -0.0000 -40.5946 62.4209 -18.8019 0.0000 -0.0000 0.0000 90.4858 4.8844 18.7455 -16.8152 26.6134 -4.0042 0.0000 -0.0000 -7.6852 -13.5232 23.9074 -5.5669 7.1250 -0.0000 -0.0000 9.7083 -5.7641 8.8146
7.2305 18.0701 7.2089 181.2560 4.2227 -177.2380 0.0000 0.0000 0.0000 -20.8634 -4.1397 -7.0887 1.3717 7.4120 20.9417 0.4526 -2.4616 -12.0989 0.2324 -3.1027 -8.5648 0.0000 0.0000 0.0000 13.7405 2.6371 -1.2197 -0.4362 -4.2380 11.7473 -0.1265 -6.1623 -11.5939 -0.0113 -0.6872 1.8886 -0.8631 0.7443 0.9900 0.6008 0.9909 0.3843 1.0870 0.4969 -0.1867 -10.3605 -5.0964 -18.0347 4.7501 -4.7533 23.6741 2.7885 -2.3059 11.0382 0.0000 0.0000 0.0000 -87.8625 -2.3669 14.2130 18.0363 -28.2036 -4.5664 -0.0000 -0.0000 7.6380 0.4567 36.6936 0.2729 -7.1250 0.0000 -0.0000 -40.0663 62.0678 -18.1806 0.0000 0.0000 0.0000 88.6119 4.3171 22.6967 -17.6771 27.7417 -4.3979 0.0000 -0.0000 -12.1420 -14.2339 23.9659 -5.8829 7.1250 -0.0000 -0.0000 9.2731 -5.6146 8.4351
7.2635 18.0798 7.2317 181.9380 4.7335 -177.0590 0.0000 0.0000 0.0000 -19.9850 -3.6805 -7.6266 1.4094 7.5088 21.2319 0.4720 -2.5649 -12.3493 0.2763 -3.3808 -9.3408 0.0000 0.0000 0.0000 14.6419 3.1925 -1.0698 -0.3980 -4.0504 11.2186 -0.0848 -6.5319 -11.2082 -0.0005 -0.1379 0.3790 -0.5289 0.9486 1.1473 0.7771 1.2687 0.2624 1.0725 0.6381 -0.4033 -10.4171 -5.1038 -17.7580 4.9993 -4.8755 23.0564 2.8626 -2.3484 10.7727 -0.0000 -0.0000 0.0000 -88.1372 -2.2709 14.6768 17.7203 -27.7975 -4.4180 -0.0000 -0.0000 7.6372 0.2587 36.1942 0.1528 -7.1250 0.0000 -0.0000 -39.6568 61.6349 -17.5552 -0.0000 -0.0000 0.0000 88.7868 4.1513 22.9489 -17.9993 28.1563 -4.5489 0.0000 -0.0000 -12.0250 -14.1878 22.9034 -5.6192 7.1250 -0.0000 -0.0000 9.2484 -6.6872 8.2190
7.2680 18.0766 7.2312 181.9120 4.5070 -177.0810 0.0000 0.0000 0.0000 -19.9849 -3.7135 -7.6164 1.4160 7.5259 21.2830 0.4754 -2.8220 -12.3609 0.2028 -2.8995 -7.9992 0.0000 0.0000 0.0000 14.5861 2.6526 -1.0639 -0.3812 -3.9652 10.9788 -0.1059 -6.2153 -11.2573 -0.0001 -0.0736 0.2023 -0.4917 0.9894 1.1113 0.6975 1.3222 0.2424 0.9698 0.6643 -0.4022 -10.5052 -5.1693 -17.4613 5.1372 -5.0212 22.6795 2.9026 -2.4126 10.5963 0.0000 0.0000 0.0000 -88.4835 -1.8699 14.9272 17.3905 -27.3697 -4.2653 -0.0000 -0.0000 8.1805 -0.0285 35.3822 -0.0165 -7.1250 0.0000 -0.0000 -38.9931 60.9359 -16.5591 0.0000 0.0000 0.0000 88.9443 3.8230 22.9568 -18.1158 28.3051 -4.6040 0.0000 -0.0000 -11.6800 -14.2035 22.9445 -5.6351 7.1250 -0.0000 -0.0000 9.2405 -6.6441 8.2196
7.2844 18.0762 7.2362 181.9600 4.8206 -177.1080 0.0000 0.0000 0.0000 -19.8802 -3.5534 -7.7464 1.4425 7.5928 21.4839 0.4915 -2.6551 -12.5976 0.2249 -3.0523 -8.4244 0.0000 0.0000 0.0000 14.6946 2.9119 -1.0583 -0.3865 -3.9923 11.0551 -0.1014 -6.2173 -11.1717 -0.0021 0.2951 -0.8109 -0.6391 1.0578 1.2725 0.7644 1.4125 0.2706 1.1166 0.7103 -0.4707 -10.4090 -5.1426 -17.4737 4.6841 -4.9315 22.0272 2.7240 -2.4305 10.3385 -0.0000 -0.0000 0.0000 -88.9468 -1.5886 15.4483 17.0940 -26.9816 -4.1299 -0.0000 -0.0000 8.0987 0.2756 36.2161 0.1628 -7.1250 0.0000 -0.0000 -39.6665 61.6560 -17.5802 -0.0000 -0.0000 0.0000 88.8423 3.8462 23.0528 -17.7762 27.8696 -4.4441 0.0000 -0.0000 -11.8367 -13.6522 23.5416 -5.5412 7.1250 -0.0000 -0.0000 9.6111 -6.1141 8.6584
7.2898 18.0698 7.2403 181.8370 5.0654 -177.1940 0.0000 0.0000 0.0000 -20.0244 -3.3451 -7.6969 1.4423 7.5923 21.4823 0.4670 -2.4790 -12.2939 0.1615 -2.5889 -7.1362 0.0000 0.0000 0.0000 14.5377 3.0476 -1.4040 -0.4374 -4.2439 11.7638 -0.1260 -5.8560 -11.2505 -0.0012 0.2278 -0.6258 -0.7538 1.1554 1.3842 0.6669 1.5401 0.3811 1.0778 0.7735 -0.4236 -10.6321 -5.2919 -17.6167 4.8720 -5.1409 21.6305 2.7879 -2.5329 10.2513 0.0000 0.0000 0.0000 -89.0950 -1.4210 15.1430 16.5312 -26.2356 -3.8778 -0.0000 -0.0000 9.0379 -1.9369 37.4391 -1.1778 -7.1250 0.0000 -0.0000 -43.2799 62.0138 -19.8831 0.0000 0.0000 0.0000 89.0643 3.5452 22.5463 -17.4448 27.4404 -4.2903 0.0000 -0.0000 -11.2983 -13.7726 23.3828 -5.5563 7.1250 -0.0000 -0.0000 9.5291 -6.2581 8.5556
7.2832 18.0684 7.2390 182.2300 4.8259 -176.8420 0.0000 0.0000 0.0000 -19.5482 -3.7212 -8.2080 1.4946 7.7229 21.8754 0.4996 -2.6758 -12.7020 0.2660 -3.3180 -9.1654 0.0000 0.0000 0.0000 14.9803 3.2920 -1.6875 -0.4439 -4.2746 11.8506 -0.1271 -6.0944 -11.5299 -0.0028 0.3399 -0.9338 -0.1680 1.0524 0.9361 0.7054 1.4110 0.3918 0.8008 0.7083 -0.1454 -10.8268 -5.2572 -17.8918 4.8483 -5.0150 21.5029 2.8234 -2.4971 10.2517 0.0000 -0.0000 0.0000 -89.3415 -1.0528 14.8755 16.2439 -25.8502 -3.7517 -0.0000 -0.0000 9.2062 -0.3325 36.7079 -0.1987 -7.1250 0.0000 -0.0000 -40.8431 61.8777 -18.4155 0.0000 -0.0000 0.0000 89.0729 3.5545 22.3084 -16.7609 26.5415 -3.9799 0.0000 -0.0000 -10.7108 -13.7011 23.2266 -5.4918 7.1250 -0.0000 -0.0000 9.5663 -6.4235 8.5591
7.2695 18.0638 7.2173 181.5750 4.8419 -177.0430 0.0000 0.0000 0.0000 -20.3755 -3.8577 -7.8242 1.4775 7.6804 21.7476 0.4915 -2.3611 -12.6411 0.1820 -2.7482 -7.5784 0.0000 0.0000 0.0000 14.1936 3.0808 -1.7040 -0.4720 -4.4064 12.2228 -0.1724 -5.6043 -11.8527 -0.0084 0.5923 -1.6276 -0.6633 1.0673 0.8208 0.5035 1.4244 0.4813 0.8749 0.7128 0.0037 -11.6644 -5.1690 -17.4488 5.8543 -4.9697 20.8317 3.3248 -2.4366 9.9744 -0.0000 -0.0000 0.0000 -89.5013 -0.8007 13.9880 15.6375 -25.0267 -3.4912 -0.0000 -0.0000 10.5809 -2.7134 38.1261 -1.6760 -7.1250 0.0000 -0.0000 -44.8959 62.3125 -21.1077 -0.0000 -0.0000 0.0000 88.9808 3.7144 21.4298 -15.9085 25.3964 -3.6066 0.0000 -0.0000 -9.7867 -13.3831 22.9188 -5.2935 7.1250 -0.0000 -0.0000 9.7504 -6.7708 8.6624
7.2682 18.0608 7.2020 181.3180 4.6565 -177.1130 0.0000 0.0000 0.0000 -20.6712 -3.9608 -7.5106 1.4360 7.5765 21.4349 0.4972 -2.4615 -12.7009 0.2114 -2.9604 -8.1685 0.0000 0.0000 0.0000 13.8753 2.7320 -1.9554 -0.5097 -4.5762 12.7037 -0.2022 -5.2432 -12.0305 -0.0076 0.5629 -1.5468 -0.8801 1.0174 0.8233 0.3990 1.3559 0.5145 0.8905 0.6778 0.0352 -11.9130 -5.1057 -17.1627 6.0137 -4.8959 20.3067 3.4275 -2.4102 9.7387 0.0000 -0.0000 0.0000 -89.4845 -0.4769 13.5070 15.0395 -24.2011 -3.2421 -0.0000 -0.0000 11.0110 -2.6580 37.4774 -1.6180 -7.1250 0.0000 -0.0000 -44.0077 61.8571 -20.1279 0.0000 -0.0000 0.0000 88.8377 3.4543 20.1391 -14.9925 24.1357 -3.2229 0.0000 -0.0000 -9.1590 -13.7784 22.7542 -5.4182 7.1250 -0.0000 -0.0000 9.4970 -6.8876 8.4088
7.2602 18.0536 7.1812 182.9560 4.9562 -177.3310 0.0000 0.0000 0.0000 -18.8942 -3.8646 -7.4654 1.5500 7.8582 22.2841 0.5466 -2.3325 -13.3600 0.2279 -3.0727 -8.4813 0.0000 0.0000 0.0000 15.7445 2.7117 -0.6155 -0.3846 -3.9827 11.0281 -0.1289 -5.7857 -11.2299 -0.0024 0.3147 -0.8646 0.9214 1.1563 1.0258 0.7752 1.5656 0.6014 0.2619 0.7905 0.0436 -11.7530 -5.1144 -17.1796 5.6574 -4.8531 20.5424 3.2841 -2.4147 9.8087 0.0000 -0.0000 0.0000 -89.4951 -0.3256 12.2033 14.2499 -23.0909 -2.9254 -0.0000 -0.0000 12.0709 -2.6571 38.3439 -1.6492 -7.1250 0.0000 -0.0000 -45.1307 62.4834 -21.4234 0.0000 -0.0000 0.0000 89.0054 2.5702 18.9707 -14.6800 23.6985 -3.0962 0.0000 -0.0000 -8.2999 -13.5788 22.2934 -5.2352 7.1250 -0.0000 -0.0000 9.6026 -7.3738 8.4128
7.2786 18.0519 7.1742 181.3140 6.1146 -177.5930 0.0000 0.0000 0.0000 -20.7664 -2.7906 -7.1340 1.4477 7.6059 21.5235 0.5087 -2.0628 -12.9198 0.0981 -2.0197 -5.5602 0.0000 0.0000 0.0000 13.8269 3.4962 -1.4313 -0.5273 -4.6535 12.9230 -0.2219 -4.7800 -11.9512 -0.0179 0.8631 -2.3722 -1.0596 1.5087 1.1110 0.3501 2.0094 0.6310 0.9284 1.0050 -0.0254 -11.7569 -5.0443 -16.9884 5.3600 -4.7045 20.3444 3.1991 -2.3805 9.6830 0.0000 0.0000 0.0000 -89.4012 0.0093 11.4033 13.8561 -22.5287 -2.7728 -0.0000 -0.0000 12.5104 -2.8111 38.4857 -1.7502 -7.1250 0.0000 -0.0000 -45.4636 62.5443 -21.6819 0.0000 0.0000 0.0000 89.2709 2.1603 17.3272 -13.9938 22.7258 -2.8257 0.0000 -0.0000 -6.2650 -14.6306 21.6988 -5.5130 7.1250 -0.0000 -0.0000 8.9160 -7.8452 7.7119
7.2695 18.0431 7.1597 181.3590 5.8505 -177.5120 0.0000 0.0000 0.0000 -20.7448 -2.8902 -7.1736 1.4530 7.6193 21.5635 0.5019 -2.1374 -12.8168 0.1691 -2.6489 -7.3027 0.0000 0.0000 0.0000 13.8600 3.4102 -1.4571 -0.5321 -4.6743 12.9818 -0.2236 -4.9188 -12.1029 -0.0171 0.8439 -2.3195 -0.9628 1.4160 0.8134 0.3565 1.8888 0.6464 0.8908 0.9435 0.1627 -12.0918 -5.1080 -16.7545 5.6186 -4.7738 20.5561 3.3431 -2.4079 9.7385 -0.0000 0.0000 0.0000 -89.3018 0.1141 9.8622 13.3749 -21.8340 -2.5911 -0.0000 -0.0000 13.2531 -3.2986 37.2770 -1.9992 -7.1250 0.0000 -0.0000 -44.3559 61.5482 -19.9990 -0.0000 0.0000 0.0000 89.2910 2.4671 15.4406 -13.0449 21.3530 -2.4696 0.0000 -0.0000 -5.4490 -14.8345 21.3103 -5.4980 7.1250 -0.0000 -0.0000 8.7702 -8.2127 7.5184
7.2646 18.0415 7.1504 181.0760 5.4505 -177.5420 0.0000 0.0000 0.0000 -21.0914 -3.1258 -6.8634 1.3953 7.4729 21.1243 0.5148 -2.1422 -12.9851 0.2861 -3.4398 -9.5057 0.0000 0.0000 0.0000 13.5545 3.1859 -1.8020 -0.5897 -4.9168 13.6713 -0.2483 -4.8275 -12.4383 -0.0208 0.9309 -2.5586 -1.1689 1.2913 0.7646 0.1794 1.7201 0.5694 0.8265 0.8589 0.1145 -12.0811 -5.1599 -16.7587 5.4635 -4.7555 21.5475 3.3069 -2.4040 10.0896 0.0000 -0.0000 0.0000 -88.9995 0.5215 9.4160 13.2697 -21.6812 -2.5521 -0.0000 -0.0000 13.4751 -3.1201 38.2900 -1.9345 -7.1250 0.0000 -0.0000 -45.4919 62.3238 -21.4643 0.0000 -0.0000 0.0000 89.3384 1.8558 14.2439 -12.5754 20.6619 -2.3013 0.0000 -0.0000 -5.0762 -14.8519 21.7590 -5.6143 7.1250 -0.0000 -0.0000 8.7789 -7.7575 7.6057
7.2484 18.0451 7.1330 180.9700 4.8821 -177.3780 0.0000 0.0000 0.0000 -21.2332 -3.5127 -6.8762 1.3832 7.4418 21.0312 0.5006 -2.3529 -12.7637 0.2738 -3.3658 -9.2988 0.0000 0.0000 0.0000 13.3749 2.8100 -1.9481 -0.5865 -4.9035 13.6335 -0.2503 -4.8982 -12.5317 -0.0010 0.2023 -0.5558 -1.1211 1.0213 0.4758 0.1591 1.3650 0.6670 0.7886 0.6797 0.3860 -12.2478 -5.1310 -16.8121 5.4170 -4.6551 21.4661 3.3296 -2.3778 10.0652 -0.0000 0.0000 0.0000 -88.9969 0.5941 8.7243 13.3778 -21.8382 -2.5921 -0.0000 -0.0000 13.7752 -2.7324 38.4687 -1.7006 -7.1250 0.0000 -0.0000 -45.3673 62.5528 -21.6346 -0.0000 0.0000 0.0000 89.2608 1.4030 13.3773 -12.5809 20.6701 -2.3032 0.0000 -0.0000 -5.6297 -14.0871 22.1373 -5.4019 7.1250 -0.0000 -0.0000 9.2772 -7.4696 8.1021
7.2338 18.0334 7.1076 180.7990 4.6862 -177.5210 0.0000 0.0000 0.0000 -21.5040 -3.8079 -6.5910 1.4060 7.5003 21.2064 0.5216 -2.3466 -13.0384 0.2306 -3.0905 -8.5308 0.0000 0.0000 0.0000 13.1102 2.2086 -1.7434 -0.5699 -4.8349 13.4383 -0.2700 -4.6143 -12.6128 -0.0129 0.7347 -2.0192 -1.1175 0.9180 0.2201 0.0498 1.2380 1.0012 0.6835 0.6143 0.8766 -11.6709 -5.1344 -17.1881 4.4854 -4.5539 21.4090 2.9082 -2.3914 10.0683 -0.0000 0.0000 0.0000 -88.8169 0.3339 8.2643 13.4450 -21.9358 -2.6172 -0.0000 -0.0000 13.5171 -3.1091 38.3324 -1.9295 -7.1250 0.0000 -0.0000 -45.5377 62.3570 -21.5263 -0.0000 0.0000 0.0000 89.1740 1.1644 12.8332 -12.5096 20.5645 -2.2781 0.0000 -0.0000 -5.3555 -14.4738 22.2708 -5.5873 7.1250 -0.0000 -0.0000 9.0401 -7.2880 7.9221
7.2653 18.0272 7.1265 181.0920 6.5656 -177.6820 0.0000 0.0000 0.0000 -21.1533 -2.5442 -6.8355 1.4364 7.5774 21.4378 0.5300 -1.7484 -13.2605 0.2069 -2.9285 -8.0799 0.0000 0.0000 0.0000 13.4890 3.9819 -1.7834 -0.6284 -5.0726 14.1158 -0.2804 -4.4476 -12.6435 -0.0059 0.4975 -1.3671 -1.3890 1.5059 0.4883 0.1525 2.0295 1.3426 0.9419 1.0082 1.0475 -11.6170 -4.9727 -16.7306 4.6985 -4.5618 19.0985 2.9484 -2.3834 9.1677 -0.0000 -0.0000 0.0000 -88.6230 0.1012 8.2104 13.7608 -22.3917 -2.7363 -0.0000 -0.0000 13.2300 -3.2411 38.5469 -2.0210 -7.1250 0.0000 -0.0000 -45.9464 62.4747 -21.8910 -0.0000 -0.0000 0.0000 89.4521 1.6779 11.6920 -12.3160 20.2768 -2.2106 0.0000 -0.0000 -4.8415 -14.1284 22.4739 -5.4960 7.1250 -0.0000 -0.0000 9.2658 -7.1262 8.1548
7.2632 18.0262 7.1264 180.5690 6.5970 -177.7490 0.0000 0.0000 0.0000 -21.6867 -2.0123 -7.0525 1.4317 7.5657 21.4025 0.5214 -2.2285 -13.0565 0.2462 -3.1928 -8.8161 0.0000 0.0000 0.0000 12.9083 3.9962 -1.8367 -0.6374 -5.1081 14.2172 -0.2660 -4.4982 -12.4526 -0.0003 0.1184 -0.3252 -2.0423 1.4061 0.5948 0.0583 1.9048 1.5185 1.2105 0.9401 1.1541 -11.8915 -4.8842 -15.6670 4.8138 -4.6078 15.8406 3.0100 -2.4127 7.8826 0.0000 -0.0000 0.0000 -88.4426 0.1811 8.4921 14.3508 -23.2340 -2.9651 -0.0000 -0.0000 11.9976 -2.9271 38.2623 -1.8136 -7.1250 0.0000 -0.0000 -45.2752 62.3544 -21.3711 0.0000 -0.0000 0.0000 89.2656 1.2136 12.7925 -12.7476 20.9163 -2.3624 0.0000 -0.0000 -5.8314 -14.6479 21.6931 -5.5184 7.1250 -0.0000 -0.0000 8.9048 -7.8489 7.7014
7.2570 18.0341 7.1244 180.6470 6.8180 -177.5260 0.0000 0.0000 0.0000 -21.6559 -2.0922 -7.0614 1.3971 7.4775 21.1378 0.5264 -2.0013 -13.1621 0.2431 -3.1726 -8.7596 0.0000 0.0000 0.0000 12.9314 3.9380 -2.0309 -0.6181 -5.0314 13.9981 -0.2681 -4.3349 -12.3541 -0.0109 0.6729 -1.8492 -2.0744 1.3816 0.7038 0.0889 1.8659 1.4269 1.2552 0.9216 0.9984 -12.2209 -4.8029 -15.2459 5.1267 -4.5615 13.3707 3.1642 -2.3630 7.0056 -0.0000 0.0000 0.0000 -88.1943 0.3862 8.5510 14.6554 -23.6638 -3.0863 -0.0000 -0.0000 11.5184 -3.2981 38.6475 -2.0612 -7.1250 0.0000 -0.0000 -46.1346 62.5308 -22.0620 -0.0000 0.0000 0.0000 89.1691 0.1898 13.7202 -13.4156 21.8932 -2.6062 0.0000 -0.0000 -7.1082 -14.4792 21.2199 -5.3397 7.1250 -0.0000 -0.0000 8.9918 -8.3463 7.6892
7.2438 18.0289 7.1256 180.1880 6.9170 -177.8260 0.0000 0.0000 0.0000 -22.2579 -2.0245 -6.6276 1.3570 7.3737 20.8273 0.5019 -1.6598 -12.9115 0.2416 -3.1630 -8.7328 0.0000 0.0000 0.0000 12.3639 3.7221 -2.0244 -0.6444 -5.1353 14.2949 -0.2648 -4.1524 -12.1540 -0.0195 0.9026 -2.4810 -2.4819 1.3991 1.4114 -0.0813 1.8700 1.2904 1.2872 0.9294 0.4552 -12.8423 -4.9398 -14.8247 5.7380 -4.7639 11.6954 3.4412 -2.4215 6.4404 0.0000 -0.0000 0.0000 -87.9872 1.1185 8.9047 15.1601 -24.3686 -3.2917 -0.0000 -0.0000 11.2824 -3.1812 38.0049 -1.9600 -7.1250 0.0000 -0.0000 -45.1751 62.1040 -21.0481 0.0000 -0.0000 0.0000 89.1354 -0.4316 13.6198 -13.4987 22.0135 -2.6373 0.0000 -0.0000 -7.3315 -14.2306 22.0923 -5.4485 7.1250 -0.0000 -0.0000 9.1850 -7.4974 8.0144
7.2315 18.0356 7.1267 180.8800 6.9512 -177.6410 0.0000 0.0000 0.0000 -21.5319 -2.3062 -6.8280 1.4026 7.4915 21.1800 0.5192 -1.5619 -13.1611 0.1634 -2.6041 -7.1783 0.0000 0.0000 0.0000 13.1209 3.8782 -1.7488 -0.5896 -4.9163 13.6699 -0.2268 -4.5409 -11.8286 -0.0147 0.7836 -2.1536 -1.7249 1.3869 1.7080 0.0728 1.8493 1.1775 1.0119 0.9251 0.1923 -12.8184 -4.9827 -15.6226 5.4312 -4.6657 11.4178 3.3354 -2.3801 6.4669 -0.0000 -0.0000 0.0000 -87.5485 1.2798 9.9561 15.3905 -24.6874 -3.3874 -0.0000 -0.0000 10.3753 -2.5783 38.5154 -1.6062 -7.1250 0.0000 -0.0000 -45.2857 62.6268 -21.6649 -0.0000 -0.0000 0.0000 89.3007 -0.0718 12.2631 -13.2055 21.5875 -2.5284 0.0000 -0.0000 -6.1777 -13.3042 22.4669 -5.1636 7.1250 -0.0000 -0.0000 9.7814 -7.2325 8.6017
7.2338 18.0534 7.1261 180.8160 7.2371 -177.1100 0.0000 0.0000 0.0000 -21.5915 -2.8050 -7.1894 1.3977 7.4789 21.1422 0.5259 -1.0941 -13.3643 0.1617 -2.5906 -7.1410 0.0000 0.0000 0.0000 13.0633 4.4884 -1.9527 -0.5531 -4.7642 13.2374 -0.2066 -4.9243 -11.8121 -0.0087 0.6038 -1.6592 -1.9942 1.4060 1.4229 0.0408 1.8652 0.8625 1.1319 0.9319 0.0213 -12.3736 -4.8337 -15.9147 4.8398 -4.4303 11.8048 3.0939 -2.2969 6.5949 -0.0000 -0.0000 0.0000 -87.0770 1.1753 10.2105 15.2925 -24.5521 -3.3466 -0.0000 -0.0000 10.3379 -2.2519 38.0748 -1.3891 -7.1250 0.0000 -0.0000 -44.3957 62.3958 -20.9072 -0.0000 -0.0000 0.0000 89.5265 0.3622 11.4257 -12.8929 21.1302 -2.4146 0.0000 -0.0000 -5.5462 -13.5534 22.4514 -5.2600 7.1250 -0.0000 -0.0000 9.6249 -7.2184 8.4626
7.2065 18.0657 7.1260 181.3000 6.9161 -176.7290 0.0000 0.0000 0.0000 -21.0707 -3.4181 -7.5832 1.4359 7.5762 21.4339 0.5474 -1.2575 -13.5993 0.0291 -1.1015 -3.0282 0.0000 0.0000 0.0000 13.5205 4.3157 -2.1355 -0.5185 -4.6151 12.8140 -0.1800 -5.1937 -11.5885 -0.0171 0.8442 -2.3203 -1.3218 1.2732 1.1128 0.2029 1.6964 0.7968 0.9311 0.8472 0.1477 -12.2801 -4.8819 -15.7385 4.0703 -4.4000 11.8691 2.8321 -2.3386 6.5663 -0.0000 0.0000 0.0000 -87.0201 0.5648 10.0712 15.1874 -24.4066 -3.3030 -0.0000 -0.0000 10.9800 -2.8387 38.7075 -1.7761 -7.1250 0.0000 -0.0000 -45.7876 62.6945 -22.0320 -0.0000 0.0000 0.0000 88.9667 0.1669 12.7391 -13.1705 21.5365 -2.5155 0.0000 -0.0000 -6.8332 -13.9913 21.8654 -5.3017 7.1250 -0.0000 -0.0000 9.3262 -7.7544 8.0934
7.2105 18.0554 7.1358 181.4340 7.7365 -176.8680 0.0000 0.0000 0.0000 -20.9890 -2.7994 -7.3874 1.3875 7.4528 21.0639 0.5241 -0.6818 -13.4577 0.1704 -2.6595 -7.3322 0.0000 0.0000 0.0000 13.6669 5.0512 -2.3885 -0.5925 -4.9281 13.7035 -0.1954 -4.9848 -11.6693 -0.0050 0.4564 -1.2541 -1.4507 1.3708 1.2957 0.2321 1.8230 0.7886 1.0265 0.9112 0.0287 -12.2050 -4.6156 -16.4744 3.7204 -3.8836 13.3991 2.7572 -2.1400 7.1386 -0.0000 -0.0000 0.0000 -86.7998 -0.1332 9.4495 14.9899 -24.1321 -3.2218 -0.0000 -0.0000 11.4557 -2.6923 38.6652 -1.6828 -7.1250 0.0000 -0.0000 -45.5938 62.7033 -21.9269 -0.0000 -0.0000 0.0000 89.0211 0.6282 13.5735 -13.2750 21.6887 -2.5540 0.0000 -0.0000 -7.1060 -14.0937 21.7295 -5.3104 7.1250 -0.0000 -0.0000 9.2562 -7.8788 8.0079
7.2212 18.0731 7.1026 181.4920 7.7994 -176.3820 0.0000 0.0000 0.0000 -20.8302 -2.3071 -7.9017 1.3758 7.4227 20.9737 0.5390 -1.4280 -13.4499 0.1004 -2.0433 -5.6253 0.0000 0.0000 0.0000 13.7467 5.3101 -2.3413 -0.5359 -4.6908 13.0288 -0.1824 -5.2793 -11.7141 -0.0027 0.3339 -0.9174 -1.8314 1.2635 0.2504 0.4201 1.6908 0.7298 1.4588 0.8369 0.5414 -12.3539 -4.4396 -16.9474 3.0609 -3.3585 15.2786 2.6260 -1.9840 7.7964 -0.0000 -0.0000 0.0000 -86.7656 -0.6386 9.4750 15.0984 -24.2830 -3.2663 -0.0000 -0.0000 10.9963 -2.4249 38.9830 -1.5260 -7.1250 0.0000 -0.0000 -45.7772 62.9997 -22.3496 -0.0000 -0.0000 0.0000 88.6681 1.0672 14.4371 -13.4589 21.9559 -2.6224 0.0000 -0.0000 -7.4655 -14.0611 21.4047 -5.2227 7.1250 -0.0000 -0.0000 9.2640 -8.2093 7.9538
7.1677 18.0508 7.0992 180.8140 7.4423 -177.1010 0.0000 0.0000 0.0000 -21.8679 -2.9327 -6.9088 1.3591 7.3792 20.8437 0.5242 -0.6727 -13.4621 0.1956 -2.8481 -7.8562 0.0000 0.0000 0.0000 12.8172 4.2931 -2.1082 -0.5592 -4.7898 13.3099 -0.2028 -4.7600 -11.5975 -0.0049 0.4519 -1.2417 -1.9111 1.1519 0.6535 0.0834 1.5406 0.8607 1.1515 0.7639 0.4625 -12.2236 -4.2149 -16.4394 2.5541 -2.9666 16.7258 2.4985 -1.8555 8.1583 -0.0000 0.0000 0.0000 -86.4364 -1.0737 9.8447 15.3646 -24.6515 -3.3765 -0.0000 -0.0000 10.9310 -2.4497 38.7716 -1.5346 -7.1250 0.0000 -0.0000 -45.5113 62.8432 -22.0261 -0.0000 0.0000 0.0000 88.8117 1.4874 14.9775 -13.7218 22.3356 -2.7215 0.0000 -0.0000 -7.6914 -14.2261 21.2214 -5.2433 7.1250 -0.0000 -0.0000 9.1524 -8.3745 7.8250
7.1590 18.0548 7.0852 180.4780 7.0842 -177.0130 0.0000 0.0000 0.0000 -22.2149 -2.6432 -7.0506 1.3295 7.3018 20.6127 0.4950 -1.2003 -12.9288 0.2092 -2.9449 -8.1254 0.0000 0.0000 0.0000 12.4025 3.9874 -2.2806 -0.5660 -4.8183 13.3911 -0.2258 -4.6124 -11.8718 -0.0292 1.1039 -3.0346 -2.1941 0.9050 0.1306 -0.0574 1.2211 0.7491 1.1754 0.6010 0.6494 -11.9161 -3.8806 -15.3047 1.6348 -2.4274 17.7053 2.2259 -1.6626 8.2405 0.0000 -0.0000 0.0000 -86.2685 -1.3372 9.6231 15.5790 -24.9465 -3.4665 -0.0000 -0.0000 10.5815 -2.3558 37.9042 -1.4478 -7.1250 0.0000 -0.0000 -44.2710 62.2453 -20.6796 0.0000 -0.0000 0.0000 88.9019 1.5710 16.1180 -14.2753 23.1269 -2.9354 0.0000 -0.0000 -9.1494 -15.0799 20.9390 -5.5002 7.1250 -0.0000 -0.0000 8.5985 -8.5585 7.3081
7.1187 18.0344 7.0495 180.8410 6.1113 -177.4180 0.0000 0.0000 0.0000 -21.9665 -3.1460 -6.4537 1.3592 7.3796 20.8449 0.5149 -1.4290 -13.1368 0.2189 -3.0119 -8.3119 0.0000 0.0000 0.0000 12.7156 2.9851 -1.6786 -0.5549 -4.7716 13.2584 -0.2324 -4.7152 -12.0738 -0.0091 0.6168 -1.6949 -0.9941 0.5892 -0.0274 -0.2512 0.8038 0.9517 0.3069 0.3990 0.9792 -11.9125 -3.6731 -15.0476 1.1829 -1.8988 19.4373 2.1553 -1.4627 8.7519 -0.0000 -0.0000 0.0000 -85.7384 -1.4941 10.9067 16.0821 -25.6318 -3.6814 -0.0000 -0.0000 8.8325 -0.7106 36.8236 -0.4259 -7.1250 0.0000 -0.0000 -41.3468 61.8690 -18.6782 -0.0000 -0.0000 0.0000 89.2257 1.9005 16.5903 -14.7671 23.8207 -3.1313 0.0000 -0.0000 -9.6034 -14.0321 21.5745 -5.2507 7.1250 -0.0000 -0.0000 9.2890 -8.0420 8.0069
7.1252 18.0243 7.0365 181.1830 6.9582 -177.6410 0.0000 0.0000 0.0000 -21.6185 -2.4070 -6.4973 1.4133 7.5189 21.2621 0.5443 -1.3414 -13.5390 0.2008 -2.8857 -7.9607 0.0000 0.0000 0.0000 13.1288 3.7180 -1.0635 -0.5257 -4.6464 12.9027 -0.1949 -4.9407 -11.6207 -0.0081 0.5794 -1.5923 -0.9251 0.8554 -0.1138 -0.0751 1.1590 1.0601 0.4540 0.5755 1.1319 -12.5114 -3.5594 -14.7128 1.1076 -1.4425 20.7490 2.3022 -1.2951 9.1312 0.0000 -0.0000 0.0000 -85.7330 -1.5888 11.8427 16.9390 -26.7773 -4.0598 -0.0000 -0.0000 8.3096 1.7919 35.4072 1.0384 -7.1250 0.0000 -0.0000 -37.2559 61.4036 -16.1126 0.0000 -0.0000 0.0000 89.1169 2.3787 16.8409 -15.0679 24.2406 -3.2538 0.0000 -0.0000 -10.7495 -12.4440 22.1070 -4.7473 7.1250 -0.0000 -0.0000 10.3076 -7.6912 8.9859
7.1206 18.0176 7.0309 180.8960 7.4174 -177.7600 0.0000 0.0000 0.0000 -21.9560 -2.0833 -6.4875 1.4213 7.5393 21.3232 0.5685 -1.5129 -13.8036 0.1874 -2.7879 -7.6889 0.0000 0.0000 0.0000 12.7735 4.1074 -1.2408 -0.5766 -4.8626 13.5170 -0.2270 -4.7084 -11.9766 -0.0156 0.8071 -2.2182 -1.2398 0.9322 -0.5442 -0.2005 1.2791 1.3294 0.5142 0.6310 1.6440 -12.0930 -3.4507 -14.5814 0.2234 -1.0884 21.3630 1.9828 -1.1793 9.2969 -0.0000 -0.0000 0.0000 -85.6847 -1.9933 11.8500 17.5159 -27.5328 -4.3231 -0.0000 -0.0000 8.1444 0.9620 36.1219 0.5672 -7.1250 0.0000 -0.0000 -38.8908 61.7559 -17.2681 -0.0000 -0.0000 0.0000 89.1290 2.6273 19.0677 -15.8296 25.2891 -3.5729 0.0000 -0.0000 -11.2083 -14.8830 21.2299 -5.4969 7.1250 -0.0000 -0.0000 8.7360 -8.2881 7.4752
7.1160 18.0209 7.0274 181.0100 8.0692 -177.9500 0.0000 0.0000 0.0000 -21.8593 -1.5779 -6.3657 1.4152 7.5238 21.2767 0.5659 -1.4721 -13.7801 0.0818 -1.8444 -5.0759 0.0000 0.0000 0.0000 12.8805 4.5933 -1.1614 -0.6034 -4.9722 13.8294 -0.2538 -4.4302 -12.1951 -0.0111 0.6815 -1.8728 -1.1724 1.2077 -0.6034 -0.2494 1.6517 1.4597 0.4368 0.8182 1.8077 -12.1896 -3.3674 -13.6479 0.1734 -1.0510 21.0906 1.9918 -1.1471 9.0303 0.0000 -0.0000 0.0000 -85.6781 -2.4179 12.3053 17.6329 -27.6846 -4.3773 -0.0000 -0.0000 7.4996 -0.2996 36.4202 -0.1779 -7.1250 0.0000 -0.0000 -40.4636 61.6674 -18.0107 0.0000 -0.0000 0.0000 89.2544 2.7161 19.5195 -16.2343 25.8373 -3.7475 0.0000 -0.0000 -12.3125 -13.7793 21.9685 -5.2419 7.1250 -0.0000 -0.0000 9.4638 -7.6759 8.2310
7.0928 18.0137 7.0066 181.1120 7.5480 -178.0380 0.0000 0.0000 0.0000 -21.8948 -2.3857 -5.8407 1.4199 7.5357 21.3124 0.5873 -1.0857 -14.1447 0.0802 -1.8271 -5.0281 0.0000 0.0000 0.0000 12.9456 4.1004 -0.8674 -0.5817 -4.8836 13.5768 -0.2391 -4.6442 -12.1273 -0.0198 0.9091 -2.4986 -0.9284 0.9722 -0.7573 -0.2236 1.3351 1.4972 0.3236 0.6624 1.9423 -12.5040 -3.2055 -13.1252 0.4107 -0.9343 20.4928 2.1352 -1.0740 8.7231 -0.0000 -0.0000 0.0000 -85.8577 -2.0638 12.4634 18.3528 -28.6066 -4.7170 -0.0000 -0.0000 7.5587 -0.7289 37.3944 -0.4427 -7.1250 0.0000 -0.0000 -42.0759 62.2919 -19.4929 -0.0000 -0.0000 0.0000 89.1976 2.5467 20.2102 -16.5382 26.2450 -3.8809 0.0000 -0.0000 -12.5478 -14.1959 21.9640 -5.4049 7.1250 -0.0000 -0.0000 9.2014 -7.6307 8.0047
7.0834 17.9999 7.0091 180.7000 8.0671 -178.1690 0.0000 0.0000 0.0000 -22.3504 -1.1886 -6.0531 1.3735 7.4167 20.9558 0.5539 -1.4671 -13.6297 0.2587 -3.2723 -9.0378 0.0000 0.0000 0.0000 12.3867 4.4115 -1.2396 -0.6499 -5.1567 14.3562 -0.2626 -4.1956 -12.1511 -0.0261 1.0439 -2.8696 -1.4869 1.4427 -0.7708 -0.3721 1.9806 1.5664 0.5004 0.9787 2.0002 -12.3506 -3.4510 -12.9955 0.5563 -1.4077 20.1941 2.1020 -1.2729 8.6239 -0.0000 -0.0000 0.0000 -85.9682 -2.0138 13.3207 18.4486 -28.7278 -4.7629 -0.0000 -0.0000 7.2636 0.7768 37.7168 0.4752 -7.1250 0.0000 -0.0000 -41.0430 62.9261 -19.5328 -0.0000 -0.0000 0.0000 89.4566 2.1640 19.6282 -16.9804 26.8319 -4.0785 0.0000 -0.0000 -12.1654 -14.8143 21.4658 -5.5281 7.1250 -0.0000 -0.0000 8.7896 -8.0581 7.5627
7.0864 18.0170 6.9942 180.4610 8.3029 -177.6780 0.0000 0.0000 0.0000 -22.5651 -0.8822 -6.5985 1.3492 7.3534 20.7666 0.5619 -1.8451 -13.6462 0.1147 -2.1838 -6.0140 0.0000 0.0000 0.0000 12.1089 4.8448 -1.6796 -0.6494 -5.1549 14.3510 -0.2603 -4.3573 -12.2436 -0.0364 1.2323 -3.3883 -1.9463 1.5979 -1.2793 -0.4204 2.2029 1.4134 0.7259 1.0808 2.1097 -12.9324 -3.5698 -12.8642 1.5496 -1.8413 19.0109 2.4695 -1.4243 8.2337 -0.0000 -0.0000 0.0000 -86.2428 -2.1335 13.3365 18.0761 -28.2545 -4.5852 -0.0000 -0.0000 6.6161 1.3561 36.7057 0.8107 -7.1250 0.0000 -0.0000 -39.2090 62.3074 -17.9450 -0.0000 -0.0000 0.0000 89.4330 2.1724 19.4731 -16.7818 26.5692 -3.9892 0.0000 -0.0000 -12.2626 -15.3591 21.0972 -5.6465 7.1250 -0.0000 -0.0000 8.4277 -8.3646 7.1924
7.0611 18.0036 6.9966 180.6500 7.9057 -178.0590 0.0000 0.0000 0.0000 -22.5162 -1.4309 -6.0397 1.3716 7.4117 20.9410 0.5649 -1.3711 -13.7916 0.2038 -2.9066 -8.0188 0.0000 0.0000 0.0000 12.2263 4.1162 -1.2341 -0.6227 -5.0500 14.0511 -0.2521 -4.1806 -11.9634 -0.0184 0.8763 -2.4086 -1.6925 1.3038 -0.4478 -0.2690 1.7781 1.2110 0.7021 0.8770 1.4484 -13.2127 -3.4257 -12.8541 1.9597 -1.7337 18.4795 2.6585 -1.3515 8.0474 0.0000 0.0000 0.0000 -86.8044 -1.3001 12.0995 17.7058 -27.7788 -4.4113 -0.0000 -0.0000 7.7506 0.6340 36.3128 0.3754 -7.1250 0.0000 -0.0000 -39.4353 61.8207 -17.6133 0.0000 0.0000 0.0000 89.1898 1.6501 19.8164 -16.4949 26.1871 -3.8618 0.0000 -0.0000 -12.1584 -15.4342 21.0659 -5.6673 7.1250 -0.0000 -0.0000 8.3786 -8.3871 7.1457
7.0685 18.0168 6.9836 180.9660 8.0726 -177.4260 0.0000 0.0000 0.0000 -22.0750 -0.8888 -6.9097 1.3757 7.4223 20.9727 0.5509 -1.9651 -13.4823 0.1700 -2.6559 -7.3223 0.0000 0.0000 0.0000 12.5313 4.3803 -1.5907 -0.5978 -4.9498 13.7654 -0.2522 -4.1724 -11.9574 -0.0141 0.7661 -2.1055 -1.6058 1.4495 -0.9530 -0.2425 1.9724 0.9995 0.6945 0.9728 1.5122 -12.7408 -3.6594 -13.3606 1.9171 -2.1650 17.9066 2.5080 -1.5377 7.9663 0.0000 -0.0000 0.0000 -86.8000 -1.3937 11.5779 16.9266 -26.7610 -4.0543 -0.0000 -0.0000 8.6194 -0.0916 36.9842 -0.0551 -7.1250 0.0000 -0.0000 -40.9517 62.1482 -18.7353 0.0000 -0.0000 0.0000 89.4446 1.8451 18.3457 -15.6911 25.1000 -3.5139 0.0000 -0.0000 -10.4156 -14.9420 21.4909 -5.5839 7.1250 -0.0000 -0.0000 8.7099 -8.0171 7.4995
7.0454 18.0024 6.9835 180.9370 7.9035 -178.1760 0.0000 0.0000 0.0000 -22.2437 -1.1626 -5.8221 1.3493 7.3538 20.7678 0.5647 -1.6049 -13.7335 0.1879 -2.7915 -7.6989 0.0000 0.0000 0.0000 12.4246 3.7685 -0.9936 -0.6087 -4.9937 13.8905 -0.2926 -3.7410 -12.2946 -0.0156 0.8068 -2.2172 -1.9187 1.4669 0.3890 0.0796 1.9622 0.7341 1.1553 0.9743 0.4665 -12.9764 -3.8410 -13.4908 1.8886 -2.2775 18.5659 2.5286 -1.6167 8.2278 0.0000 -0.0000 0.0000 -87.5978 -0.4618 11.1915 16.3110 -25.9406 -3.7810 -0.0000 -0.0000 8.9725 -0.4935 37.2309 -0.2986 -7.1250 0.0000 -0.0000 -41.6445 62.2305 -19.1942 0.0000 -0.0000 0.0000 88.9358 1.2676 17.2296 -14.9980 24.1434 -3.2251 0.0000 -0.0000 -9.6852 -13.8464 22.1731 -5.3146 7.1250 -0.0000 -0.0000 9.4298 -7.4626 8.2405
7.0519 18.0223 6.9650 180.7380 8.0617 -177.4660 0.0000 0.0000 0.0000 -22.3576 -0.7974 -6.7545 1.3521 7.3611 20.7896 0.5611 -2.3722 -13.5352 0.0377 -1.2541 -3.4482 0.0000 0.0000 0.0000 12.2135 3.9520 -1.5209 -0.5685 -4.8290 13.4214 -0.2333 -4.1741 -11.6349 -0.0559 1.5254 -4.1958 -2.1703 1.4699 -0.8589 -0.1941 2.0029 0.8599 1.0548 0.9846 1.2950 -12.3321 -3.9487 -14.0926 2.0319 -2.5625 18.6425 2.4337 -1.7123 8.3666 0.0000 0.0000 0.0000 -87.2067 -0.8478 10.2781 15.7217 -25.1418 -3.5269 -0.0000 -0.0000 10.5007 -3.0117 39.4980 -1.9166 -7.1250 0.0000 -0.0000 -47.0408 63.2028 -23.3310 0.0000 0.0000 0.0000 89.4320 2.0214 15.9883 -14.2901 23.1479 -2.9412 0.0000 -0.0000 -8.7341 -13.2508 22.0624 -5.0547 7.1250 -0.0000 -0.0000 9.7996 -7.6438 8.5382
6.9990 18.0007 6.9514 181.0280 6.0161 -177.7070 0.0000 0.0000 0.0000 -22.2125 -2.4602 -6.2868 1.4280 7.5562 21.3740 0.5599 -2.2331 -13.5450 0.2486 -3.2086 -8.8599 0.0000 0.0000 0.0000 12.4048 2.0243 -0.8398 -0.4978 -4.5236 12.5545 -0.2535 -4.1916 -11.9951 -0.0092 0.6182 -1.6987 -1.2657 0.7496 -0.5916 -0.1367 1.0240 0.9230 0.5862 0.5035 1.2568 -12.4539 -4.0244 -14.6397 2.2513 -2.5710 19.4101 2.5288 -1.7175 8.7325 0.0000 -0.0000 0.0000 -87.5151 -1.0233 8.2794 14.6938 -23.7179 -3.1017 -0.0000 -0.0000 12.1104 -2.7803 37.5001 -1.6934 -7.1250 0.0000 -0.0000 -44.1513 61.8423 -20.1929 0.0000 -0.0000 0.0000 89.5196 2.3275 14.4643 -13.5748 22.1237 -2.6659 0.0000 -0.0000 -6.6972 -14.4599 21.3542 -5.3643 7.1250 -0.0000 -0.0000 9.0094 -8.2131 7.7287
6.9926 17.9940 6.9439 181.4780 5.6058 -178.0160 0.0000 0.0000 0.0000 -21.7103 -2.6156 -5.8273 1.4260 7.5511 21.3587 0.5576 -2.4696 -13.4759 0.1520 -2.5127 -6.9247 0.0000 0.0000 0.0000 12.9231 1.7549 -0.4185 -0.4949 -4.5103 12.5170 -0.2326 -4.5632 -11.9475 -0.0202 0.9184 -2.5243 -0.8020 0.7463 -0.3160 -0.0426 1.0123 1.0180 0.4195 0.5022 1.2059 -12.3681 -4.1623 -14.5260 2.5571 -2.8572 19.6503 2.5885 -1.8199 8.8166 -0.0000 0.0000 0.0000 -87.4564 -0.9479 8.0095 14.1519 -22.9514 -2.8871 -0.0000 -0.0000 12.6855 -2.5650 37.9580 -1.5783 -7.1250 0.0000 -0.0000 -44.5373 62.2299 -20.8155 -0.0000 0.0000 0.0000 89.3371 1.9388 14.6045 -13.5534 22.0927 -2.6578 0.0000 -0.0000 -7.5665 -13.5948 21.2187 -5.0021 7.1250 -0.0000 -0.0000 9.5527 -8.4500 8.1626
6.9948 18.0079 6.9333 180.9270 6.1949 -177.6530 0.0000 0.0000 0.0000 -22.3483 -2.3937 -6.1005 1.3822 7.4392 21.0231 0.5578 -2.2465 -13.5160 0.1587 -2.5669 -7.0753 0.0000 0.0000 0.0000 12.2784 2.4272 -0.8967 -0.5153 -4.6011 12.7742 -0.2419 -4.4273 -11.9922 -0.0186 0.8807 -2.4207 -1.6484 0.8420 -0.9083 -0.0982 1.1603 1.0493 0.8487 0.5651 1.5532 -12.6545 -4.1024 -14.6860 3.0211 -2.8009 19.6584 2.8001 -1.7716 8.8530 -0.0000 0.0000 0.0000 -87.6896 -0.8278 7.1466 14.0441 -22.7977 -2.8452 -0.0000 -0.0000 12.9148 -2.5163 38.2410 -1.5581 -7.1250 0.0000 -0.0000 -44.8627 62.4466 -21.2292 -0.0000 0.0000 0.0000 89.1668 1.7611 15.8764 -13.6420 22.2205 -2.6912 0.0000 -0.0000 -7.3649 -14.3493 21.2198 -5.2900 7.1250 -0.0000 -0.0000 9.0742 -8.3616 7.7587
6.9881 18.0053 6.9285 180.9040 5.9879 -177.4290 0.0000 0.0000 0.0000 -22.3853 -2.6941 -6.3601 1.3991 7.4826 21.1533 0.5659 -2.1845 -13.6294 0.2040 -2.9086 -8.0243 0.0000 0.0000 0.0000 12.2447 2.2671 -1.0035 -0.4994 -4.5305 12.5740 -0.2334 -4.5341 -11.9367 -0.0194 0.8986 -2.4698 -1.7937 0.6909 -1.2272 -0.0470 0.9688 1.1498 0.9839 0.4642 1.8374 -13.0635 -4.1925 -14.6516 3.6725 -3.0284 19.1637 3.0557 -1.8459 8.7095 -0.0000 -0.0000 0.0000 -87.7848 -0.7640 6.5206 13.9778 -22.7029 -2.8195 -0.0000 -0.0000 13.1068 -3.1094 38.4062 -1.9328 -7.1250 0.0000 -0.0000 -45.6359 62.4094 -21.6393 -0.0000 -0.0000 0.0000 89.0617 2.0046 14.8404 -13.5440 22.0791 -2.6543 0.0000 -0.0000 -7.3926 -12.6264 22.1834 -4.8346 7.1250 -0.0000 -0.0000 10.1956 -7.5944 8.9046
7.0062 18.0100 6.9323 181.3750 7.0919 -177.4320 0.0000 0.0000 0.0000 -21.8685 -2.2006 -6.4685 1.4228 7.5430 21.3345 0.5954 -1.7025 -14.0916 0.1820 -2.7481 -7.5783 0.0000 0.0000 0.0000 12.8309 3.4323 -0.7260 -0.4833 -4.4578 12.3683 -0.1962 -4.8423 -11.5536 -0.0162 0.8226 -2.2608 -1.5011 1.1544 -1.0212 -0.0407 1.5768 1.1296 0.8377 0.7731 1.6903 -12.8308 -4.3406 -14.1924 3.7567 -3.4175 18.4192 2.9941 -2.0030 8.4010 0.0000 -0.0000 0.0000 -87.4409 -0.1594 7.2298 14.2613 -23.1070 -2.9299 -0.0000 -0.0000 12.2626 -2.5896 38.7231 -1.6206 -7.1250 0.0000 -0.0000 -45.5764 62.7717 -21.9890 0.0000 -0.0000 0.0000 89.0800 1.4774 15.8348 -13.9250 22.6274 -2.7992 0.0000 -0.0000 -8.9918 -12.7596 22.2507 -4.9010 7.1250 -0.0000 -0.0000 10.1145 -7.5120 8.8480
7.0107 18.0070 6.9295 181.0060 7.6166 -177.7420 0.0000 0.0000 0.0000 -22.3207 -1.7587 -6.1360 1.3967 7.4764 21.1347 0.5921 -1.5140 -14.0943 0.1659 -2.6241 -7.2339 0.0000 0.0000 0.0000 12.3899 3.6233 -0.7252 -0.5217 -4.6290 12.8535 -0.2140 -4.4757 -11.5465 -0.0166 0.8309 -2.2837 -2.0886 1.2941 -0.5003 -0.0698 1.7653 1.1531 1.1276 0.8647 1.4010 -13.0616 -4.3664 -14.2762 4.0282 -3.4698 18.1395 3.1132 -2.0181 8.3342 -0.0000 -0.0000 0.0000 -87.4150 0.5317 7.5097 14.7156 -23.7484 -3.1105 -0.0000 -0.0000 11.4352 -3.0571 38.1886 -1.8912 -7.1250 0.0000 -0.0000 -45.2995 62.2678 -21.2934 -0.0000 -0.0000 0.0000 89.0701 1.3394 15.7662 -13.9996 22.7341 -2.8279 0.0000 -0.0000 -8.7551 -13.3262 21.8407 -5.0361 7.1250 -0.0000 -0.0000 9.7442 -7.8571 8.4470
7.0059 18.0018 6.9231 181.4530 7.3806 -177.7220 0.0000 0.0000 0.0000 -21.7822 -1.5949 -6.3828 1.4506 7.6134 21.5457 0.5960 -1.9333 -14.0495 0.1572 -2.5548 -7.0416 0.0000 0.0000 0.0000 12.9464 3.4760 -0.3142 -0.4752 -4.4208 12.2635 -0.2119 -4.7634 -11.7624 -0.0168 0.8371 -2.3008 -1.5393 1.3289 -0.2812 -0.0752 1.7970 1.0173 0.8075 0.8884 1.1543 -12.9993 -4.4507 -13.7987 4.2000 -3.7167 17.7740 3.1334 -2.1133 8.1481 -0.0000 0.0000 0.0000 -87.0599 0.7996 7.6030 14.5696 -23.5431 -3.0520 -0.0000 -0.0000 11.2761 -2.8222 38.3109 -1.7504 -7.1250 0.0000 -0.0000 -45.2414 62.4165 -21.4172 -0.0000 0.0000 0.0000 89.2973 0.8399 15.4487 -14.0908 22.8643 -2.8633 0.0000 -0.0000 -8.2847 -13.7589 21.6819 -5.1692 7.1250 -0.0000 -0.0000 9.4656 -7.9660 8.1778
6.9952 18.0029 6.9102 181.5670 6.7746 -177.5340 0.0000 0.0000 0.0000 -21.6859 -2.1193 -6.3723 1.4421 7.5918 21.4810 0.6008 -2.0140 -14.0905 0.1698 -2.6543 -7.3177 0.0000 0.0000 0.0000 13.0581 3.0645 -0.3443 -0.4562 -4.3330 12.0153 -0.1819 -5.0344 -11.4708 -0.0168 0.8373 -2.3014 -1.3273 1.1481 -0.3893 -0.0733 1.5519 0.8916 0.6888 0.7676 1.0976 -12.9561 -4.4746 -13.6954 4.0760 -3.7508 17.6402 3.0800 -2.1368 8.0852 0.0000 -0.0000 0.0000 -87.1039 1.3705 7.4638 14.8339 -23.9141 -3.1583 -0.0000 -0.0000 11.5591 -3.0686 39.0436 -1.9341 -7.1250 0.0000 -0.0000 -46.4605 62.8705 -22.6210 0.0000 -0.0000 0.0000 89.2622 0.8431 14.9414 -13.8814 22.5649 -2.7824 0.0000 -0.0000 -7.7912 -13.4019 21.9046 -5.0796 7.1250 -0.0000 -0.0000 9.6988 -7.7842 8.4206
7.0020 18.0087 6.9072 181.5480 7.2661 -177.6320 0.0000 0.0000 0.0000 -21.6908 -1.6957 -6.3892 1.4491 7.6095 21.5343 0.6079 -2.0593 -14.1673 0.2415 -3.1624 -8.7312 0.0000 0.0000 0.0000 13.0217 3.3057 -0.1438 -0.4448 -4.2793 11.8637 -0.1911 -4.8031 -11.4246 -0.0046 0.4384 -1.2047 -1.4833 1.3463 -0.3331 -0.1326 1.8214 1.0136 0.7190 0.9012 1.1826 -12.6492 -4.5292 -13.4860 3.8278 -3.8961 17.1176 2.9270 -2.2065 7.8738 -0.0000 0.0000 0.0000 -86.8632 1.2614 7.3152 14.9729 -24.1083 -3.2149 -0.0000 -0.0000 11.7435 -3.5184 39.1397 -2.2225 -7.1250 0.0000 -0.0000 -47.0099 62.8177 -22.8946 -0.0000 0.0000 0.0000 89.3453 0.9811 14.7057 -13.9182 22.6176 -2.7966 0.0000 -0.0000 -7.6785 -13.7203 22.1026 -5.2488 7.1250 -0.0000 -0.0000 9.5061 -7.5483 8.2929
7.0051 18.0045 6.9033 181.7100 7.0180 -177.5270 0.0000 0.0000 0.0000 -21.4919 -1.7164 -6.6112 1.4735 7.6706 21.7178 0.6130 -2.1547 -14.2102 0.2319 -3.0993 -8.5553 0.0000 0.0000 0.0000 13.2297 3.2780 -0.0896 -0.4383 -4.2479 11.7753 -0.2008 -4.9631 -11.7454 -0.0030 0.3525 -0.9686 -1.3801 1.2020 -0.3971 -0.1002 1.6301 1.0888 0.6948 0.8055 1.3018 -12.0754 -4.3798 -13.9754 3.2198 -3.6486 16.9508 2.6510 -2.1069 7.8595 0.0000 -0.0000 0.0000 -86.7628 0.7995 6.6884 14.7800 -23.8387 -3.1365 -0.0000 -0.0000 12.2855 -3.0081 38.4431 -1.8713 -7.1250 0.0000 -0.0000 -45.5906 62.4622 -21.6691 0.0000 -0.0000 0.0000 89.1360 1.0196 15.6658 -14.0998 22.8772 -2.8668 0.0000 -0.0000 -8.9537 -14.0383 21.0853 -5.1401 7.1250 -0.0000 -0.0000 9.2665 -8.5333 7.8957
7.0035 18.0134 6.9031 181.6970 6.7539 -177.5060 0.0000 0.0000 0.0000 -21.4714 -2.1701 -6.4770 1.4742 7.6723 21.7230 0.6004 -2.3061 -14.0297 0.0341 -1.1916 -3.2762 0.0000 0.0000 0.0000 13.2260 2.9822 0.0421 -0.4044 -4.0827 11.3094 -0.1596 -5.2498 -11.2650 -0.0119 0.7050 -1.9374 -1.3905 1.1471 -0.2901 -0.1616 1.5529 0.9499 0.6323 0.7685 1.1026 -12.3016 -4.4181 -13.6891 3.5828 -3.7501 17.1084 2.8029 -2.1375 7.8808 0.0000 0.0000 0.0000 -86.4787 1.0360 7.3435 14.9070 -24.0163 -3.1880 -0.0000 -0.0000 11.4406 -2.3999 38.1869 -1.4842 -7.1250 0.0000 -0.0000 -44.6821 62.4380 -21.1159 0.0000 0.0000 0.0000 89.2445 0.8966 15.3827 -14.0038 22.7401 -2.8296 0.0000 -0.0000 -8.2190 -14.4251 21.2174 -5.3184 7.1250 -0.0000 -0.0000 9.0260 -8.3552 7.7176
7.0025 18.0081 6.9015 181.5490 6.5357 -177.4220 0.0000 0.0000 0.0000 -21.6525 -2.1475 -6.4812 1.4366 7.5779 21.4392 0.5786 -2.1721 -13.7891 0.1604 -2.5802 -7.1120 0.0000 0.0000 0.0000 13.0780 2.9885 -0.2941 -0.4396 -4.2543 11.7933 -0.1825 -5.2418 -11.6801 -0.0366 1.2352 -3.3961 -1.5154 1.0475 -0.1794 -0.2199 1.4157 0.7563 0.6363 0.7012 0.8436 -12.8363 -4.3471 -13.6060 4.2557 -3.6676 17.4100 3.1302 -2.0729 7.9826 -0.0000 -0.0000 0.0000 -86.3210 1.1154 7.2245 15.0264 -24.1828 -3.2367 -0.0000 -0.0000 11.4864 -3.4253 38.7239 -2.1443 -7.1250 0.0000 -0.0000 -46.3556 62.5512 -22.2146 -0.0000 -0.0000 0.0000 89.3216 0.8449 15.2015 -14.0184 22.7610 -2.8352 0.0000 -0.0000 -7.8804 -13.6919 20.9316 -4.9742 7.1250 -0.0000 -0.0000 9.4814 -8.7274 8.0469
6.9948 18.0086 6.8955 181.4670 6.1790 -177.2410 0.0000 0.0000 0.0000 -21.7848 -2.9247 -6.3086 1.4086 7.5070 21.2264 0.5797 -1.8669 -13.8628 0.1373 -2.3886 -6.5808 0.0000 0.0000 0.0000 12.9498 2.7439 -0.5775 -0.4507 -4.3070 11.9420 -0.1987 -5.0512 -11.7902 -0.0118 0.6999 -1.9235 -1.4647 0.9963 -0.3900 -0.3523 1.3505 0.6581 0.4750 0.6696 0.8669 -12.8966 -4.3424 -13.4640 4.4428 -3.6982 17.5091 3.2029 -2.0745 7.9973 -0.0000 -0.0000 0.0000 -85.9344 0.9856 7.7496 15.0924 -24.2747 -3.2638 -0.0000 -0.0000 11.0934 -3.0585 38.8864 -1.9211 -7.1250 0.0000 -0.0000 -46.2356 62.7627 -22.3707 -0.0000 -0.0000 0.0000 89.4270 0.4881 14.8431 -14.2675 23.1158 -2.9323 0.0000 -0.0000 -8.3647 -11.7780 22.1770 -4.5003 7.1250 -0.0000 -0.0000 10.7271 -7.6953 9.3641
6.9887 18.0183 6.8976 181.4180 5.6112 -177.0510 0.0000 0.0000 0.0000 -21.8255 -3.4314 -6.4167 1.4140 7.5208 21.2677 0.5562 -1.8507 -13.5729 0.1549 -2.5362 -6.9901 0.0000 0.0000 0.0000 12.9072 2.4768 -0.7896 -0.4473 -4.2912 11.8974 -0.1753 -5.4020 -11.7048 -0.0199 0.9099 -2.5010 -1.4207 0.7737 -0.4936 -0.4117 1.0563 0.6607 0.3881 0.5227 0.9350 -13.0263 -4.2976 -14.0476 4.6543 -3.5729 17.8449 3.3081 -2.0072 8.2078 -0.0000 -0.0000 0.0000 -85.8201 0.7442 7.9493 15.3444 -24.6237 -3.3681 -0.0000 -0.0000 10.7994 -2.3169 38.1220 -1.4308 -7.1250 0.0000 -0.0000 -44.5187 62.4130 -20.9957 -0.0000 -0.0000 0.0000 89.5433 0.9722 15.3263 -14.1188 22.9042 -2.8742 0.0000 -0.0000 -7.7682 -12.9617 22.4575 -5.0247 7.1250 -0.0000 -0.0000 9.9953 -7.2821 8.7859
6.9909 18.0189 6.8974 181.8940 5.6967 -177.0050 0.0000 0.0000 0.0000 -21.2832 -3.2597 -6.7156 1.4678 7.6563 21.6748 0.5825 -2.0107 -13.8674 0.1899 -2.8067 -7.7410 0.0000 0.0000 0.0000 13.4434 2.4380 -0.4805 -0.4053 -4.0870 11.3217 -0.1539 -5.4569 -11.3650 -0.0026 0.3306 -0.9085 -1.4009 0.9479 -0.2266 -0.0033 1.2746 0.5089 0.7907 0.6316 0.6173 -13.3440 -4.3309 -13.8781 4.4840 -3.5163 17.8672 3.3102 -2.0138 8.1874 0.0000 0.0000 0.0000 -86.1737 0.8111 8.8994 15.7352 -25.1603 -3.5326 -0.0000 -0.0000 10.0567 -1.9285 38.7620 -1.2077 -7.1250 0.0000 -0.0000 -45.0095 62.9750 -21.8673 0.0000 0.0000 0.0000 88.9930 0.7777 15.5058 -14.2415 23.0789 -2.9221 0.0000 -0.0000 -7.9724 -13.1134 21.6466 -4.9115 7.1250 -0.0000 -0.0000 9.8716 -8.0757 8.5177
6.9903 18.0319 6.8967 181.9280 5.6364 -176.7800 0.0000 0.0000 0.0000 -21.2145 -3.7774 -6.9089 1.4971 7.7289 21.8936 0.5875 -1.9560 -13.9402 0.0430 -1.3381 -3.6797 0.0000 0.0000 0.0000 13.4865 2.3613 -0.4567 -0.3669 -3.8908 10.7697 -0.1403 -5.6307 -11.2858 -0.0311 1.1389 -3.1311 -1.1252 0.9983 -0.4260 -0.2708 1.3469 0.5722 0.3681 0.6693 0.8049 -12.9255 -4.2985 -14.0590 4.2748 -3.5198 17.6374 3.1658 -2.0080 8.1283 -0.0000 0.0000 0.0000 -85.7113 0.4542 9.4446 16.0839 -25.6343 -3.6822 -0.0000 -0.0000 9.3586 -1.9058 39.1601 -1.2037 -7.1250 0.0000 -0.0000 -45.5366 63.2644 -22.4841 -0.0000 0.0000 0.0000 89.3811 1.1792 15.3893 -14.2619 23.1079 -2.9301 0.0000 -0.0000 -7.9151 -12.9270 22.8062 -5.0841 7.1250 -0.0000 -0.0000 10.0301 -6.9377 8.8858
6.9962 18.0221 6.8951 181.9390 5.7817 -176.8700 0.0000 0.0000 0.0000 -21.2300 -3.5366 -6.7288 1.4679 7.6565 21.6754 0.5984 -1.8157 -14.1026 0.1670 -2.6329 -7.2584 0.0000 0.0000 0.0000 13.5008 2.5883 -0.6020 -0.4091 -4.1057 11.3744 -0.1608 -5.4635 -11.5004 -0.0218 0.9531 -2.6198 -1.2376 1.0572 -0.2652 -0.2486 1.4262 0.6732 0.4523 0.7083 0.8137 -12.9714 -4.2511 -14.4911 4.3478 -3.4156 17.5836 3.2049 -1.9561 8.1788 0.0000 0.0000 0.0000 -85.7621 0.1511 9.7819 16.3514 -25.9948 -3.7987 -0.0000 -0.0000 9.1197 -1.1776 39.2559 -0.7452 -7.1250 0.0000 -0.0000 -44.9858 63.5295 -22.4282 0.0000 0.0000 0.0000 89.3133 1.5264 15.5875 -14.2415 23.0790 -2.9221 0.0000 -0.0000 -7.1972 -13.3406 21.5990 -4.9889 7.1250 -0.0000 -0.0000 9.7266 -8.0976 8.3845
6.9921 18.0195 6.8918 181.6840 5.7261 -176.8380 0.0000 0.0000 0.0000 -21.5215 -3.4969 -6.8355 1.4728 7.6688 21.7127 0.5999 -1.8416 -14.1159 0.2095 -2.9466 -8.1301 0.0000 0.0000 0.0000 13.2063 2.3456 -0.6522 -0.3926 -4.0234 11.1425 -0.1648 -5.4068 -11.5167 -0.0151 0.7939 -2.1818 -1.3568 1.0127 -0.2713 -0.4492 1.3707 0.6262 0.3130 0.6818 0.7721 -12.4868 -3.9991 -14.1680 3.9416 -3.1546 17.1018 3.0178 -1.8328 7.9197 0.0000 0.0000 0.0000 -85.6819 -0.0213 9.7888 16.2357 -25.8392 -3.7481 -0.0000 -0.0000 8.8505 -0.9249 38.6129 -0.5772 -7.1250 0.0000 -0.0000 -43.8597 63.1358 -21.3558 0.0000 0.0000 0.0000 89.7268 1.7272 15.8031 -14.2437 23.0821 -2.9230 0.0000 -0.0000 -7.1747 -13.3516 21.6345 -5.0009 7.1250 -0.0000 -0.0000 9.7209 -8.0607 8.3866
6.9994 18.0254 6.8877 182.1830 5.6331 -176.7380 0.0000 0.0000 0.0000 -20.9109 -3.7578 -6.9561 1.5146 7.7718 22.0232 0.6032 -1.9350 -14.1364 0.0724 -1.7364 -4.7776 0.0000 0.0000 0.0000 13.8306 2.3746 -0.1658 -0.3391 -3.7419 10.3518 -0.1124 -5.8388 -10.9638 -0.0003 0.1192 -0.3275 -0.8860 1.0695 0.0197 -0.4096 1.4339 0.3927 0.0817 0.7167 0.3795 -12.6860 -4.0840 -13.8760 4.1746 -3.3159 16.9436 3.1112 -1.9002 7.8367 -0.0000 0.0000 0.0000 -85.6194 0.2600 9.9114 16.4274 -26.0968 -3.8321 -0.0000 -0.0000 8.9208 -1.5797 38.2096 -0.9773 -7.1250 0.0000 -0.0000 -43.9395 62.6695 -20.9269 -0.0000 0.0000 0.0000 89.8284 1.9517 15.5284 -13.8959 22.5858 -2.7880 0.0000 -0.0000 -7.0977 -13.5496 22.3053 -5.2262 7.1250 -0.0000 -0.0000 9.6214 -7.3653 8.4314
6.9999 18.0220 6.8846 181.6290 5.6631 -176.7460 0.0000 0.0000 0.0000 -21.5469 -3.3639 -7.0466 1.4829 7.6939 21.7882 0.6002 -1.9846 -14.0895 0.2732 -3.3624 -9.2893 0.0000 0.0000 0.0000 13.1968 2.5205 -0.4957 -0.3785 -3.9514 10.9399 -0.1520 -5.5916 -11.4655 -0.0000 0.0047 -0.0129 -1.2267 1.1831 -0.1945 -0.7906 1.6014 0.5508 -0.1097 0.8017 0.6618 -12.5572 -4.1808 -14.1258 4.2094 -3.4493 17.1982 3.0866 -1.9559 7.9749 0.0000 -0.0000 0.0000 -85.2993 -0.2516 10.0947 16.4681 -26.1512 -3.8499 -0.0000 -0.0000 9.3012 -1.8843 38.9024 -1.1836 -7.1250 0.0000 -0.0000 -45.1599 63.0871 -22.0734 0.0000 -0.0000 0.0000 89.5614 0.7394 17.3913 -15.0182 24.1715 -3.2334 0.0000 -0.0000 -8.9352 -13.9603 21.2463 -5.1476 7.1250 -0.0000 -0.0000 9.3219 -8.3804 7.9729
6.9982 18.0214 6.8722 182.1930 5.4345 -176.6560 0.0000 0.0000 0.0000 -20.9462 -3.9734 -6.8358 1.4908 7.7135 21.8472 0.5769 -1.6310 -13.8806 0.1254 -2.2828 -6.2878 0.0000 0.0000 0.0000 13.8309 2.0669 -0.3918 -0.3537 -3.8211 10.5740 -0.1326 -5.6484 -11.1568 -0.0015 0.2534 -0.6964 -0.6660 1.1425 -0.3561 -0.6206 1.5410 0.5993 -0.2455 0.7717 0.8123 -12.6186 -4.0665 -14.1273 4.2067 -3.2757 17.1701 3.1158 -1.8760 7.9517 0.0000 0.0000 0.0000 -85.3468 -0.4805 10.5210 16.3749 -26.0263 -3.8090 -0.0000 -0.0000 9.0474 -1.4814 39.0006 -0.9324 -7.1250 0.0000 -0.0000 -44.9167 63.2654 -22.1138 0.0000 0.0000 0.0000 89.4513 1.0081 17.3617 -14.9309 24.0497 -3.1977 0.0000 -0.0000 -9.1397 -14.1556 20.9761 -5.1591 7.1250 -0.0000 -0.0000 9.1881 -8.6297 7.8092
7.0021 18.0308 6.8668 182.0020 5.4575 -176.5240 0.0000 0.0000 0.0000 -21.1139 -3.5953 -7.0997 1.4856 7.7005 21.8082 0.5944 -2.0875 -13.9984 0.2167 -2.9971 -8.2706 0.0000 0.0000 0.0000 13.6558 2.2379 -0.6254 -0.3684 -3.8985 10.7913 -0.1330 -5.8583 -11.3868 -0.0138 0.7586 -2.0848 -0.8902 1.2388 -0.3423 -0.7536 1.6719 0.4723 -0.2571 0.8374 0.6722 -12.2647 -3.9942 -14.0302 3.9044 -3.2114 17.0216 2.9635 -1.8486 7.8676 0.0000 -0.0000 0.0000 -85.2099 -0.4157 10.9229 16.3464 -25.9880 -3.7965 -0.0000 -0.0000 8.8765 -1.3311 38.6916 -0.8322 -7.1250 0.0000 -0.0000 -44.3510 63.0840 -21.5916 0.0000 -0.0000 0.0000 90.0353 1.9360 14.9575 -14.2321 23.0655 -2.9184 0.0000 -0.0000 -7.5610 -12.9748 22.0355 -4.9406 7.1250 -0.0000 -0.0000 9.9721 -7.7025 8.6815
7.0042 18.0222 6.8615 181.4040 5.3208 -176.5410 0.0000 0.0000 0.0000 -21.7360 -3.4747 -7.0240 1.4485 7.6079 21.5293 0.5833 -2.3743 -13.8096 0.1178 -2.2123 -6.0928 0.0000 0.0000 0.0000 13.0025 2.1787 -1.0794 -0.4213 -4.1658 11.5436 -0.1761 -5.6906 -12.0039 -0.0585 1.5611 -4.2942 -1.5440 1.1042 -0.2371 -0.8909 1.5002 0.4467 -0.0360 0.7516 0.5745 -11.7840 -3.8275 -13.8026 3.1316 -2.9700 16.6107 2.6528 -1.7660 7.6527 -0.0000 0.0000 0.0000 -85.5413 -0.2548 10.5737 16.4673 -26.1502 -3.8496 -0.0000 -0.0000 8.7107 -0.9216 37.4578 -0.5605 -7.1250 0.0000 -0.0000 -42.3402 62.2892 -19.6372 -0.0000 0.0000 0.0000 89.8475 2.1251 15.7513 -14.1905 23.0064 -2.9022 0.0000 -0.0000 -8.0540 -12.9253 22.4083 -4.9997 7.1250 -0.0000 -0.0000 10.0163 -7.3356 8.7944
7.0003 18.0262 6.8570 181.7530 5.5359 -176.5680 0.0000 0.0000 0.0000 -21.4203 -3.4040 -7.0357 1.4739 7.6713 21.7202 0.6098 -2.1249 -14.1767 0.2572 -3.2628 -9.0114 0.0000 0.0000 0.0000 13.3821 2.3907 -0.8401 -0.4051 -4.0860 11.3186 -0.1468 -5.8589 -11.6470 -0.0313 1.1429 -3.1421 -1.0634 1.4345 -0.2791 -1.0164 1.9394 0.4211 -0.4292 0.9737 0.5873 -11.2718 -3.9149 -13.4118 2.7828 -3.1677 16.6825 2.4372 -1.8582 7.6082 0.0000 -0.0000 0.0000 -85.2146 -0.1076 11.2595 16.5061 -26.2021 -3.8667 -0.0000 -0.0000 8.9878 -1.5315 37.8474 -0.9398 -7.1250 0.0000 -0.0000 -43.4196 62.4181 -20.3731 0.0000 -0.0000 0.0000 90.2153 1.4775 15.2578 -14.5903 23.5722 -3.0602 0.0000 -0.0000 -8.5471 -12.0945 23.1703 -4.8193 7.1250 -0.0000 -0.0000 10.5609 -6.6719 9.4280
6.9979 18.0167 6.8487 181.6170 5.5091 -176.6510 0.0000 0.0000 0.0000 -21.5467 -2.9336 -7.0874 1.4668 7.6537 21.6671 0.6022 -2.6658 -13.9907 0.2292 -3.0818 -8.5065 0.0000 0.0000 0.0000 13.2085 2.3122 -0.9120 -0.4289 -4.2028 11.6478 -0.1627 -5.7328 -11.8066 -0.0295 1.1089 -3.0485 -1.0900 1.5412 -0.1897 -1.2225 2.0890 0.5087 -0.6249 1.0514 0.6338 -12.6348 -3.7288 -15.9303 5.6657 -2.8380 19.3515 3.6976 -1.5370 8.9861 -0.0000 0.0000 0.0000 -84.8853 -0.3751 11.7407 16.3868 -26.0424 -3.8142 -0.0000 -0.0000 8.8605 -1.9311 38.1258 -1.1925 -7.1250 0.0000 -0.0000 -44.1606 62.5165 -20.8971 -0.0000 0.0000 0.0000 90.4877 1.5853 13.9623 -14.4599 23.3883 -3.0082 0.0000 -0.0000 -8.4761 -11.6460 24.5194 -4.8889 7.1250 -0.0000 -0.0000 10.8871 -5.3845 10.0038
7.0145 18.0233 6.8472 181.8800 6.0930 -176.6950 0.0000 0.0000 0.0000 -21.2101 -2.4333 -7.1301 1.4679 7.6566 21.6757 0.5975 -2.5622 -13.9504 0.1480 -2.4790 -6.8314 0.0000 0.0000 0.0000 13.5857 2.8964 -0.7523 -0.4297 -4.2068 11.6592 -0.1546 -5.8901 -11.8218 -0.0289 1.0983 -3.0193 -1.3511 1.7257 -0.2497 -0.9002 2.3374 0.8006 -0.1402 1.1696 0.9432 -12.7368 -3.7004 -16.2425 5.2591 -2.6678 18.8567 3.5813 -1.5064 8.8542 0.0000 -0.0000 0.0000 -85.3648 -0.7661 11.1516 16.3370 -25.9754 -3.7923 -0.0000 -0.0000 9.2624 -0.9036 37.2102 -0.5465 -7.1250 0.0000 -0.0000 -42.0105 62.1095 -19.2765 0.0000 -0.0000 0.0000 90.1849 1.7236 15.4130 -14.9397 24.0620 -3.2013 0.0000 -0.0000 -8.9464 -13.2366 22.0225 -5.0405 7.1250 -0.0000 -0.0000 9.8070 -7.6853 8.5367
7.0140 18.0203 6.8425 181.8640 6.1165 -176.7060 0.0000 0.0000 0.0000 -21.2779 -2.4555 -7.0474 1.4565 7.6280 21.5896 0.5935 -2.2630 -13.9546 0.2990 -3.5160 -9.7187 0.0000 0.0000 0.0000 13.5287 2.9488 -0.7960 -0.4418 -4.2649 11.8232 -0.1812 -5.7197 -12.1233 -0.0303 1.1241 -3.0904 -1.5132 1.8350 -0.3898 -0.8753 2.4922 0.9569 -0.0145 1.2446 1.1729 -11.8784 -3.8211 -15.1018 4.0586 -2.9984 16.8875 2.9658 -1.7127 7.9841 -0.0000 -0.0000 0.0000 -85.3999 -1.0866 11.3483 15.9939 -25.5123 -3.6433 -0.0000 -0.0000 8.4445 -0.7899 38.2772 -0.4894 -7.1250 0.0000 -0.0000 -43.2805 62.9274 -20.8083 -0.0000 -0.0000 0.0000 90.1094 2.2105 15.2052 -14.7582 23.8081 -3.1277 0.0000 -0.0000 -9.1308 -12.3337 22.2521 -4.7333 7.1250 -0.0000 -0.0000 10.3814 -7.5590 9.0798
6.9922 18.0127 6.8354 181.8850 5.3882 -176.8620 0.0000 0.0000 0.0000 -21.2755 -2.8356 -6.8142 1.4676 7.6557 21.6732 0.5807 -2.6289 -13.7362 0.2020 -2.8938 -7.9831 0.0000 0.0000 0.0000 13.5240 2.1707 -0.7484 -0.4468 -4.2886 11.8901 -0.2031 -5.6425 -12.4254 -0.0482 1.4166 -3.8958 -1.1841 1.7521 -0.2337 -0.9873 2.3791 0.9760 -0.3190 1.1929 1.1240 -11.7040 -3.9409 -14.4233 4.2697 -3.3495 16.2592 2.9677 -1.8480 7.6830 -0.0000 0.0000 0.0000 -85.3335 -0.9559 11.1737 16.0438 -25.5800 -3.6649 -0.0000 -0.0000 9.3482 -1.7654 38.5640 -1.1008 -7.1250 0.0000 -0.0000 -44.5880 62.8766 -21.5170 -0.0000 0.0000 0.0000 90.2078 1.5543 15.8162 -15.1025 24.2887 -3.2680 0.0000 -0.0000 -8.9939 -13.6907 21.4189 -5.0836 7.1250 -0.0000 -0.0000 9.4989 -8.2381 8.1557
6.9895 18.0302 6.8347 181.4090 5.1341 -176.6720 0.0000 0.0000 0.0000 -21.7798 -3.1801 -6.8188 1.4285 7.5576 21.3783 0.5951 -2.8087 -13.8842 0.0927 -1.9635 -5.4048 0.0000 0.0000 0.0000 12.9865 1.9981 -1.0736 -0.4529 -4.3176 11.9719 -0.1823 -5.7448 -12.1677 -0.0155 0.8049 -2.2122 -1.5508 1.9993 -0.2116 -1.4000 2.7143 0.5792 -0.5426 1.3653 0.7077 -12.4490 -3.4433 -15.0431 6.2605 -3.3524 17.8425 3.7559 -1.9191 8.3480 -0.0000 0.0000 0.0000 -84.7478 -0.2955 11.9966 15.9978 -25.5177 -3.6450 -0.0000 -0.0000 9.4060 -2.0591 39.5645 -1.3118 -7.1250 0.0000 -0.0000 -46.2489 63.5076 -23.1726 -0.0000 0.0000 0.0000 90.6904 0.4909 15.2787 -15.2924 24.5518 -3.3465 0.0000 -0.0000 -9.0570 -13.7771 21.3204 -5.0945 7.1250 -0.0000 -0.0000 9.4408 -8.3271 8.0875
6.9786 18.0247 6.8180 181.3380 5.2510 -176.6610 0.0000 0.0000 0.0000 -21.9818 -3.7957 -6.4869 1.4275 7.5551 21.3707 0.5784 -2.0376 -13.8123 0.0110 -0.6771 -1.8606 0.0000 0.0000 0.0000 12.8337 1.9285 -0.9485 -0.4356 -4.2351 11.7391 -0.1853 -5.6406 -12.1173 -0.0242 1.0038 -2.7594 -1.8800 1.8110 -0.7158 -0.9748 2.4857 1.1793 0.1047 1.2373 1.5731 -13.2076 -3.5310 -16.8973 6.2943 -3.0087 18.3750 3.9361 -1.7780 8.8440 -0.0000 -0.0000 0.0000 -85.6855 -1.3389 10.4651 15.6461 -25.0385 -3.4948 -0.0000 -0.0000 10.1431 -2.2148 38.3548 -1.3747 -7.1250 0.0000 -0.0000 -44.7304 62.6074 -21.3206 -0.0000 -0.0000 0.0000 89.8747 1.8139 15.7775 -14.9965 24.1413 -3.2245 0.0000 -0.0000 -9.4640 -13.6871 21.1429 -5.0201 7.1250 -0.0000 -0.0000 9.4915 -8.5157 8.0963
6.9743 18.0173 6.8087 181.4550 5.1285 -176.6620 0.0000 0.0000 0.0000 -21.8510 -3.1470 -6.7520 1.4318 7.5658 21.4028 0.5730 -2.5207 -13.6579 0.1809 -2.7396 -7.5545 0.0000 0.0000 0.0000 12.9351 1.7901 -0.9039 -0.4339 -4.2270 11.7160 -0.1882 -5.5754 -12.1031 -0.0371 1.2432 -3.4183 -1.8401 1.8279 -0.4328 -0.8694 2.4840 0.8350 0.1726 1.2386 1.0582 -13.1740 -3.4275 -16.1475 5.9555 -2.9411 18.3272 3.8210 -1.8006 8.6812 0.0000 0.0000 0.0000 -85.8030 -0.5856 10.3269 15.6082 -24.9865 -3.4788 -0.0000 -0.0000 9.7951 -1.5910 37.9759 -0.9791 -7.1250 0.0000 -0.0000 -43.6431 62.4965 -20.5801 0.0000 0.0000 0.0000 89.8577 1.3629 15.2029 -14.7514 23.7986 -3.1249 0.0000 -0.0000 -8.9789 -13.7540 20.8571 -4.9807 7.1250 -0.0000 -0.0000 9.4394 -8.7952 7.9973
6.9645 18.0157 6.7947 181.5510 4.9808 -176.6760 0.0000 0.0000 0.0000 -21.7829 -3.1530 -6.7075 1.4416 7.5907 21.4776 0.6004 -2.7202 -13.9608 0.2320 -3.1002 -8.5579 0.0000 0.0000 0.0000 13.0491 1.3600 -0.8997 -0.4217 -4.1681 11.5501 -0.1685 -5.6904 -11.8681 -0.0956 1.9936 -5.4880 -0.4831 1.7322 -1.4993 -1.7600 2.4183 1.6873 -1.4434 1.2378 2.6282 -12.2481 -3.6306 -16.5850 5.8700 -3.2845 17.5147 3.5868 -1.8517 8.4990 0.0000 0.0000 0.0000 -84.3234 -1.9925 9.4773 15.3156 -24.5840 -3.3562 -0.0000 -0.0000 9.9960 -2.3694 37.4932 -1.4427 -7.1250 0.0000 -0.0000 -43.7564 61.9425 -20.0759 0.0000 0.0000 0.0000 91.4275 3.1737 14.8858 -14.4435 23.3651 -3.0018 0.0000 -0.0000 -8.2165 -13.8541 21.0386 -5.0596 7.1250 -0.0000 -0.0000 9.3819 -8.6014 7.9839
6.9613 18.0254 6.7929 181.4920 4.6876 -176.5020 0.0000 0.0000 0.0000 -21.7765 -3.3331 -6.8638 1.4412 7.5895 21.4740 0.5880 -3.1938 -13.7484 0.0492 -1.4315 -3.9370 0.0000 0.0000 0.0000 12.9702 1.5718 -0.7538 -0.4043 -4.0822 11.3080 -0.1687 -5.9336 -12.1187 -0.0259 1.0399 -2.8585 -1.2107 1.6776 -1.7588 -1.2187 2.3427 1.6732 -0.4766 1.1736 2.7058 -12.8505 -3.6657 -16.3090 5.9195 -3.2405 17.4944 3.7081 -1.8747 8.4524 0.0000 -0.0000 0.0000 -85.2981 -1.8838 9.0065 15.3299 -24.6037 -3.3621 -0.0000 -0.0000 10.4883 -2.3880 38.5219 -1.4878 -7.1250 0.0000 -0.0000 -45.1163 62.6815 -21.6232 0.0000 -0.0000 0.0000 90.5952 2.9874 15.0971 -14.5443 23.5075 -3.0419 0.0000 -0.0000 -8.2706 -14.4632 20.9322 -5.2649 7.1250 -0.0000 -0.0000 8.9908 -8.6383 7.6355
6.9579 18.0228 6.7935 181.4700 4.6724 -176.5080 0.0000 0.0000 0.0000 -21.8606 -3.4902 -6.7603 1.4283 7.5570 21.3763 0.6008 -2.8637 -13.9445 0.1540 -2.5283 -6.9681 0.0000 0.0000 0.0000 12.9247 1.5623 -0.7797 -0.4068 -4.0946 11.3431 -0.1915 -5.8250 -12.4059 -0.0280 1.0794 -2.9673 -1.6394 1.7356 -0.5994 -0.9316 2.3688 0.9830 0.0046 1.1817 1.3158 -12.8865 -3.6327 -16.5277 5.4673 -3.1425 18.4968 3.5781 -1.9233 8.8181 -0.0000 0.0000 0.0000 -85.7602 -0.8601 9.0157 15.2532 -24.4977 -3.3302 -0.0000 -0.0000 10.7593 -2.0311 38.5239 -1.2654 -7.1250 0.0000 -0.0000 -44.7838 62.7772 -21.5286 -0.0000 0.0000 0.0000 90.1470 1.3628 16.0222 -15.1654 24.3760 -3.2939 0.0000 -0.0000 -9.2020 -13.8033 20.3102 -4.8743 7.1250 -0.0000 -0.0000 9.3905 -9.3396 7.8511
6.9509 18.0185 6.7854 181.4210 4.8926 -176.6350 0.0000 0.0000 0.0000 -22.0562 -4.0358 -6.0523 1.3624 7.3880 20.8700 0.5725 -1.8229 -13.7835 0.1166 -2.2016 -6.0632 0.0000 0.0000 0.0000 12.8632 1.8475 -0.7488 -0.4306 -4.2110 11.6712 -0.1892 -5.9215 -12.4620 -0.0620 1.6064 -4.4191 -1.8111 1.7165 -0.5351 -0.7755 2.3436 1.0967 0.2595 1.1653 1.3833 -13.1778 -3.6995 -16.3503 5.3289 -3.1350 18.0814 3.5742 -1.9401 8.6493 -0.0000 -0.0000 0.0000 -86.1114 -1.0294 7.9870 15.0710 -24.2449 -3.2550 -0.0000 -0.0000 11.5670 -2.3170 38.0659 -1.4291 -7.1250 0.0000 -0.0000 -44.4452 62.3724 -20.9112 -0.0000 -0.0000 0.0000 89.9026 1.4495 16.5127 -15.3635 24.6501 -3.3761 0.0000 -0.0000 -9.7048 -14.0560 20.1459 -4.9284 7.1250 -0.0000 -0.0000 9.2235 -9.4772 7.6818
6.9461 18.0154 6.7859 181.2310 5.0147 -176.7890 0.0000 0.0000 0.0000 -22.2206 -3.1288 -6.3626 1.3877 7.4534 21.0657 0.5908 -2.6787 -13.8518 0.1650 -2.6168 -7.2135 0.0000 0.0000 0.0000 12.6205 1.9936 -0.7766 -0.4558 -4.3308 12.0093 -0.1933 -5.8586 -12.4697 -0.0362 1.2273 -3.3744 -1.8896 1.7225 -0.2490 -0.9140 2.3456 0.9525 0.1491 1.1702 1.0778 -13.3944 -3.5742 -16.0723 5.8289 -3.0780 18.3048 3.7950 -1.8952 8.6784 -0.0000 -0.0000 0.0000 -85.9281 -0.2609 8.6974 15.4063 -24.7091 -3.3940 -0.0000 -0.0000 10.8051 -2.5088 38.4953 -1.5622 -7.1250 0.0000 -0.0000 -45.1937 62.6307 -21.6152 -0.0000 -0.0000 0.0000 90.1545 1.1895 16.3863 -15.3451 24.6246 -3.3684 0.0000 -0.0000 -9.3836 -14.1639 20.0832 -4.9528 7.1250 -0.0000 -0.0000 9.1523 -9.5283 7.6114
6.9403 18.0157 6.7813 181.2490 4.9041 -176.8560 0.0000 0.0000 0.0000 -22.1991 -3.5547 -6.1701 1.4047 7.4970 21.1963 0.5954 -2.6387 -13.9132 0.0391 -1.2757 -3.5076 0.0000 0.0000 0.0000 12.6636 2.0151 -0.6345 -0.4568 -4.3356 12.0227 -0.1923 -6.0166 -12.6105 -0.0377 1.2525 -3.4437 -1.9364 1.6454 -0.2936 -0.8087 2.2450 1.0579 0.2853 1.1172 1.2064 -13.0109 -3.7223 -15.6013 4.8892 -3.2182 17.4979 3.3828 -2.0050 8.3181 -0.0000 0.0000 0.0000 -86.0787 -0.2633 8.8166 15.4693 -24.7959 -3.4204 -0.0000 -0.0000 10.5489 -1.9883 38.8493 -1.2475 -7.1250 0.0000 -0.0000 -45.1851 63.0215 -22.0199 -0.0000 0.0000 0.0000 89.9823 1.2022 16.7494 -15.3956 24.6944 -3.3895 0.0000 -0.0000 -9.9570 -13.9550 20.1344 -4.8890 7.1250 -0.0000 -0.0000 9.2879 -9.4999 7.7326
6.9334 18.0077 6.7838 180.7480 4.9126 -177.0460 0.0000 0.0000 0.0000 -22.7574 -3.0988 -6.1094 1.3828 7.4408 21.0279 0.5759 -2.9589 -13.6299 0.0230 -0.9785 -2.6897 0.0000 0.0000 0.0000 12.0567 1.7571 -0.7241 -0.4803 -4.4444 12.3303 -0.1932 -5.7789 -12.3894 -0.0372 1.2456 -3.4249 -2.4736 1.5966 -0.1589 -0.8795 2.1903 1.1538 0.5096 1.0872 1.2136 -13.3679 -4.0771 -15.6744 5.3425 -3.1597 17.6677 3.6322 -1.7690 8.4104 0.0000 0.0000 0.0000 -86.1917 -0.3205 8.6556 15.5398 -24.8928 -3.4500 -0.0000 -0.0000 10.9868 -3.1632 39.4997 -2.0132 -7.1250 0.0000 -0.0000 -47.1836 63.1632 -23.3754 0.0000 0.0000 0.0000 89.8971 1.2509 16.8457 -15.4402 24.7558 -3.4082 0.0000 -0.0000 -10.0675 -14.2458 20.9107 -5.1778 7.1250 -0.0000 -0.0000 9.1283 -8.6852 7.7468
6.9240 18.0074 6.7837 181.3270 4.9823 -176.9250 0.0000 0.0000 0.0000 -22.2373 -3.6961 -5.9662 1.3856 7.4479 21.0493 0.5694 -2.0559 -13.6968 0.0838 -1.8672 -5.1387 0.0000 0.0000 0.0000 12.6769 1.8301 -0.6260 -0.4550 -4.3271 11.9989 -0.1897 -5.8418 -12.3914 -0.0189 0.8883 -2.4415 -1.7820 1.5430 -0.1454 -0.7662 2.1064 1.1802 0.2388 1.0490 1.2551 -13.3962 -4.1395 -15.7887 5.2721 -3.2187 17.4817 3.6008 -1.8051 8.3734 0.0000 0.0000 0.0000 -86.1820 -0.4337 8.3453 15.4721 -24.7996 -3.4215 -0.0000 -0.0000 11.0364 -2.9053 38.6494 -1.8154 -7.1250 0.0000 -0.0000 -45.7712 62.6357 -21.9597 0.0000 0.0000 0.0000 89.9146 1.7016 16.7691 -15.1711 24.3839 -3.2963 0.0000 -0.0000 -10.0188 -13.5842 21.6165 -5.0868 7.1250 -0.0000 -0.0000 9.5734 -8.0521 8.2572
6.9693 18.0293 6.8489 181.1610 4.7197 -176.2670 0.0000 0.0000 0.0000 -21.9676 -2.5117 -7.3611 1.3632 7.3899 20.8757 0.5127 -3.7358 -12.7671 0.1305 -2.3289 -6.4155 0.0000 0.0000 0.0000 12.7533 2.2551 -1.5738 -0.4851 -4.4662 12.3922 -0.1694 -6.2805 -12.4909 -0.0183 0.8741 -2.4025 -2.6415 1.4609 -0.0106 -0.7328 1.9885 0.8423 0.7417 0.9875 0.8055 -12.8326 -4.1512 -15.4657 4.7150 -3.3126 17.0084 3.3027 -1.8632 8.1460 0.0000 0.0000 0.0000 -86.0074 -0.5374 8.7434 15.5235 -24.8703 -3.4431 -0.0000 -0.0000 10.3983 -2.5170 39.0852 -1.5875 -7.1250 0.0000 -0.0000 -46.0043 63.0472 -22.5360 0.0000 0.0000 0.0000 89.9633 1.6790 16.9892 -15.1941 24.4159 -3.3058 0.0000 -0.0000 -10.1743 -13.9134 21.3320 -5.1493 7.1250 -0.0000 -0.0000 9.3548 -8.2996 8.0169
6.9666 18.0313 6.8536 181.5420 4.9162 -176.1510 0.0000 0.0000 0.0000 -21.5334 -2.3149 -7.6876 1.3943 7.4702 21.1161 0.5401 -3.9843 -13.0979 0.1133 -2.1704 -5.9768 0.0000 0.0000 0.0000 13.1737 2.5334 -1.5831 -0.4747 -4.4188 12.2580 -0.1863 -6.3252 -12.8233 -0.0378 1.2542 -3.4484 -2.2833 1.5195 0.0967 -0.6692 2.0513 0.6377 0.6001 1.0227 0.5435 -13.3537 -4.1791 -15.2370 5.4131 -3.3883 17.3050 3.6235 -1.8692 8.2334 -0.0000 -0.0000 0.0000 -85.9246 -0.2906 8.9257 15.5190 -24.8641 -3.4412 -0.0000 -0.0000 10.1893 -2.3588 39.2993 -1.4945 -7.1250 0.0000 -0.0000 -46.1543 63.2403 -22.8315 -0.0000 -0.0000 0.0000 90.1685 1.4888 16.7013 -15.1678 24.3793 -3.2949 0.0000 -0.0000 -10.0082 -14.1310 20.9063 -5.1335 7.1250 -0.0000 -0.0000 9.2012 -8.7029 7.8071
6.9587 18.0307 6.8552 181.9440 4.8013 -176.1860 0.0000 0.0000 0.0000 -21.0522 -1.8852 -7.9037 1.4174 7.5294 21.2937 0.5298 -4.6094 -12.9533 0.1531 -2.5209 -6.9476 0.0000 0.0000 0.0000 13.6060 2.3871 -1.4333 -0.4589 -4.3454 12.0504 -0.1695 -6.4049 -12.6223 -0.0203 0.9188 -2.5254 -2.0005 1.4311 0.0468 -0.4027 1.9299 0.7464 0.7178 0.9589 0.6861 -13.5911 -4.1251 -15.1315 5.4384 -3.2753 17.1806 3.6835 -1.8267 8.1675 0.0000 0.0000 0.0000 -86.1032 -0.4495 9.1396 15.5357 -24.8871 -3.4482 -0.0000 -0.0000 9.9491 -2.0388 38.6621 -1.2740 -7.1250 0.0000 -0.0000 -44.9775 62.8743 -21.7434 0.0000 0.0000 0.0000 88.5876 -1.0960 20.0767 -16.9330 26.7694 -4.0571 0.0000 -0.0000 -13.0719 -14.4013 20.1349 -5.0513 7.1250 -0.0000 -0.0000 9.0016 -9.4497 7.4972
6.9567 18.0295 6.8529 181.1880 4.6250 -176.2620 0.0000 0.0000 0.0000 -21.8815 -1.9929 -7.7602 1.3845 7.4452 21.0412 0.5120 -4.7001 -12.7332 0.0775 -1.7962 -4.9427 0.0000 0.0000 0.0000 12.7575 2.1735 -1.6166 -0.4838 -4.4602 12.3751 -0.1966 -6.2331 -12.8996 -0.0318 1.1517 -3.1664 -2.7933 1.3830 -0.0068 -0.6071 1.8800 0.7840 0.9535 0.9317 0.7381 -13.5189 -4.1407 -14.6348 5.3907 -3.3772 16.8167 3.6420 -1.8729 7.9657 -0.0000 -0.0000 0.0000 -86.0376 -0.6601 9.1621 15.5284 -24.8770 -3.4452 -0.0000 -0.0000 10.2932 -1.8934 38.3622 -1.1753 -7.1250 0.0000 -0.0000 -44.4380 62.6973 -21.2441 -0.0000 -0.0000 0.0000 89.8058 0.8728 17.1994 -15.6249 25.0095 -3.4859 0.0000 -0.0000 -9.8619 -14.9119 20.5799 -5.3478 7.1250 -0.0000 -0.0000 8.6910 -8.9416 7.3216
6.9540 18.0310 6.8569 181.4700 4.7815 -176.1130 0.0000 0.0000 0.0000 -21.6262 -2.2183 -7.8337 1.3927 7.4661 21.1039 0.5249 -4.2328 -12.8990 0.1260 -2.2878 -6.3018 0.0000 0.0000 0.0000 13.0341 2.2661 -1.7059 -0.4708 -4.4008 12.2071 -0.1726 -6.2548 -12.5187 -0.0051 0.4592 -1.2619 -2.4669 1.5316 -0.1292 -0.6495 2.0780 0.7284 0.7313 1.0325 0.7553 -12.6065 -4.0968 -14.3777 4.6139 -3.4023 16.7188 3.2289 -1.8977 7.8594 0.0000 -0.0000 0.0000 -85.8199 -0.8062 9.5797 15.5174 -24.8620 -3.4406 -0.0000 -0.0000 10.2175 -1.4196 38.3383 -0.8807 -7.1250 0.0000 -0.0000 -43.9590 62.8052 -21.0770 0.0000 -0.0000 0.0000 90.0895 1.0419 16.6080 -15.4562 24.7778 -3.4148 0.0000 -0.0000 -9.4750 -14.9404 20.8714 -5.4306 7.1250 -0.0000 -0.0000 8.6844 -8.6434 7.3681
6.9446 18.0232 6.8377 181.7280 5.3854 -176.3660 0.0000 0.0000 0.0000 -21.4429 -1.6933 -7.6085 1.4007 7.4867 21.1656 0.5451 -4.1756 -13.1506 0.1457 -2.4597 -6.7778 0.0000 0.0000 0.0000 13.2285 2.5042 -1.4894 -0.4814 -4.4492 12.3441 -0.2010 -5.9401 -12.6797 -0.0494 1.4339 -3.9436 -2.1519 1.6904 -0.1106 -0.5672 2.2902 0.9156 0.6439 1.1374 0.9389 -13.1978 -4.1702 -14.9398 5.1144 -3.3855 17.1969 3.4973 -1.8844 8.1374 0.0000 0.0000 0.0000 -86.0255 -0.8321 9.4223 15.8034 -25.2534 -3.5617 -0.0000 -0.0000 10.1253 -2.0515 38.5328 -1.2784 -7.1250 0.0000 -0.0000 -44.8151 62.7783 -21.5480 0.0000 0.0000 0.0000 89.9684 1.3889 16.5754 -15.2367 24.4748 -3.3234 0.0000 -0.0000 -9.3348 -15.1624 21.1288 -5.5791 7.1250 -0.0000 -0.0000 8.5542 -8.3565 7.3042
6.9606 18.0252 6.8557 181.0540 4.9851 -176.1610 0.0000 0.0000 0.0000 -22.0429 -1.5238 -7.9811 1.3732 7.4158 20.9532 0.5071 -4.6549 -12.6711 0.1248 -2.2771 -6.2720 0.0000 0.0000 0.0000 12.5952 2.6766 -1.9680 -0.5273 -4.6533 12.9224 -0.2067 -6.1813 -13.0138 -0.0153 0.7977 -2.1924 -3.0648 1.4537 -0.0814 -0.7010 1.9824 0.7879 1.0116 0.9823 0.7746 -13.3815 -4.1523 -15.0423 5.1970 -3.3162 17.3181 3.5646 -1.8561 8.1950 -0.0000 -0.0000 0.0000 -85.9998 -0.8336 9.6005 15.9133 -25.4030 -3.6087 -0.0000 -0.0000 9.6811 -1.3824 38.0258 -0.8517 -7.1250 0.0000 -0.0000 -43.5110 62.5875 -20.5973 -0.0000 -0.0000 0.0000 89.7252 1.0986 17.0816 -15.3579 24.6423 -3.3737 0.0000 -0.0000 -10.3043 -14.7149 21.2949 -5.4482 7.1250 -0.0000 -0.0000 8.8453 -8.2425 7.5792
6.9588 18.0308 6.8542 181.1750 4.7830 -176.1880 0.0000 0.0000 0.0000 -21.9316 -2.0503 -7.7335 1.3739 7.4177 20.9589 0.5092 -4.3314 -12.6999 0.1635 -2.6048 -7.1804 0.0000 0.0000 0.0000 12.7271 2.3337 -1.8471 -0.5070 -4.5645 12.6705 -0.1873 -6.2232 -12.7360 -0.0087 0.6028 -1.6564 -2.9791 1.2905 -0.0496 -0.6510 1.7600 0.7547 1.0126 0.8716 0.7325 -13.3941 -4.0627 -14.8198 5.1750 -3.2166 17.1637 3.5709 -1.8100 8.0937 0.0000 0.0000 0.0000 -85.9737 -0.6757 9.5025 16.0305 -25.5620 -3.6591 -0.0000 -0.0000 9.5169 -1.7135 38.0180 -1.0555 -7.1250 0.0000 -0.0000 -43.8138 62.4952 -20.6762 0.0000 0.0000 0.0000 89.6860 0.9860 17.0542 -15.2343 24.4715 -3.3224 0.0000 -0.0000 -10.1060 -13.7943 21.1250 -5.0567 7.1250 -0.0000 -0.0000 9.4229 -8.5214 8.0350
6.9669 18.0233 6.8552 181.0060 4.8203 -176.2830 0.0000 0.0000 0.0000 -22.1000 -1.9338 -7.6545 1.3647 7.3939 20.8877 0.5170 -4.3936 -12.7972 0.1235 -2.2653 -6.2393 0.0000 0.0000 0.0000 12.5623 2.3665 -1.8423 -0.5213 -4.6271 12.8480 -0.1965 -6.1681 -12.8323 -0.0049 0.4508 -1.2386 -3.2136 1.3096 0.0026 -0.7791 1.7957 0.8922 1.0133 0.8884 0.8402 -12.6263 -4.2678 -14.8401 4.4180 -3.5414 16.7558 3.1440 -1.9852 7.9641 -0.0000 -0.0000 0.0000 -85.8186 -0.9695 9.4295 16.0192 -25.5467 -3.6543 -0.0000 -0.0000 9.6992 -1.8217 38.1821 -1.1263 -7.1250 0.0000 -0.0000 -44.1316 62.5860 -20.9520 -0.0000 -0.0000 0.0000 89.7961 1.1161 16.9495 -15.2052 24.4312 -3.3104 0.0000 -0.0000 -10.3501 -13.6662 21.1825 -5.0211 7.1250 -0.0000 -0.0000 9.5062 -8.4783 8.1163
6.9689 18.0291 6.8595 181.1840 5.2102 -176.2360 0.0000 0.0000 0.0000 -21.9465 -2.1172 -7.5819 1.3653 7.3953 20.8919 0.5162 -3.7501 -12.8101 0.1608 -2.5835 -7.1212 0.0000 0.0000 0.0000 12.7279 2.4708 -1.8868 -0.5074 -4.5660 12.6747 -0.1909 -5.9486 -12.5193 -0.0101 0.6478 -1.7801 -3.0407 1.4243 0.0475 -0.8337 1.9440 0.8213 0.8592 0.9657 0.7437 -12.1814 -4.5716 -14.2046 4.0284 -4.0850 16.0529 2.8781 -2.2499 7.6491 0.0000 -0.0000 0.0000 -85.6701 -0.8245 9.4474 16.1237 -25.6880 -3.6994 -0.0000 -0.0000 9.4425 -1.9168 38.1951 -1.1855 -7.1250 0.0000 -0.0000 -44.2386 62.5705 -20.9976 0.0000 -0.0000 0.0000 90.0306 1.1410 16.5668 -15.1114 24.3010 -3.2716 0.0000 -0.0000 -9.8455 -13.5699 21.1247 -4.9716 7.1250 -0.0000 -0.0000 9.5653 -8.5472 8.1550
6.9704 18.0332 6.8559 180.8480 5.1528 -176.1810 0.0000 0.0000 0.0000 -22.3174 -1.8870 -7.6515 1.3401 7.3297 20.6959 0.5162 -4.0683 -12.7957 0.1459 -2.4616 -6.7832 0.0000 0.0000 0.0000 12.3406 2.4484 -2.0360 -0.5213 -4.6273 12.8485 -0.2004 -5.9138 -12.6448 -0.0106 0.6651 -1.8277 -3.5332 1.1462 -0.0016 -0.7265 1.5763 0.8181 1.2439 0.7777 0.7658 -13.2905 -5.0259 -14.1142 4.4699 -4.5747 15.4217 3.1419 -2.5059 7.5080 -0.0000 0.0000 0.0000 -86.1383 -0.7428 8.7954 16.2184 -25.8159 -3.7406 -0.0000 -0.0000 9.2005 -1.3989 38.2990 -0.8671 -7.1250 0.0000 -0.0000 -43.8870 62.7821 -21.0118 -0.0000 0.0000 0.0000 89.5844 1.3134 17.4102 -15.0111 24.1615 -3.2305 0.0000 -0.0000 -9.9371 -13.8669 20.9339 -5.0405 7.1250 -0.0000 -0.0000 9.3701 -8.7052 7.9540
6.9739 18.0312 6.8493 181.1760 5.4988 -176.4060 0.0000 0.0000 0.0000 -21.9871 -1.9448 -7.2336 1.3353 7.3170 20.6580 0.5461 -3.6095 -13.1955 0.1740 -2.6870 -7.4085 0.0000 0.0000 0.0000 12.7343 2.6513 -1.6060 -0.5025 -4.5446 12.6140 -0.1859 -6.0029 -12.4886 -0.0057 0.4877 -1.3400 -3.1427 1.4419 0.1180 -0.8366 1.9673 0.8576 0.9117 0.9771 0.7374 -13.9244 -6.0489 -13.4687 5.1877 -6.0875 14.6750 3.3099 -3.2070 7.3337 0.0000 -0.0000 0.0000 -85.7859 -0.6077 9.4630 16.2325 -25.8348 -3.7467 -0.0000 -0.0000 9.3041 -1.5706 38.2126 -0.9717 -7.1250 0.0000 -0.0000 -43.9350 62.6742 -20.9292 0.0000 -0.0000 0.0000 89.9855 1.1249 16.8070 -15.0490 24.2144 -3.2460 0.0000 -0.0000 -9.8966 -14.0882 21.1507 -5.1742 7.1250 -0.0000 -0.0000 9.2373 -8.4618 7.8834
6.9584 18.0181 6.8243 181.2530 6.0622 -176.5740 0.0000 0.0000 0.0000 -22.1089 -2.0448 -6.9824 1.3603 7.3825 20.8537 0.5710 -2.8409 -13.5866 0.1842 -2.7640 -7.6224 0.0000 0.0000 0.0000 12.6541 2.7588 -1.3993 -0.4939 -4.5059 12.5044 -0.1911 -5.6049 -12.1828 -0.0133 0.7447 -2.0467 -2.8135 1.4522 0.0539 -0.9545 1.9875 0.9298 0.6106 0.9888 0.8616 -14.7722 -6.8451 -12.2702 5.6783 -7.2803 12.9750 3.4894 -3.7776 6.7445 0.0000 -0.0000 0.0000 -85.7224 -0.4812 8.8070 16.1458 -25.7180 -3.7090 -0.0000 -0.0000 9.3388 -2.1916 38.4974 -1.3646 -7.1250 0.0000 -0.0000 -44.8991 62.7158 -21.5321 0.0000 -0.0000 0.0000 90.0690 1.1199 17.1070 -15.0424 24.2052 -3.2433 0.0000 -0.0000 -9.6775 -13.8919 21.5461 -5.1899 7.1250 -0.0000 -0.0000 9.3765 -8.0869 8.0760
6.9393 18.0192 6.7979 180.9520 6.3332 -176.7580 0.0000 0.0000 0.0000 -22.6015 -2.4603 -6.4619 1.3545 7.3672 20.8080 0.5812 -2.2558 -13.8056 0.0219 -0.9544 -2.6234 0.0000 0.0000 0.0000 12.1661 2.5018 -1.2526 -0.4844 -4.4629 12.3826 -0.2156 -5.0998 -12.1288 -0.0435 1.3463 -3.7023 -2.8524 1.4794 0.0141 -1.2089 2.0293 0.7906 0.3711 1.0151 0.7479 -15.1320 -7.5325 -10.1654 5.7909 -8.4854 10.7672 3.5149 -4.3605 5.8293 0.0000 -0.0000 0.0000 -85.5910 0.1612 8.3566 16.0771 -25.6250 -3.6792 -0.0000 -0.0000 10.0592 -2.6714 37.7085 -1.6347 -7.1250 0.0000 -0.0000 -44.3148 62.0217 -20.4718 0.0000 -0.0000 0.0000 90.2540 0.6196 17.2304 -15.1665 24.3776 -3.2944 0.0000 -0.0000 -10.1907 -13.9276 21.6783 -5.2340 7.1250 -0.0000 -0.0000 9.3589 -7.9498 8.0860
6.9601 18.0306 6.8243 181.1850 6.3522 -176.4350 0.0000 0.0000 0.0000 -22.2438 -2.6035 -6.8011 1.3465 7.3465 20.7460 0.5665 -2.0372 -13.6647 0.1460 -2.4624 -6.7853 0.0000 0.0000 0.0000 12.5372 2.6832 -1.6416 -0.4880 -4.4793 12.4292 -0.2014 -5.2115 -11.9870 -0.0068 0.5319 -1.4617 -3.2959 0.9739 0.0555 -0.5647 1.3294 0.6321 1.2726 0.6572 0.5558 -17.3563 -8.0569 -9.8241 6.6675 -9.0039 9.6779 4.0943 -4.6188 5.6300 0.0000 -0.0000 0.0000 -86.7399 0.4756 6.4326 15.9106 -25.3993 -3.6075 -0.0000 -0.0000 10.7438 -2.2211 37.2498 -1.3448 -7.1250 0.0000 -0.0000 -43.3097 61.8019 -19.6831 0.0000 -0.0000 0.0000 89.1593 0.7872 19.0952 -15.1767 24.3917 -3.2986 0.0000 -0.0000 -9.9267 -14.4518 20.9782 -5.2716 7.1250 -0.0000 -0.0000 8.9998 -8.5932 7.6516
6.9585 18.0199 6.8132 181.6400 6.8402 -176.5840 0.0000 0.0000 0.0000 -21.7774 -2.2498 -6.8358 1.3894 7.4578 21.0789 0.6074 -2.0064 -14.1716 0.2204 -3.0221 -8.3402 0.0000 0.0000 0.0000 13.0262 3.0142 -1.3085 -0.4755 -4.4223 12.2680 -0.2045 -5.1984 -12.0281 -0.0170 0.8423 -2.3151 -3.1200 0.5338 0.2065 0.0048 0.7168 0.3875 1.7532 0.3526 0.2432 -18.1044 -8.2171 -7.9689 5.9557 -9.3204 7.5687 4.0281 -4.7872 4.7038 -0.0000 -0.0000 0.0000 -87.7011 1.5173 4.7987 15.9069 -25.3943 -3.6059 -0.0000 -0.0000 10.7433 -2.0608 37.5104 -1.2552 -7.1250 0.0000 -0.0000 -43.4873 62.0342 -20.0197 -0.0000 -0.0000 0.0000 88.2971 0.5614 20.7395 -15.0572 24.2257 -3.2494 0.0000 -0.0000 -9.9508 -14.8652 21.3908 -5.5295 7.1250 -0.0000 -0.0000 8.7541 -8.1276 7.5192
6.9667 18.0217 6.8197 181.6890 6.8389 -176.4620 0.0000 0.0000 0.0000 -21.6684 -2.3144 -7.0637 1.4165 7.5269 21.2862 0.6137 -2.0838 -14.2322 0.1903 -2.8097 -7.7495 0.0000 0.0000 0.0000 13.0814 2.8680 -1.2622 -0.4407 -4.2594 11.8077 -0.1931 -5.0462 -11.6851 -0.0156 0.8059 -2.2149 -3.2853 0.1506 0.1226 0.2803 0.2015 0.1911 2.1289 0.0973 0.1149 -19.0881 -8.4663 -7.2329 5.8759 -9.6457 6.8920 4.1489 -4.9521 4.4573 0.0000 0.0000 0.0000 -88.3168 2.1663 3.7221 16.0650 -25.6086 -3.6740 -0.0000 -0.0000 11.0597 -2.8949 38.2158 -1.7918 -7.1250 0.0000 -0.0000 -45.1838 62.3295 -21.2919 0.0000 0.0000 0.0000 87.8654 0.4879 21.3402 -14.9952 24.1394 -3.2240 0.0000 -0.0000 -10.2241 -14.1347 21.6803 -5.3150 7.1250 -0.0000 -0.0000 9.2283 -7.9234 7.9749
6.9903 18.0393 6.8617 181.7190 6.0895 -176.2030 0.0000 0.0000 0.0000 -21.3028 -2.0642 -7.7822 1.4316 7.5653 21.4013 0.5661 -3.3155 -13.4687 0.0376 -1.2524 -3.4435 0.0000 0.0000 0.0000 13.3469 2.7592 -1.4692 -0.4359 -4.2368 11.7438 -0.1728 -5.7440 -12.0001 -0.0161 0.8186 -2.2499 -3.6082 0.0331 0.4842 0.2430 0.0252 -0.1006 2.2718 0.0220 -0.3764 -19.0771 -8.9504 -6.6226 6.0104 -10.4427 6.7807 4.1356 -5.3470 4.4273 -0.0000 -0.0000 0.0000 -87.8109 2.3004 4.3914 15.8210 -25.2774 -3.5692 -0.0000 -0.0000 10.9852 -2.8174 37.8921 -1.7313 -7.1250 0.0000 -0.0000 -44.6885 62.1170 -20.7836 -0.0000 -0.0000 0.0000 88.1925 0.1870 20.8780 -15.2813 24.5365 -3.3419 0.0000 -0.0000 -10.5737 -14.5422 20.9402 -5.2967 7.1250 -0.0000 -0.0000 8.9407 -8.6210 7.5951
6.9843 18.0248 6.8353 181.6030 6.7985 -176.3090 0.0000 0.0000 0.0000 -21.5964 -1.6476 -7.5725 1.4087 7.5071 21.2267 0.5661 -2.5977 -13.5612 0.2195 -3.0160 -8.3233 0.0000 0.0000 0.0000 13.1165 3.1410 -1.5652 -0.4707 -4.4001 12.2050 -0.2067 -5.2093 -12.0772 -0.0462 1.3877 -3.8162 -3.6937 0.0050 0.1039 0.3013 0.0067 0.1077 2.3798 0.0019 0.0518 -19.7324 -9.1624 -6.8654 6.3232 -10.6339 6.8897 4.2962 -5.4419 4.5768 -0.0000 -0.0000 0.0000 -88.0825 1.9895 3.6266 15.6214 -25.0046 -3.4844 -0.0000 -0.0000 11.1691 -2.5396 38.1913 -1.5708 -7.1250 0.0000 -0.0000 -44.8188 62.4047 -21.1600 -0.0000 -0.0000 0.0000 87.8167 0.6335 21.3459 -15.1467 24.3501 -3.2862 0.0000 -0.0000 -10.9569 -13.8734 21.1828 -5.0999 7.1250 -0.0000 -0.0000 9.3748 -8.4542 8.0054
6.9875 18.0323 6.8363 181.5230 6.7553 -176.2890 0.0000 0.0000 0.0000 -21.5900 -1.5818 -7.6847 1.4161 7.5261 21.2838 0.5674 -3.1670 -13.5008 0.0192 -0.8940 -2.4571 0.0000 0.0000 0.0000 13.0489 2.9142 -1.6767 -0.4705 -4.3995 12.2034 -0.1805 -5.1535 -11.5594 -0.0252 1.0242 -2.8153 -3.7859 0.1086 0.0552 0.1029 0.1484 0.0649 2.2277 0.0748 0.0259 -19.2770 -9.5381 -6.1357 6.1597 -11.3279 6.6179 4.1437 -5.7838 4.4258 0.0000 0.0000 0.0000 -87.7819 1.6867 3.8668 15.3872 -24.6828 -3.3860 -0.0000 -0.0000 11.6219 -2.4736 38.5986 -1.5437 -7.1250 0.0000 -0.0000 -45.2995 62.7137 -21.7646 0.0000 0.0000 0.0000 88.1903 0.4921 21.1372 -15.2057 24.4319 -3.3106 0.0000 -0.0000 -11.0994 -13.8869 21.4955 -5.1765 7.1250 -0.0000 -0.0000 9.3777 -8.1383 8.0674
6.9963 18.0348 6.8086 181.5150 8.3649 -176.1890 0.0000 0.0000 0.0000 -21.7786 -1.1619 -7.7037 1.4373 7.5797 21.4446 0.6064 -2.2150 -14.1191 0.0123 -0.7162 -1.9683 0.0000 0.0000 0.0000 12.9103 4.2961 -1.5521 -0.4629 -4.3640 12.1030 -0.2096 -4.8503 -11.7984 -0.0616 1.6017 -4.4060 -4.1744 0.3517 -0.7172 0.2789 0.5096 0.1668 2.6326 0.2422 0.5347 -19.3822 -9.4628 -5.8486 5.6744 -11.2050 6.3528 4.0366 -5.7300 4.2602 -0.0000 -0.0000 0.0000 -88.1945 1.7199 3.4907 15.6078 -24.9860 -3.4787 -0.0000 -0.0000 11.4946 -2.5624 38.9576 -1.6118 -7.1250 0.0000 -0.0000 -45.8706 62.9449 -22.3474 -0.0000 -0.0000 0.0000 87.8965 0.9340 21.6300 -15.0346 24.1943 -3.2401 0.0000 -0.0000 -10.9375 -13.8891 21.4581 -5.1688 7.1250 -0.0000 -0.0000 9.3749 -8.1758 8.0579
7.0127 18.0336 6.8198 181.4100 8.4881 -175.9750 0.0000 0.0000 0.0000 -21.7857 -0.6111 -8.1575 1.4053 7.4985 21.2009 0.5943 -2.5289 -13.9177 0.0599 -1.5792 -4.3440 0.0000 0.0000 0.0000 12.8572 4.5854 -2.1271 -0.5140 -4.5954 12.7581 -0.2137 -4.8304 -11.8523 -0.0181 0.8694 -2.3894 -4.4377 0.3209 -0.7024 0.1635 0.4618 -0.4018 2.6586 0.2424 -0.0549 -19.7813 -9.2784 -4.0608 5.9605 -11.3206 6.5564 4.2476 -5.8256 4.0907 -0.0000 0.0000 0.0000 -87.9167 2.5942 4.0155 15.8536 -25.3218 -3.5831 -0.0000 -0.0000 10.9523 -2.4293 38.1447 -1.5010 -7.1250 0.0000 -0.0000 -44.6540 62.3999 -21.0600 -0.0000 0.0000 0.0000 88.0354 -0.1025 21.6472 -15.0745 24.2498 -3.2565 0.0000 -0.0000 -10.1715 -14.8349 21.6842 -5.5894 7.1250 -0.0000 -0.0000 8.7862 -7.8350 7.5987
7.0207 18.0350 6.8341 181.5570 8.1905 -176.0020 0.0000 0.0000 0.0000 -21.4816 -0.0265 -8.4822 1.4322 7.5668 21.4059 0.5900 -3.4574 -13.7444 0.0578 -1.5514 -4.2675 0.0000 0.0000 0.0000 13.0960 4.4567 -2.0063 -0.5049 -4.5552 12.6442 -0.2101 -4.9918 -11.9352 -0.0154 0.8002 -2.1991 -4.3428 0.2704 -0.6436 0.0765 0.3934 -0.3037 2.5156 0.2047 0.0195 -19.6645 -9.5122 -3.9700 5.9990 -11.6688 7.0594 4.2040 -6.0164 4.2718 -0.0000 0.0000 0.0000 -87.6180 2.0743 4.4827 15.9771 -25.4895 -3.6361 -0.0000 -0.0000 10.4017 -1.0410 38.4850 -0.6479 -7.1250 0.0000 -0.0000 -43.7970 63.0121 -21.1936 -0.0000 0.0000 0.0000 88.3266 0.1061 21.1319 -15.0804 24.2580 -3.2589 0.0000 -0.0000 -10.5065 -13.7965 21.6060 -5.1667 7.1250 -0.0000 -0.0000 9.4390 -8.0379 8.1406
7.0236 18.0326 6.8384 181.8460 8.1657 -175.9200 0.0000 0.0000 0.0000 -21.1381 -0.1931 -8.5720 1.4439 7.5964 21.4948 0.5883 -3.3810 -13.7320 0.0507 -1.4530 -3.9962 0.0000 0.0000 0.0000 13.4580 4.2213 -2.0663 -0.4914 -4.4945 12.4722 -0.2033 -4.9385 -11.7677 -0.0264 1.0488 -2.8832 -4.2605 -0.0496 -0.8684 0.3736 -0.0245 -0.1534 2.7724 -0.0153 0.3316 -20.0204 -9.3046 -4.3994 5.7910 -11.2319 7.3361 4.2067 -5.8145 4.3828 -0.0000 -0.0000 0.0000 -88.0634 1.6118 3.7651 16.0125 -25.5376 -3.6514 -0.0000 -0.0000 10.3583 -1.6582 38.6204 -1.0352 -7.1250 0.0000 -0.0000 -44.5630 62.9456 -21.5737 -0.0000 -0.0000 0.0000 87.8292 0.3932 22.7087 -15.0947 24.2779 -3.2648 0.0000 -0.0000 -10.7158 -14.8316 20.9866 -5.4176 7.1250 -0.0000 -0.0000 8.7585 -8.5400 7.4506
7.0250 18.0245 6.8414 181.3060 8.1300 -176.0400 0.0000 0.0000 0.0000 -21.7406 0.0353 -8.4987 1.4181 7.5312 21.2990 0.5643 -3.2904 -13.4493 0.1399 -2.4106 -6.6420 0.0000 0.0000 0.0000 12.8190 4.3176 -2.4069 -0.5538 -4.7670 13.2453 -0.2311 -4.6364 -11.9839 -0.0011 0.2186 -0.6007 -2.8242 0.8321 -1.8826 -1.9215 1.2941 1.1754 -0.3398 0.6445 2.2460 -16.5837 -10.2854 -5.9183 6.4838 -12.7553 7.0927 3.7180 -6.4518 4.5606 -0.0000 0.0000 0.0000 -84.0350 -1.2647 7.5686 15.9768 -25.4892 -3.6360 -0.0000 -0.0000 9.3151 -2.0132 39.0570 -1.2688 -7.1250 0.0000 -0.0000 -45.4940 63.1624 -22.3516 -0.0000 0.0000 0.0000 91.8271 2.6739 18.8577 -14.9890 24.1307 -3.2214 0.0000 -0.0000 -9.1794 -15.8399 19.8438 -5.5013 7.1250 -0.0000 -0.0000 8.0658 -9.5791 6.6794
7.0289 18.0382 6.8408 181.5840 8.0834 -175.8940 0.0000 0.0000 0.0000 -21.4153 -0.1423 -8.5363 1.4191 7.5337 21.3064 0.5982 -3.3988 -13.8487 0.0762 -1.7812 -4.9014 0.0000 0.0000 0.0000 13.1479 4.3774 -2.4928 -0.5514 -4.7568 13.2162 -0.2445 -4.7286 -12.2893 -0.0166 0.8318 -2.2860 -2.6325 0.8271 -1.9248 -1.8660 1.2821 1.2593 -0.3890 0.6383 2.3587 -16.4566 -10.4201 -5.7869 6.8163 -12.9907 5.9732 3.8098 -6.5272 4.2321 0.0000 -0.0000 0.0000 -83.9739 -1.2627 8.3423 16.3251 -25.9595 -3.7872 -0.0000 -0.0000 8.6697 -1.7180 38.0260 -1.0585 -7.1250 0.0000 -0.0000 -43.8286 62.4998 -20.6895 0.0000 -0.0000 0.0000 91.8892 2.7216 19.7814 -15.1563 24.3634 -3.2901 0.0000 -0.0000 -9.2347 -17.6835 18.9191 -5.9019 7.1250 -0.0000 -0.0000 6.8306 -10.3043 5.5392
6.9674 18.0110 6.7882 181.5780 7.2248 -176.7490 0.0000 0.0000 0.0000 -21.7779 -1.7932 -6.8699 1.4271 7.5541 21.3677 0.6084 -2.1609 -14.1538 0.0693 -1.6982 -4.6723 0.0000 0.0000 0.0000 12.9301 3.0623 -1.5870 -0.5383 -4.7008 13.0572 -0.2677 -4.3536 -12.3618 -0.0062 0.5068 -1.3925 -2.9692 0.5384 -0.6486 -0.9327 0.8035 1.1281 0.7232 0.3863 1.4936 -17.4991 -10.5058 -5.8697 6.1492 -12.8790 5.3926 3.7716 -6.4821 4.0746 0.0000 0.0000 0.0000 -85.8602 -0.3541 8.5296 16.5414 -26.2493 -3.8823 -0.0000 -0.0000 8.5611 -1.7108 37.5854 -1.0437 -7.1250 0.0000 -0.0000 -43.2521 62.1795 -20.0362 0.0000 0.0000 0.0000 90.1350 2.5463 16.8115 -14.2907 23.1488 -2.9414 0.0000 -0.0000 -9.5982 -12.2722 23.2600 -4.9098 7.1250 -0.0000 -0.0000 10.4540 -6.5620 9.3517
6.9551 18.0144 6.7729 181.5720 7.0177 -176.3580 0.0000 0.0000 0.0000 -21.8907 -2.7377 -6.9378 1.4361 7.5769 21.4360 0.6266 -1.5223 -14.5094 0.2480 -3.2044 -8.8483 0.0000 0.0000 0.0000 12.8622 2.8049 -1.6774 -0.4849 -4.4654 12.3897 -0.2268 -4.5577 -11.8430 -0.0029 0.3489 -0.9588 -1.4317 0.5510 -0.5044 -2.1600 0.8300 0.7774 -1.3977 0.4379 1.0914 -16.1521 -10.5640 -5.6572 6.8665 -13.1855 3.9412 3.8201 -6.5593 3.5902 -0.0000 0.0000 0.0000 -83.7788 0.1890 9.6286 16.7510 -26.5283 -3.9755 -0.0000 -0.0000 7.8565 -1.7399 37.5630 -1.0609 -7.1250 0.0000 -0.0000 -43.2512 62.1555 -20.0114 -0.0000 0.0000 0.0000 92.1503 1.8708 16.3225 -14.5378 23.4983 -3.0393 0.0000 -0.0000 -9.1750 -12.3192 22.7700 -4.8313 7.1250 -0.0000 -0.0000 10.4074 -7.0445 9.2096
6.9586 18.0180 6.7834 181.8810 7.0283 -176.4420 0.0000 0.0000 0.0000 -21.4522 -2.6040 -7.2352 1.5151 7.7731 22.0270 0.6604 -1.9856 -14.8024 0.0678 -1.6805 -4.6235 0.0000 0.0000 0.0000 13.2486 2.4885 -1.0098 -0.3976 -4.0487 11.2138 -0.1804 -4.8039 -11.2277 -0.0102 0.6524 -1.7927 -2.3656 0.6246 -0.2210 -1.0275 0.8862 0.8407 0.2827 0.4403 0.9659 -17.1373 -10.8629 -5.2861 6.6940 -13.4625 1.9305 3.9533 -6.6315 2.9963 -0.0000 0.0000 0.0000 -85.5611 0.1839 9.3124 16.4899 -26.1804 -3.8596 -0.0000 -0.0000 8.5194 -0.5099 36.9068 -0.3062 -7.1250 0.0000 -0.0000 -41.2571 61.9829 -18.7408 -0.0000 0.0000 0.0000 90.2428 1.2008 17.5587 -14.8965 24.0018 -3.1837 0.0000 -0.0000 -9.9225 -12.5500 22.1196 -4.7914 7.1250 -0.0000 -0.0000 10.2415 -7.6668 8.9313
6.9837 18.0313 6.8240 183.1720 7.1066 -175.7460 0.0000 0.0000 0.0000 -19.7889 -2.5068 -8.5316 1.6137 8.0103 22.7453 0.6315 -2.2763 -14.4069 0.0441 -1.3549 -3.7259 0.0000 0.0000 0.0000 14.8520 3.4363 -1.0825 -0.3455 -3.7767 10.4494 -0.1274 -5.6759 -11.0843 -0.0063 0.5145 -1.4136 -1.4589 0.6059 0.0238 -0.5014 0.8218 0.4875 0.3075 0.4094 0.4724 -17.1577 -10.9097 -5.5187 6.7046 -13.4173 0.5213 3.9933 -6.5351 2.5995 0.0000 -0.0000 0.0000 -85.8310 0.5779 9.0691 16.5286 -26.2322 -3.8767 -0.0000 -0.0000 8.8141 -0.5985 36.8940 -0.3593 -7.1250 0.0000 -0.0000 -41.3261 61.9506 -18.7467 0.0000 -0.0000 0.0000 90.2539 1.2601 17.5601 -14.5072 23.4551 -3.0271 0.0000 -0.0000 -8.8228 -13.6180 22.1850 -5.2267 7.1250 -0.0000 -0.0000 9.5737 -7.4778 8.3670
6.9685 18.0285 6.8001 182.0680 6.9987 -176.1460 0.0000 0.0000 0.0000 -21.0896 -1.7895 -7.9617 1.4997 7.7352 21.9127 0.6011 -2.7706 -13.9620 0.0376 -1.2512 -3.4402 0.0000 0.0000 0.0000 13.5449 3.0017 -1.3045 -0.4093 -4.1069 11.3777 -0.1733 -5.2875 -11.5569 -0.0413 1.3113 -3.6058 -2.2094 0.3925 0.5015 -0.8593 0.5374 0.5000 0.3568 0.2719 0.2190 -17.6887 -10.9678 -6.0907 7.5810 -13.3355 -0.5204 4.3381 -6.4136 2.4617 0.0000 -0.0000 0.0000 -85.6658 0.8099 8.4350 16.3475 -25.9895 -3.7969 -0.0000 -0.0000 9.8599 -2.5056 37.3824 -1.5218 -7.1250 0.0000 -0.0000 -43.7444 61.8266 -19.9495 0.0000 -0.0000 0.0000 90.0920 0.8338 19.2568 -14.6741 23.6901 -3.0938 0.0000 -0.0000 -9.6480 -15.0940 21.1052 -5.5470 7.1250 -0.0000 -0.0000 8.5965 -8.3886 7.3357
6.9644 18.0330 6.7957 181.5940 7.0132 -176.1120 0.0000 0.0000 0.0000 -21.6210 -1.5275 -7.9130 1.4553 7.6249 21.5806 0.6088 -3.1037 -14.0086 0.0353 -1.2127 -3.3343 0.0000 0.0000 0.0000 12.9862 3.0022 -1.5396 -0.4311 -4.2138 11.6789 -0.1939 -5.0613 -11.7128 -0.0260 1.0416 -2.8632 -1.8852 0.3495 0.6124 -1.6178 0.4966 0.4078 -0.6020 0.2635 0.0731 -16.9330 -11.0183 -5.7341 7.9277 -13.4574 -2.2591 4.3987 -6.4015 1.8762 0.0000 0.0000 0.0000 -84.4379 1.1427 8.8449 16.1006 -25.6568 -3.6894 -0.0000 -0.0000 9.5190 -2.6089 38.3673 -1.6201 -7.1250 0.0000 -0.0000 -45.1167 62.5128 -21.4462 0.0000 0.0000 0.0000 90.9812 0.5727 19.1286 -14.6262 23.6228 -3.0746 0.0000 -0.0000 -9.4543 -15.2641 21.2398 -5.6460 7.1250 -0.0000 -0.0000 8.4945 -8.2318 7.2733
6.9710 18.0345 6.8030 181.6720 7.0343 -175.9230 0.0000 0.0000 0.0000 -21.4784 -1.3405 -8.1324 1.4351 7.5743 21.4284 0.5780 -3.1420 -13.6332 0.0380 -1.2575 -3.4575 0.0000 0.0000 0.0000 13.1152 3.0213 -1.8272 -0.4408 -4.2603 11.8102 -0.1673 -5.1721 -11.3340 -0.0295 1.1086 -3.0478 -1.5740 0.2108 1.1149 -1.7249 0.2924 0.1347 -0.8882 0.1647 -0.4854 -17.0657 -11.1245 -6.4789 8.2057 -13.4471 -2.2319 4.4608 -6.3671 2.0286 0.0000 0.0000 0.0000 -84.1697 1.4434 8.3887 15.8696 -25.3435 -3.5900 -0.0000 -0.0000 9.8668 -2.9613 38.6010 -1.8485 -7.1250 0.0000 -0.0000 -45.7582 62.5866 -21.8998 0.0000 0.0000 0.0000 91.1668 0.4435 19.4535 -14.6017 23.5883 -3.0648 0.0000 -0.0000 -9.7254 -16.6194 20.1467 -5.8697 7.1250 -0.0000 -0.0000 7.5779 -9.1765 6.3295
6.9834 18.0409 6.8072 181.6970 7.1057 -175.6630 0.0000 0.0000 0.0000 -21.3928 -1.1448 -8.4836 1.4268 7.5532 21.3649 0.6045 -3.3865 -13.9247 0.0979 -2.0180 -5.5554 0.0000 0.0000 0.0000 13.2224 3.4797 -2.1296 -0.4647 -4.3727 12.1277 -0.1715 -5.3756 -11.6091 -0.0300 1.1181 -3.0740 -2.9188 0.3344 0.5920 -0.7099 0.4484 0.3169 0.9057 0.2292 -0.0235 -17.7499 -11.4875 -6.0725 7.6449 -13.8137 -3.7339 4.4267 -6.4572 1.5509 0.0000 -0.0000 0.0000 -85.5293 0.8446 8.4388 15.5940 -24.9670 -3.4728 -0.0000 -0.0000 10.2643 -1.9999 38.1646 -1.2361 -7.1250 0.0000 -0.0000 -44.2765 62.5266 -20.9742 0.0000 -0.0000 0.0000 89.6014 0.7790 19.2714 -14.6866 23.7077 -3.0988 0.0000 -0.0000 -9.6309 -16.1557 19.9927 -5.6564 7.1250 -0.0000 -0.0000 7.8690 -9.3900 6.5434
6.9896 18.0398 6.8111 181.3780 7.1208 -175.7640 0.0000 0.0000 0.0000 -21.6889 -0.8149 -8.4777 1.4099 7.5103 21.2364 0.5656 -3.7515 -13.4243 0.0476 -1.4079 -3.8718 0.0000 0.0000 0.0000 12.9002 3.4936 -2.3212 -0.5022 -4.5430 12.6096 -0.2025 -5.2500 -12.0423 -0.0349 1.2062 -3.3162 -2.5908 0.0680 1.1699 -1.2774 0.0781 0.0127 0.1423 0.0585 -0.6439 -17.6064 -11.2897 -6.0469 7.9170 -13.6169 -3.3013 4.4920 -6.3955 1.6685 -0.0000 -0.0000 0.0000 -84.7114 1.6666 7.7485 15.8029 -25.2527 -3.5615 -0.0000 -0.0000 10.3013 -2.4641 37.9812 -1.5170 -7.1250 0.0000 -0.0000 -44.4728 62.2729 -20.8234 -0.0000 -0.0000 0.0000 90.4184 0.4404 19.6792 -14.7619 23.8134 -3.1292 0.0000 -0.0000 -9.0866 -15.2357 20.3698 -5.4156 7.1250 -0.0000 -0.0000 8.4755 -9.1163 7.1059
6.9885 18.0360 6.8124 181.6560 6.9986 -175.8000 0.0000 0.0000 0.0000 -21.3641 -0.6176 -8.5448 1.4301 7.5614 21.3898 0.5892 -4.0427 -13.6897 0.1991 -2.8732 -7.9259 0.0000 0.0000 0.0000 13.2311 3.6331 -2.0641 -0.4881 -4.4797 12.4302 -0.2072 -5.4152 -12.2788 -0.0542 1.5024 -4.1324 -3.1285 0.1862 1.0441 -0.5919 0.2323 0.3537 1.1439 0.1232 -0.2324 -17.7774 -11.6059 -6.4342 7.2257 -13.8802 -3.5105 4.2730 -6.4858 1.6479 0.0000 -0.0000 0.0000 -85.6211 1.0167 7.8287 15.9565 -25.4616 -3.6272 -0.0000 -0.0000 10.6212 -2.3605 38.2435 -1.4617 -7.1250 0.0000 -0.0000 -44.7196 62.4890 -21.1908 0.0000 -0.0000 0.0000 89.5685 1.3219 18.6241 -14.5791 23.5565 -3.0557 0.0000 -0.0000 -8.6419 -14.1635 21.8748 -5.3714 7.1250 -0.0000 -0.0000 9.2180 -7.7243 8.0024
6.9690 18.0373 6.7797 181.3410 6.6851 -175.5020 0.0000 0.0000 0.0000 -21.7971 -0.9163 -8.6349 1.4069 7.5025 21.2128 0.5723 -3.9042 -13.4950 0.2038 -2.9069 -8.0196 0.0000 0.0000 0.0000 12.7954 3.0773 -2.4188 -0.4829 -4.4563 12.3642 -0.1985 -5.2686 -11.9889 -0.0415 1.3155 -3.6174 -3.0922 0.0202 0.4906 -0.7194 0.0327 0.2757 0.9957 0.0216 0.0066 -17.6193 -11.6035 -6.3519 6.8558 -13.8951 -3.4685 4.1439 -6.4999 1.6095 0.0000 0.0000 0.0000 -85.5130 1.0632 7.7837 15.9913 -25.5088 -3.6422 -0.0000 -0.0000 10.7714 -2.8762 38.0337 -1.7730 -7.1250 0.0000 -0.0000 -44.9275 62.2038 -21.0115 0.0000 0.0000 0.0000 89.3272 1.1348 19.7048 -14.9263 24.0433 -3.1958 0.0000 -0.0000 -9.8957 -14.0167 21.3101 -5.1838 7.1250 -0.0000 -0.0000 9.2885 -8.3096 7.9567
6.9733 18.0323 6.7735 181.3520 7.0902 -175.6080 0.0000 0.0000 0.0000 -21.8475 -1.3715 -8.1387 1.3809 7.4358 21.0131 0.5815 -3.0606 -13.6856 0.0603 -1.5848 -4.3594 0.0000 0.0000 0.0000 12.7742 3.5122 -2.5580 -0.5342 -4.6834 13.0077 -0.2225 -5.1025 -12.2493 -0.0257 1.0351 -2.8454 -3.5693 -0.3252 0.5909 -0.1421 -0.4562 -0.2521 1.8595 -0.2117 -0.5631 -19.6193 -10.7125 -4.6049 7.6140 -13.0008 -3.3190 4.8097 -6.1011 1.4594 -0.0000 -0.0000 0.0000 -86.5429 2.4457 6.5992 16.3101 -25.9393 -3.7806 -0.0000 -0.0000 10.2728 -2.7277 38.4251 -1.6961 -7.1250 0.0000 -0.0000 -45.3049 62.5230 -21.5666 -0.0000 -0.0000 0.0000 88.0368 0.2265 20.1041 -16.6901 26.4474 -3.9483 0.0000 -0.0000 -15.0677 -5.2711 13.5498 -1.2383 7.1250 -0.0000 -0.0000 15.1047 -16.6577 10.5160
6.9307 18.0089 6.7181 180.9150 7.2211 -176.2110 0.0000 0.0000 0.0000 -22.7555 -2.1923 -6.8779 1.3576 7.3753 20.8320 0.6118 -1.5988 -14.3142 0.2636 -3.3027 -9.1225 0.0000 0.0000 0.0000 12.0132 2.9984 -2.1358 -0.5541 -4.7685 13.2495 -0.2771 -4.3742 -12.5314 -0.0422 1.3255 -3.6449 -3.4790 -0.5016 0.6225 -0.2467 -0.6912 -0.2642 1.7041 -0.3286 -0.5817 -20.2351 -10.2259 -3.8326 7.7578 -12.5418 -2.6638 4.9961 -5.9367 1.5245 0.0000 -0.0000 0.0000 -86.8141 3.1017 6.2782 16.5297 -26.2336 -3.8772 -0.0000 -0.0000 9.9026 -2.5913 38.3360 -1.6080 -7.1250 0.0000 -0.0000 -45.0586 62.4950 -21.3937 0.0000 -0.0000 0.0000 87.7221 0.0409 21.3974 -15.5332 24.8837 -3.4472 0.0000 -0.0000 -13.2579 -9.6352 19.3811 -3.2245 7.1250 -0.0000 -0.0000 12.0496 -10.6746 9.8349
6.9566 18.0165 6.7571 181.0320 6.7115 -175.9320 0.0000 0.0000 0.0000 -22.3622 -1.5472 -7.6167 1.3596 7.3805 20.8476 0.5913 -2.8071 -13.8378 0.3624 -3.8674 -10.7038 0.0000 0.0000 0.0000 12.3154 2.8977 -2.5118 -0.5684 -4.8284 13.4198 -0.2637 -4.6189 -12.5149 -0.0320 1.1543 -3.1735 -4.5382 -0.9784 2.1379 0.7393 -1.4273 -1.1819 3.3641 -0.6334 -2.2874 -21.4039 -9.8683 -4.3117 7.0525 -11.8550 -1.7717 4.9497 -5.6121 1.7907 -0.0000 0.0000 0.0000 -88.4167 4.1767 4.9332 16.7965 -26.5887 -3.9958 -0.0000 -0.0000 10.0672 -2.6972 37.3197 -1.6360 -7.1250 0.0000 -0.0000 -43.8457 61.7319 -19.9078 -0.0000 0.0000 0.0000 86.1426 -0.9599 23.0609 -14.8809 23.9799 -3.1774 0.0000 -0.0000 -11.8614 -11.6203 23.1665 -4.6251 7.1250 -0.0000 -0.0000 10.8547 -6.7297 9.6878
6.9693 18.0217 6.7541 180.9130 7.1438 -176.1530 0.0000 0.0000 0.0000 -22.4141 -0.9783 -7.5501 1.3730 7.4153 20.9517 0.5993 -3.2256 -13.8809 0.0866 -1.8982 -5.2244 0.0000 0.0000 0.0000 12.2357 3.1081 -2.2413 -0.5641 -4.8103 13.3683 -0.2497 -4.5326 -12.2115 -0.0235 0.9892 -2.7190 -5.0099 -0.8807 2.5167 0.9266 -1.3260 -0.9170 3.8247 -0.5829 -2.2228 -22.0569 -10.0166 -5.6789 7.3068 -11.6802 -1.0102 5.0477 -5.5259 2.2628 0.0000 0.0000 0.0000 -88.8336 3.5558 4.5249 16.9255 -26.7595 -4.0537 -0.0000 -0.0000 10.1068 -2.7776 37.7768 -1.7024 -7.1250 0.0000 -0.0000 -44.5024 62.0439 -20.6012 0.0000 0.0000 0.0000 85.9102 -0.6715 25.7208 -15.4255 24.7355 -3.4020 0.0000 -0.0000 -10.8905 -15.9732 20.0549 -5.6061 7.1250 -0.0000 -0.0000 7.9889 -9.3485 6.6519
6.9417 18.0065 6.7015 180.9700 7.6559 -176.5820 0.0000 0.0000 0.0000 -22.7032 -1.7026 -6.5946 1.3810 7.4360 21.0138 0.6277 -1.6855 -14.4839 0.0566 -1.5354 -4.2232 0.0000 0.0000 0.0000 12.0843 3.0772 -1.5364 -0.5324 -4.6753 12.9849 -0.2719 -4.2015 -12.3090 -0.0555 1.5206 -4.1825 -3.5425 -0.3381 0.9846 -0.1652 -0.4757 0.2904 1.8214 -0.2333 -0.2265 -20.5383 -10.4168 -5.5488 7.6125 -12.3842 -1.6855 4.8924 -5.8550 2.0723 -0.0000 -0.0000 0.0000 -87.0208 1.9926 6.4317 16.9926 -26.8480 -4.0840 -0.0000 -0.0000 9.4617 -2.2536 38.3304 -1.3981 -7.1250 0.0000 -0.0000 -44.7345 62.5796 -21.2941 -0.0000 -0.0000 0.0000 87.8593 0.8656 22.7651 -15.2185 24.4496 -3.3159 0.0000 -0.0000 -10.1955 -14.5763 21.8189 -5.5205 7.1250 -0.0000 -0.0000 8.9555 -7.7307 7.7674
6.9385 18.0034 6.6902 181.1700 7.2497 -176.6840 0.0000 0.0000 0.0000 -22.4703 -1.8156 -6.4328 1.3878 7.4537 21.0665 0.6440 -1.9227 -14.6245 0.0975 -2.0136 -5.5433 0.0000 0.0000 0.0000 12.3264 2.5365 -1.2486 -0.5057 -4.5587 12.6540 -0.2252 -4.4337 -11.7080 -0.0263 1.0479 -2.8806 -2.7525 -0.5005 0.1646 -0.4934 -0.6323 1.0130 1.0324 -0.3284 0.9703 -20.2302 -10.5378 -5.5369 8.1010 -12.5716 -2.3051 5.0005 -5.9140 1.9267 0.0000 0.0000 0.0000 -86.4674 0.7958 6.3257 16.8984 -26.7237 -4.0416 -0.0000 -0.0000 9.3868 -2.1401 37.9625 -1.3169 -7.1250 0.0000 -0.0000 -44.1439 62.3435 -20.7089 0.0000 0.0000 0.0000 88.2846 1.8224 23.3107 -15.2430 24.4835 -3.3260 0.0000 -0.0000 -10.7966 -15.0473 22.0241 -5.7567 7.1250 -0.0000 -0.0000 8.6680 -7.4656 7.5576
6.9480 18.0049 6.6860 181.7850 7.3691 -176.5570 0.0000 0.0000 0.0000 -21.7633 -1.5728 -6.7013 1.4251 7.5490 21.3523 0.6414 -1.9280 -14.5926 0.2015 -2.8905 -7.9741 0.0000 0.0000 0.0000 13.0657 2.8896 -0.9647 -0.4760 -4.4246 12.2745 -0.2277 -4.6018 -11.8959 -0.0250 1.0198 -2.8033 -2.6503 -0.2323 0.8928 -0.1112 -0.3215 0.4881 1.3741 -0.1620 0.0136 -19.8502 -10.6254 -5.3049 7.3386 -12.7606 -1.8107 4.6958 -6.0498 1.9862 -0.0000 -0.0000 0.0000 -86.7281 1.7944 7.2167 17.3743 -27.3486 -4.2579 -0.0000 -0.0000 9.1554 -2.9527 38.2007 -1.8270 -7.1250 0.0000 -0.0000 -45.2179 62.3036 -21.2842 -0.0000 -0.0000 0.0000 88.0420 0.9368 22.8365 -15.3980 24.6976 -3.3905 0.0000 -0.0000 -11.3160 -14.3049 21.7388 -5.3951 7.1250 -0.0000 -0.0000 9.1232 -7.8443 7.8961
6.9458 17.9978 6.6716 181.1720 7.5351 -176.6320 0.0000 0.0000 0.0000 -22.5497 -1.8936 -6.4598 1.4046 7.4968 21.1959 0.6442 -1.3031 -14.7730 0.2837 -3.4255 -9.4657 0.0000 0.0000 0.0000 12.3132 2.7785 -1.1103 -0.4899 -4.4877 12.4531 -0.2293 -4.3317 -11.6941 -0.0330 1.1734 -3.2261 -3.1555 -0.0912 0.8434 -0.3772 -0.1301 0.4793 1.3829 -0.0646 0.0249 -19.1788 -10.7010 -5.1550 6.8622 -12.9138 -2.0814 4.4624 -6.1209 1.8256 0.0000 -0.0000 0.0000 -86.6150 1.6717 7.2028 17.2433 -27.1773 -4.1978 -0.0000 -0.0000 9.2852 -2.4466 37.7507 -1.4984 -7.1250 0.0000 -0.0000 -44.1579 62.1103 -20.4753 0.0000 -0.0000 0.0000 88.5583 1.2229 21.5199 -15.0812 24.2591 -3.2592 0.0000 -0.0000 -10.0833 -13.9425 22.1131 -5.3391 7.1250 -0.0000 -0.0000 9.3670 -7.5112 8.1750
6.9465 17.9972 6.6719 181.4620 7.6400 -176.7820 0.0000 0.0000 0.0000 -22.2128 -1.5297 -6.4441 1.4226 7.5426 21.3332 0.6523 -1.5213 -14.8128 0.2382 -3.1409 -8.6712 0.0000 0.0000 0.0000 12.6491 2.8115 -0.6714 -0.4590 -4.3462 12.0526 -0.2166 -4.5034 -11.6164 -0.0265 1.0504 -2.8875 -2.8731 -0.1617 1.2440 -0.1872 -0.2392 0.4705 1.4217 -0.1170 -0.2040 -19.3855 -10.6337 -5.1092 6.8542 -12.7919 -2.5549 4.5162 -6.0266 1.6713 0.0000 0.0000 0.0000 -87.0425 1.7454 6.3937 17.1837 -27.0993 -4.1707 -0.0000 -0.0000 8.9812 -1.6910 38.1770 -1.0454 -7.1250 0.0000 -0.0000 -44.0014 62.6166 -20.9084 0.0000 0.0000 0.0000 88.4442 1.3355 21.4992 -14.9774 24.1147 -3.2167 0.0000 -0.0000 -10.1086 -13.9199 21.6696 -5.2290 7.1250 -0.0000 -0.0000 9.3635 -7.9596 8.0883
6.9508 18.0011 6.6802 181.1850 7.5313 -176.5780 0.0000 0.0000 0.0000 -22.4884 -1.6564 -6.5913 1.3997 7.4842 21.1581 0.6485 -1.6049 -14.7487 0.2950 -3.4923 -9.6525 0.0000 0.0000 0.0000 12.3651 2.9338 -1.1495 -0.4929 -4.5015 12.4920 -0.2217 -4.5401 -11.7382 -0.0343 1.1958 -3.2878 -3.1345 -0.1665 1.3087 -0.2785 -0.2491 0.4623 1.4750 -0.1203 -0.2473 -19.3848 -10.7656 -6.0045 7.1090 -12.7829 -2.2570 4.5387 -6.0136 1.9177 0.0000 0.0000 0.0000 -87.0895 1.5196 6.2011 16.8655 -26.6801 -4.0267 -0.0000 -0.0000 8.8228 -1.4234 37.5496 -0.8676 -7.1250 0.0000 -0.0000 -42.9340 62.2273 -19.9065 0.0000 0.0000 0.0000 88.5858 1.5381 21.2007 -14.9517 24.0788 -3.2062 0.0000 -0.0000 -10.4119 -13.3541 21.8220 -5.0429 7.1250 -0.0000 -0.0000 9.7260 -7.8725 8.4277
6.9510 18.0021 6.6819 181.2350 7.3844 -176.5200 0.0000 0.0000 0.0000 -22.4152 -1.5873 -6.6697 1.3952 7.4726 21.1233 0.6428 -1.7334 -14.6523 0.3936 -4.0285 -11.1569 0.0000 0.0000 0.0000 12.4326 2.9194 -1.1159 -0.4845 -4.4634 12.3841 -0.2266 -4.6072 -11.8818 -0.0403 1.2962 -3.5643 -2.9947 -0.0767 1.3518 -0.3434 -0.1305 0.4111 1.3285 -0.0592 -0.3303 -18.5931 -10.6968 -6.0680 6.8010 -12.7203 -2.5501 4.3485 -5.9751 1.7637 -0.0000 0.0000 0.0000 -87.0177 1.7165 6.2628 16.7285 -26.4985 -3.9655 -0.0000 -0.0000 9.3446 -3.2311 38.1337 -1.9965 -7.1250 0.0000 -0.0000 -45.3899 62.1833 -21.2559 -0.0000 0.0000 0.0000 88.9065 1.4834 20.3077 -14.7423 23.7859 -3.1213 0.0000 -0.0000 -9.6469 -13.3937 22.8090 -5.2739 7.1250 -0.0000 -0.0000 9.7393 -6.8793 8.6314
6.9374 18.0122 6.6760 181.4520 6.7348 -176.2780 0.0000 0.0000 0.0000 -22.1396 -2.4935 -6.6411 1.4043 7.4958 21.1929 0.6558 -1.9289 -14.7613 0.1270 -2.2975 -6.3286 0.0000 0.0000 0.0000 12.6836 2.6339 -0.9729 -0.4436 -4.2734 11.8472 -0.2060 -5.0325 -11.9004 -0.0097 0.6374 -1.7515 -2.0093 0.4844 1.0595 -1.1248 0.6701 0.9725 -0.0301 0.3426 0.3928 -16.2368 -11.5708 -7.9919 6.5377 -13.7188 -2.0124 3.7397 -6.4693 2.1725 0.0000 -0.0000 0.0000 -85.2392 0.1449 8.8729 16.3300 -25.9660 -3.7893 -0.0000 -0.0000 9.2607 -3.2123 38.3041 -1.9924 -7.1250 0.0000 -0.0000 -45.5965 62.3098 -21.5102 0.0000 -0.0000 0.0000 90.5538 2.6345 17.9209 -14.7652 23.8180 -3.1305 0.0000 -0.0000 -9.3862 -14.1638 22.1722 -5.4405 7.1250 -0.0000 -0.0000 9.2305 -7.4251 8.0683
6.9434 18.0175 6.6947 181.1790 6.4211 -176.1020 0.0000 0.0000 0.0000 -22.2972 -2.1896 -7.0166 1.3755 7.4219 20.9713 0.6208 -2.5657 -14.2296 0.0812 -1.8384 -5.0594 0.0000 0.0000 0.0000 12.4273 2.4373 -1.3089 -0.4534 -4.3198 11.9782 -0.2018 -5.0965 -11.8859 -0.0262 1.0442 -2.8706 -2.4736 0.3070 1.1909 -1.0069 0.4156 0.7373 0.3506 0.2151 0.0780 -16.4599 -11.2812 -7.8904 6.7440 -13.3624 -1.7697 3.8619 -6.3100 2.2237 0.0000 -0.0000 0.0000 -85.4866 0.4774 8.8520 16.0744 -25.6215 -3.6781 -0.0000 -0.0000 9.2932 -2.3983 38.3590 -1.4889 -7.1250 0.0000 -0.0000 -44.9082 62.5621 -21.3767 0.0000 -0.0000 0.0000 90.1190 1.9099 18.6569 -15.0450 24.2088 -3.2444 0.0000 -0.0000 -10.8041 -13.7256 21.7163 -5.1640 7.1250 -0.0000 -0.0000 9.4879 -7.9355 8.2034
6.9545 18.0245 6.7202 181.1420 5.7345 -175.7460 0.0000 0.0000 0.0000 -22.1633 -2.2253 -7.5079 1.3732 7.4158 20.9533 0.5832 -3.3425 -13.6746 0.1428 -2.4358 -6.7116 0.0000 0.0000 0.0000 12.4942 2.1308 -1.6485 -0.4425 -4.2682 11.8325 -0.2279 -5.2330 -12.4590 -0.0421 1.3248 -3.6430 -2.6215 0.1384 1.1690 -0.9631 0.1851 0.6178 0.4807 0.1003 -0.0270 -16.3707 -11.1995 -8.9681 6.6751 -13.1359 -0.2673 3.7494 -6.2467 2.8119 -0.0000 -0.0000 0.0000 -85.4656 0.5156 8.9163 15.9142 -25.4042 -3.6091 -0.0000 -0.0000 9.6776 -1.9786 38.1225 -1.2218 -7.1250 0.0000 -0.0000 -44.2010 62.5017 -20.9050 -0.0000 -0.0000 0.0000 90.1435 1.8899 18.1377 -15.1191 24.3118 -3.2748 0.0000 -0.0000 -10.2335 -13.4262 21.4987 -4.9998 7.1250 -0.0000 -0.0000 9.6691 -8.1883 8.3158
6.9292 18.0187 6.6801 181.0380 6.6140 -176.2200 0.0000 0.0000 0.0000 -22.6107 -2.4806 -6.5888 1.3589 7.3789 20.8427 0.6227 -2.0202 -14.3524 0.0788 -1.8104 -4.9819 0.0000 0.0000 0.0000 12.1611 2.3376 -1.1111 -0.4348 -4.2315 11.7288 -0.2059 -4.9141 -11.7912 -0.0408 1.3029 -3.5828 -2.4507 0.3669 1.0935 -0.9846 0.5024 0.8464 0.3609 0.2565 0.2423 -16.1442 -11.0175 -9.2290 6.2373 -12.8730 0.3252 3.5821 -6.1497 2.9599 -0.0000 0.0000 0.0000 -85.6498 0.5439 8.3882 15.7922 -25.2381 -3.5569 -0.0000 -0.0000 10.0312 -2.1850 38.1933 -1.3514 -7.1250 0.0000 -0.0000 -44.4886 62.4989 -21.0677 -0.0000 0.0000 0.0000 89.9735 1.8583 17.9928 -15.1612 24.3702 -3.2922 0.0000 -0.0000 -10.6122 -12.6998 22.2639 -4.8802 7.1250 -0.0000 -0.0000 10.1524 -7.5057 8.8835
6.9195 18.0080 6.6778 180.5720 6.6271 -176.3900 0.0000 0.0000 0.0000 -23.1655 -2.3810 -6.3282 1.3152 7.2640 20.4998 0.5947 -1.9327 -14.0337 0.0755 -1.7729 -4.8786 0.0000 0.0000 0.0000 11.5891 2.3198 -1.3644 -0.4870 -4.4745 12.4156 -0.2444 -4.6249 -12.2002 -0.0349 1.2060 -3.3158 -2.7862 0.3200 1.0914 -1.1124 0.4499 0.9869 0.4188 0.2302 0.3877 -15.4997 -10.7825 -9.2767 5.5738 -12.5868 0.3881 3.3171 -6.0264 2.8727 -0.0000 0.0000 0.0000 -85.6937 0.2822 7.7482 15.7597 -25.1938 -3.5431 -0.0000 -0.0000 10.2799 -2.2948 38.5821 -1.4316 -7.1250 0.0000 -0.0000 -45.1098 62.7492 -21.6904 -0.0000 0.0000 0.0000 90.1151 1.9713 17.4227 -15.1209 24.3142 -3.2755 0.0000 -0.0000 -10.2453 -12.7384 22.6654 -4.9787 7.1250 -0.0000 -0.0000 10.1424 -7.1004 8.9560
6.9119 18.0136 6.6979 180.7050 6.5655 -176.1120 0.0000 0.0000 0.0000 -23.0118 -2.5708 -6.6919 1.3243 7.2880 20.5713 0.5989 -1.9567 -14.0791 0.1299 -2.3236 -6.4009 0.0000 0.0000 0.0000 11.7214 2.4272 -1.6666 -0.4784 -4.4357 12.3058 -0.2436 -4.6628 -12.2194 -0.0635 1.6260 -4.4730 -2.5591 0.3050 1.0095 -1.0327 0.4261 0.8997 0.3738 0.2178 0.3455 -15.1912 -10.4836 -9.3060 4.9584 -12.2138 1.1657 3.1007 -5.8957 3.0205 0.0000 0.0000 0.0000 -85.7363 0.3297 7.7029 15.8961 -25.3795 -3.6013 -0.0000 -0.0000 9.9732 -1.9344 38.3281 -1.1999 -7.1250 0.0000 -0.0000 -44.4313 62.6620 -21.2037 0.0000 0.0000 0.0000 89.9907 2.0866 17.1921 -15.0018 24.1486 -3.2267 0.0000 -0.0000 -10.9696 -12.5112 22.9817 -4.9516 7.1250 -0.0000 -0.0000 10.2955 -6.8114 9.1546
6.9070 18.0131 6.6978 181.3060 6.6481 -175.9770 0.0000 0.0000 0.0000 -22.3516 -2.3970 -7.0319 1.3691 7.4053 20.9217 0.6247 -2.1839 -14.3443 0.1548 -2.5352 -6.9874 0.0000 0.0000 0.0000 12.3751 2.4175 -1.3707 -0.4245 -4.1817 11.5884 -0.1867 -4.9472 -11.4771 -0.0269 1.0585 -2.9099 -1.8315 0.3534 0.7188 -0.8405 0.4948 0.9641 0.1651 0.2495 0.5763 -15.6729 -10.1805 -9.6844 5.5258 -11.7753 2.2294 3.3351 -5.7117 3.4298 0.0000 -0.0000 0.0000 -85.7597 0.1007 7.4644 15.8363 -25.2981 -3.5757 -0.0000 -0.0000 10.1428 -2.1307 38.3053 -1.3211 -7.1250 0.0000 -0.0000 -44.5857 62.5939 -21.2226 0.0000 -0.0000 0.0000 89.9670 2.0474 17.2219 -15.0253 24.1813 -3.2363 0.0000 -0.0000 -10.4154 -12.9048 21.9557 -4.8963 7.1250 -0.0000 -0.0000 10.0133 -7.7902 8.7010
6.8942 18.0165 6.6987 181.7080 6.8624 -176.0270 0.0000 0.0000 0.0000 -21.9708 -2.6200 -6.9933 1.4122 7.5161 21.2538 0.6449 -1.9782 -14.6235 0.0816 -1.8429 -5.0717 0.0000 0.0000 0.0000 12.7982 2.5905 -1.0422 -0.3931 -4.0256 11.1487 -0.1806 -5.1076 -11.5177 -0.0593 1.5708 -4.3209 -1.2441 0.4824 0.6665 -0.7358 0.6654 1.0014 -0.0563 0.3360 0.6460 -15.1579 -9.8864 -9.3504 4.6410 -11.4609 2.9168 3.0213 -5.6195 3.4754 -0.0000 0.0000 0.0000 -85.7145 0.0078 7.6633 15.7380 -25.1641 -3.5338 -0.0000 -0.0000 10.2403 -1.7078 37.7980 -1.0469 -7.1250 0.0000 -0.0000 -43.5223 62.3360 -20.3478 -0.0000 0.0000 0.0000 90.0167 1.9908 17.1093 -15.0440 24.2074 -3.2440 0.0000 -0.0000 -9.9906 -13.1143 21.8641 -4.9585 7.1250 -0.0000 -0.0000 9.8784 -7.8579 8.5668
6.9061 18.0099 6.7075 181.8360 8.1355 -176.1180 0.0000 0.0000 0.0000 -21.9016 -1.5531 -7.1927 1.4178 7.5304 21.2967 0.6317 -1.4877 -14.5781 0.2094 -2.9461 -8.1287 0.0000 0.0000 0.0000 12.8886 3.5750 -1.1202 -0.4216 -4.1674 11.5482 -0.1937 -4.7848 -11.4561 -0.0534 1.4917 -4.1027 -1.9108 0.0796 0.4178 0.2815 0.1095 0.7113 1.3591 0.0468 0.4900 -17.8042 -8.4884 -8.4052 5.1829 -9.4909 4.1382 3.7621 -4.7302 3.6715 0.0000 0.0000 0.0000 -87.6898 1.2977 5.4795 16.1395 -25.7095 -3.7063 -0.0000 -0.0000 10.2280 -1.7638 37.9684 -1.0854 -7.1250 0.0000 -0.0000 -43.7968 62.4460 -20.6162 0.0000 0.0000 0.0000 88.1652 1.4297 19.7941 -14.8094 23.8799 -3.1484 0.0000 -0.0000 -10.1310 -13.1613 22.4327 -5.0991 7.1250 -0.0000 -0.0000 9.8696 -7.2835 8.6716
6.8873 18.0042 6.7061 181.3270 7.0708 -176.1270 0.0000 0.0000 0.0000 -22.4293 -2.3499 -6.9769 1.3921 7.4646 21.0994 0.6045 -1.7341 -14.1950 0.1295 -2.3200 -6.3909 0.0000 0.0000 0.0000 12.3477 3.1032 -1.3561 -0.4602 -4.3518 12.0685 -0.2332 -4.9283 -12.2749 -0.0405 1.2987 -3.5712 -2.5437 -0.4041 0.3727 0.5165 -0.5410 0.4873 1.9554 -0.2789 0.3190 -18.2399 -7.9251 -8.0846 4.8280 -8.7150 5.5874 3.7728 -4.4368 3.9892 -0.0000 0.0000 0.0000 -88.3486 1.5286 4.9581 16.2307 -25.8325 -3.7459 -0.0000 -0.0000 10.4250 -2.4200 38.7131 -1.5141 -7.1250 0.0000 -0.0000 -45.4041 62.8096 -21.9272 -0.0000 0.0000 0.0000 87.5661 0.8257 20.4999 -14.9752 24.1116 -3.2158 0.0000 -0.0000 -10.5634 -13.1837 21.6818 -4.9462 7.1250 -0.0000 -0.0000 9.8284 -8.0326 8.4878
6.8861 18.0078 6.6984 181.0410 7.8302 -176.3430 0.0000 0.0000 0.0000 -22.7935 -1.8135 -6.7653 1.3623 7.3876 20.8690 0.6410 -1.7177 -14.6351 0.0433 -1.3434 -3.6943 0.0000 0.0000 0.0000 11.9894 3.5534 -1.3372 -0.4811 -4.4480 12.3405 -0.2286 -4.7105 -12.0062 -0.0305 1.1272 -3.0989 -2.9183 -0.2800 0.2455 0.5574 -0.3683 0.6701 2.2065 -0.1993 0.5714 -18.4469 -7.3996 -8.2634 4.8588 -7.9493 6.5505 3.8644 -4.1035 4.2433 0.0000 0.0000 0.0000 -88.5935 1.3453 4.7187 16.4858 -26.1749 -3.8577 -0.0000 -0.0000 10.1302 -1.9858 38.0805 -1.2251 -7.1250 0.0000 -0.0000 -44.1526 62.4694 -20.8438 0.0000 0.0000 0.0000 87.4381 0.8651 21.0580 -15.0439 24.2072 -3.2439 0.0000 -0.0000 -10.3274 -13.6928 21.7249 -5.1532 7.1250 -0.0000 -0.0000 9.5089 -7.9306 8.2230
6.8871 18.0022 6.7092 180.9870 7.9371 -176.4670 0.0000 0.0000 0.0000 -22.8615 -1.6206 -6.6552 1.3395 7.3279 20.6906 0.6091 -1.4871 -14.3082 0.1107 -2.1448 -5.9060 0.0000 0.0000 0.0000 11.9553 3.8644 -1.4821 -0.5283 -4.6579 12.9354 -0.2442 -4.7405 -12.2961 -0.0543 1.5040 -4.1367 -2.9607 -0.2031 0.2882 0.5050 -0.2600 0.9071 2.1765 -0.1498 0.7841 -17.8386 -7.1657 -9.2871 4.5545 -7.4811 7.5068 3.6808 -3.9019 4.6196 0.0000 0.0000 0.0000 -88.4722 0.9127 5.1316 16.8596 -26.6724 -4.0241 -0.0000 -0.0000 9.4811 -2.2810 39.2571 -1.4439 -7.1250 0.0000 -0.0000 -46.0228 63.2317 -22.7428 0.0000 0.0000 0.0000 87.6919 1.2481 20.8227 -15.0357 24.1958 -3.2406 0.0000 -0.0000 -10.6241 -13.8903 22.5390 -5.4149 7.1250 -0.0000 -0.0000 9.4177 -7.0899 8.2991
6.8850 18.0048 6.7144 181.6210 7.9837 -176.4890 0.0000 0.0000 0.0000 -22.1420 -1.7258 -6.7414 1.3981 7.4800 21.1454 0.6344 -1.6946 -14.5622 0.0174 -0.8524 -2.3426 0.0000 0.0000 0.0000 12.6955 3.9722 -0.9596 -0.4739 -4.4151 12.2475 -0.2138 -5.0657 -12.0671 -0.0590 1.5669 -4.3100 -2.4370 -0.0457 0.1988 0.7066 -0.0457 1.0875 2.0903 -0.0433 1.0057 -16.8816 -6.9093 -8.2539 4.0339 -7.4191 6.0498 3.4272 -3.8223 3.9339 -0.0000 -0.0000 0.0000 -88.5211 0.7719 5.5232 17.0323 -26.9004 -4.1019 -0.0000 -0.0000 9.4502 -2.0798 38.7697 -1.3027 -7.1250 0.0000 -0.0000 -45.1621 62.9403 -21.9213 -0.0000 -0.0000 0.0000 87.7623 1.0678 20.7843 -15.3049 24.5691 -3.3517 0.0000 -0.0000 -11.3857 -13.9192 21.3444 -5.1543 7.1250 -0.0000 -0.0000 9.3516 -8.2866 8.0166
6.8776 18.0051 6.7233 181.3640 8.0325 -176.6570 0.0000 0.0000 0.0000 -22.4756 -1.9599 -6.5986 1.4170 7.5283 21.2903 0.6583 -1.3574 -14.9240 0.0518 -1.4683 -4.0382 0.0000 0.0000 0.0000 12.3931 3.8906 -0.7723 -0.4565 -4.3345 12.0196 -0.2104 -5.0388 -11.9827 -0.0810 1.8356 -5.0516 -2.5450 0.2184 0.5403 0.4596 0.3018 1.1040 1.8981 0.1339 0.8130 -16.2738 -6.5799 -8.3594 4.6736 -7.1281 5.1260 3.5692 -3.6151 3.6344 0.0000 0.0000 0.0000 -88.1453 1.0964 6.8824 17.3746 -27.3489 -4.2580 -0.0000 -0.0000 9.0246 -2.0489 38.1021 -1.2646 -7.1250 0.0000 -0.0000 -44.2404 62.4686 -20.8934 0.0000 0.0000 0.0000 88.2132 0.7172 19.4296 -15.3616 24.6474 -3.3753 0.0000 -0.0000 -10.8985 -12.5902 22.0408 -4.7910 7.1250 -0.0000 -0.0000 10.2138 -7.7409 8.8911
6.8397 18.0018 6.7089 181.3160 7.6719 -176.6800 0.0000 0.0000 0.0000 -22.7435 -2.8001 -6.2269 1.4090 7.5078 21.2288 0.6340 -0.7234 -14.8129 0.0404 -1.2977 -3.5682 0.0000 0.0000 0.0000 12.1618 3.1813 -0.7337 -0.4296 -4.2064 11.6581 -0.1768 -4.9078 -11.2577 -0.0425 1.3304 -3.6585 -1.9133 0.1608 0.4013 0.2465 0.2351 1.2995 1.3261 0.1041 1.0974 -15.8399 -6.3914 -8.7346 4.8456 -6.8665 3.6529 3.5859 -3.4066 3.2050 0.0000 0.0000 0.0000 -87.9319 1.0489 7.4307 17.3492 -27.3158 -4.2463 -0.0000 -0.0000 9.0725 -2.2633 38.0121 -1.3943 -7.1250 0.0000 -0.0000 -44.3244 62.3474 -20.8161 0.0000 0.0000 0.0000 88.5404 0.5991 19.4905 -15.4454 24.7629 -3.4103 0.0000 -0.0000 -11.0113 -13.4530 21.9519 -5.1100 7.1250 -0.0000 -0.0000 9.6685 -7.7308 8.4037
6.8304 18.0065 6.7242 181.6100 7.7243 -176.4290 0.0000 0.0000 0.0000 -22.4365 -2.8567 -6.5311 1.4059 7.5000 21.2053 0.6402 -0.7071 -14.8911 0.1120 -2.1581 -5.9429 0.0000 0.0000 0.0000 12.4348 3.2938 -0.9024 -0.4134 -4.1273 11.4351 -0.1903 -4.8994 -11.4979 -0.0463 1.3894 -3.8210 -1.3340 0.3861 0.3976 0.1170 0.5358 1.3211 0.8705 0.2611 1.1163 -15.3415 -6.3136 -10.2899 5.2136 -6.5863 3.5408 3.6094 -3.2198 3.3857 0.0000 -0.0000 0.0000 -87.5222 1.3647 8.9712 17.4882 -27.4968 -4.3103 -0.0000 -0.0000 8.7578 -1.8542 38.0121 -1.1421 -7.1250 0.0000 -0.0000 -43.9390 62.4541 -20.7058 0.0000 -0.0000 0.0000 89.0330 0.5035 18.9438 -15.3233 24.5946 -3.3594 0.0000 -0.0000 -10.4877 -13.5198 21.4306 -5.0207 7.1250 -0.0000 -0.0000 9.6075 -8.2459 8.2502
6.8206 18.0055 6.7194 181.3980 7.6347 -176.3150 0.0000 0.0000 0.0000 -22.6964 -2.7670 -6.6412 1.3925 7.4658 21.1029 0.6340 -0.9589 -14.7453 0.1528 -2.5190 -6.9425 0.0000 0.0000 0.0000 12.1414 3.3102 -0.7993 -0.3900 -4.0103 11.1057 -0.1872 -4.9860 -11.5221 -0.0366 1.2345 -3.3944 -2.0357 -0.0940 0.8016 0.7896 -0.1255 0.8810 1.9506 -0.0719 0.4594 -16.9936 -5.7641 -11.8371 5.8369 -5.3788 4.5032 4.1179 -2.6300 3.8693 -0.0000 -0.0000 0.0000 -88.8969 1.8408 7.0073 16.9535 -26.7964 -4.0663 -0.0000 -0.0000 9.7554 -2.9350 38.0560 -1.8102 -7.1250 0.0000 -0.0000 -45.0116 62.2044 -21.0605 -0.0000 -0.0000 0.0000 87.5141 -0.1797 20.5826 -14.9891 24.1309 -3.2215 0.0000 -0.0000 -10.6662 -14.8087 22.2622 -5.7195 7.1250 -0.0000 -0.0000 8.8295 -7.2551 7.7386
6.8149 18.0140 6.7127 181.8670 7.5487 -176.1200 0.0000 0.0000 0.0000 -22.1794 -2.8134 -6.8344 1.4019 7.4899 21.1751 0.6265 -0.8953 -14.6729 0.1114 -2.1523 -5.9267 0.0000 0.0000 0.0000 12.6351 3.1066 -0.7108 -0.3530 -3.8170 10.5624 -0.1474 -5.0938 -10.8767 -0.0328 1.1695 -3.2153 -0.7761 1.0830 0.8275 -0.2586 1.4668 1.3250 0.1694 0.7372 0.8798 -13.9144 -6.7640 -14.6428 5.0207 -6.7195 5.4496 3.1963 -3.2594 4.6226 -0.0000 0.0000 0.0000 -86.2044 -0.2253 10.3478 16.0200 -25.5478 -3.6546 -0.0000 -0.0000 10.2372 -2.6468 38.5168 -1.6490 -7.1250 0.0000 -0.0000 -45.3516 62.6097 -21.6855 -0.0000 0.0000 0.0000 90.0514 0.9521 15.7760 -14.6901 23.7127 -3.1003 0.0000 -0.0000 -9.6423 -14.4333 21.3622 -5.3560 7.1250 -0.0000 -0.0000 9.0266 -8.2083 7.7447
6.8111 18.0178 6.7115 181.4750 7.5717 -176.0510 0.0000 0.0000 0.0000 -22.6074 -3.0137 -6.8428 1.3887 7.4560 21.0734 0.6087 -0.8929 -14.4595 0.0108 -0.6714 -1.8452 0.0000 0.0000 0.0000 12.1813 3.2910 -0.8850 -0.3668 -3.8903 10.7681 -0.1530 -5.1896 -11.0798 -0.0119 0.7049 -1.9372 -1.1680 1.0626 0.7272 -0.3430 1.4323 1.0495 0.3010 0.7163 0.6469 -13.6368 -6.5398 -14.8290 4.3297 -6.3977 6.5459 2.9520 -3.1744 4.9345 0.0000 0.0000 0.0000 -86.0753 -0.0757 9.9264 15.5117 -24.8541 -3.4382 -0.0000 -0.0000 10.6197 -2.4455 38.3489 -1.5179 -7.1250 0.0000 -0.0000 -44.9390 62.5425 -21.3740 0.0000 0.0000 0.0000 90.0166 0.9178 14.5242 -14.1837 22.9967 -2.8995 0.0000 -0.0000 -8.7446 -13.2922 21.6253 -4.9759 7.1250 -0.0000 -0.0000 9.7580 -8.0767 8.4165
6.8205 18.0209 6.7112 181.5800 7.7412 -175.9620 0.0000 0.0000 0.0000 -22.3842 -2.1100 -7.3473 1.4064 7.5013 21.2094 0.6202 -1.6872 -14.3944 0.0281 -1.0827 -2.9764 0.0000 0.0000 0.0000 12.3811 3.8285 -0.5952 -0.3459 -3.7790 10.4557 -0.1487 -5.6490 -11.4632 -0.0252 1.0241 -2.8151 -1.3654 1.0777 0.4762 -0.1479 1.4514 1.0115 0.6157 0.7218 0.7385 -13.9255 -6.2326 -15.3319 4.0091 -5.8255 7.8539 2.9316 -2.9621 5.3783 -0.0000 -0.0000 0.0000 -86.1955 -0.3751 9.0664 15.1166 -24.3083 -3.2738 -0.0000 -0.0000 11.2053 -2.3559 37.9617 -1.4497 -7.1250 0.0000 -0.0000 -44.3457 62.2869 -20.7654 -0.0000 -0.0000 0.0000 89.7075 1.3261 14.8710 -13.8786 22.5609 -2.7814 0.0000 -0.0000 -8.1403 -14.4924 20.6500 -5.2083 7.1250 -0.0000 -0.0000 8.9615 -8.9196 7.5592
6.8023 18.0065 6.6900 181.4510 7.5591 -176.1660 0.0000 0.0000 0.0000 -22.6515 -2.0766 -6.9057 1.3681 7.4028 20.9142 0.6199 -1.5417 -14.4252 0.1218 -2.2496 -6.1960 0.0000 0.0000 0.0000 12.1914 3.7084 -0.7211 -0.3946 -4.0332 11.1702 -0.1599 -5.5037 -11.5235 -0.0167 0.8354 -2.2960 -1.0510 0.9160 0.0609 -0.3746 1.2484 1.1919 0.2173 0.6225 1.1718 -13.8587 -5.8617 -16.2856 3.4581 -5.1284 10.4322 2.7871 -2.7401 6.2837 -0.0000 0.0000 0.0000 -85.6895 -0.6044 8.9419 15.1828 -24.4001 -3.3011 -0.0000 -0.0000 10.6958 -1.7096 38.1206 -1.0556 -7.1250 0.0000 -0.0000 -43.9449 62.5709 -20.8290 -0.0000 0.0000 0.0000 89.7734 1.8009 14.9310 -13.8883 22.5747 -2.7851 0.0000 -0.0000 -8.2533 -14.6415 20.6117 -5.2547 7.1250 -0.0000 -0.0000 8.8648 -8.9409 7.4718
6.7924 17.9984 6.6764 181.3410 7.4974 -176.2540 0.0000 0.0000 0.0000 -22.8366 -2.2516 -6.6526 1.3573 7.3745 20.8298 0.6233 -1.4951 -14.4766 0.0637 -1.6282 -4.4792 0.0000 0.0000 0.0000 12.0239 3.4875 -0.9135 -0.4281 -4.1993 11.6380 -0.1796 -5.2208 -11.6069 -0.0339 1.1889 -3.2687 -1.2521 0.9049 -0.1238 -0.2891 1.2272 0.9000 0.4173 0.6087 0.9706 -13.6336 -5.6616 -15.1681 2.1298 -4.8198 11.9701 2.3693 -2.7319 6.5412 -0.0000 0.0000 0.0000 -85.7653 -0.1252 8.7827 15.4086 -24.7122 -3.3949 -0.0000 -0.0000 10.6573 -2.5411 38.3991 -1.5790 -7.1250 0.0000 -0.0000 -45.0954 62.5533 -21.4765 -0.0000 0.0000 0.0000 89.3758 1.3438 15.5861 -14.1084 22.8894 -2.8701 0.0000 -0.0000 -8.9097 -14.0365 21.0782 -5.1378 7.1250 -0.0000 -0.0000 9.2675 -8.5407 7.8952
6.7821 17.9970 6.6594 181.1710 7.4728 -176.2620 0.0000 0.0000 0.0000 -23.0890 -2.7234 -6.5039 1.3790 7.4309 20.9984 0.6320 -1.1623 -14.6652 0.0185 -0.8792 -2.4164 0.0000 0.0000 0.0000 11.7922 3.5936 -0.8609 -0.4356 -4.2350 11.7387 -0.1871 -5.3166 -11.8327 -0.0231 0.9803 -2.6945 -0.9402 0.8540 -0.8951 -0.7287 1.1813 1.1175 -0.1921 0.5901 1.6425 -13.6204 -5.3917 -15.3038 2.0599 -4.3595 14.0683 2.3904 -2.5771 7.2164 -0.0000 0.0000 0.0000 -85.0407 -0.7276 8.5898 15.4839 -24.8158 -3.4265 -0.0000 -0.0000 10.2824 -0.8435 38.0259 -0.5197 -7.1250 0.0000 -0.0000 -42.9995 62.7291 -20.4480 -0.0000 0.0000 0.0000 89.9599 2.0210 15.5150 -14.1158 22.9000 -2.8730 0.0000 -0.0000 -8.3020 -14.1622 21.9191 -5.3812 7.1250 -0.0000 -0.0000 9.2207 -7.6800 8.0130
6.7793 17.9899 6.6571 181.6370 7.5040 -176.3310 0.0000 0.0000 0.0000 -22.6202 -2.7965 -6.5404 1.4371 7.5793 21.4433 0.6725 -0.9712 -15.1922 0.1257 -2.2857 -6.2960 0.0000 0.0000 0.0000 12.3227 3.5684 -0.4745 -0.4013 -4.0671 11.2655 -0.1550 -5.5354 -11.4643 -0.0154 0.8014 -2.2026 -0.5540 0.2062 -1.0989 -0.2503 0.2895 0.6283 0.0605 0.1422 1.2575 -15.1660 -4.4782 -13.8586 2.0216 -2.7860 16.3282 2.8337 -1.9445 7.6358 0.0000 -0.0000 0.0000 -85.8604 0.8064 6.9562 16.1900 -25.7775 -3.7282 -0.0000 -0.0000 9.6901 -1.9245 38.3702 -1.1949 -7.1250 0.0000 -0.0000 -44.4780 62.6949 -21.2648 0.0000 -0.0000 0.0000 88.9695 1.1789 18.4119 -14.5112 23.4607 -3.0286 0.0000 -0.0000 -9.2904 -14.0375 21.9963 -5.3499 7.1250 -0.0000 -0.0000 9.3025 -7.6173 8.0975
6.7741 17.9858 6.6533 181.9040 7.5455 -176.4600 0.0000 0.0000 0.0000 -22.2993 -2.3410 -6.6584 1.4604 7.6378 21.6192 0.6670 -1.3912 -15.0160 0.0757 -1.7746 -4.8832 0.0000 0.0000 0.0000 12.6075 3.4125 -0.1054 -0.3715 -3.9149 10.8375 -0.1450 -5.5545 -11.2952 -0.0125 0.7232 -1.9873 -0.4071 -0.0666 -1.4957 0.0073 -0.0761 0.9499 0.2334 -0.0416 1.8118 -15.7264 -4.3456 -14.6533 1.3859 -1.9952 18.3686 2.8091 -1.7043 8.4160 -0.0000 0.0000 0.0000 -86.3284 0.6053 6.9406 16.7536 -26.5319 -3.9767 -0.0000 -0.0000 8.5878 -0.6290 38.9793 -0.3957 -7.1250 0.0000 -0.0000 -44.0815 63.4802 -21.8361 -0.0000 0.0000 0.0000 88.1485 1.6599 20.1908 -14.9725 24.1077 -3.2147 0.0000 -0.0000 -11.1746 -12.2419 22.2066 -4.6880 7.1250 -0.0000 -0.0000 10.4374 -7.6146 9.1189
6.7724 17.9735 6.6505 181.7420 7.5509 -176.8570 0.0000 0.0000 0.0000 -22.5251 -2.2141 -6.2114 1.4604 7.6377 21.6189 0.6804 -1.4118 -15.1657 0.1057 -2.0963 -5.7718 0.0000 0.0000 0.0000 12.3976 3.0959 0.1060 -0.3896 -4.0080 11.0991 -0.1815 -5.1587 -11.5818 -0.0273 1.0668 -2.9326 -1.0849 0.0003 -1.1488 0.2772 0.0212 0.9563 0.8926 -0.0016 1.6228 -16.4681 -4.2111 -14.5443 1.4190 -1.4660 19.8302 3.0227 -1.5262 8.8774 0.0000 -0.0000 0.0000 -87.0747 0.9760 7.1408 17.3117 -27.2668 -4.2291 -0.0000 -0.0000 8.4853 -0.6545 39.1263 -0.4130 -7.1250 0.0000 -0.0000 -44.3100 63.5790 -22.0729 0.0000 -0.0000 0.0000 87.3218 1.4403 21.1546 -15.3511 24.6329 -3.3709 0.0000 -0.0000 -11.8748 -12.1826 22.1494 -4.6533 7.1250 -0.0000 -0.0000 10.4728 -7.6782 9.1377
6.7749 17.9728 6.6580 181.5630 7.6191 -176.9230 0.0000 0.0000 0.0000 -22.7082 -1.9933 -6.2177 1.4412 7.5895 21.4741 0.6603 -1.4264 -14.9293 0.0976 -2.0152 -5.5476 0.0000 0.0000 0.0000 12.2112 3.0847 -0.2174 -0.4282 -4.1994 11.6384 -0.1940 -4.9690 -11.6303 -0.0366 1.2347 -3.3948 -1.2228 -0.1310 -1.1716 0.0558 -0.1457 1.0382 0.7387 -0.0857 1.7234 -16.1886 -4.2231 -14.1637 0.9310 -1.4947 19.7318 2.8086 -1.5549 8.7750 0.0000 -0.0000 0.0000 -86.9395 0.9099 6.9869 17.4224 -27.4113 -4.2800 -0.0000 -0.0000 8.1181 -0.0359 37.7066 -0.0219 -7.1250 0.0000 -0.0000 -41.8121 62.7048 -19.7512 0.0000 -0.0000 0.0000 87.6200 1.7116 21.7335 -15.5976 24.9720 -3.4743 0.0000 -0.0000 -12.1159 -12.5727 22.2342 -4.8239 7.1250 -0.0000 -0.0000 10.2311 -7.5498 8.9457
6.7763 17.9708 6.6621 181.0260 7.7074 -177.2370 0.0000 0.0000 0.0000 -23.3005 -2.0598 -5.6755 1.3950 7.4721 21.1217 0.6407 -1.1766 -14.7642 0.0291 -1.1006 -3.0256 0.0000 0.0000 0.0000 11.6368 3.2408 -0.2919 -0.4812 -4.4483 12.3413 -0.2145 -4.7792 -11.8211 -0.0160 0.8156 -2.2415 -2.0748 0.0268 -0.6861 -0.0732 0.0755 1.0511 1.0892 0.0194 1.4590 -15.8071 -4.3263 -13.7899 0.4696 -1.7291 19.2089 2.5597 -1.6601 8.5403 0.0000 0.0000 0.0000 -87.2060 1.0365 7.2534 17.5085 -27.5232 -4.3197 -0.0000 -0.0000 8.6223 -0.5681 37.2887 -0.3442 -7.1250 0.0000 -0.0000 -41.7889 62.2546 -19.2974 0.0000 0.0000 0.0000 87.4584 1.4763 21.9048 -15.9252 25.4191 -3.6138 0.0000 -0.0000 -12.0357 -13.1249 22.1973 -5.0342 7.1250 -0.0000 -0.0000 9.8836 -7.5233 8.6373
6.7807 17.9707 6.6662 181.0660 8.0726 -177.2770 0.0000 0.0000 0.0000 -23.2464 -1.5495 -5.7880 1.4083 7.5062 21.2241 0.6682 -1.3843 -15.0323 0.1035 -2.0747 -5.7120 0.0000 0.0000 0.0000 11.6851 3.4369 -0.1099 -0.4589 -4.3455 12.0508 -0.2015 -4.8320 -11.6396 -0.0168 0.8373 -2.3011 -2.4316 -0.1388 -0.4427 0.1657 -0.1520 0.9995 1.5303 -0.0976 1.2793 -17.2414 -4.2924 -14.3786 1.4696 -1.4450 19.4797 3.1592 -1.5481 8.7431 -0.0000 0.0000 0.0000 -87.8329 1.3590 6.8622 17.4831 -27.4903 -4.3080 -0.0000 -0.0000 7.5666 0.2246 37.5103 0.1368 -7.1250 0.0000 -0.0000 -41.3097 62.6262 -19.3938 -0.0000 0.0000 0.0000 86.8438 1.1132 23.5626 -16.1157 25.6772 -3.6959 0.0000 -0.0000 -11.7264 -14.3660 21.2967 -5.3146 7.1250 -0.0000 -0.0000 9.0667 -8.2822 7.7665
6.7736 17.9857 6.6745 181.6410 7.8240 -176.8620 0.0000 0.0000 0.0000 -22.5957 -1.9563 -6.3231 1.4497 7.6110 21.5386 0.6600 -1.4258 -14.9260 0.0254 -1.0283 -2.8267 0.0000 0.0000 0.0000 12.3143 3.4628 0.0574 -0.3909 -4.0148 11.1182 -0.1592 -5.3106 -11.3181 -0.0035 0.3847 -1.0569 -1.9945 -0.0509 -0.2969 0.2277 -0.0538 0.5438 1.3504 -0.0376 0.7253 -16.8232 -4.3360 -13.4124 1.3796 -1.8095 18.9963 3.0218 -1.6759 8.4272 -0.0000 -0.0000 0.0000 -87.7929 2.2372 7.1892 17.3969 -27.3781 -4.2683 -0.0000 -0.0000 8.3648 -1.1898 38.0297 -0.7331 -7.1250 0.0000 -0.0000 -43.3334 62.6409 -20.5500 -0.0000 -0.0000 0.0000 87.2618 0.5252 22.7664 -15.9089 25.3969 -3.6068 0.0000 -0.0000 -11.4491 -14.0428 21.6511 -5.2725 7.1250 -0.0000 -0.0000 9.2851 -7.9637 8.0180
6.7687 17.9951 6.6761 182.0400 7.7022 -176.5840 0.0000 0.0000 0.0000 -22.1708 -2.4086 -6.5821 1.4803 7.6874 21.7686 0.6673 -1.1818 -15.0745 0.0368 -1.2377 -3.4030 0.0000 0.0000 0.0000 12.7288 3.1560 0.2966 -0.3178 -3.6237 10.0203 -0.1272 -5.5215 -10.9167 -0.0207 0.9290 -2.5535 -1.5845 0.0565 -0.2590 0.2040 0.0834 0.3548 1.0974 0.0357 0.5058 -17.1299 -4.5085 -13.7358 2.0545 -2.0350 19.6512 3.2808 -1.7729 8.7386 -0.0000 -0.0000 0.0000 -87.7384 1.9935 6.7512 16.7461 -26.5219 -3.9733 -0.0000 -0.0000 9.5253 -1.8274 38.0484 -1.1265 -7.1250 0.0000 -0.0000 -43.9612 62.4875 -20.7528 -0.0000 -0.0000 0.0000 87.2492 0.3728 23.1696 -15.8030 25.2528 -3.5615 0.0000 -0.0000 -11.2651 -15.9441 20.6894 -5.7636 7.1250 -0.0000 -0.0000 8.0362 -8.7067 6.7961
6.7634 18.0102 6.6783 181.9550 7.8515 -176.3690 0.0000 0.0000 0.0000 -22.2595 -2.2330 -6.8954 1.4908 7.7134 21.8468 0.6656 -1.3746 -15.0048 0.0113 -0.6868 -1.8874 0.0000 0.0000 0.0000 12.5981 3.1856 0.3879 -0.2755 -3.3761 9.3277 -0.0934 -5.6280 -10.3399 -0.0180 0.8669 -2.3828 -1.6998 0.0294 -0.2151 0.0262 0.0477 0.2837 0.9796 0.0193 0.4095 -16.6183 -4.5977 -14.4430 1.8929 -2.0951 20.1460 3.1362 -1.8086 9.0313 0.0000 -0.0000 0.0000 -87.6939 1.9185 6.0397 16.2359 -25.8394 -3.7482 -0.0000 -0.0000 10.1786 -2.3358 37.5515 -1.4241 -7.1250 0.0000 -0.0000 -43.7989 61.9937 -20.1525 0.0000 -0.0000 0.0000 87.6719 0.9295 22.0100 -15.1638 24.3738 -3.2932 0.0000 -0.0000 -10.8047 -13.9109 21.5388 -5.1956 7.1250 -0.0000 -0.0000 9.3642 -8.0920 8.0641
6.7614 17.9969 6.6805 181.8920 7.6464 -176.3160 0.0000 0.0000 0.0000 -22.3337 -2.0807 -6.9950 1.4709 7.6640 21.6981 0.6537 -1.5094 -14.8319 0.1223 -2.2545 -6.2096 0.0000 0.0000 0.0000 12.5336 3.0948 0.1220 -0.2931 -3.4814 9.6220 -0.0930 -5.5910 -10.2894 -0.0347 1.2024 -3.3058 -1.9090 -0.0702 -0.4973 0.0879 -0.0751 0.5136 1.1589 -0.0480 0.8072 -16.8844 -4.8200 -14.1226 1.6525 -2.3232 20.0531 3.0668 -1.9481 8.9736 0.0000 0.0000 0.0000 -87.9390 1.3707 5.5368 15.8915 -25.3733 -3.5993 -0.0000 -0.0000 10.5072 -2.3985 37.6320 -1.4650 -7.1250 0.0000 -0.0000 -43.9607 62.0364 -20.2874 0.0000 0.0000 0.0000 87.6316 1.4936 21.6897 -14.8917 23.9950 -3.1818 0.0000 -0.0000 -10.1569 -13.0696 21.6595 -4.8974 7.1250 -0.0000 -0.0000 9.8996 -8.0678 8.5442
6.7549 18.0017 6.6760 181.8390 7.6282 -176.3990 0.0000 0.0000 0.0000 -22.3228 -1.4692 -7.2327 1.4830 7.6942 21.7889 0.6668 -2.3585 -14.8021 0.0167 -0.8341 -2.2925 0.0000 0.0000 0.0000 12.4503 3.0307 0.1176 -0.3055 -3.5537 9.8245 -0.1175 -5.4932 -10.6914 -0.0174 0.8527 -2.3437 -1.8785 0.3906 -0.0598 -0.3685 0.5314 0.2456 0.6770 0.2644 0.2714 -15.7057 -4.9413 -13.2547 1.4962 -2.8446 20.5743 2.7806 -2.1309 9.0121 0.0000 -0.0000 0.0000 -87.1403 1.7691 6.7904 15.6688 -25.0695 -3.5044 -0.0000 -0.0000 10.8895 -2.4926 37.8113 -1.5287 -7.1250 0.0000 -0.0000 -44.2793 62.1425 -20.5775 0.0000 -0.0000 0.0000 88.4558 0.5096 19.7281 -15.0261 24.1825 -3.2366 0.0000 -0.0000 -9.9085 -12.7549 22.5714 -4.9658 7.1250 -0.0000 -0.0000 10.1287 -7.1924 8.9251
6.7559 17.9947 6.6791 181.7980 7.6562 -176.4630 0.0000 0.0000 0.0000 -22.4253 -1.6794 -7.0561 1.4784 7.6827 21.7543 0.6717 -1.9267 -14.9447 0.1339 -2.3586 -6.4978 0.0000 0.0000 0.0000 12.4147 3.0480 -0.0050 -0.3271 -3.6756 10.1659 -0.1144 -5.5691 -10.7119 -0.0219 0.9552 -2.6255 -1.9305 0.4600 -0.0088 -0.5233 0.6291 0.4023 0.5484 0.3128 0.4019 -15.3776 -5.1015 -12.9324 1.2193 -3.1502 20.3501 2.5971 -2.2707 8.8913 0.0000 -0.0000 0.0000 -86.9319 1.5973 6.9250 15.6702 -25.0714 -3.5050 -0.0000 -0.0000 10.8943 -2.0375 37.9892 -1.2544 -7.1250 0.0000 -0.0000 -44.0818 62.3896 -20.7210 0.0000 -0.0000 0.0000 88.6307 0.4508 20.3658 -15.2496 24.4927 -3.3287 0.0000 -0.0000 -9.8421 -14.2442 21.6666 -5.3545 7.1250 -0.0000 -0.0000 9.1586 -7.9241 7.9130
6.7518 17.9944 6.6749 182.2650 8.0641 -176.3760 0.0000 0.0000 0.0000 -22.0175 -2.3611 -6.8199 1.4862 7.7020 21.8125 0.6880 -1.0959 -15.3356 0.0347 -1.2022 -3.3054 0.0000 0.0000 0.0000 12.9005 3.4765 -0.0587 -0.3343 -3.7158 10.2784 -0.1199 -5.4772 -10.7234 -0.0153 0.7994 -2.1970 -1.0667 1.2283 -0.3733 -1.1604 1.7065 1.4983 -0.5584 0.8620 1.7484 -14.0174 -5.9407 -15.0099 1.2252 -4.4054 20.6587 2.1799 -2.8179 9.4317 -0.0000 -0.0000 0.0000 -85.3688 -0.5311 9.2946 15.7841 -25.2270 -3.5534 -0.0000 -0.0000 10.2780 -1.8713 38.1250 -1.1556 -7.1250 0.0000 -0.0000 -44.1032 62.5316 -20.8796 -0.0000 -0.0000 0.0000 90.2063 2.6379 16.7974 -15.0472 24.2118 -3.2453 0.0000 -0.0000 -9.2785 -12.8884 21.9909 -4.8973 7.1250 -0.0000 -0.0000 10.0248 -7.7569 8.7181
6.7522 17.9921 6.6810 181.6110 7.6902 -176.4900 0.0000 0.0000 0.0000 -22.7000 -2.0116 -6.7160 1.4285 7.5575 21.3780 0.6344 -1.2806 -14.6623 0.1387 -2.4005 -6.6138 0.0000 0.0000 0.0000 12.1913 3.2097 -0.4931 -0.3899 -4.0097 11.1039 -0.1498 -5.2813 -11.1108 -0.0109 0.6752 -1.8556 -1.7723 1.0940 -0.3134 -1.3291 1.5573 1.7084 -0.3381 0.7834 1.9170 -14.5000 -6.0212 -15.7833 1.9842 -4.4348 21.3532 2.5061 -2.8121 9.8520 -0.0000 0.0000 0.0000 -85.3976 -0.6299 9.4092 15.8959 -25.3794 -3.6012 -0.0000 -0.0000 10.0504 -1.9363 38.2462 -1.1989 -7.1250 0.0000 -0.0000 -44.3243 62.6023 -21.0799 -0.0000 0.0000 0.0000 89.9052 2.6145 17.6746 -15.2646 24.5134 -3.3349 0.0000 -0.0000 -10.6153 -11.6349 22.5659 -4.5179 7.1250 -0.0000 -0.0000 10.8275 -7.3245 9.5350
6.7598 17.9869 6.6876 181.2960 8.2927 -176.7680 0.0000 0.0000 0.0000 -23.0708 -1.5570 -6.4626 1.4147 7.5224 21.2725 0.6676 -1.3622 -15.0307 0.1230 -2.2606 -6.2265 0.0000 0.0000 0.0000 11.8442 3.6085 -0.6136 -0.4366 -4.2400 11.7528 -0.1757 -4.9238 -11.2519 -0.0168 0.8367 -2.2995 -2.3481 1.3284 -0.0522 -1.3354 1.8787 1.7830 -0.0228 0.9389 1.8278 -14.8614 -6.0188 -14.4955 2.0570 -4.5942 20.4785 2.5871 -2.8803 9.3337 0.0000 0.0000 0.0000 -85.6351 -0.4280 9.5512 16.1114 -25.6715 -3.6941 -0.0000 -0.0000 10.1606 -1.8427 38.1358 -1.1381 -7.1250 0.0000 -0.0000 -44.0904 62.5469 -20.8880 0.0000 0.0000 0.0000 89.9744 2.8741 17.7944 -15.0857 24.2653 -3.2611 0.0000 -0.0000 -9.2531 -14.1398 22.0037 -5.3920 7.1250 -0.0000 -0.0000 9.2384 -7.5975 8.0439
6.7761 17.9875 6.6769 181.2340 8.0340 -176.8420 0.0000 0.0000 0.0000 -23.0445 -1.7755 -6.2338 1.4000 7.4849 21.1600 0.6597 -1.4425 -14.9185 0.0313 -1.1423 -3.1405 0.0000 0.0000 0.0000 11.9427 3.6098 -0.4462 -0.4440 -4.2754 11.8528 -0.1738 -5.3479 -11.6247 -0.0586 1.5614 -4.2950 -2.6870 1.2712 0.2159 -1.3626 1.8048 1.8386 0.1314 0.9008 1.7268 -14.6183 -6.1834 -14.8057 1.7148 -4.7588 20.4682 2.3993 -2.9775 9.3869 -0.0000 0.0000 0.0000 -85.3307 -0.6699 9.5069 15.8813 -25.3594 -3.5950 -0.0000 -0.0000 10.2678 -1.5181 38.5885 -0.9470 -7.1250 0.0000 -0.0000 -44.3879 62.9599 -21.4857 -0.0000 0.0000 0.0000 90.0397 2.6800 17.2973 -15.3890 24.6853 -3.3868 0.0000 -0.0000 -10.7258 -11.3235 20.3697 -3.9871 7.1250 -0.0000 -0.0000 10.9760 -9.5392 9.1799
6.7885 17.9967 6.6915 181.6790 9.7283 -176.4300 0.0000 0.0000 0.0000 -22.6169 -0.6742 -7.0832 1.4221 7.5414 21.3296 0.6743 -1.1213 -15.1708 0.0591 -1.5691 -4.3162 0.0000 0.0000 0.0000 12.2894 5.0153 -0.7166 -0.4313 -4.2146 11.6811 -0.1695 -4.9285 -11.1398 -0.0031 0.3586 -0.9853 -1.8839 1.7617 -1.4194 -1.7942 2.5711 2.7268 -0.6730 1.2980 3.6024 -14.2000 -6.1744 -14.7859 2.2942 -5.1373 19.1215 2.4781 -3.0629 8.9326 0.0000 0.0000 0.0000 -84.3410 -2.4549 9.1912 15.6320 -25.0191 -3.4889 -0.0000 -0.0000 10.2050 -1.4952 38.2795 -0.9264 -7.1250 0.0000 -0.0000 -43.9524 62.7426 -21.0092 0.0000 0.0000 0.0000 90.8330 3.7013 17.5804 -15.2650 24.5140 -3.3351 0.0000 -0.0000 -10.1272 -12.8616 21.8151 -4.8499 7.1250 -0.0000 -0.0000 10.0358 -7.9357 8.6921
6.7760 18.0054 6.7543 181.6890 8.1038 -176.3170 0.0000 0.0000 0.0000 -22.3452 -0.9508 -7.5554 1.4304 7.5623 21.3922 0.6322 -2.4757 -14.3788 0.0327 -1.1669 -3.2081 0.0000 0.0000 0.0000 12.4213 3.8577 -1.1521 -0.4410 -4.2610 11.8120 -0.1794 -5.2198 -11.6021 -0.0173 0.8489 -2.3333 -1.7534 1.3016 -0.6752 -1.8237 1.9244 2.5525 -0.8264 0.9838 3.0066 -14.0911 -6.1974 -14.5293 2.3672 -5.2617 18.9812 2.4750 -3.1052 8.8454 0.0000 0.0000 0.0000 -84.1698 -2.3636 9.2781 15.6562 -25.0522 -3.4991 -0.0000 -0.0000 10.3829 -1.8975 37.9333 -1.1668 -7.1250 0.0000 -0.0000 -43.8771 62.3854 -20.5999 0.0000 0.0000 0.0000 91.1772 4.5107 16.6514 -14.4814 23.4187 -3.0168 0.0000 -0.0000 -9.2797 -13.6076 22.5145 -5.2957 7.1250 -0.0000 -0.0000 9.5936 -7.1487 8.4474
6.7699 18.0075 6.7487 182.0400 7.2183 -175.9500 0.0000 0.0000 0.0000 -21.9024 -1.4474 -7.8128 1.4435 7.5954 21.4917 0.6254 -2.7004 -14.2623 0.2575 -3.2647 -9.0167 0.0000 0.0000 0.0000 12.8564 3.3192 -1.0773 -0.3917 -4.0187 11.1293 -0.1449 -5.6887 -11.4335 -0.0249 1.0181 -2.7985 -2.4134 0.9953 1.3377 -0.8947 1.3243 0.6930 0.4174 0.6694 -0.0729 -15.2473 -6.0795 -13.6671 2.2002 -4.7271 20.4820 2.6974 -2.9476 9.2146 0.0000 0.0000 0.0000 -85.4398 0.8104 9.2257 15.8824 -25.3610 -3.5954 -0.0000 -0.0000 10.4433 -1.9404 37.3800 -1.1783 -7.1250 0.0000 -0.0000 -43.2085 61.9695 -19.7982 0.0000 0.0000 0.0000 89.8067 0.8496 16.8672 -15.0258 24.1821 -3.2365 0.0000 -0.0000 -9.5282 -12.8125 21.7344 -4.8139 7.1250 -0.0000 -0.0000 10.0642 -8.0220 8.7001
6.7645 18.0221 6.7522 182.5140 7.1167 -175.6740 0.0000 0.0000 0.0000 -21.3786 -1.9965 -8.1442 1.5021 7.7413 21.9311 0.6461 -2.6733 -14.5091 0.0415 -1.3151 -3.6161 0.0000 0.0000 0.0000 13.3687 3.3025 -0.6541 -0.3132 -3.5977 9.9475 -0.0981 -6.1527 -11.0307 -0.0119 0.7032 -1.9325 -2.5501 0.8815 1.6092 -0.2894 1.1426 0.3909 1.1084 0.5789 -0.5451 -15.8639 -6.0434 -13.9756 2.2577 -4.4488 20.7988 2.8475 -2.8588 9.3832 0.0000 0.0000 0.0000 -86.1341 1.2772 9.0858 15.9963 -25.5157 -3.6444 -0.0000 -0.0000 10.2629 -2.0152 37.3293 -1.2223 -7.1250 0.0000 -0.0000 -43.2151 61.9130 -19.7443 0.0000 0.0000 0.0000 89.0327 0.5890 17.9493 -14.9795 24.1175 -3.2176 0.0000 -0.0000 -9.3393 -14.4430 20.3912 -5.1280 7.1250 -0.0000 -0.0000 8.9838 -9.1864 7.5300
6.7627 18.0210 6.7613 181.9510 6.9886 -175.6300 0.0000 0.0000 0.0000 -22.0189 -2.0776 -8.2019 1.4803 7.6873 21.7683 0.6327 -2.6017 -14.3637 0.1918 -2.8205 -7.7793 0.0000 0.0000 0.0000 12.7136 3.1754 -0.9398 -0.3259 -3.6692 10.1479 -0.0963 -6.0878 -10.9204 -0.0041 0.4139 -1.1372 -2.5322 0.7732 1.1058 -0.9379 1.0364 0.7108 0.4477 0.5241 0.0813 -15.3827 -6.0462 -13.8282 2.4664 -4.7266 20.1724 2.8055 -2.9321 9.1429 0.0000 0.0000 0.0000 -85.2175 0.6328 9.1824 15.8980 -25.3821 -3.6021 -0.0000 -0.0000 10.1013 -1.4503 37.4730 -0.8825 -7.1250 0.0000 -0.0000 -42.8621 62.1639 -19.8024 0.0000 0.0000 0.0000 89.7439 1.0556 17.6886 -14.8755 23.9723 -3.1752 0.0000 -0.0000 -9.4164 -14.1081 21.6698 -5.3022 7.1250 -0.0000 -0.0000 9.2447 -7.9371 7.9870
6.7601 18.0169 6.7678 182.0450 7.1222 -175.6960 0.0000 0.0000 0.0000 -21.9369 -1.8716 -8.0870 1.4534 7.6203 21.5665 0.6242 -2.5660 -14.2690 0.1979 -2.8645 -7.9016 0.0000 0.0000 0.0000 12.8116 3.2402 -1.0261 -0.3393 -3.7431 10.3550 -0.1004 -6.0302 -10.9389 -0.0053 0.4699 -1.2911 -2.7586 0.3962 1.0831 -0.4878 0.5289 0.8565 1.0417 0.2626 0.2505 -16.5872 -5.8459 -13.3787 2.7363 -4.3579 19.0953 3.1356 -2.7883 8.6999 -0.0000 -0.0000 0.0000 -86.0574 0.6095 7.9174 16.0873 -25.6389 -3.6837 -0.0000 -0.0000 9.9357 -1.8601 38.3445 -1.1543 -7.1250 0.0000 -0.0000 -44.3832 62.6934 -21.2083 -0.0000 -0.0000 0.0000 88.9078 1.2377 19.5528 -15.0448 24.2085 -3.2443 0.0000 -0.0000 -9.7160 -14.5311 20.7011 -5.2351 7.1250 -0.0000 -0.0000 8.9387 -8.8635 7.5496
6.7561 18.0260 6.7746 181.5310 7.3183 -175.7840 0.0000 0.0000 0.0000 -22.5130 -1.9095 -7.9834 1.4293 7.5595 21.3838 0.6145 -2.5550 -14.1558 0.0482 -1.4175 -3.8984 0.0000 0.0000 0.0000 12.2274 3.4362 -1.1657 -0.3572 -3.8398 10.6263 -0.0991 -6.0869 -10.9757 -0.0285 1.0898 -2.9959 -3.3683 0.4218 1.1939 -0.6084 0.5549 0.7477 1.2576 0.2787 0.0719 -16.9347 -5.8654 -12.4468 2.9505 -4.5817 18.1067 3.2447 -2.8715 8.2321 0.0000 0.0000 0.0000 -86.0582 0.7478 7.6701 16.0463 -25.5833 -3.6659 -0.0000 -0.0000 10.2508 -1.6345 38.1270 -1.0093 -7.1250 0.0000 -0.0000 -43.8822 62.5952 -20.8179 0.0000 0.0000 0.0000 88.7175 0.8306 18.9429 -15.1395 24.3400 -3.2832 0.0000 -0.0000 -10.8848 -12.3855 22.2163 -4.7465 7.1250 -0.0000 -0.0000 10.3477 -7.5888 9.0431
6.7560 18.0277 6.7831 181.7870 7.4976 -175.8610 0.0000 0.0000 0.0000 -22.1567 -1.4986 -8.0863 1.4553 7.6250 21.5808 0.6254 -2.9571 -14.2241 0.0117 -0.6995 -1.9223 0.0000 0.0000 0.0000 12.5533 3.5065 -0.9163 -0.3389 -3.7411 10.3493 -0.1024 -6.0337 -10.9825 -0.0253 1.0260 -2.8203 -3.1135 0.5049 1.3249 -0.6376 0.6603 0.6904 1.0823 0.3342 -0.0622 -16.6329 -5.8935 -11.4336 2.7716 -4.9083 16.8219 3.1109 -2.9908 7.6378 0.0000 0.0000 0.0000 -85.7263 0.8687 8.2546 16.1239 -25.6884 -3.6995 -0.0000 -0.0000 9.8851 -1.7432 38.6430 -1.0888 -7.1250 0.0000 -0.0000 -44.6738 62.9392 -21.6321 0.0000 0.0000 0.0000 88.9148 0.5749 19.7765 -15.3637 24.6503 -3.3762 0.0000 -0.0000 -10.4388 -14.0786 20.6565 -5.0557 7.1250 -0.0000 -0.0000 9.2258 -8.9603 7.7806
6.7528 18.0257 6.7869 181.8650 7.5257 -175.7020 0.0000 0.0000 0.0000 -22.1047 -1.4304 -8.3799 1.4446 7.5982 21.5003 0.6074 -2.8223 -14.0301 0.0632 -1.6215 -4.4608 0.0000 0.0000 0.0000 12.6181 3.8312 -1.1152 -0.3474 -3.7872 10.4787 -0.1072 -6.1891 -11.2529 -0.0385 1.2672 -3.4842 -3.0175 0.3884 1.1279 -0.6387 0.5182 0.8267 1.0316 0.2592 0.1947 -16.7850 -5.9981 -11.5849 2.6710 -5.0569 15.5798 3.0751 -3.0480 7.2675 -0.0000 -0.0000 0.0000 -85.7131 0.8206 8.3181 16.3175 -25.9493 -3.7838 -0.0000 -0.0000 9.4512 -1.7118 38.3588 -1.0625 -7.1250 0.0000 -0.0000 -44.2623 62.7428 -21.1889 -0.0000 -0.0000 0.0000 89.2425 1.0389 20.0999 -15.5025 24.8415 -3.4343 0.0000 -0.0000 -9.7786 -15.0551 19.5747 -5.1495 7.1250 -0.0000 -0.0000 8.5617 -9.9427 7.0360
6.7794 18.0377 6.7965 181.7530 9.0341 -175.2640 0.0000 0.0000 0.0000 -22.2212 -0.4536 -9.1285 1.4403 7.5874 21.4676 0.6182 -2.6374 -14.1871 0.0479 -1.4130 -3.8859 0.0000 0.0000 0.0000 12.4568 5.3765 -1.5959 -0.3635 -3.8732 10.7203 -0.0946 -6.1381 -10.9453 -0.0208 0.9316 -2.5606 -3.6407 0.8244 0.6012 -0.6580 1.1184 0.8020 1.3622 0.5535 0.4297 -16.7938 -6.1062 -10.8256 2.7682 -5.5014 12.9358 3.0757 -3.1777 6.3139 -0.0000 0.0000 0.0000 -85.7077 0.6642 8.2626 16.3943 -26.0524 -3.8175 -0.0000 -0.0000 9.4630 -1.9863 38.6116 -1.2399 -7.1250 0.0000 -0.0000 -44.8600 62.8521 -21.6512 -0.0000 0.0000 0.0000 89.2459 1.7053 17.8116 -16.5530 26.2648 -3.8875 0.0000 -0.0000 -13.7938 -6.2640 14.9753 -1.6247 7.1250 -0.0000 -0.0000 14.3617 -15.2264 10.4234
6.7165 18.0199 6.7983 181.7190 7.5942 -175.7310 0.0000 0.0000 0.0000 -22.3868 -1.5636 -8.3153 1.4323 7.5672 21.4070 0.6097 -2.6882 -14.0770 0.0265 -1.0516 -2.8908 0.0000 0.0000 0.0000 12.2844 3.6095 -1.4744 -0.3727 -3.9212 10.8551 -0.1136 -5.7926 -10.9378 -0.0110 0.6760 -1.8577 -2.6113 0.3193 1.1118 -0.8446 0.4453 1.1056 0.5954 0.2233 0.4969 -16.8006 -6.2998 -10.0951 2.7436 -5.9977 10.0915 3.0474 -3.3182 5.3241 -0.0000 -0.0000 0.0000 -85.6449 0.5023 8.4956 16.5235 -26.2253 -3.8744 -0.0000 -0.0000 9.3530 -1.9680 38.6196 -1.2286 -7.1250 0.0000 -0.0000 -44.8536 62.8627 -21.6584 -0.0000 -0.0000 0.0000 89.3242 1.6744 19.3367 -15.5057 24.8459 -3.4356 0.0000 -0.0000 -11.2698 -12.7429 21.1703 -4.6690 7.1250 -0.0000 -0.0000 10.0912 -8.5936 8.6082
6.7131 18.0224 6.7955 181.7330 7.5788 -175.8160 0.0000 0.0000 0.0000 -22.3780 -1.5197 -8.2103 1.4289 7.5585 21.3808 0.5970 -2.7831 -13.9106 0.0221 -0.9596 -2.6377 0.0000 0.0000 0.0000 12.3038 3.5054 -1.3717 -0.3680 -3.8964 10.7853 -0.1183 -5.7374 -10.9717 -0.0161 0.8180 -2.2481 -2.7285 0.2980 1.4074 -0.7413 0.4012 1.0290 0.7651 0.2026 0.2526 -17.1036 -6.4641 -9.9386 2.7324 -6.2317 8.4606 3.0825 -3.3692 4.8133 0.0000 0.0000 0.0000 -85.8681 0.8490 8.4456 16.6055 -26.3348 -3.9107 -0.0000 -0.0000 9.4538 -2.2485 38.2530 -1.3926 -7.1250 0.0000 -0.0000 -44.6270 62.5253 -21.1751 0.0000 0.0000 0.0000 89.2918 1.3405 19.6198 -15.5045 24.8442 -3.4351 0.0000 -0.0000 -9.6478 -15.1268 20.2866 -5.3544 7.1250 -0.0000 -0.0000 8.5419 -9.2133 7.1461
6.6844 17.9907 6.7487 181.6570 8.7761 -176.3720 0.0000 0.0000 0.0000 -22.8911 -1.7195 -7.2471 1.4382 7.5820 21.4515 0.6306 -0.9391 -14.7100 0.0793 -1.8168 -4.9995 0.0000 0.0000 0.0000 11.9450 3.7494 -0.8248 -0.3609 -3.8594 10.6816 -0.1202 -5.0815 -10.3160 -0.0136 0.7525 -2.0682 -2.3322 0.6971 1.2797 -0.9664 0.9624 1.3944 0.3108 0.4849 0.6900 -17.4681 -6.5763 -9.6890 3.2486 -6.4750 6.3987 3.3039 -3.3777 4.1744 0.0000 -0.0000 0.0000 -85.7143 0.7314 8.4966 16.5430 -26.2514 -3.8830 -0.0000 -0.0000 9.4243 -2.1670 37.6685 -1.3246 -7.1250 0.0000 -0.0000 -43.7892 62.1226 -20.2798 0.0000 -0.0000 0.0000 89.5447 1.5604 18.8968 -15.3926 24.6902 -3.3882 0.0000 -0.0000 -9.8367 -14.2029 21.1228 -5.2113 7.1250 -0.0000 -0.0000 9.1634 -8.4764 7.8159
6.6628 17.9993 6.7479 181.5360 8.9207 -176.1620 0.0000 0.0000 0.0000 -23.0972 -1.8682 -7.5041 1.4365 7.5778 21.4389 0.6329 -0.8198 -14.7717 0.0308 -1.1321 -3.1124 0.0000 0.0000 0.0000 11.7043 3.7537 -1.0685 -0.3494 -3.7977 10.5084 -0.1208 -4.9778 -10.2201 -0.0180 0.8657 -2.3793 -2.1755 0.7020 1.0422 -1.1264 0.9815 1.4173 0.0629 0.4962 0.8515 -16.4347 -6.8834 -8.7813 2.0451 -7.0811 3.4008 2.7922 -3.5356 3.0768 -0.0000 -0.0000 0.0000 -85.5645 0.7416 8.3160 16.5466 -26.2561 -3.8846 -0.0000 -0.0000 9.4684 -2.5852 36.9512 -1.5547 -7.1250 0.0000 -0.0000 -43.2819 61.4897 -19.3476 -0.0000 -0.0000 0.0000 89.5467 1.3476 19.4999 -15.3379 24.6147 -3.3654 0.0000 -0.0000 -9.4844 -14.9554 21.5410 -5.6014 7.1250 -0.0000 -0.0000 8.7037 -7.9649 7.5031
6.6558 17.9998 6.7477 181.7490 8.9570 -176.2350 0.0000 0.0000 0.0000 -22.8666 -1.7558 -7.4304 1.4384 7.5826 21.4533 0.6429 -0.9459 -14.8541 0.0217 -0.9503 -2.6120 0.0000 0.0000 0.0000 11.9406 3.7458 -0.9537 -0.3496 -3.7990 10.5118 -0.1215 -5.0238 -10.2837 -0.0600 1.5804 -4.3474 -1.4515 0.7183 1.3402 -1.4739 1.0058 1.3599 -0.7028 0.5207 0.6433 -16.3160 -7.0342 -8.9248 2.4798 -7.3161 2.4868 2.9020 -3.5891 2.8487 0.0000 0.0000 0.0000 -84.9116 0.8655 9.1951 16.7008 -26.4616 -3.9531 -0.0000 -0.0000 9.3977 -2.0546 38.7425 -1.2862 -7.1250 0.0000 -0.0000 -45.1016 62.9276 -21.8723 0.0000 0.0000 0.0000 90.0633 1.2964 17.8094 -16.7358 26.5082 -3.9687 0.0000 -0.0000 -13.9733 -6.1108 15.6121 -1.6504 7.1250 -0.0000 -0.0000 14.4333 -14.6154 10.6744
6.6757 17.9948 6.7682 181.7630 8.9458 -175.9850 0.0000 0.0000 0.0000 -22.7184 -1.0461 -8.1218 1.4515 7.6154 21.5520 0.6374 -1.5769 -14.6250 0.0930 -1.9666 -5.4133 0.0000 0.0000 0.0000 12.0214 4.0945 -1.0381 -0.3348 -3.7186 10.2863 -0.1009 -5.3877 -10.2343 -0.0249 1.0191 -2.8015 -1.2253 0.7808 0.3022 -1.8793 1.1606 1.9871 -1.2232 0.6108 1.8826 -15.2778 -7.3040 -9.1618 2.1744 -7.7120 0.6416 2.6542 -3.6702 2.3026 -0.0000 0.0000 0.0000 -83.8416 -0.5721 9.8613 16.3692 -26.0187 -3.8065 -0.0000 -0.0000 8.8260 -1.9789 38.9576 -1.2446 -7.1250 0.0000 -0.0000 -45.3249 63.1011 -22.1862 -0.0000 0.0000 0.0000 91.0467 2.5861 17.0847 -15.4435 24.7603 -3.4095 0.0000 -0.0000 -10.6990 -9.6334 20.4933 -3.4008 7.1250 -0.0000 -0.0000 12.0524 -9.5775 10.1114
6.6646 17.9919 6.7433 182.0440 9.3340 -176.1000 0.0000 0.0000 0.0000 -22.5223 -0.9949 -7.9265 1.4735 7.6706 21.7178 0.6620 -1.2177 -15.0031 0.2151 -2.9856 -8.2387 0.0000 0.0000 0.0000 12.2780 4.0065 -0.7580 -0.3135 -3.5996 9.9529 -0.0960 -5.1356 -9.8519 -0.0390 1.2754 -3.5069 -0.9906 0.8854 -0.0810 -1.7137 1.3068 2.2162 -1.1737 0.6847 2.3364 -15.9481 -7.4379 -10.3370 2.5279 -7.5949 1.5219 2.8160 -3.6377 2.7841 -0.0000 0.0000 0.0000 -84.0885 -0.9037 9.7008 16.3505 -25.9936 -3.7983 -0.0000 -0.0000 8.9577 -1.7837 38.9653 -1.1219 -7.1250 0.0000 -0.0000 -45.1520 63.1589 -22.1435 -0.0000 0.0000 0.0000 90.8872 2.8764 18.4863 -14.7554 23.8043 -3.1266 0.0000 -0.0000 -8.6944 -14.1489 21.0632 -5.1769 7.1250 -0.0000 -0.0000 9.1955 -8.5429 7.8318
6.6833 18.0143 6.7966 182.1970 7.8687 -175.2890 0.0000 0.0000 0.0000 -21.9715 -0.9325 -9.3654 1.5140 7.7704 22.0190 0.6165 -3.1078 -14.0994 0.2371 -3.1337 -8.6511 0.0000 0.0000 0.0000 12.6917 3.4704 -1.5574 -0.3048 -3.5495 9.8126 -0.0670 -5.9672 -10.1610 -0.0600 1.5810 -4.3491 -0.7233 0.4296 1.8143 -1.9855 0.5909 0.3607 -1.6422 0.3152 -0.6336 -15.7058 -7.1140 -10.3604 2.5591 -7.2570 3.5281 2.7821 -3.6019 3.3716 -0.0000 0.0000 0.0000 -83.3926 1.4035 10.0621 16.6989 -26.4591 -3.9522 -0.0000 -0.0000 8.7607 -1.9958 38.8196 -1.2514 -7.1250 0.0000 -0.0000 -45.1515 62.9983 -21.9757 -0.0000 0.0000 0.0000 91.4785 0.6584 16.7660 -14.5433 23.5061 -3.0415 0.0000 -0.0000 -9.7487 -10.0484 23.0304 -3.9656 7.1250 -0.0000 -0.0000 11.8246 -7.0348 10.5197
6.6691 17.9985 6.7390 182.0930 8.9781 -175.9480 0.0000 0.0000 0.0000 -22.3982 -1.2017 -8.1948 1.5249 7.7970 22.0992 0.6737 -1.5722 -15.0487 0.2003 -2.8820 -7.9503 0.0000 0.0000 0.0000 12.4049 3.9057 -0.5645 -0.2885 -3.4540 9.5453 -0.0769 -5.5764 -9.9222 -0.0282 1.0836 -2.9789 -1.2078 0.8308 0.6814 -1.6365 1.1717 1.3182 -0.9961 0.6051 0.9782 -16.1958 -7.1185 -11.0394 2.3731 -7.0194 4.2832 2.7848 -3.5212 3.7036 0.0000 -0.0000 0.0000 -84.2318 0.1122 9.8217 16.9760 -26.8261 -4.0765 -0.0000 -0.0000 8.4330 -1.7006 38.6753 -1.0629 -7.1250 0.0000 -0.0000 -44.6773 62.9738 -21.6700 0.0000 -0.0000 0.0000 90.7583 1.9256 17.4207 -14.3943 23.2956 -2.9823 0.0000 -0.0000 -9.7155 -12.0595 22.3856 -4.6515 7.1250 -0.0000 -0.0000 10.5571 -7.4567 9.2604
6.7059 18.0042 6.6871 182.0470 9.9754 -176.0920 0.0000 0.0000 0.0000 -22.4255 -0.2360 -7.7874 1.4563 7.6275 21.5883 0.6565 -1.3867 -14.8949 0.0460 -1.3845 -3.8075 0.0000 0.0000 0.0000 12.4278 5.0239 -0.3630 -0.3340 -3.7144 10.2744 -0.1130 -5.3696 -10.4678 -0.0284 1.0872 -2.9888 -2.0014 0.4656 0.6274 -1.0524 0.6344 0.4691 0.0411 0.3235 0.1191 -18.0520 -6.1199 -9.8146 2.8126 -5.6845 5.8948 3.3212 -2.9773 3.9646 0.0000 -0.0000 0.0000 -85.6433 2.5735 8.1529 18.3896 -28.6531 -4.7346 -0.0000 -0.0000 6.3391 -1.2637 38.1615 -0.7809 -7.1250 0.0000 -0.0000 -43.5770 62.7178 -20.7675 0.0000 -0.0000 0.0000 89.5726 -0.4010 23.2710 -15.5131 24.8560 -3.4387 0.0000 -0.0000 -9.1557 -17.8463 17.0436 -5.3908 7.1250 -0.0000 -0.0000 6.6415 -12.2183 5.1208
6.7284 18.0242 6.7360 181.9340 9.1348 -175.6230 0.0000 0.0000 0.0000 -22.2336 0.2528 -8.6925 1.4712 7.6647 21.7002 0.6563 -3.0560 -14.5695 0.1086 -2.1253 -5.8522 0.0000 0.0000 0.0000 12.5133 4.8740 -1.2014 -0.3740 -3.9281 10.8744 -0.1073 -5.8243 -10.8463 -0.0340 1.1896 -3.2706 -2.4812 1.3030 0.5310 -1.6329 1.7832 0.6735 -0.2861 0.9047 0.3696 -17.0957 -6.9069 -11.0213 3.4788 -6.7479 8.3649 3.2422 -3.5821 5.0296 -0.0000 -0.0000 0.0000 -84.2796 0.8348 11.7953 19.3072 -29.7986 -5.1826 -0.0000 -0.0000 4.5566 -1.0371 37.9954 -0.6385 -7.1250 0.0000 -0.0000 -43.1434 62.6559 -20.4566 -0.0000 -0.0000 0.0000 90.9593 0.8023 17.1919 -15.2675 24.5175 -3.3362 0.0000 -0.0000 -10.7051 -12.3735 22.7376 -4.8467 7.1250 -0.0000 -0.0000 10.3725 -7.0706 9.1723
6.6995 18.0027 6.7162 182.1280 7.6618 -175.9490 0.0000 0.0000 0.0000 -22.0250 -1.0538 -8.1270 1.4988 7.7332 21.9066 0.6484 -2.9889 -14.4875 0.0588 -1.5652 -4.3055 0.0000 0.0000 0.0000 12.7591 3.6844 -0.7625 -0.3685 -3.8992 10.7932 -0.1224 -5.9807 -11.3161 -0.0086 0.6004 -1.6499 -2.7641 0.4304 0.1580 -0.7245 0.5979 0.5230 0.8081 0.2972 0.4270 -18.0838 -6.0830 -8.9961 3.0255 -5.7710 8.8041 3.3840 -3.1727 4.7657 -0.0000 -0.0000 0.0000 -85.9363 2.0418 11.7996 21.1978 -32.0585 -6.1546 -0.0000 -0.0000 2.9427 -1.8688 38.6163 -1.1666 -7.1250 0.0000 -0.0000 -44.7558 62.8867 -21.6259 -0.0000 -0.0000 0.0000 89.3047 0.1588 19.8355 -15.7392 25.1657 -3.5343 0.0000 -0.0000 -11.1573 -13.6855 21.5534 -5.1119 7.1250 -0.0000 -0.0000 9.5071 -8.1036 8.1886
6.6726 17.9797 6.6799 181.5590 8.0323 -176.6730 0.0000 0.0000 0.0000 -22.9125 -1.0225 -7.1079 1.4759 7.6765 21.7357 0.6694 -2.4103 -14.8228 0.0483 -1.4185 -3.9012 0.0000 0.0000 0.0000 11.9389 3.4342 -0.3673 -0.4018 -4.0694 11.2720 -0.1780 -5.0772 -11.4397 -0.0046 0.4362 -1.1985 -2.9581 0.2869 -0.3194 -0.9617 0.4270 0.3325 0.6758 0.2143 0.5060 -17.7920 -5.1550 -5.7516 2.5201 -5.1163 8.6825 3.3082 -2.8589 4.1122 -0.0000 0.0000 0.0000 -86.0230 2.9398 12.0405 22.5734 -33.6190 -6.9007 -0.0000 -0.0000 1.7170 -1.6988 38.9464 -1.0681 -7.1250 0.0000 -0.0000 -45.0462 63.1682 -22.0901 -0.0000 0.0000 0.0000 89.2031 -0.5809 21.4888 -15.8347 25.2961 -3.5751 0.0000 -0.0000 -11.4365 -14.5424 21.2975 -5.3825 7.1250 -0.0000 -0.0000 8.9548 -8.2605 7.6722
6.6784 17.9784 6.6552 181.7340 7.6326 -176.7110 0.0000 0.0000 0.0000 -22.7031 -1.2487 -6.7178 1.4509 7.6140 21.5476 0.6445 -2.3518 -14.5448 0.0258 -1.0376 -2.8524 0.0000 0.0000 0.0000 12.1760 3.0647 -0.1114 -0.3914 -4.0174 11.1257 -0.1700 -5.3419 -11.5482 -0.0012 0.2256 -0.6199 -1.3662 0.8264 -0.8729 -2.4190 1.2602 1.5820 -1.6808 0.6648 2.1381 -15.2449 -6.1699 -9.6757 2.4827 -6.1060 11.2256 2.7236 -3.3847 5.5614 0.0000 -0.0000 0.0000 -82.9827 -0.3699 14.9022 23.6616 -34.8044 -7.5125 -0.0000 -0.0000 0.9432 -1.7241 38.6723 -1.0776 -7.1250 0.0000 -0.0000 -44.6956 62.9654 -21.6721 0.0000 -0.0000 0.0000 91.6975 1.7469 19.7293 -16.3157 25.9469 -3.7831 0.0000 -0.0000 -11.9736 -13.6517 21.6703 -5.1250 7.1250 -0.0000 -0.0000 9.5328 -7.9901 8.2329
6.6837 17.9931 6.6466 181.9220 7.6283 -176.4360 0.0000 0.0000 0.0000 -22.3749 -0.7887 -7.2024 1.4602 7.6372 21.6174 0.6659 -3.1196 -14.6715 0.0286 -1.0914 -3.0003 0.0000 0.0000 0.0000 12.4488 3.2337 -0.1169 -0.3672 -3.8923 10.7738 -0.1603 -5.6760 -11.7056 -0.0048 0.4466 -1.2272 -1.4300 0.1974 -2.1676 -1.9624 0.4506 2.1416 -1.1928 0.2459 3.4239 -16.1985 -5.7057 -10.2975 2.5821 -5.2253 10.7978 2.9708 -2.9583 5.4846 0.0000 -0.0000 0.0000 -84.0839 -1.1149 13.4972 25.2676 -36.4762 -8.4485 -0.0000 -0.0000 0.7277 -2.0695 39.2326 -1.3093 -7.1250 0.0000 -0.0000 -45.7909 63.2715 -22.6447 0.0000 -0.0000 0.0000 90.9092 2.9199 22.0478 -16.4921 26.1833 -3.8605 0.0000 -0.0000 -11.1895 -14.4578 21.6178 -5.4262 7.1250 -0.0000 -0.0000 9.0217 -7.9477 7.7873
6.6803 17.9944 6.6467 181.9070 7.6492 -176.4240 0.0000 0.0000 0.0000 -22.4142 -0.8645 -7.3002 1.5278 7.8042 22.1209 0.7168 -3.2316 -15.2254 0.0798 -1.8218 -5.0136 0.0000 0.0000 0.0000 12.4358 3.0738 0.0698 -0.3377 -3.7342 10.3302 -0.1397 -5.7445 -11.3931 -0.0151 0.7941 -2.1823 -2.6575 -0.0980 -1.4866 -0.8241 0.0067 1.9395 0.6437 -0.0258 2.8268 -18.5201 -5.5774 -11.5735 3.4431 -4.5057 10.6270 3.6440 -2.6150 5.6574 -0.0000 -0.0000 0.0000 -86.0763 -0.8918 13.5251 26.9555 -38.1367 -9.4716 -0.0000 0.0000 -0.1392 -0.4764 39.0625 -0.3002 -7.1250 0.0000 -0.0000 -44.0521 63.5816 -21.9212 -0.0000 -0.0000 0.0000 88.9102 2.7207 23.8661 -17.4718 27.4756 -4.3028 0.0000 -0.0000 -13.7057 -12.9437 20.7880 -4.6633 7.1250 -0.0000 -0.0000 9.9529 -8.9542 8.4139
6.6800 17.9949 6.6439 181.7220 7.7109 -176.5860 0.0000 0.0000 0.0000 -22.6304 -0.7926 -6.8752 1.4634 7.6453 21.6418 0.6914 -3.0895 -14.9626 0.1059 -2.0983 -5.7775 0.0000 0.0000 0.0000 12.2141 3.3223 -0.0709 -0.3829 -3.9737 11.0026 -0.1672 -5.5734 -11.7270 -0.0022 0.3012 -0.8276 -2.5615 0.7106 -1.2424 -1.5972 1.0959 1.5148 -0.1681 0.5426 2.2355 -16.5306 -5.8535 -8.6528 3.4794 -5.8833 8.0052 3.3003 -3.1531 4.4258 0.0000 0.0000 0.0000 -84.3072 -0.2992 17.1164 28.0318 -39.1455 -10.1438 -0.0000 0.0000 -0.6170 -1.5483 39.5601 -0.9862 -7.1250 0.0000 -0.0000 -45.7649 63.6440 -23.0201 0.0000 0.0000 0.0000 90.4320 1.0109 22.2797 -18.3778 28.6382 -4.7289 0.0000 -0.0000 -13.4429 -14.1597 20.6373 -5.0814 7.1250 -0.0000 -0.0000 9.1734 -8.9705 7.7333
6.6824 17.9840 6.6452 181.6560 7.7856 -176.4610 0.0000 0.0000 0.0000 -22.6962 -0.8051 -7.0466 1.4235 7.5449 21.3399 0.6495 -2.8981 -14.5140 0.0059 -0.4978 -1.3678 0.0000 0.0000 0.0000 12.1568 3.4867 -0.3638 -0.4059 -4.0899 11.3296 -0.1848 -5.5875 -12.0565 -0.0080 0.5777 -1.5874 -2.2037 0.1001 -0.5289 -1.6550 0.2054 0.4385 -0.4569 0.1133 0.7446 -17.6485 -5.0821 -8.0929 4.7260 -4.9797 7.0034 3.9545 -2.6525 3.9916 0.0000 0.0000 0.0000 -84.4137 2.2835 16.2305 29.6930 -40.6288 -11.2092 -0.0000 0.0000 -0.8416 -1.6247 38.8972 -1.0203 -7.1250 0.0000 -0.0000 -44.9088 63.1530 -21.9927 0.0000 0.0000 0.0000 90.3829 -0.6701 24.3628 -18.6095 28.9306 -4.8405 0.0000 -0.0000 -13.4135 -13.5283 21.7659 -5.0984 7.1250 -0.0000 -0.0000 9.6141 -7.9086 8.3209
6.6775 17.9892 6.6429 181.5230 7.7662 -176.2770 0.0000 0.0000 0.0000 -22.8608 -0.9627 -7.2431 1.4320 7.5664 21.4048 0.6693 -2.8620 -14.7459 0.0178 -0.8611 -2.3667 0.0000 0.0000 0.0000 11.9780 3.3652 -0.4561 -0.3850 -3.9844 11.0329 -0.1493 -5.7544 -11.5830 -0.0082 0.5847 -1.6068 -2.1964 0.1698 -0.3078 -1.8316 0.2857 0.0291 -0.6428 0.1617 0.2017 -16.1888 -5.3463 -7.9764 4.0399 -5.4906 5.3461 3.4903 -2.8353 3.4542 0.0000 0.0000 0.0000 -83.9838 2.8313 17.4405 30.5102 -41.3267 -11.7451 -0.0000 0.0000 -1.8030 -1.9908 39.4820 -1.2661 -7.1250 0.0000 -0.0000 -46.0681 63.4684 -23.0206 0.0000 0.0000 0.0000 90.8151 -1.1052 24.2936 -18.7353 29.0885 -4.9015 0.0000 -0.0000 -13.1481 -14.2579 20.7611 -5.1471 7.1250 -0.0000 -0.0000 9.1151 -8.8346 7.7079
6.6398 18.0183 6.6488 182.2240 7.7761 -175.9680 0.0000 0.0000 0.0000 -22.1937 -1.6001 -7.6527 1.5531 7.8656 22.3067 0.7151 -2.7842 -15.2732 0.0077 -0.5683 -1.5616 0.0000 0.0000 0.0000 12.6149 2.5799 0.0117 -0.2566 -3.2592 9.0013 -0.0815 -5.6604 -10.1202 -0.0058 0.4898 -1.3457 -2.1149 0.8449 -0.6591 -1.1858 1.1928 0.7877 -0.0096 0.5951 1.1588 -15.2076 -6.5286 -11.2444 2.7130 -6.4423 5.2770 2.7756 -3.2809 3.9731 0.0000 0.0000 0.0000 -84.6031 0.1607 19.7326 30.5058 -41.3230 -11.7422 -0.0000 0.0000 -1.4223 -2.3197 39.3854 -1.4724 -7.1250 0.0000 -0.0000 -46.2389 63.3114 -22.9583 0.0000 0.0000 0.0000 90.4054 0.9082 21.8521 -18.3877 28.6508 -4.7337 0.0000 -0.0000 -12.9202 -14.2125 21.1137 -5.2129 7.1250 -0.0000 -0.0000 9.1569 -8.4846 7.8087
6.6171 17.9730 6.6037 182.2500 8.6791 -176.1990 0.0000 0.0000 0.0000 -22.5477 -1.8215 -7.1485 1.5249 7.7972 22.0997 0.6939 -1.0801 -15.4072 0.1228 -2.2590 -6.2220 0.0000 0.0000 0.0000 12.3863 3.4430 0.4824 -0.2581 -3.2687 9.0277 -0.0898 -5.5361 -10.1590 -0.0083 0.5888 -1.6179 -0.8839 1.3525 -0.6103 -2.0916 1.8698 0.2623 -1.6242 0.9555 0.6524 -14.4476 -6.4233 -11.0465 3.5176 -6.5942 5.6413 2.9006 -3.3462 4.0682 -0.0000 -0.0000 0.0000 -82.9779 0.8096 20.9175 30.7240 -41.5059 -11.8865 -0.0000 0.0000 -1.1682 -3.1260 39.3704 -1.9841 -7.1250 0.0000 -0.0000 -46.9675 63.0834 -23.1571 -0.0000 -0.0000 0.0000 92.0023 0.0754 20.4968 -18.0176 28.1797 -4.5575 0.0000 -0.0000 -12.3520 -14.6088 21.0088 -5.3385 7.1250 -0.0000 -0.0000 8.9011 -8.5439 7.5743
6.6107 17.9748 6.5977 182.2310 8.4330 -176.1840 0.0000 0.0000 0.0000 -22.5660 -1.7924 -7.0709 1.4952 7.7241 21.8793 0.6761 -1.1295 -15.1898 0.1081 -2.1205 -5.8387 0.0000 0.0000 0.0000 12.3657 3.2242 0.2757 -0.2781 -3.3922 9.3725 -0.1005 -5.5560 -10.4104 -0.0318 1.1518 -3.1665 -2.1881 -0.2595 -0.9748 -0.0736 -0.3182 -0.0749 1.1465 -0.1621 0.4813 -18.6525 -5.0669 -11.6076 4.4203 -4.0273 6.3779 4.0277 -2.1301 4.2756 -0.0000 -0.0000 0.0000 -86.9441 2.0952 16.5854 31.4054 -42.0680 -12.3406 -0.0000 0.0000 -0.8071 -1.5513 39.1977 -0.9806 -7.1250 0.0000 -0.0000 -45.2562 63.3868 -22.4433 -0.0000 -0.0000 0.0000 88.2356 0.0640 24.8577 -17.3590 27.3286 -4.2508 0.0000 -0.0000 -12.9716 -14.4810 22.0370 -5.5348 7.1250 -0.0000 -0.0000 9.0251 -7.5226 7.8667
6.6241 17.9962 6.6056 182.2190 8.8107 -176.0090 0.0000 0.0000 0.0000 -22.4353 -0.8251 -7.4309 1.4842 7.6970 21.7976 0.6903 -2.0912 -15.1231 0.0516 -1.4659 -4.0317 0.0000 0.0000 0.0000 12.4166 3.7651 0.0169 -0.2948 -3.4916 9.6505 -0.1336 -5.2272 -10.7375 -0.0198 0.9077 -2.4948 -1.2676 0.3885 -0.2334 -1.2935 0.5401 -0.2896 -0.6127 0.2806 -0.1645 -15.0318 -5.7048 -12.9899 2.5369 -5.0490 6.9096 2.7619 -2.6652 4.6335 0.0000 -0.0000 0.0000 -84.3009 1.0643 18.8753 31.1114 -41.8272 -12.1441 -0.0000 0.0000 -1.1813 -2.3280 39.5313 -1.4822 -7.1250 0.0000 -0.0000 -46.4526 63.4113 -23.1949 0.0000 -0.0000 0.0000 90.7732 0.5585 21.9494 -16.9764 26.8267 -4.0767 0.0000 -0.0000 -11.6558 -14.6245 21.5423 -5.4730 7.1250 -0.0000 -0.0000 8.9130 -8.0038 7.6811
6.6458 17.9990 6.6162 182.4410 9.1554 -175.8950 0.0000 0.0000 0.0000 -22.0201 0.2475 -8.0589 1.5163 7.7762 22.0363 0.7037 -3.0403 -15.1075 0.0871 -1.9038 -5.2398 0.0000 0.0000 0.0000 12.7965 4.5070 0.1377 -0.2920 -3.4748 9.6035 -0.1110 -5.7736 -10.8640 -0.0070 0.5397 -1.4830 -1.6182 0.4812 -0.2818 -0.9504 0.6571 -0.4613 -0.0659 0.3392 -0.3210 -15.0241 -5.5650 -13.4940 2.5705 -4.7787 7.8922 2.7803 -2.5739 5.0025 -0.0000 0.0000 0.0000 -84.4766 0.3698 18.9879 30.2778 -41.1304 -11.5919 -0.0000 0.0000 -0.4748 -2.5232 39.0220 -1.5893 -7.1250 0.0000 -0.0000 -45.9229 63.0010 -22.4381 -0.0000 0.0000 0.0000 90.5060 0.6371 22.4541 -16.7339 26.5057 -3.9679 0.0000 -0.0000 -11.2913 -16.2428 20.8284 -5.9142 7.1250 -0.0000 -0.0000 7.8523 -8.5283 6.6656
6.6398 17.9890 6.6073 181.8960 9.2730 -176.0890 0.0000 0.0000 0.0000 -22.6319 0.5593 -8.0475 1.4830 7.6941 21.7886 0.6920 -3.2387 -14.9502 0.0011 -0.2181 -0.5991 0.0000 0.0000 0.0000 12.1392 4.4612 -0.1562 -0.3398 -3.7461 10.3635 -0.1455 -5.3012 -11.0468 -0.0009 0.1919 -0.5273 -2.6204 1.1200 -0.5393 -1.0157 1.5286 -0.2571 0.4353 0.7753 -0.0015 -14.9153 -6.0485 -13.8757 3.0274 -5.4572 9.0765 2.8273 -2.9300 5.5073 0.0000 -0.0000 0.0000 -84.1015 -1.0949 21.2083 29.0173 -40.0361 -10.7719 -0.0000 -0.0000 0.1515 -1.9481 38.3994 -1.2103 -7.1250 0.0000 -0.0000 -44.5391 62.7097 -21.3156 0.0000 -0.0000 0.0000 90.7352 1.2062 19.0568 -16.4477 26.1239 -3.8410 0.0000 -0.0000 -11.3323 -14.6945 21.4198 -5.4706 7.1250 -0.0000 -0.0000 8.8635 -8.1189 7.6171
6.5818 17.9501 6.5574 181.8690 8.7274 -176.5280 0.0000 0.0000 0.0000 -23.0714 -0.8991 -6.8165 1.4614 7.6403 21.6267 0.7035 -1.6675 -15.3650 0.1877 -2.7899 -7.6944 0.0000 0.0000 0.0000 11.8501 3.2459 -0.0366 -0.3528 -3.8164 10.5606 -0.1584 -4.8890 -10.8904 -0.0114 0.6888 -1.8930 -1.5892 0.8862 -0.7708 -1.2408 1.2223 -0.0560 -0.3662 0.6188 0.3688 -14.7858 -5.8352 -13.8505 3.1271 -5.2208 9.6244 2.8618 -2.8293 5.6560 -0.0000 -0.0000 0.0000 -83.9663 -1.4057 20.9991 28.0820 -39.1917 -10.1755 -0.0000 -0.0000 1.1800 -1.5174 37.9649 -0.9336 -7.1250 0.0000 -0.0000 -43.5591 62.5077 -20.5437 -0.0000 -0.0000 0.0000 90.8624 1.1021 18.9178 -16.3743 26.0256 -3.8087 0.0000 -0.0000 -11.2228 -14.5764 21.5155 -5.4479 7.1250 -0.0000 -0.0000 8.9423 -8.0366 7.7012
6.5665 17.9823 6.5352 181.5080 8.8369 -176.6770 0.0000 0.0000 0.0000 -23.5858 -1.2207 -6.0789 1.4230 7.5434 21.3357 0.7223 -1.4198 -15.6365 0.0785 -1.8072 -4.9731 0.0000 0.0000 0.0000 11.4118 3.0649 -0.0013 -0.3561 -3.8336 10.6090 -0.1571 -5.0060 -10.9783 -0.0670 1.6700 -4.5945 -0.6277 0.8046 -0.5037 -2.2573 1.1293 -0.2394 -1.9536 0.5862 0.0709 -13.9653 -5.4994 -14.5790 3.6908 -4.9381 10.6710 2.9310 -2.6663 6.0736 0.0000 -0.0000 0.0000 -82.2660 -1.4596 20.8767 26.7683 -37.9574 -9.3563 -0.0000 -0.0000 1.6876 -1.4874 39.1278 -0.9387 -7.1250 0.0000 -0.0000 -45.0985 63.3544 -22.3148 0.0000 -0.0000 0.0000 92.3850 0.9723 18.0203 -16.2436 25.8498 -3.7515 0.0000 -0.0000 -11.5143 -12.3502 22.6997 -4.8297 7.1250 -0.0000 -0.0000 10.3857 -7.1110 9.1761
6.5581 17.9574 6.5210 181.6870 8.8822 -176.6550 0.0000 0.0000 0.0000 -23.3802 -0.7623 -6.3753 1.4045 7.4965 21.1949 0.6987 -1.7615 -15.2895 0.0298 -1.1137 -3.0618 0.0000 0.0000 0.0000 11.5771 3.3128 -0.3142 -0.4146 -4.1329 11.4510 -0.1836 -4.7722 -11.2582 -0.0559 1.5258 -4.1968 -1.5631 0.7903 -1.2463 -1.0676 1.1020 0.0327 -0.1965 0.5544 0.7237 -15.2142 -5.5304 -13.9306 3.5042 -4.7628 10.2172 3.0938 -2.6193 5.8386 0.0000 0.0000 0.0000 -84.0625 -1.9011 20.6162 25.1613 -36.3684 -8.3854 -0.0000 -0.0000 2.1617 0.2181 37.5930 0.1331 -7.1250 0.0000 -0.0000 -41.4217 62.6865 -19.5146 0.0000 0.0000 0.0000 90.5800 1.1021 17.8938 -16.1185 25.6811 -3.6972 0.0000 -0.0000 -11.8366 -11.9750 22.8589 -4.7101 7.1250 -0.0000 -0.0000 10.6247 -6.9953 9.4192
6.5392 17.9463 6.4852 180.9800 9.5924 -177.1170 0.0000 0.0000 0.0000 -24.4187 -0.8710 -5.5089 1.3731 7.4155 20.9524 0.7136 -0.6843 -15.7439 0.0102 -0.6512 -1.7896 0.0000 0.0000 0.0000 10.6307 3.4349 -0.4238 -0.4698 -4.3960 12.1936 -0.2255 -4.1861 -11.5076 -0.1042 2.0812 -5.7302 -2.4870 0.1305 -1.4646 -0.3706 0.2251 -0.2440 1.0185 0.1124 0.5631 -17.0769 -4.6945 -12.4262 3.5966 -3.5211 9.7327 3.5567 -2.0483 5.3668 -0.0000 0.0000 0.0000 -85.8636 -0.4437 16.8326 23.5128 -34.6448 -7.4278 -0.0000 -0.0000 3.9386 -0.7907 37.9918 -0.4867 -7.1250 0.0000 -0.0000 -42.9043 62.7179 -20.3824 -0.0000 0.0000 0.0000 88.7717 -0.2016 20.8393 -16.0664 25.6106 -3.6746 0.0000 -0.0000 -11.6572 -13.0953 21.9631 -4.9724 7.1250 -0.0000 -0.0000 9.8938 -7.7611 8.5996
6.5442 17.9460 6.4893 180.8480 9.7300 -176.9760 0.0000 0.0000 0.0000 -24.4817 -0.6470 -5.9012 1.3895 7.4579 21.0792 0.7200 -1.0032 -15.7217 0.0459 -1.3823 -3.8013 0.0000 0.0000 0.0000 10.5485 3.7176 -0.4171 -0.4492 -4.2998 11.9216 -0.2166 -4.1237 -11.2955 -0.0842 1.8712 -5.1497 -3.1018 -0.3234 -1.3995 0.1979 -0.3823 -0.4089 1.9350 -0.1895 0.3871 -17.3000 -4.2910 -12.9907 2.9466 -2.7052 9.6480 3.4490 -1.6761 5.3482 -0.0000 -0.0000 0.0000 -86.9110 0.1154 14.9402 22.2678 -33.2784 -6.7322 -0.0000 -0.0000 4.6369 -1.4585 40.6335 -0.9499 -7.1250 0.0000 -0.0000 -47.2582 64.4145 -24.7660 -0.0000 -0.0000 0.0000 87.8377 -0.0660 21.7611 -15.5811 24.9494 -3.4674 0.0000 -0.0000 -11.4470 -12.9136 21.7589 -4.8581 7.1250 -0.0000 -0.0000 10.0013 -7.9860 8.6512
6.5240 17.9464 6.4678 181.3840 9.9080 -176.9000 0.0000 0.0000 0.0000 -23.9848 -0.7617 -6.0103 1.4265 7.5523 21.3624 0.7259 -0.9635 -15.7984 0.0139 0.7618 2.0936 0.0000 0.0000 0.0000 11.0295 3.7073 -0.0391 -0.4072 -4.0964 11.3481 -0.2005 -4.3357 -11.1822 -0.1087 2.1256 -5.8528 -2.2794 -0.2699 -1.5365 0.3083 -0.3206 -0.5234 1.5877 -0.1566 0.3394 -16.5784 -4.2259 -12.2041 2.2574 -2.8093 9.4123 3.1156 -1.7341 5.1354 -0.0000 -0.0000 0.0000 -86.9164 0.5208 13.5393 19.7222 -30.3062 -5.3905 -0.0000 -0.0000 5.0232 0.9956 37.0879 0.6004 -7.1250 0.0000 -0.0000 -40.0315 62.5073 -18.5758 -0.0000 -0.0000 0.0000 88.0174 -0.1705 20.3484 -15.0104 24.1606 -3.2302 0.0000 -0.0000 -10.2530 -13.2930 21.7702 -5.0078 7.1250 -0.0000 -0.0000 9.7626 -7.9316 8.4489
6.5338 17.9447 6.4848 181.3930 9.6180 -176.7460 0.0000 0.0000 0.0000 -23.8282 -0.1420 -6.4686 1.4247 7.5478 21.3487 0.7055 -1.6436 -15.3932 0.1131 -2.1679 -5.9698 0.0000 0.0000 0.0000 11.1465 3.8883 -0.2196 -0.4227 -4.1729 11.5636 -0.2138 -4.6226 -11.6705 -0.0714 1.7244 -4.7446 -1.9094 0.2210 -1.2799 -0.3659 0.3298 -0.2539 0.7009 0.1659 0.4489 -15.0991 -4.9317 -14.5665 2.2885 -3.6312 11.0590 2.7883 -2.1635 6.0910 -0.0000 -0.0000 0.0000 -85.5113 -0.6803 13.0268 17.3098 -27.2644 -4.2283 -0.0000 -0.0000 7.4816 -2.7006 38.9372 -1.6980 -7.1250 0.0000 -0.0000 -45.9717 62.8937 -22.3533 -0.0000 -0.0000 0.0000 89.3180 0.0571 18.9139 -15.0556 24.2236 -3.2487 0.0000 -0.0000 -10.6898 -13.9871 21.1975 -5.1465 7.1250 -0.0000 -0.0000 9.3032 -8.4264 7.9478
6.5338 17.9634 6.5186 181.4980 9.1588 -176.1560 0.0000 0.0000 0.0000 -23.5179 -0.3238 -7.4133 1.4569 7.6289 21.5926 0.7037 -2.4860 -15.1968 0.0001 -0.0669 -0.1839 0.0000 0.0000 0.0000 11.3405 3.7123 -0.7305 -0.3968 -4.0446 11.2021 -0.1839 -4.8174 -11.3063 -0.0569 1.5391 -4.2335 -1.8554 0.2385 -1.1683 -0.4112 0.3494 -0.5650 0.6231 0.1824 0.0680 -14.4041 -5.1032 -15.0008 1.9974 -3.8931 11.4988 2.5514 -2.3032 6.3057 0.0000 -0.0000 0.0000 -85.2727 -0.7104 11.2371 15.0553 -24.2232 -3.2486 -0.0000 -0.0000 10.0312 -1.2062 37.3544 -0.7319 -7.1250 0.0000 -0.0000 -42.4800 62.1390 -19.5650 0.0000 -0.0000 0.0000 89.9007 0.1110 16.0473 -14.6031 23.5902 -3.0653 0.0000 -0.0000 -9.2796 -13.6980 21.8509 -5.1835 7.1250 -0.0000 -0.0000 9.5104 -7.8035 8.2485
6.5224 17.9625 6.5038 181.4490 9.2880 -175.9350 0.0000 0.0000 0.0000 -23.6860 -0.8055 -7.4434 1.4504 7.6128 21.5440 0.7222 -2.1292 -15.4722 0.0001 -0.0458 -0.1260 0.0000 0.0000 0.0000 11.1868 3.6575 -1.0198 -0.3897 -4.0084 11.1002 -0.1389 -5.2014 -10.8175 -0.1017 2.0567 -5.6624 -1.7450 -0.5714 -1.8892 0.0622 -0.7196 -0.6238 1.0254 -0.3549 0.4424 -15.9349 -4.2030 -14.2476 2.5646 -2.5624 10.8701 3.1206 -1.6437 5.9030 0.0000 0.0000 0.0000 -86.5884 0.2255 5.4883 13.6756 -22.2690 -2.7039 -0.0000 -0.0000 13.0963 -3.7018 40.0978 -2.3862 -7.1250 0.0000 -0.0000 -48.5355 63.4270 -24.5033 0.0000 0.0000 0.0000 89.0270 0.3681 16.9707 -13.8984 22.5892 -2.7889 0.0000 -0.0000 -8.5592 -12.9977 21.2493 -4.7821 7.1250 -0.0000 -0.0000 9.9321 -8.4865 8.4896
6.4997 17.9288 6.4506 181.8290 10.4259 -176.5870 0.0000 0.0000 0.0000 -23.6544 -0.6334 -6.4308 1.4589 7.6339 21.6076 0.7389 -0.5163 -16.0761 0.0230 -0.9801 -2.6940 0.0000 0.0000 0.0000 11.4076 4.0138 -0.2214 -0.3885 -4.0024 11.0833 -0.1852 -4.2135 -10.7885 -0.1570 2.5531 -7.0369 0.1594 -0.2181 -2.2696 -0.7715 -0.2783 0.2343 -0.8894 -0.1323 1.5074 -14.6161 -4.2265 -14.7653 2.3855 -2.8015 10.2985 2.8283 -1.7070 5.7964 -0.0000 -0.0000 0.0000 -85.4439 -0.0842 2.6760 12.6363 -20.7519 -2.3228 -0.0000 -0.0000 15.0892 -3.3744 39.2358 -2.1358 -7.1250 0.0000 -0.0000 -47.0097 62.9231 -23.0090 -0.0000 -0.0000 0.0000 90.6541 1.2913 15.3011 -13.5411 22.0748 -2.6532 0.0000 -0.0000 -6.0607 -13.1749 22.1989 -5.0542 7.1250 -0.0000 -0.0000 9.8523 -7.5159 8.6105
6.4907 17.9359 6.4441 181.7030 10.5323 -176.4590 0.0000 0.0000 0.0000 -23.8409 -0.4647 -6.6488 1.4884 7.7073 21.8286 0.7615 -0.6553 -16.2812 0.0817 -1.8437 -5.0739 0.0000 0.0000 0.0000 11.2235 4.2186 -0.1987 -0.3726 -3.9208 10.8538 -0.1727 -4.4750 -10.7810 -0.1056 2.0955 -5.7698 -0.1610 -0.2081 -0.8494 -0.6128 -0.2611 -1.1446 -0.5374 -0.1239 -0.6972 -15.1295 -3.8277 -13.7459 2.8858 -2.3729 11.6972 3.1287 -1.5438 6.0550 -0.0000 -0.0000 0.0000 -85.9489 3.0757 1.5561 12.2457 -20.1720 -2.1863 -0.0000 -0.0000 16.0091 -2.7820 39.0995 -1.7554 -7.1250 0.0000 -0.0000 -46.2709 62.9863 -22.6312 -0.0000 -0.0000 0.0000 90.1861 -1.5126 15.2416 -13.7283 22.3449 -2.7239 0.0000 -0.0000 -6.7275 -13.1053 22.1851 -5.0238 7.1250 -0.0000 -0.0000 9.8954 -7.5378 8.6451
6.4861 17.9334 6.4439 181.4960 10.4580 -176.4430 0.0000 0.0000 0.0000 -24.0676 -0.6551 -6.6222 1.4551 7.6246 21.5795 0.7395 -0.5868 -16.0612 0.0146 -0.7789 -2.1405 0.0000 0.0000 0.0000 10.9993 4.3148 -0.4847 -0.4065 -4.0930 11.3386 -0.1919 -4.3041 -10.9951 -0.1439 2.4445 -6.7358 -0.8215 -0.0789 -2.0342 -0.3237 -0.0777 -0.2123 0.1270 -0.0388 0.9233 -15.4214 -4.1721 -14.0924 2.6549 -2.6814 11.1081 3.0616 -1.6924 5.9551 0.0000 0.0000 0.0000 -86.5529 2.2737 0.8072 11.9821 -19.7777 -2.0962 -0.0000 -0.0000 16.5430 -3.3291 39.8412 -2.1342 -7.1250 0.0000 -0.0000 -47.8225 63.3536 -23.9769 0.0000 0.0000 0.0000 89.6076 -0.2710 15.4252 -13.5959 22.1540 -2.6738 0.0000 -0.0000 -6.3770 -13.9447 22.5470 -5.4387 7.1250 -0.0000 -0.0000 9.3840 -7.0752 8.2712
6.4852 17.9308 6.4497 181.5880 10.3418 -176.4920 0.0000 0.0000 0.0000 -23.9452 -0.3313 -6.6209 1.4380 7.5816 21.4504 0.7382 -0.8892 -15.9559 0.1288 -2.3130 -6.3714 0.0000 0.0000 0.0000 11.0967 4.2962 -0.5023 -0.4223 -4.1709 11.5580 -0.1876 -4.4111 -11.0081 -0.1429 2.4363 -6.7131 -0.0513 -0.0595 -1.1660 -0.8322 -0.0655 -0.5348 -0.8235 -0.0286 0.1053 -14.8073 -4.1722 -14.2400 2.6014 -2.7701 11.9202 2.9414 -1.7510 6.2368 0.0000 -0.0000 0.0000 -85.7696 3.2428 0.5302 11.9038 -19.6603 -2.0698 -0.0000 -0.0000 16.2615 -3.2302 39.0521 -2.0364 -7.1250 0.0000 -0.0000 -46.6222 62.8334 -22.6781 0.0000 -0.0000 0.0000 90.4076 -1.1280 15.5301 -13.7262 22.3420 -2.7232 0.0000 -0.0000 -6.8548 -14.6995 21.1214 -5.4002 7.1250 -0.0000 -0.0000 8.8480 -8.4196 7.5501
6.4752 17.9334 6.4539 181.2720 10.3229 -176.5230 0.0000 0.0000 0.0000 -24.3208 -0.6571 -6.6004 1.4437 7.5959 21.4931 0.7472 -0.9022 -16.0514 0.0033 -0.3700 -1.0165 0.0000 0.0000 0.0000 10.6987 4.3368 -0.3519 -0.4001 -4.0609 11.2480 -0.1900 -4.3346 -10.9846 -0.1137 2.1737 -5.9860 -0.8943 -0.1849 -1.4364 -0.3160 -0.2258 -0.2926 0.1737 -0.1116 0.5078 -15.8050 -4.0670 -13.7474 2.6335 -2.4995 11.2600 3.1362 -1.6231 5.9385 -0.0000 0.0000 0.0000 -87.0452 3.7361 0.3418 12.4708 -20.5070 -2.2645 -0.0000 -0.0000 15.3313 -3.3945 39.5190 -2.1615 -7.1250 0.0000 -0.0000 -47.4245 63.1141 -23.4696 -0.0000 0.0000 0.0000 89.0118 -1.1558 17.4487 -13.9120 22.6087 -2.7942 0.0000 -0.0000 -8.4605 -15.2511 20.8415 -5.5407 7.1250 -0.0000 -0.0000 8.4851 -8.6367 7.1962
6.4928 17.9402 6.4713 181.4710 10.8591 -176.3770 0.0000 0.0000 0.0000 -24.0735 0.3211 -7.0074 1.4237 7.5454 21.3417 0.7218 -0.9521 -15.7564 0.0382 -1.2611 -3.4675 0.0000 0.0000 0.0000 10.9449 4.9196 -0.6591 -0.4296 -4.2063 11.6578 -0.1988 -4.2799 -11.1013 -0.1214 2.2459 -6.1857 -0.9514 0.4238 -1.0153 -0.4483 0.5819 -0.2881 0.0817 0.2931 0.2694 -15.1072 -4.4393 -14.1000 2.3169 -3.0308 11.6598 2.8688 -1.8943 6.1571 -0.0000 -0.0000 0.0000 -86.6060 3.6916 2.0037 12.8779 -21.1081 -2.4092 -0.0000 -0.0000 14.1377 -3.3507 39.0866 -2.1140 -7.1250 0.0000 -0.0000 -46.7815 62.8254 -22.7653 -0.0000 -0.0000 0.0000 89.2817 -1.2889 17.0612 -14.0516 22.8084 -2.8481 0.0000 -0.0000 -8.8496 -15.3068 20.3235 -5.4303 7.1250 -0.0000 -0.0000 8.4280 -9.1548 7.0586
6.4924 17.9446 6.4880 181.6380 10.6030 -176.2530 0.0000 0.0000 0.0000 -23.8383 0.2699 -7.2385 1.4674 7.6554 21.6721 0.7563 -1.3975 -16.0154 0.1358 -2.3753 -6.5440 0.0000 0.0000 0.0000 11.2061 4.8478 -0.6884 -0.4105 -4.1127 11.3939 -0.1567 -4.7599 -10.7333 -0.1755 2.6984 -7.4402 -0.3982 0.0436 -0.4464 -0.5301 0.0643 -0.4625 -0.3189 0.0350 -0.2227 -15.5568 -4.0045 -14.5826 2.8382 -2.3455 12.0151 3.1762 -1.5567 6.3029 -0.0000 0.0000 0.0000 -86.5427 3.9216 1.4110 13.2019 -21.5824 -2.5271 -0.0000 -0.0000 13.2393 -2.8810 38.9914 -1.8137 -7.1250 0.0000 -0.0000 -46.2141 62.8838 -22.4876 -0.0000 0.0000 0.0000 89.2727 -1.4885 17.6791 -13.9879 22.7174 -2.8234 0.0000 -0.0000 -8.6479 -14.5542 21.0937 -5.3381 7.1250 -0.0000 -0.0000 8.9392 -8.4647 7.6218
6.4874 17.9465 6.4961 181.1280 10.5757 -176.2260 0.0000 0.0000 0.0000 -24.4529 0.0118 -7.1568 1.4301 7.5617 21.3904 0.7302 -1.0816 -15.8134 0.1426 -2.4335 -6.7054 0.0000 0.0000 0.0000 10.5665 4.8591 -1.1051 -0.4485 -4.2967 11.9128 -0.1748 -4.6378 -10.9697 -0.0934 1.9712 -5.4262 -2.1424 0.3009 -1.1827 0.2844 0.4300 0.0762 1.4997 0.2065 0.7230 -17.0600 -4.3776 -14.7840 3.2546 -2.5139 12.2114 3.5271 -1.6698 6.4499 0.0000 0.0000 0.0000 -88.0564 2.8114 2.0717 13.4347 -21.9208 -2.6133 -0.0000 -0.0000 13.2773 -2.8017 38.7942 -1.7562 -7.1250 0.0000 -0.0000 -45.8708 62.7658 -22.1570 0.0000 0.0000 0.0000 87.5238 -0.8505 18.2262 -14.0814 22.8509 -2.8596 0.0000 -0.0000 -9.3796 -14.7317 20.4963 -5.2602 7.1250 -0.0000 -0.0000 8.8029 -9.0471 7.3994
6.4870 17.9378 6.5170 181.4710 9.9972 -176.2280 0.0000 0.0000 0.0000 -23.9943 -0.0653 -7.3453 1.4468 7.6038 21.5169 0.7152 -1.4850 -15.5406 0.0703 -1.7105 -4.7062 0.0000 0.0000 0.0000 10.9856 4.5571 -0.8177 -0.4226 -4.1726 11.5627 -0.1691 -5.0382 -11.2385 -0.1246 2.2755 -6.2677 -0.7880 -0.0184 -0.0627 -0.3584 -0.0229 -0.4963 0.0750 -0.0070 -0.4724 -16.2930 -3.9771 -14.5456 3.2980 -2.1942 12.9031 3.4648 -1.5140 6.5881 0.0000 -0.0000 0.0000 -86.9174 3.6931 2.4510 13.9286 -22.6326 -2.8006 -0.0000 -0.0000 12.2923 -2.8245 38.7106 -1.7673 -7.1250 0.0000 -0.0000 -45.7788 62.7006 -22.0332 0.0000 -0.0000 0.0000 88.5873 -1.7457 19.1786 -14.2039 23.0255 -2.9074 0.0000 -0.0000 -8.7530 -15.5327 20.7369 -5.6205 7.1250 -0.0000 -0.0000 8.3010 -8.7086 7.0246
6.4844 17.9532 6.5212 181.6940 9.9923 -176.0790 0.0000 0.0000 0.0000 -23.7516 -0.5320 -7.4445 1.4770 7.6791 21.7435 0.7316 -1.3126 -15.7664 0.0284 -1.0877 -2.9902 0.0000 0.0000 0.0000 11.2324 4.6814 -0.5804 -0.3802 -3.9599 10.9639 -0.1410 -5.2107 -10.8689 -0.0755 1.7726 -4.8775 0.0280 0.6491 -1.4400 -1.0996 0.8919 0.6525 -1.1176 0.4563 1.4932 -14.9572 -4.5719 -15.0976 3.3656 -3.2720 12.2831 3.1539 -1.9599 6.5525 0.0000 0.0000 0.0000 -85.3137 1.4065 5.5061 14.3366 -23.2139 -2.9595 -0.0000 -0.0000 11.1593 -2.6410 39.2494 -1.6717 -7.1250 0.0000 -0.0000 -46.3479 63.1293 -22.8305 0.0000 0.0000 0.0000 90.1405 0.4068 16.2908 -13.9304 22.6351 -2.8013 0.0000 -0.0000 -7.7827 -15.4315 20.8392 -5.6084 7.1250 -0.0000 -0.0000 8.3701 -8.6173 7.0997
6.4836 17.9595 6.5284 182.0030 9.7810 -176.0330 0.0000 0.0000 0.0000 -23.3888 -0.2432 -7.6741 1.5157 7.7747 22.0317 0.7235 -1.7307 -15.5737 0.0425 -1.3298 -3.6567 0.0000 0.0000 0.0000 11.5949 4.4033 -0.2701 -0.3363 -3.7270 10.3099 -0.1024 -5.3844 -10.2624 -0.0381 1.2600 -3.4644 -0.1835 0.1372 -0.0848 -0.3431 0.1844 -0.3718 -0.2484 0.0933 -0.3322 -15.8129 -4.0394 -14.4720 2.8570 -2.3218 12.7666 3.2305 -1.5810 6.5330 -0.0000 -0.0000 0.0000 -86.6947 3.2633 4.7346 15.1494 -24.3538 -3.2873 -0.0000 -0.0000 10.7274 -2.9916 39.1801 -1.8910 -7.1250 0.0000 -0.0000 -46.5775 62.9867 -22.8163 -0.0000 -0.0000 0.0000 88.6765 -1.2428 19.1762 -14.3918 23.2921 -2.9813 0.0000 -0.0000 -9.1967 -14.5815 21.4757 -5.4403 7.1250 -0.0000 -0.0000 8.9374 -8.0762 7.6898
6.4839 17.9619 6.5340 181.6650 9.5177 -176.0020 0.0000 0.0000 0.0000 -23.7659 -0.4055 -7.4306 1.4493 7.6100 21.5355 0.7135 -1.6477 -15.4823 0.1310 -2.3328 -6.4263 0.0000 0.0000 0.0000 11.2237 4.3461 -0.8607 -0.4005 -4.0631 11.2542 -0.1611 -4.9477 -10.9988 -0.0676 1.6774 -4.6150 -1.9825 0.1127 -0.7004 0.7288 0.1648 0.0853 1.8597 0.0766 0.4722 -16.9160 -4.3249 -14.6990 2.2086 -2.2504 12.6166 3.1901 -1.6161 6.5380 -0.0000 0.0000 0.0000 -88.6426 2.2130 4.9707 15.6808 -25.0859 -3.5095 -0.0000 -0.0000 10.5928 -3.2109 38.6210 -2.0054 -7.1250 0.0000 -0.0000 -46.0177 62.5351 -21.9976 -0.0000 0.0000 0.0000 86.6058 -0.5542 20.5085 -14.8279 23.9059 -3.1559 0.0000 -0.0000 -10.4948 -14.7603 20.3432 -5.2333 7.1250 -0.0000 -0.0000 8.7789 -9.1985 7.3518
6.4908 17.9464 6.5405 181.0600 9.7147 -176.0880 0.0000 0.0000 0.0000 -24.4388 -0.3200 -7.2844 1.3846 7.4455 21.0420 0.6843 -1.3703 -15.2208 0.1858 -2.7762 -7.6563 0.0000 0.0000 0.0000 10.5502 4.7067 -1.4984 -0.4909 -4.4922 12.4657 -0.1925 -4.8955 -11.5349 -0.0508 1.4550 -4.0016 -1.2283 0.1363 0.0317 -0.6244 0.1837 -0.5227 0.0485 0.0999 -0.5543 -15.9301 -4.0541 -14.2344 2.9870 -2.3662 13.1275 3.2918 -1.6121 6.6184 0.0000 0.0000 0.0000 -86.5898 3.5083 7.5529 17.1690 -27.0800 -4.1640 -0.0000 -0.0000 9.2597 -3.7171 40.2417 -2.4033 -7.1250 0.0000 -0.0000 -48.7590 63.5202 -24.7476 0.0000 0.0000 0.0000 88.5659 -1.0965 20.7824 -14.8144 23.8869 -3.1504 0.0000 -0.0000 -10.0189 -15.1413 20.6537 -5.4520 7.1250 -0.0000 -0.0000 8.5474 -8.8400 7.2153
6.4897 17.9707 6.5381 180.7680 9.5125 -176.0000 0.0000 0.0000 0.0000 -24.7525 -0.6933 -7.1700 1.3941 7.4697 21.1146 0.6974 -1.4346 -15.3526 0.0893 -1.9269 -5.3036 0.0000 0.0000 0.0000 10.2416 4.4195 -1.6813 -0.4844 -4.4630 12.3829 -0.1415 -5.5254 -11.1995 -0.0839 1.8681 -5.1413 -1.4411 0.2111 -0.1757 -0.8739 0.2924 -0.4503 -0.0870 0.1556 -0.3648 -15.5570 -4.2334 -15.0702 3.1431 -2.5576 14.1207 3.2646 -1.7146 7.0970 0.0000 0.0000 0.0000 -86.0669 3.6420 11.3167 19.2062 -29.6741 -5.1325 -0.0000 -0.0000 8.5506 -4.2924 40.8639 -2.8113 -7.1250 0.0000 -0.0000 -50.2062 63.7769 -25.9632 0.0000 0.0000 0.0000 88.6869 -1.5699 23.4797 -16.4192 26.0857 -3.8284 0.0000 -0.0000 -10.8332 -16.1842 20.4910 -5.8012 7.1250 -0.0000 -0.0000 7.8734 -8.8791 6.6284
6.5053 17.9693 6.5393 181.2040 9.6351 -175.9630 0.0000 0.0000 0.0000 -24.2091 -0.7029 -7.4006 1.4614 7.6404 21.6270 0.7226 -1.5199 -15.6138 0.0741 -1.7560 -4.8317 0.0000 0.0000 0.0000 10.7853 4.6101 -1.1933 -0.4267 -4.1921 11.6179 -0.1519 -5.1294 -10.9986 -0.0848 1.8786 -5.1703 -1.3650 0.4323 -0.3887 -0.7004 0.5883 -0.5447 0.0487 0.3028 -0.3457 -15.1926 -4.1739 -14.6208 2.9974 -2.5838 14.6631 3.1652 -1.7378 7.1942 0.0000 -0.0000 0.0000 -85.7531 4.4797 18.0101 22.3283 -33.3460 -6.7654 -0.0000 -0.0000 9.2020 -3.3504 43.3411 -2.3009 -7.1250 0.0000 -0.0000 -53.3585 65.6281 -30.2237 0.0000 -0.0000 0.0000 88.1854 -3.0748 28.3580 -19.4391 29.9606 -5.2483 0.0000 -0.0000 -12.2531 -16.7365 21.5867 -6.3132 7.1250 -0.0000 -0.0000 7.5787 -7.6924 6.5552
6.5183 17.9479 6.5377 181.1330 9.2898 -176.0060 0.0000 0.0000 0.0000 -24.2110 -1.2069 -7.3459 1.4502 7.6123 21.5425 0.7099 -1.3103 -15.5255 0.0411 -1.3079 -3.5964 0.0000 0.0000 0.0000 10.8013 4.6014 -1.2596 -0.4562 -4.3327 12.0146 -0.1893 -5.1756 -11.7386 -0.1753 2.6970 -7.4362 -2.2329 0.3562 -1.1904 -0.1340 0.5103 -0.0190 1.1228 0.2502 0.6295 -15.6573 -4.2251 -15.4361 2.8525 -2.3469 15.0356 3.2115 -1.6672 7.4456 -0.0000 0.0000 0.0000 -85.5184 4.1120 27.0443 27.6644 -38.8054 -9.9127 -0.0000 -0.0000 11.1150 3.5543 38.7045 2.2242 -7.1250 0.0000 -0.0000 -39.6541 64.4222 -20.1282 -0.0000 0.0000 0.0000 85.7223 -3.8735 37.5157 -24.6327 35.8262 -8.0739 0.0000 -0.0000 -13.2691 -16.7866 23.4564 -6.8471 7.1250 -0.0000 -0.0000 7.6631 -5.7822 6.9157
6.5283 17.9516 6.5380 181.5690 9.5815 -176.2600 0.0000 0.0000 0.0000 -23.7281 -0.7748 -7.1218 1.4538 7.6214 21.5698 0.7102 -1.3870 -15.5094 0.0150 -0.7908 -2.1735 0.0000 0.0000 0.0000 11.3525 4.3833 -1.2132 -0.4735 -4.4131 12.2420 -0.1593 -5.2726 -11.2810 -0.2741 3.3674 -9.3034 -1.3213 0.4865 -0.6602 -0.4827 0.6633 -0.6535 0.2489 0.3402 -0.3079 -15.0376 -3.8213 -14.3629 3.1119 -2.1323 15.9706 3.2463 -1.5368 7.5392 0.0000 -0.0000 0.0000 -83.0749 4.8952 36.9857 35.7688 -45.3534 -15.3578 -0.0000 -0.0000 12.0866 -0.5408 36.8336 -0.3242 -7.1250 0.0000 -0.0000 -41.1966 61.9197 -18.6466 0.0000 -0.0000 0.0000 84.3692 -5.3746 47.0007 -32.1201 42.6427 -12.8221 0.0000 -0.0000 -12.2421 -13.8474 26.1066 -6.1907 7.1250 -0.0000 -0.0000 9.6320 -3.5231 9.1544
6.5114 17.9508 6.5448 181.4800 8.2935 -176.6870 0.0000 0.0000 0.0000 -23.8272 -1.6509 -6.4106 1.5083 7.7565 21.9770 0.7352 -1.6294 -15.7266 0.0297 -1.1126 -3.0588 0.0000 0.0000 0.0000 11.3122 3.1251 -0.6199 -0.4343 -4.2291 11.7222 -0.1631 -5.4858 -11.5645 -0.2485 3.2077 -8.8577 -1.4466 1.3365 -1.4965 -0.9329 1.8389 0.5777 -0.0957 0.9159 1.4155 -13.0669 -5.1870 -15.1983 2.2896 -4.2181 15.8815 2.4011 -2.5085 7.7780 0.0000 -0.0000 0.0000 -79.1381 -0.2784 50.2591 46.7536 -51.5992 -23.6052 -0.0000 -0.0000 12.5093 -5.6769 33.1844 -3.1143 -7.1250 0.0000 -0.0000 -41.9580 57.9344 -14.9913 0.0000 -0.0000 0.0000 82.2397 -3.1226 52.4024 -44.9193 50.7289 -22.1762 0.0000 -0.0000 -11.6948 -10.5898 27.9698 -5.0112 7.1250 -0.0000 -0.0000 11.6752 -2.1065 11.4818
6.5189 17.9339 6.5621 181.4980 8.1895 -177.0210 0.0000 0.0000 0.0000 -23.7930 -1.6794 -6.2372 1.5248 7.7970 22.0991 0.7432 -1.4275 -15.8646 0.0894 -1.9290 -5.3095 0.0000 0.0000 0.0000 11.3572 3.2515 -0.0552 -0.4209 -4.1639 11.5383 -0.1678 -5.4860 -11.6506 -0.1430 2.4367 -6.7141 -1.3630 0.9695 -1.1602 -0.8957 1.3354 0.3740 -0.1262 0.6669 1.0234 -13.1511 -4.9205 -15.6735 2.4438 -3.7369 17.2031 2.5237 -2.2948 8.2732 0.0000 -0.0000 0.0000 -76.4115 -4.3590 56.7180 61.9322 -56.8032 -35.9535 -0.0000 -0.0000 11.9074 -8.1083 29.6274 -4.0287 -7.1250 0.0000 -0.0000 -40.8432 54.6896 -11.1027 0.0000 -0.0000 0.0000 78.8045 0.3560 59.0059 -60.9336 56.5536 -35.1190 0.0000 -0.0000 -10.8152 -10.4032 32.4213 -5.6216 7.1250 -0.0000 -0.0000 12.0581 2.2352 12.8018
6.5238 17.9372 6.5891 181.7450 7.9368 -177.0840 0.0000 0.0000 0.0000 -23.4477 -1.7835 -6.4539 1.5709 7.9084 22.4362 0.7320 -1.6865 -15.6785 0.0283 -1.0859 -2.9853 0.0000 0.0000 0.0000 11.6627 3.0841 0.1371 -0.4010 -4.0658 11.2619 -0.1450 -5.5606 -11.3014 -0.0948 1.9858 -5.4665 -1.2455 0.6377 -1.3620 -0.7237 0.8893 0.3656 -0.0223 0.4420 1.1302 -12.2095 -4.3592 -16.7637 1.7235 -2.8197 18.6368 2.2405 -1.8935 8.8551 0.0000 -0.0000 0.0000 -73.1810 -9.9946 59.6627 79.5668 -59.5847 -50.9772 -0.0000 -0.0000 12.1621 -3.9442 27.8666 -1.8458 -7.1250 0.0000 -0.0000 -35.6481 54.0682 -8.8020 0.0000 -0.0000 0.0000 75.2631 5.6776 60.7245 -81.4754 59.7236 -52.6244 0.0000 -0.0000 -9.1642 -8.7115 34.3614 -4.9428 7.1250 -0.0000 -0.0000 13.1310 3.8938 14.3642
6.5481 17.9398 6.5913 182.3850 9.1471 -177.0070 0.0000 0.0000 0.0000 -22.6877 -0.7380 -6.8126 1.5900 7.9540 22.5746 0.7577 -1.6255 -15.9740 0.0374 -1.2484 -3.4327 0.0000 0.0000 0.0000 12.4346 4.3161 0.1840 -0.4208 -4.1635 11.5371 -0.1460 -5.4770 -11.2361 -0.0843 1.8722 -5.1527 -1.0954 0.8777 -1.8691 -0.2536 1.2002 0.0546 0.3873 0.5956 1.0862 -11.8090 -3.3224 -17.1987 1.4685 -1.2347 20.2891 2.3129 -1.1608 9.3873 -0.0000 0.0000 0.0000 -69.7807 -15.3387 58.0826 95.8870 -59.8686 -65.0961 -0.0000 -0.0000 12.6687 -6.3629 26.2125 -2.8199 -7.1250 0.0000 -0.0000 -36.5850 52.2797 -7.3638 -0.0000 0.0000 0.0000 71.0268 11.9392 58.3007 -100.9194 59.5446 -69.4420 0.0000 -0.0000 -10.3916 -11.1507 35.9616 -6.6027 7.1250 -0.0000 -0.0000 11.9526 5.8027 13.3812
6.5515 17.9385 6.5872 181.8980 9.2745 -177.3380 0.0000 0.0000 0.0000 -23.2419 -0.5528 -6.2048 1.5561 7.8728 22.3285 0.7575 -1.6308 -15.9708 0.0304 -1.1253 -3.0937 0.0000 0.0000 0.0000 11.8661 4.1538 0.1715 -0.4550 -4.3271 11.9987 -0.1813 -5.1658 -11.5850 -0.0681 1.6840 -4.6332 -1.8815 0.8026 -1.5927 -0.0538 1.1079 -0.5791 1.0187 0.5593 0.2651 -10.6269 -2.4672 -16.6069 -0.0198 0.0768 21.1658 1.7939 -0.5950 9.5009 -0.0000 -0.0000 0.0000 -65.4768 -19.9147 52.7461 108.7213 -58.6334 -76.1387 -0.0000 -0.0000 8.5252 -6.7745 25.9488 -2.9755 -7.1250 0.0000 -0.0000 -36.7586 51.9935 -7.1272 -0.0000 -0.0000 0.0000 65.3461 17.4002 51.1577 -115.1415 57.4714 -81.5883 0.0000 -0.0000 -12.0161 -15.6619 37.1245 -9.6044 7.1250 -0.0000 -0.0000 9.6892 7.7099 11.0506
6.5535 17.9309 6.5848 181.6980 9.1893 -177.4430 0.0000 0.0000 0.0000 -23.4546 -0.7433 -6.1429 1.5204 7.7861 22.0662 0.7308 -1.3581 -15.7465 0.0180 -0.8662 -2.3808 0.0000 0.0000 0.0000 11.6941 4.1695 0.0035 -0.4916 -4.4955 12.4751 -0.1876 -5.1930 -11.7244 -0.1041 2.0805 -5.7281 -1.5539 0.7787 -2.7938 -0.5717 1.1081 0.0729 0.3309 0.5467 1.6225 -10.1399 -2.5791 -17.9821 0.3157 -0.1379 21.9070 1.8053 -0.6655 10.0212 -0.0000 -0.0000 0.0000 -58.2368 -27.0966 42.7691 114.4853 -57.6088 -81.0347 -0.0000 -0.0000 2.7535 -4.4846 26.6509 -2.0149 -7.1250 0.0000 -0.0000 -35.2241 52.9685 -7.6653 -0.0000 -0.0000 0.0000 59.1797 24.5066 38.7757 -122.3125 55.6616 -87.5758 0.0000 -0.0000 -16.1039 -17.4074 35.5748 -10.3369 7.1250 -0.0000 -0.0000 8.5439 6.5113 9.5591
6.5613 17.9316 6.5682 181.9470 9.3436 -177.5730 0.0000 0.0000 0.0000 -23.1713 -0.6005 -6.0606 1.5472 7.8512 22.2630 0.7497 -1.2545 -15.9810 0.0122 -0.7129 -1.9593 0.0000 0.0000 0.0000 12.0423 4.2906 0.5385 -0.4534 -4.3200 11.9786 -0.1679 -5.4701 -11.6375 -0.0648 1.6422 -4.5178 -1.6826 0.7565 -2.3573 -0.2421 1.0661 -0.7865 0.7240 0.5411 0.4895 -10.8637 -3.0041 -16.3729 0.4031 -0.6396 22.2093 1.8992 -0.9142 9.8728 -0.0000 -0.0000 0.0000 -51.4829 -30.3318 31.0895 114.1502 -57.6773 -80.7516 -0.0000 0.0000 -1.6494 -3.4096 27.2240 -1.5612 -7.1250 0.0000 -0.0000 -34.6727 53.6360 -8.1232 -0.0000 -0.0000 0.0000 50.4150 27.3168 25.1719 -125.2145 54.7522 -89.9593 0.0000 -0.0000 -23.3652 -19.6020 35.4168 -11.6610 7.1250 -0.0000 -0.0000 7.3353 6.7975 8.2159
6.5481 17.9435 6.5405 181.9700 8.4538 -177.5540 0.0000 0.0000 0.0000 -23.1348 -0.6441 -5.8538 1.5726 7.9125 22.4485 0.7714 -2.0771 -16.0189 0.0659 -1.6559 -4.5557 0.0000 0.0000 0.0000 12.0033 3.2430 0.8525 -0.4059 -4.0899 11.3296 -0.1510 -5.5478 -11.4022 -0.0851 1.8819 -5.1795 -1.4856 0.2810 -2.3281 -0.3198 0.4408 -1.4886 0.5142 0.2455 -0.2280 -11.6816 -3.7670 -14.6959 0.7694 -1.7543 22.1756 2.0263 -1.4346 9.6369 -0.0000 -0.0000 0.0000 -42.6185 -32.9974 18.0171 109.9268 -58.4452 -77.1670 -0.0000 0.0000 -6.6736 -1.9619 27.3058 -0.9003 -7.1250 0.0000 -0.0000 -33.4069 53.9690 -8.0566 -0.0000 -0.0000 0.0000 41.8251 29.2021 10.7789 -122.1299 55.7151 -87.4251 0.0000 -0.0000 -29.2504 -17.9026 33.7962 -10.1867 7.1250 -0.0000 -0.0000 8.0329 4.8361 8.7651
6.5532 17.9216 6.5178 181.8010 8.4568 -177.6140 0.0000 0.0000 0.0000 -23.3962 -1.1716 -5.4391 1.4988 7.7330 21.9061 0.7383 -1.3343 -15.8345 0.0330 -1.1733 -3.2258 0.0000 0.0000 0.0000 11.7758 3.2158 0.6230 -0.4546 -4.3255 11.9942 -0.2105 -5.0767 -12.0195 -0.1059 2.0986 -5.7783 -1.5916 0.2355 -2.3362 -0.5699 0.3822 -1.2840 0.3173 0.2122 -0.0117 -12.1344 -4.5464 -16.1216 1.3264 -2.7018 22.8198 2.1538 -1.8964 10.2154 0.0000 -0.0000 0.0000 -33.0893 -35.7970 3.3255 99.5163 -59.6550 -68.2318 -0.0000 0.0000 -12.8929 -3.4910 27.7788 -1.6286 -7.1250 0.0000 -0.0000 -35.1668 54.0800 -8.6689 0.0000 -0.0000 0.0000 32.9172 30.2530 -3.1854 -112.8059 57.9405 -79.6139 0.0000 -0.0000 -34.0213 -20.6146 34.1974 -11.9378 7.1250 -0.0000 -0.0000 6.5972 5.7881 7.2752
6.5722 17.9291 6.5013 181.4530 8.8996 -177.3310 0.0000 0.0000 0.0000 -23.6809 -0.5085 -5.9374 1.4812 7.6897 21.7755 0.7451 -1.7490 -15.8076 0.0300 -1.1174 -3.0719 0.0000 0.0000 0.0000 11.4169 3.7172 0.1136 -0.4880 -4.4794 12.4293 -0.2309 -4.9631 -12.2669 -0.0929 1.9656 -5.4107 -2.1954 0.4183 -2.0216 -0.8321 0.6382 -1.6012 0.3876 0.3554 -0.5210 -11.5302 -4.7892 -17.0482 1.2390 -3.0701 23.3745 1.9619 -2.0476 10.6014 -0.0000 -0.0000 0.0000 -24.6001 -36.3818 -8.7977 85.0131 -59.9058 -55.6826 -0.0000 0.0000 -18.7875 -3.0888 28.6222 -1.4807 -7.1250 0.0000 -0.0000 -35.4576 54.8501 -9.4610 -0.0000 -0.0000 0.0000 25.3157 29.1005 -15.7165 -100.4829 59.5807 -69.0657 0.0000 -0.0000 -39.4250 -20.0157 33.3280 -11.3180 7.1250 -0.0000 -0.0000 6.7990 4.7870 7.3931
6.5786 17.9283 6.4629 181.5800 9.1103 -177.4280 0.0000 0.0000 0.0000 -23.6159 -0.5044 -5.4859 1.4744 7.6727 21.7243 0.7731 -1.4188 -16.1922 0.0273 -1.0663 -2.9312 0.0000 0.0000 0.0000 11.5896 3.5210 0.4551 -0.4597 -4.3492 12.0612 -0.2160 -4.7989 -11.8652 -0.1817 2.7457 -7.5717 -1.8044 0.4593 -1.7076 -0.9344 0.6771 -1.6202 0.0612 0.3717 -0.7111 -11.0383 -4.3707 -17.4286 1.0655 -2.5706 23.0891 1.8855 -1.7990 10.5171 0.0000 -0.0000 0.0000 -17.5817 -35.7528 -19.6611 68.4744 -58.1747 -41.4726 -0.0000 0.0000 -24.4271 -3.2096 29.4169 -1.5777 -7.1250 0.0000 -0.0000 -36.2161 55.4765 -10.2891 0.0000 -0.0000 0.0000 19.0511 27.0246 -25.5507 -85.7266 59.9309 -56.2999 0.0000 -0.0000 -43.4241 -19.0266 32.4844 -10.4927 7.1250 -0.0000 -0.0000 7.2346 3.7391 7.7515
6.5884 17.9394 6.4528 181.3910 9.2163 -177.4490 0.0000 0.0000 0.0000 -23.7828 -0.2458 -5.3146 1.4605 7.6381 21.6201 0.7827 -1.5504 -16.2620 0.1199 -2.2324 -6.1485 0.0000 0.0000 0.0000 11.3890 3.4235 0.3767 -0.4655 -4.3764 12.1382 -0.2214 -4.8717 -12.0229 -0.1396 2.4077 -6.6338 -2.0657 0.4862 -1.3922 -0.9603 0.7039 -1.4632 0.1790 0.3843 -0.7303 -10.4133 -3.7990 -18.1758 0.8346 -1.8636 22.6714 1.7919 -1.4551 10.4409 0.0000 0.0000 0.0000 -11.9199 -34.5873 -29.0066 53.4725 -54.3035 -28.9714 -0.0000 0.0000 -29.0772 -4.6462 30.0112 -2.3277 -7.1250 0.0000 -0.0000 -38.0418 55.6715 -11.1156 0.0000 0.0000 0.0000 13.9600 24.3762 -33.7158 -71.2388 58.6273 -43.8272 0.0000 -0.0000 -46.9272 -20.4500 32.0773 -11.2013 7.1250 -0.0000 -0.0000 6.3794 3.6125 6.8100
6.6074 17.9349 6.4336 180.8270 9.7050 -177.5640 0.0000 0.0000 0.0000 -24.3290 0.3666 -5.3051 1.4297 7.5606 21.3873 0.7799 -1.7682 -16.1788 0.1125 -2.1628 -5.9557 0.0000 0.0000 0.0000 10.8595 3.5394 0.0300 -0.5136 -4.5937 12.7531 -0.2353 -4.7025 -12.1123 -0.2751 3.3740 -9.3217 -2.7602 0.5808 -1.1273 -1.1608 0.8325 -1.5798 0.3584 0.4623 -1.0081 -9.8359 -3.1792 -17.3331 0.6128 -1.2508 21.8430 1.7074 -1.1275 9.9331 -0.0000 0.0000 0.0000 -7.7189 -32.9840 -36.3156 41.4940 -48.9306 -19.5583 -0.0000 0.0000 -31.3587 -4.6945 30.8837 -2.4137 -7.1250 0.0000 -0.0000 -38.8552 56.3560 -12.0905 -0.0000 0.0000 0.0000 11.1418 21.9896 -39.6237 -58.6361 55.9354 -33.2087 0.0000 -0.0000 -47.8172 -21.2848 31.4880 -11.5018 7.1250 -0.0000 -0.0000 5.8250 3.1859 6.1710
6.6161 17.9314 6.4199 181.3910 9.8393 -177.2630 0.0000 0.0000 0.0000 -23.7072 -0.1565 -5.4191 1.4150 7.5232 21.2750 0.7524 -1.2230 -16.0187 0.0098 -0.6395 -1.7572 0.0000 0.0000 0.0000 11.4713 3.7915 -0.0394 -0.4986 -4.5270 12.5642 -0.2399 -4.6932 -12.1829 -0.2264 3.0630 -8.4541 -2.2880 0.2385 -0.9484 -0.7344 0.3583 -1.6757 0.5289 0.2204 -1.1937 -10.4963 -2.7848 -17.3495 0.5662 -0.4807 21.7362 1.9043 -0.8195 9.8648 0.0000 0.0000 0.0000 -5.3439 -29.9719 -42.3661 33.0734 -43.3864 -13.4725 -0.0000 0.0000 -32.5111 -6.6003 31.4203 -3.4519 -7.1250 0.0000 -0.0000 -41.0893 56.3834 -12.9921 0.0000 0.0000 0.0000 8.6871 20.5063 -44.6575 -49.1513 52.6474 -25.4979 0.0000 -0.0000 -49.2229 -21.7110 30.4968 -11.4238 7.1250 -0.0000 -0.0000 5.4432 2.2627 5.6792
6.6362 17.9529 6.4029 181.7220 10.0600 -177.0190 0.0000 0.0000 0.0000 -23.2897 0.1818 -5.6338 1.4460 7.6016 21.5104 0.7624 -1.3359 -16.0974 0.0656 -1.6529 -4.5473 0.0000 0.0000 0.0000 11.8733 4.2752 0.3102 -0.4538 -4.3215 11.9831 -0.2267 -4.7711 -12.0248 -0.1331 2.3511 -6.4771 -2.1444 0.3469 -0.9489 -0.6581 0.4979 -1.4434 0.5278 0.2813 -0.9583 -11.1136 -3.2289 -17.9720 1.0833 -0.9884 21.9700 2.1152 -1.0665 10.1037 0.0000 0.0000 0.0000 -4.2282 -28.0290 -46.6349 28.2277 -39.3250 -10.2676 -0.0000 0.0000 -34.0721 -7.4296 32.5275 -4.0109 -7.1250 0.0000 -0.0000 -42.9019 57.0562 -14.4650 0.0000 0.0000 0.0000 8.1236 18.0468 -49.0397 -43.2074 49.8595 -20.8592 0.0000 -0.0000 -51.5383 -21.0531 29.3111 -10.6718 7.1250 -0.0000 -0.0000 5.6656 0.9164 5.7837
6.6659 17.9352 6.3989 181.7260 10.2537 -176.8300 0.0000 0.0000 0.0000 -23.1566 0.3726 -6.0997 1.4541 7.6221 21.5721 0.7815 -1.5682 -16.2447 0.0394 -1.2815 -3.5238 0.0000 0.0000 0.0000 11.9764 4.6923 0.3856 -0.4376 -4.2449 11.7668 -0.2223 -4.9543 -12.1118 -0.1437 2.4432 -6.7323 -2.6288 0.1523 -0.7833 -0.4270 0.2328 -1.4382 1.0349 0.1546 -1.0427 -12.0037 -3.6650 -17.5744 1.2522 -1.4731 21.3903 2.2454 -1.3346 9.8719 0.0000 -0.0000 0.0000 -5.0875 -25.3906 -49.0638 25.5046 -36.7153 -8.5898 -0.0000 0.0000 -35.3039 -7.8850 32.4904 -4.2546 -7.1250 0.0000 -0.0000 -43.2773 56.9313 -14.4895 0.0000 -0.0000 0.0000 8.2677 16.5894 -51.9713 -38.8974 47.4029 -17.6232 0.0000 -0.0000 -51.1906 -20.9930 29.2277 -10.6122 7.1250 -0.0000 -0.0000 5.6900 0.8192 5.7993
6.6510 17.9309 6.3844 181.7110 10.2497 -176.9530 0.0000 0.0000 0.0000 -23.2195 0.5761 -5.9614 1.4622 7.6423 21.6328 0.7532 -1.5424 -15.9452 0.0626 -1.6149 -4.4425 0.0000 0.0000 0.0000 11.8750 4.4110 0.4389 -0.4371 -4.2423 11.7592 -0.2190 -4.7472 -11.8710 -0.1601 2.5777 -7.1051 -2.3226 0.0725 -0.6136 -0.5637 0.1186 -1.2251 0.7237 0.0884 -0.9139 -12.5758 -3.9990 -17.2277 1.8354 -1.9840 21.3009 2.4742 -1.5533 9.8258 0.0000 -0.0000 0.0000 -6.8000 -23.2409 -49.0246 24.6397 -35.8335 -8.0780 -0.0000 0.0000 -38.2645 -9.1093 32.8789 -4.9747 -7.1250 0.0000 -0.0000 -44.7638 56.9609 -15.1713 0.0000 -0.0000 0.0000 9.5169 14.5269 -53.4324 -36.9107 46.1292 -16.1756 0.0000 -0.0000 -49.2282 -20.2250 28.9798 -10.1208 7.1250 -0.0000 -0.0000 6.1074 0.4179 6.1869
6.6624 17.9288 6.3839 181.6380 10.4615 -176.9460 0.0000 0.0000 0.0000 -23.2336 0.9946 -6.1259 1.4638 7.6464 21.6451 0.8045 -1.9876 -16.3898 0.1196 -2.2292 -6.1395 0.0000 0.0000 0.0000 11.8270 4.9287 0.3166 -0.4803 -4.4441 12.3295 -0.2486 -4.5942 -12.2449 -0.0837 1.8664 -5.1365 -2.2607 0.3314 -0.5813 -0.9258 0.4671 -1.0898 0.3180 0.2601 -0.8001 -12.1628 -4.3267 -16.7895 1.8973 -2.6538 21.1509 2.3386 -1.8260 9.7326 0.0000 -0.0000 0.0000 -8.7671 -22.2498 -47.4645 24.4957 -35.6841 -7.9939 -0.0000 0.0000 -40.2095 -9.3293 33.2680 -5.1495 -7.1250 0.0000 -0.0000 -45.3548 57.2009 -15.7122 0.0000 -0.0000 0.0000 11.6902 12.0123 -53.8315 -37.0650 46.2316 -16.2870 0.0000 -0.0000 -49.4359 -18.7347 28.7185 -9.2560 7.1250 -0.0000 -0.0000 6.9495 -0.1224 6.9863
6.6494 17.9173 6.3898 181.8140 10.3128 -176.9920 0.0000 0.0000 0.0000 -23.0655 0.6014 -6.0518 1.4642 7.6474 21.6480 0.7849 -1.7864 -16.2283 0.0269 -1.0591 -2.9115 0.0000 0.0000 0.0000 12.0078 5.1667 0.2905 -0.5092 -4.5743 12.6983 -0.2585 -4.7253 -12.5179 -0.0457 1.3794 -3.7932 -2.0368 -0.2326 -0.3638 -0.4021 -0.2996 -0.9767 0.7305 -0.1294 -0.7876 -12.1279 -3.9767 -16.6718 0.7889 -1.9018 20.7786 2.0449 -1.5737 9.5228 -0.0000 0.0000 0.0000 -12.5405 -19.4328 -46.1767 24.6815 -35.8767 -8.1025 -0.0000 0.0000 -40.9419 -9.6408 33.3319 -5.3326 -7.1250 0.0000 -0.0000 -45.6984 57.1805 -15.8448 -0.0000 0.0000 0.0000 12.0344 12.5356 -53.5320 -38.0937 46.8990 -17.0340 0.0000 -0.0000 -49.8098 -19.1100 28.3770 -9.3510 7.1250 -0.0000 -0.0000 6.6919 -0.4022 6.6907
6.6402 17.9049 6.3901 181.1920 10.5057 -177.3370 0.0000 0.0000 0.0000 -23.7615 1.4706 -5.8884 1.4200 7.5359 21.3130 0.7717 -2.1251 -16.0119 0.0717 -1.7281 -4.7547 0.0000 0.0000 0.0000 11.2750 5.2579 0.1215 -0.5730 -4.8478 13.4749 -0.2979 -4.3576 -12.8488 -0.0658 1.6551 -4.5535 -2.2842 0.0278 -0.3594 -0.8995 0.0553 -0.7848 0.3589 0.0480 -0.6031 -10.6960 -3.8136 -16.7415 0.2400 -1.8610 21.5862 1.6339 -1.5129 9.7875 0.0000 0.0000 0.0000 -15.0810 -19.1707 -43.9224 24.7754 -35.9735 -8.1576 -0.0000 0.0000 -42.2029 -10.1654 32.6675 -5.5280 -7.1250 0.0000 -0.0000 -45.4935 56.5805 -15.0520 0.0000 0.0000 0.0000 13.4803 11.2798 -53.6343 -39.1058 47.5311 -17.7768 0.0000 -0.0000 -49.8646 -19.2227 29.1002 -9.6245 7.1250 -0.0000 -0.0000 6.7066 0.3537 6.7945
6.6105 17.9218 6.3931 180.7550 9.8731 -177.0720 0.0000 0.0000 0.0000 -24.2838 0.5737 -6.0471 1.4196 7.5350 21.3103 0.7609 -2.2241 -15.8758 0.0122 -0.7134 -1.9606 0.0000 0.0000 0.0000 10.7789 4.8036 -0.4004 -0.5821 -4.8853 13.5817 -0.2662 -4.8427 -12.7434 -0.1386 2.3993 -6.6105 -2.0867 -0.4700 -0.4302 -1.0359 -0.6044 -0.9314 0.1097 -0.2793 -0.7017 -11.1568 -3.3371 -16.8328 1.1174 -1.2739 21.7659 2.0998 -1.1832 9.8383 0.0000 -0.0000 0.0000 -18.2408 -18.2548 -43.0584 24.7941 -35.9928 -8.1686 -0.0000 0.0000 -42.7143 -11.2712 33.2593 -6.2377 -7.1250 0.0000 -0.0000 -47.0688 56.7774 -15.9913 0.0000 -0.0000 0.0000 13.7649 11.7187 -53.1992 -39.8583 47.9857 -18.3339 0.0000 -0.0000 -49.9007 -17.6913 28.6513 -8.6955 7.1250 -0.0000 -0.0000 7.5543 -0.3730 7.5712
6.5768 17.9088 6.3948 181.0240 9.1703 -177.0820 0.0000 0.0000 0.0000 -24.0789 0.2215 -5.8932 1.4054 7.4987 21.2014 0.7468 -2.3052 -15.7068 0.1197 -2.2307 -6.1435 0.0000 0.0000 0.0000 10.9770 4.1854 -0.5713 -0.6098 -4.9981 13.9032 -0.2989 -4.7734 -13.1994 -0.1717 2.6692 -7.3592 -1.0245 -0.6406 -0.5726 -1.2262 -0.8303 -0.7739 -0.6819 -0.4023 -0.4745 -10.8333 -3.1734 -16.1177 1.5905 -1.3973 21.1537 2.1943 -1.1534 9.4865 -0.0000 -0.0000 0.0000 -21.1057 -18.6808 -42.2250 25.1794 -36.3868 -8.3961 -0.0000 0.0000 -42.9287 -11.0372 33.6723 -6.1723 -7.1250 0.0000 -0.0000 -47.2895 57.1254 -16.5150 -0.0000 -0.0000 0.0000 13.9602 11.0692 -52.1006 -40.3360 48.2677 -18.6896 0.0000 -0.0000 -49.7840 -18.2841 28.7284 -9.0241 7.1250 -0.0000 -0.0000 7.2146 -0.1921 7.2482
6.5806 17.9045 6.4125 180.8370 9.8848 -177.1220 0.0000 0.0000 0.0000 -24.3288 0.6435 -6.0729 1.4164 7.5267 21.2855 0.7599 -2.1479 -15.8806 0.1327 -2.3478 -6.4678 0.0000 0.0000 0.0000 10.6925 4.6020 -0.7057 -0.6181 -5.0314 13.9981 -0.2872 -4.4286 -12.7371 -0.0715 1.7253 -4.7472 -1.3043 -0.5465 -0.3595 -1.1655 -0.7092 -0.6713 -0.4613 -0.3413 -0.4841 -11.0103 -3.2898 -17.0764 1.7431 -1.3895 22.0016 2.2826 -1.1669 9.9697 0.0000 -0.0000 0.0000 -24.2359 -18.1637 -40.7294 26.0961 -37.3035 -8.9458 -0.0000 0.0000 -44.3086 -10.6260 34.0408 -5.9954 -7.1250 0.0000 -0.0000 -47.3138 57.4800 -16.9544 0.0000 -0.0000 0.0000 13.4030 11.2779 -51.6070 -40.6294 48.4384 -18.9088 0.0000 -0.0000 -49.5430 -17.3877 29.0120 -8.6357 7.1250 -0.0000 -0.0000 7.7686 -0.0608 7.8327
6.5858 17.9104 6.4366 180.9830 9.8565 -177.0870 0.0000 0.0000 0.0000 -24.1087 0.7170 -6.3105 1.4283 7.5570 21.3765 0.7215 -2.2039 -15.4495 0.1029 -2.0683 -5.6943 0.0000 0.0000 0.0000 10.9385 4.9336 -0.5809 -0.5999 -4.9580 13.7887 -0.2520 -4.8889 -12.5514 -0.0590 1.5670 -4.3105 -1.1805 -0.6065 -0.1621 -1.1514 -0.7931 -0.4210 -0.5156 -0.3865 -0.3401 -10.6573 -3.2696 -17.7873 1.4077 -1.3138 21.9981 2.1108 -1.1521 10.0897 0.0000 -0.0000 0.0000 -26.7630 -18.1564 -39.1590 26.7855 -37.9739 -9.3669 -0.0000 0.0000 -44.8201 -10.0051 33.9287 -5.6238 -7.1250 0.0000 -0.0000 -46.6438 57.5356 -16.7017 0.0000 -0.0000 0.0000 13.3743 11.3253 -51.3307 -41.1622 48.7436 -19.3085 0.0000 -0.0000 -49.3755 -18.0535 29.1257 -9.0148 7.1250 -0.0000 -0.0000 7.3917 0.1695 7.4759
6.5822 17.9246 6.4475 181.1610 9.7182 -176.9740 0.0000 0.0000 0.0000 -23.9243 0.1354 -6.2504 1.4384 7.5824 21.4528 0.7117 -1.8023 -15.4262 0.0024 -0.3182 -0.8744 0.0000 0.0000 0.0000 11.0967 4.6701 -0.3332 -0.5354 -4.6884 13.0220 -0.2486 -4.8656 -12.4764 -0.0877 1.9105 -5.2583 -0.8351 -0.6749 -0.0339 -1.2490 -0.8860 -0.3918 -0.8074 -0.4341 -0.3888 -10.4166 -3.3709 -17.3082 1.2602 -1.6041 21.2384 1.9729 -1.2759 9.7419 0.0000 0.0000 0.0000 -29.2743 -17.7321 -36.8769 27.8890 -39.0139 -10.0537 -0.0000 0.0000 -44.7029 -10.5392 33.7645 -5.9035 -7.1250 0.0000 -0.0000 -46.9456 57.3001 -16.5639 0.0000 0.0000 0.0000 13.2833 11.2777 -50.7894 -41.2765 48.8083 -19.3944 0.0000 -0.0000 -49.9532 -17.7071 28.9080 -8.7738 7.1250 -0.0000 -0.0000 7.5713 -0.1109 7.6235
6.5905 17.9395 6.4662 181.0720 10.0684 -176.8480 0.0000 0.0000 0.0000 -24.0465 0.2491 -6.2694 1.4083 7.5061 21.2236 0.7446 -1.6342 -15.8286 0.1250 -2.2789 -6.2771 0.0000 0.0000 0.0000 10.9897 4.7076 -0.6284 -0.5319 -4.6732 12.9789 -0.2492 -4.5802 -12.2427 -0.0846 1.8764 -5.1642 -1.1698 -0.5036 -0.0560 -1.3104 -0.6519 -0.1884 -0.6847 -0.3159 -0.1634 -10.1775 -3.5165 -17.4342 1.0449 -1.8601 20.6920 1.8162 -1.4011 9.5814 -0.0000 -0.0000 0.0000 -31.7130 -17.5903 -34.6879 29.3571 -40.3359 -10.9911 -0.0000 0.0000 -45.0029 -11.3879 33.5318 -6.3487 -7.1250 0.0000 -0.0000 -47.4525 56.9486 -16.3764 -0.0000 -0.0000 0.0000 13.6899 11.1179 -50.2642 -41.9053 49.1591 -19.8689 0.0000 -0.0000 -49.8068 -18.2747 28.9039 -9.0687 7.1250 -0.0000 -0.0000 7.2389 -0.0160 7.2953
6.5951 17.9457 6.4814 181.0890 10.5519 -176.6150 0.0000 0.0000 0.0000 -24.0603 0.3347 -6.5478 1.3916 7.4635 21.0959 0.7236 -1.1964 -15.7089 0.1694 -2.6518 -7.3108 0.0000 0.0000 0.0000 10.9504 4.7282 -1.0963 -0.5269 -4.6517 12.9179 -0.2197 -4.3335 -11.5275 -0.1228 2.2595 -6.2234 -1.3239 -0.4717 -0.1924 -1.3814 -0.5991 0.0603 -0.6736 -0.2898 0.1685 -9.8907 -3.4823 -18.3489 0.8613 -1.7480 21.0035 1.7138 -1.3623 9.8474 -0.0000 -0.0000 0.0000 -34.0905 -17.1695 -33.2140 30.7970 -41.5668 -11.9349 -0.0000 0.0000 -44.3886 -11.5777 33.6405 -6.4749 -7.1250 0.0000 -0.0000 -47.7324 56.9857 -16.5523 -0.0000 -0.0000 0.0000 14.5051 11.4887 -49.3801 -42.2360 49.3402 -20.1194 0.0000 -0.0000 -49.3043 -19.3428 29.0245 -9.6656 7.1250 -0.0000 -0.0000 6.6279 0.2988 6.7073
6.6075 17.9736 6.4994 181.4970 10.7301 -176.4300 0.0000 0.0000 0.0000 -23.5850 0.0571 -6.6088 1.4290 7.5588 21.3817 0.7617 -1.0836 -16.1577 0.0313 -1.1429 -3.1420 0.0000 0.0000 0.0000 11.4290 4.8605 -0.6424 -0.4417 -4.2646 11.8222 -0.1982 -4.5414 -11.3194 -0.0900 1.9344 -5.3243 -1.1608 -0.5008 0.3120 -1.3256 -0.6523 0.0264 -0.7031 -0.3164 -0.1501 -10.5814 -3.4181 -18.5122 1.7505 -1.6756 20.9895 2.1486 -1.2875 9.8808 -0.0000 -0.0000 0.0000 -37.2837 -15.6216 -29.1614 33.3683 -43.6112 -13.6754 -0.0000 0.0000 -44.0959 -11.3277 34.9494 -6.5464 -7.1250 0.0000 -0.0000 -48.9177 57.9688 -18.3398 -0.0000 -0.0000 0.0000 16.4729 10.5223 -45.8598 -43.6479 50.0887 -21.1965 0.0000 -0.0000 -49.1924 -20.8047 28.8548 -10.3906 7.1250 -0.0000 -0.0000 5.7533 0.4008 5.8228
6.6250 17.9680 6.5239 180.7950 11.0540 -176.1240 0.0000 0.0000 0.0000 -24.2818 -0.0842 -7.1654 1.3877 7.4532 21.0653 0.7195 -0.7684 -15.7845 0.0277 -1.0745 -2.9539 0.0000 0.0000 0.0000 10.6410 5.2830 -1.3670 -0.4785 -4.4361 12.3070 -0.2297 -4.1866 -11.5811 -0.0617 1.6034 -4.4107 -2.3529 -0.4355 0.3725 -1.5573 -0.5624 -0.2019 -0.2719 -0.2609 -0.4079 -10.4798 -3.4993 -18.2298 1.5403 -1.7903 20.9766 2.0437 -1.3529 9.8303 -0.0000 -0.0000 0.0000 -41.3634 -13.8832 -24.0770 36.8135 -46.0645 -16.1056 -0.0000 0.0000 -41.4492 -9.1250 37.5529 -5.5913 -7.1250 0.0000 -0.0000 -50.0224 60.2886 -21.7699 -0.0000 -0.0000 0.0000 19.5082 9.1229 -40.9753 -45.1257 50.8299 -22.3362 0.0000 -0.0000 -46.7492 -21.2878 29.0357 -10.7089 7.1250 -0.0000 -0.0000 5.4938 0.6804 5.5843
6.6345 17.9642 6.5361 181.1230 11.1680 -176.0590 0.0000 0.0000 0.0000 -23.9107 -0.5371 -7.1449 1.4218 7.5406 21.3272 0.7275 -0.3716 -15.9966 0.0104 -0.6585 -1.8097 0.0000 0.0000 0.0000 11.0083 5.5988 -1.1686 -0.4614 -4.3570 12.0833 -0.2370 -4.1739 -11.6978 -0.0051 0.4606 -1.2657 -2.3937 -0.4819 0.4772 -1.5772 -0.6138 0.2641 -0.2706 -0.2915 0.0115 -10.6111 -3.2932 -19.2586 2.0803 -1.5372 20.7090 2.2807 -1.1969 9.9069 0.0000 -0.0000 0.0000 -45.9631 -11.9649 -19.4394 40.2445 -48.2141 -18.6213 -0.0000 0.0000 -36.9584 -9.1511 39.9168 -5.9015 -7.1250 0.0000 -0.0000 -53.1704 61.8477 -25.5856 0.0000 -0.0000 0.0000 23.7580 7.6789 -35.3390 -48.0369 52.1724 -24.6149 0.0000 -0.0000 -43.9580 -23.0162 27.9341 -11.2550 7.1250 -0.0000 -0.0000 4.3365 -0.1095 4.3407
6.6481 17.9663 6.5400 181.9450 11.4078 -175.9290 0.0000 0.0000 0.0000 -22.9854 -0.1105 -7.3531 1.4477 7.6059 21.5235 0.7457 -0.2574 -16.2353 0.2178 -3.0041 -8.2902 0.0000 0.0000 0.0000 11.9562 5.4366 -0.9756 -0.4144 -4.1320 11.4483 -0.1954 -4.2098 -10.9791 -0.0290 1.1001 -3.0242 -1.8147 -0.1236 0.7389 -1.7579 -0.1378 0.3296 -0.7813 -0.0515 -0.0762 -9.5050 -3.3147 -18.4161 1.3726 -1.8802 19.5749 1.7988 -1.3366 9.3515 0.0000 0.0000 0.0000 -50.0947 -8.7254 -10.3195 43.3945 -49.9573 -21.0023 -0.0000 0.0000 -32.8369 -7.5371 39.5553 -4.8163 -7.1250 0.0000 -0.0000 -51.2374 62.0362 -24.5955 0.0000 0.0000 0.0000 29.9355 4.2437 -28.5339 -51.9047 53.7354 -27.7027 0.0000 -0.0000 -40.5332 -22.0842 27.3975 -10.5756 7.1250 -0.0000 -0.0000 4.8194 -0.8510 4.7643
6.6536 17.9748 6.5401 181.6920 11.5082 -175.8810 0.0000 0.0000 0.0000 -23.2629 -0.4123 -7.3494 1.4490 7.6093 21.5336 0.7144 0.0862 -16.0061 0.1513 -2.5061 -6.9066 0.0000 0.0000 0.0000 11.6382 5.1574 -1.0907 -0.3990 -4.0556 11.2332 -0.1858 -4.0038 -10.6197 -0.0572 1.5433 -4.2452 -2.6297 -0.2313 0.3573 -1.8242 -0.2542 0.5345 -0.3941 -0.1106 0.3514 -9.9545 -3.1729 -17.9913 1.7154 -1.6929 19.2367 2.0168 -1.2372 9.1538 0.0000 -0.0000 0.0000 -55.5409 -5.8891 -4.1723 43.6703 -50.1002 -21.2137 -0.0000 0.0000 -25.9562 -7.3919 38.7142 -4.6388 -7.1250 0.0000 -0.0000 -49.9664 61.5122 -23.1961 0.0000 -0.0000 0.0000 36.0777 1.8474 -20.8774 -54.8437 54.7716 -30.0883 0.0000 -0.0000 -34.4450 -21.5535 26.1641 -9.8800 7.1250 -0.0000 -0.0000 4.9908 -2.2281 4.8115
6.6548 17.9955 6.5324 181.9340 11.5768 -175.5580 0.0000 0.0000 0.0000 -22.9650 -0.7596 -7.5751 1.4783 7.6824 21.7536 0.7672 -0.1312 -16.5122 0.0031 -0.3579 -0.9833 0.0000 0.0000 0.0000 11.8620 4.9772 -0.8618 -0.3261 -3.6703 10.1509 -0.1395 -4.3632 -10.0099 -0.0592 1.5694 -4.3170 -2.7752 -0.1107 0.0957 -1.8424 -0.0700 0.7845 -0.3321 -0.0224 0.7524 -10.4571 -3.4690 -18.4680 1.8487 -1.9485 19.1383 2.1045 -1.3824 9.2313 -0.0000 -0.0000 0.0000 -60.9710 -4.3276 1.6984 40.5112 -48.3698 -18.8204 -0.0000 0.0000 -16.9713 -7.9552 37.1401 -4.8227 -7.1250 0.0000 -0.0000 -48.4615 60.2916 -20.8891 -0.0000 -0.0000 0.0000 42.7518 -0.6597 -14.1188 -55.6813 55.0448 -30.7736 0.0000 -0.0000 -28.5742 -19.5492 25.8455 -8.7994 7.1250 -0.0000 -0.0000 6.1672 -2.9117 5.8806
6.6587 17.9887 6.5326 181.7160 11.8811 -175.7290 0.0000 0.0000 0.0000 -23.2403 -0.3526 -7.4541 1.4481 7.6070 21.5265 0.7258 0.1822 -16.1678 0.0086 -0.5999 -1.6486 0.0000 0.0000 0.0000 11.5910 5.0751 -1.0587 -0.3613 -3.8612 10.6866 -0.1770 -3.7671 -10.2492 -0.0990 2.0294 -5.5868 -3.3375 0.3407 -0.0087 -2.3267 0.6036 1.3504 -0.5074 0.3179 1.3835 -10.1190 -3.6837 -19.4355 2.2254 -2.3614 19.1564 2.1149 -1.5225 9.4324 0.0000 0.0000 0.0000 -66.2568 -4.0716 5.3026 35.7707 -45.3547 -15.3591 -0.0000 0.0000 -1.8074 -8.1775 37.3053 -4.9774 -7.1250 0.0000 -0.0000 -48.8658 60.3517 -21.1869 0.0000 0.0000 0.0000 50.3632 -2.9652 -8.4387 -53.4822 54.3069 -28.9793 0.0000 -0.0000 -24.2740 -16.4853 26.9604 -7.6417 7.1250 -0.0000 -0.0000 8.1117 -2.2784 7.8629
6.6612 17.9829 6.5277 182.0080 11.6408 -175.6730 0.0000 0.0000 0.0000 -22.9020 -0.5523 -7.4521 1.4614 7.6403 21.6268 0.7506 0.0426 -16.3918 0.0220 -0.9567 -2.6295 0.0000 0.0000 0.0000 11.9363 4.9685 -1.1075 -0.3745 -3.9303 10.8806 -0.1727 -3.7586 -10.1561 -0.0639 1.6308 -4.4863 -3.4233 0.1255 0.2753 -2.0710 0.2858 1.3007 -0.2020 0.1545 1.1759 -10.5800 -3.6353 -18.8203 1.3994 -2.0372 18.2993 1.9462 -1.4694 9.0085 -0.0000 0.0000 0.0000 -73.0725 -2.2739 5.3071 30.3311 -41.1755 -11.6270 -0.0000 -0.0000 14.0370 -0.6856 35.8252 -0.4013 -7.1250 0.0000 -0.0000 -40.1315 61.1164 -17.3086 -0.0000 0.0000 0.0000 56.5085 -4.1226 -2.3175 -48.1841 52.2364 -24.7312 0.0000 -0.0000 -21.1055 -15.8852 27.6979 -7.5351 7.1250 -0.0000 -0.0000 8.5308 -1.6296 8.3790
6.6587 17.9886 6.5146 181.9660 11.5516 -175.5450 0.0000 0.0000 0.0000 -22.9516 -0.4094 -7.4499 1.4628 7.6438 21.6372 0.7359 -0.1721 -16.1558 0.0401 -1.2928 -3.5549 0.0000 0.0000 0.0000 11.8674 5.0920 -1.1382 -0.3712 -3.9131 10.8324 -0.1874 -3.7858 -10.4685 -0.1175 2.2100 -6.0865 -3.5595 0.4688 0.1840 -2.3261 0.7697 1.3530 -0.3830 0.4013 1.2731 -10.7891 -3.8860 -18.8418 1.6137 -2.3531 18.6240 2.0124 -1.6155 9.1514 -0.0000 0.0000 0.0000 -78.4355 -2.0460 3.7258 24.6827 -35.8779 -8.1032 -0.0000 -0.0000 21.9050 5.6591 34.7343 3.2315 -7.1250 0.0000 -0.0000 -32.6714 61.8211 -14.1931 -0.0000 0.0000 0.0000 63.5214 -6.0458 0.9958 -42.1337 49.2845 -20.0419 0.0000 -0.0000 -16.3049 -14.4878 29.0600 -7.1536 7.1250 -0.0000 -0.0000 9.4657 -0.4828 9.5168
6.6578 17.9738 6.4926 181.8780 11.3388 -175.5220 0.0000 0.0000 0.0000 -23.0870 -0.5706 -7.5091 1.4625 7.6432 21.6354 0.7159 -0.0899 -15.9611 0.0137 -0.7555 -2.0763 0.0000 0.0000 0.0000 11.7335 5.0269 -1.2074 -0.3931 -4.0260 11.1499 -0.2003 -3.9349 -10.8384 -0.0396 1.2839 -3.5303 -3.8271 0.5120 0.0414 -2.3694 0.8459 1.4029 -0.2755 0.4371 1.4007 -11.3195 -3.8390 -19.2087 1.6751 -2.0549 19.2483 2.1619 -1.5146 9.4282 0.0000 0.0000 0.0000 -83.5797 -1.5778 -1.6100 20.0985 -30.7609 -5.5817 -0.0000 -0.0000 22.5836 4.6989 36.9075 2.8259 -7.1250 0.0000 -0.0000 -36.1578 63.3378 -17.2115 0.0000 0.0000 0.0000 69.6014 -6.7323 2.8125 -35.6519 45.2721 -15.2747 0.0000 -0.0000 -12.4134 -15.1257 30.1755 -7.7373 7.1250 -0.0000 -0.0000 9.1935 0.7298 9.4316
6.6531 17.9615 6.4671 181.8400 11.2238 -175.4350 0.0000 0.0000 0.0000 -23.2065 -0.6949 -7.3762 1.4385 7.5828 21.4538 0.7482 0.0392 -16.3638 0.1279 -2.3055 -6.3508 0.0000 0.0000 0.0000 11.6636 5.3781 -1.4563 -0.4414 -4.2631 11.8181 -0.2341 -3.8037 -11.3519 -0.0439 1.3530 -3.7207 -3.7630 1.3041 -0.0335 -2.7219 1.9298 1.3770 -0.6603 0.9901 1.4063 -11.1658 -4.3857 -18.6255 1.9716 -3.0079 19.2245 2.1126 -1.9182 9.3800 0.0000 -0.0000 0.0000 -86.7275 -1.7971 -6.8001 16.0285 -25.5592 -3.6582 -0.0000 -0.0000 18.0724 4.6380 38.8244 2.9116 -7.1250 0.0000 -0.0000 -38.7466 64.8151 -19.9468 0.0000 -0.0000 0.0000 76.3576 -7.7830 0.7901 -30.2841 41.1357 -11.5961 0.0000 -0.0000 -10.7924 -14.6051 30.1390 -7.4540 7.1250 -0.0000 -0.0000 9.4901 0.6103 9.7245
6.6460 17.9595 6.4335 181.8720 10.3317 -175.4820 0.0000 0.0000 0.0000 -23.1534 -0.9497 -7.0782 1.4094 7.5089 21.2321 0.7505 -0.3891 -16.2447 0.0973 -2.0111 -5.5364 0.0000 0.0000 0.0000 11.7216 4.7240 -1.2809 -0.4420 -4.2660 11.8263 -0.2343 -3.9276 -11.4524 -0.0279 1.0785 -2.9647 -3.7640 1.1632 -0.1483 -2.5316 1.7470 1.5452 -0.4613 0.8904 1.6404 -11.7299 -4.3410 -19.3418 2.0428 -2.6529 20.0178 2.2769 -1.7958 9.7805 -0.0000 0.0000 0.0000 -89.7863 -1.4634 -15.0807 13.0842 -21.4104 -2.4839 -0.0000 -0.0000 15.8776 2.9528 40.6401 1.9241 -7.1250 0.0000 -0.0000 -43.0862 65.6808 -23.3954 -0.0000 0.0000 0.0000 81.2532 -7.6099 -1.2466 -25.8693 37.0793 -8.8087 0.0000 -0.0000 -9.5184 -14.8384 29.6165 -7.4591 7.1250 -0.0000 -0.0000 9.3092 0.1266 9.4553
6.6472 17.9682 6.4056 182.2710 9.5779 -175.2210 0.0000 0.0000 0.0000 -22.6265 -1.2839 -7.4980 1.4983 7.7319 21.9026 0.7934 -1.1799 -16.4715 0.0223 -0.9631 -2.6473 0.0000 0.0000 0.0000 12.2197 3.8492 -0.6980 -0.3380 -3.7358 10.3346 -0.1873 -4.4178 -11.0082 -0.0514 1.4629 -4.0234 -3.7182 0.8986 -0.5670 -2.0339 1.3788 1.5363 0.0262 0.6875 1.8609 -12.3048 -4.0554 -19.0838 1.9809 -2.0700 20.0263 2.4352 -1.5643 9.7067 0.0000 -0.0000 0.0000 -92.1359 0.0779 -22.1080 11.3277 -18.7888 -1.8801 -0.0000 -0.0000 18.7442 1.6814 42.0278 1.1258 -7.1250 0.0000 -0.0000 -46.5432 66.2770 -26.2358 0.0000 -0.0000 0.0000 84.7997 -6.7617 -3.3815 -21.5416 32.4551 -6.3381 0.0000 -0.0000 -9.3636 -16.4087 28.2514 -7.9353 7.1250 -0.0000 -0.0000 8.2699 -0.9898 8.2123
6.6490 17.9594 6.3865 182.0180 8.8709 -175.2140 0.0000 0.0000 0.0000 -22.8392 -0.7994 -7.5767 1.4531 7.6195 21.5642 0.7478 -1.9133 -15.7992 0.1586 -2.5658 -7.0723 0.0000 0.0000 0.0000 11.9971 3.7286 -0.7130 -0.3574 -3.8405 10.6283 -0.1955 -4.8590 -11.5553 -0.0505 1.4500 -3.9879 -4.0563 1.0463 -0.5168 -2.1498 1.5705 1.2356 0.0949 0.7889 1.5133 -12.0169 -3.9549 -18.0653 1.8887 -2.1136 19.9430 2.3599 -1.5610 9.4896 0.0000 0.0000 0.0000 -92.7129 2.5592 -25.4291 10.3475 -17.2814 -1.5766 -0.0000 -0.0000 23.1648 2.2917 40.9975 1.5039 -7.1250 0.0000 -0.0000 -44.2840 65.7428 -24.2200 0.0000 0.0000 0.0000 88.3868 -7.2241 -6.0908 -18.3844 28.6466 -4.7321 0.0000 -0.0000 -9.9150 -18.1723 27.7730 -8.6962 7.1250 -0.0000 -0.0000 7.1825 -1.1801 7.0893
6.6636 17.9784 6.3768 181.6860 9.1328 -174.5400 0.0000 0.0000 0.0000 -23.1925 -0.3509 -8.4009 1.4301 7.5616 21.3903 0.7393 -2.2531 -15.6352 0.1359 -2.3764 -6.5471 0.0000 0.0000 0.0000 11.6657 4.4802 -1.6972 -0.4047 -4.0839 11.3129 -0.1811 -5.3127 -11.7230 -0.1083 2.1220 -5.8428 -4.6561 1.4966 -1.1939 -2.4120 2.2143 0.7213 0.1815 1.1180 1.3343 -11.5922 -3.9401 -16.6304 1.9093 -2.4221 19.3459 2.2664 -1.6532 9.0336 -0.0000 0.0000 0.0000 -92.5188 4.8908 -26.2734 10.0944 -16.8871 -1.5023 -0.0000 -0.0000 24.9155 2.9025 39.6936 1.8547 -7.1250 0.0000 -0.0000 -41.7042 64.9782 -21.8677 -0.0000 0.0000 0.0000 91.5876 -7.0477 -9.9642 -15.5325 24.8827 -3.4469 0.0000 -0.0000 -8.4240 -17.4854 27.0969 -8.1657 7.1250 -0.0000 -0.0000 7.5263 -1.9804 7.3258
6.6620 17.9725 6.3665 181.7840 7.9983 -174.8040 0.0000 0.0000 0.0000 -22.9784 -0.7866 -7.9704 1.4350 7.5740 21.4274 0.7176 -2.7568 -15.3050 0.1018 -2.0579 -5.6656 0.0000 0.0000 0.0000 11.9423 4.1149 -1.2418 -0.4167 -4.1434 11.4804 -0.1881 -5.9691 -12.4915 -0.0984 2.0225 -5.5678 -4.8010 1.3877 -1.2704 -2.0487 2.0831 1.2005 0.6420 1.0284 1.8568 -12.3632 -4.1562 -16.7403 2.0119 -2.5332 19.0100 2.4064 -1.7430 8.9642 -0.0000 0.0000 0.0000 -92.7011 5.9746 -24.3449 10.3816 -17.3342 -1.5867 -0.0000 -0.0000 22.7026 0.1900 41.0401 0.1248 -7.1250 0.0000 -0.0000 -46.3441 65.1632 -24.9636 -0.0000 0.0000 0.0000 92.9340 -6.0579 -11.7137 -13.3804 21.8420 -2.5931 0.0000 -0.0000 -5.7165 -18.9258 26.7198 -8.7642 7.1250 -0.0000 -0.0000 6.6288 -2.1233 6.4223
6.6551 17.9662 6.3728 181.4170 7.6055 -174.9310 0.0000 0.0000 0.0000 -23.4154 -1.1460 -7.6910 1.4121 7.5158 21.2526 0.7285 -2.7684 -15.4229 0.1802 -2.7345 -7.5403 0.0000 0.0000 0.0000 11.5532 3.9209 -1.4627 -0.4609 -4.3550 12.0776 -0.2022 -6.0274 -12.7869 -0.0659 1.6566 -4.5576 -5.3797 1.6032 -1.5402 -1.9527 2.4168 1.4175 1.0830 1.1773 2.1916 -12.5449 -4.3385 -16.0790 1.6566 -2.7295 18.7416 2.2932 -1.8685 8.7720 0.0000 0.0000 0.0000 -92.0478 6.6499 -22.0889 10.6318 -17.7217 -1.6621 -0.0000 -0.0000 21.0005 -1.9139 40.7526 -1.2496 -7.1250 0.0000 -0.0000 -47.8612 64.3675 -25.1018 0.0000 0.0000 0.0000 93.8925 -5.4868 -12.9873 -11.9163 19.6789 -2.0740 0.0000 -0.0000 -2.2060 -19.1814 27.1471 -9.0191 7.1250 -0.0000 -0.0000 6.5191 -1.6432 6.3713
6.6424 17.9674 6.3678 181.4580 6.7375 -175.0530 0.0000 0.0000 0.0000 -23.2765 -0.8543 -7.7150 1.4130 7.5180 21.2594 0.6786 -3.7864 -14.7393 0.0979 -2.0181 -5.5557 0.0000 0.0000 0.0000 11.6878 3.5203 -1.0287 -0.4402 -4.2574 11.8019 -0.1768 -6.7114 -13.0693 -0.0416 1.3157 -3.6179 -4.5956 0.9533 -1.5811 -2.0242 1.5064 1.0433 0.5431 0.7419 1.8996 -13.6741 -3.5252 -14.6413 2.6389 -1.7027 18.7739 2.9556 -1.3420 8.4700 -0.0000 -0.0000 0.0000 -91.2804 7.8432 -22.3964 11.1647 -18.5403 -1.8280 -0.0000 -0.0000 19.7523 -3.3210 40.4281 -2.1551 -7.1250 0.0000 -0.0000 -48.6703 63.7552 -24.9515 -0.0000 -0.0000 0.0000 94.4893 -5.9901 -11.0892 -11.3756 18.8616 -1.8956 0.0000 0.0000 0.1652 -18.4351 25.9623 -8.3024 7.1250 -0.0000 -0.0000 6.8520 -2.9783 6.5344
6.6269 17.9733 6.3814 181.7050 5.7059 -175.0640 0.0000 0.0000 0.0000 -22.8656 -1.1820 -7.8039 1.4368 7.5785 21.4411 0.6575 -4.8920 -14.4436 0.0077 -0.5662 -1.5559 0.0000 0.0000 0.0000 12.0522 2.8908 -0.4759 -0.3766 -3.9416 10.9123 -0.1534 -7.3468 -13.3803 -0.0308 1.1336 -3.1164 -4.1863 0.9637 -1.6401 -1.8975 1.5064 1.1401 0.4473 0.7392 2.0381 -13.5176 -3.3948 -14.5802 2.2185 -1.3884 19.4508 2.8358 -1.2228 8.6648 0.0000 -0.0000 0.0000 -89.9639 7.8386 -18.8729 12.0781 -19.9216 -2.1288 -0.0000 -0.0000 16.6248 -3.3724 40.8578 -2.2076 -7.1250 0.0000 -0.0000 -49.3607 64.0292 -25.6982 0.0000 -0.0000 0.0000 94.6294 -5.8323 -9.2585 -11.6350 19.2550 -1.9803 0.0000 0.0000 0.0515 -16.7742 25.4928 -7.3919 7.1250 -0.0000 -0.0000 7.8186 -3.7173 7.3653
6.5999 17.9805 6.4031 181.4680 5.6369 -174.7020 0.0000 0.0000 0.0000 -23.2214 -1.1590 -8.4738 1.4391 7.5844 21.4587 0.6286 -5.0222 -14.1175 0.0538 -1.4962 -4.1153 0.0000 0.0000 0.0000 11.6843 2.9030 -0.5354 -0.3194 -3.6330 10.0462 -0.0686 -7.8403 -12.5124 -0.0198 0.9080 -2.4958 -4.2246 1.2158 -2.2104 -2.0135 1.8761 0.9797 0.3735 0.9241 2.1825 -12.9476 -3.0520 -14.8787 2.2249 -0.8215 21.3388 2.8492 -0.9298 9.3205 -0.0000 -0.0000 0.0000 -88.3200 7.0473 -16.5714 12.7789 -20.9624 -2.3736 -0.0000 -0.0000 15.1696 -3.3873 41.2950 -2.2369 -7.1250 0.0000 -0.0000 -50.0439 64.3147 -26.4629 -0.0000 -0.0000 0.0000 94.1173 -5.5419 -5.7542 -12.1435 20.0195 -2.1512 0.0000 -0.0000 -0.6833 -15.1468 25.5604 -6.6617 7.1250 -0.0000 -0.0000 8.8113 -3.8884 8.2939
6.5637 17.9813 6.4312 182.3680 5.1879 -174.6430 0.0000 0.0000 0.0000 -22.2956 -1.5388 -8.8173 1.5360 7.8240 22.1809 0.6544 -5.3963 -14.4074 0.0558 -1.5239 -4.1915 0.0000 0.0000 0.0000 12.6152 2.7239 0.4631 -0.2119 -2.9635 8.1773 0.0373 -8.8175 -11.8438 -0.0649 1.6436 -4.5218 -2.9412 1.3016 -2.1168 -1.7567 1.9146 0.9559 -0.0800 0.9500 2.1334 -11.8883 -2.5091 -15.3949 0.8393 0.3430 23.0395 2.3744 -0.4451 9.9393 0.0000 -0.0000 0.0000 -87.1467 6.0751 -14.6031 13.8881 -22.5746 -2.7850 -0.0000 -0.0000 13.6432 -2.5543 40.9817 -1.6758 -7.1250 0.0000 -0.0000 -48.8007 64.3417 -25.6801 0.0000 -0.0000 0.0000 93.0933 -4.9838 -0.0492 -13.1802 21.5507 -2.5191 0.0000 -0.0000 -4.0449 -15.7069 23.8911 -6.4976 7.1250 -0.0000 -0.0000 8.3599 -5.4925 7.6045
6.5064 17.9806 6.4590 181.4980 3.2849 -175.1160 0.0000 0.0000 0.0000 -23.2194 -2.3256 -8.2853 1.5267 7.8016 22.1130 0.5918 -6.5463 -13.7754 0.0088 0.6059 1.6649 0.0000 0.0000 0.0000 11.6546 1.1835 0.6087 -0.2258 -3.0586 8.4419 0.0351 -9.0612 -12.2546 -0.0358 1.2205 -3.3558 -3.0775 0.7694 -1.3330 -1.9443 1.1859 0.8752 -0.2367 0.5976 1.6259 -11.1424 -1.9039 -15.8665 -0.3891 1.8024 25.1654 2.0595 0.1689 10.7417 0.0000 0.0000 0.0000 -85.9228 5.6815 -11.0468 15.4001 -24.7005 -3.3914 -0.0000 -0.0000 10.2151 -1.2975 41.0255 -0.8518 -7.1250 0.0000 -0.0000 -47.7093 64.7274 -25.3893 0.0000 0.0000 0.0000 91.2581 -4.6649 4.8240 -14.5105 23.4597 -3.0284 0.0000 -0.0000 -6.9774 -13.3020 23.2450 -5.3308 7.1250 -0.0000 -0.0000 9.8148 -6.4542 8.7823
6.4624 17.9819 6.4966 180.9890 2.6280 -175.0990 0.0000 0.0000 0.0000 -23.8977 -2.7164 -8.1396 1.4813 7.6897 21.7756 0.5805 -6.7301 -13.6680 0.0023 0.3114 0.8557 0.0000 0.0000 0.0000 10.9997 1.2193 -0.0556 -0.2950 -3.4925 9.6530 -0.0007 -9.2469 -13.1879 -0.0573 1.5452 -4.2503 -3.0385 0.8683 -1.4108 -2.2341 1.3401 0.8696 -0.5501 0.6827 1.6693 -11.2794 0.3027 -15.6758 0.1766 2.1200 26.2883 2.1495 -0.6868 11.0186 -0.0000 -0.0000 0.0000 -84.4792 4.4755 -7.5881 16.9924 -26.8477 -4.0839 -0.0000 -0.0000 7.6110 0.1346 40.7536 0.0879 -7.1250 0.0000 -0.0000 -45.9512 64.9490 -24.4904 -0.0000 -0.0000 0.0000 90.2807 -3.3482 6.9101 -15.5935 24.9663 -3.4726 0.0000 -0.0000 -8.2514 -12.7900 22.0302 -4.8671 7.1250 -0.0000 -0.0000 10.0879 -7.7288 8.7804
6.4491 17.9786 6.5305 181.1250 2.2370 -175.4370 0.0000 0.0000 0.0000 -23.7349 -2.6901 -7.8569 1.4687 7.6586 21.6820 0.5514 -6.9882 -13.3723 0.0034 0.3764 1.0344 0.0000 0.0000 0.0000 11.2340 1.4297 0.1382 -0.3275 -3.6784 10.1735 0.0160 -9.6629 -13.4915 -0.0296 1.1111 -3.0544 -2.8074 1.2988 -1.4151 -2.3855 1.9401 1.2642 -0.8123 0.9858 2.0831 -10.3474 0.2201 -15.6818 -0.6054 1.9112 26.8758 1.6805 -0.8371 11.2764 0.0000 -0.0000 0.0000 -82.8732 2.3813 -4.5498 18.6146 -28.9370 -4.8430 -0.0000 -0.0000 6.2883 1.0365 40.3486 0.6711 -7.1250 0.0000 -0.0000 -44.4789 64.9218 -23.5302 0.0000 -0.0000 0.0000 89.4864 -2.0346 8.4689 -17.1860 27.1023 -4.1717 0.0000 -0.0000 -10.3629 -12.1711 23.0594 -4.8288 7.1250 -0.0000 -0.0000 10.5095 -6.7734 9.3595
6.4248 17.9674 6.5579 181.1700 2.1969 -175.6260 0.0000 0.0000 0.0000 -23.8056 -2.6357 -7.8120 1.4706 7.6632 21.6955 0.5533 -6.9268 -13.3857 0.0002 0.0992 0.2725 0.0000 0.0000 0.0000 11.2227 1.3155 0.0430 -0.3484 -3.7926 10.4939 0.0267 -9.7547 -13.4385 -0.0834 1.8628 -5.1265 -2.6359 1.1206 -1.1944 -2.2227 1.6665 1.1062 -0.7564 0.8481 1.7973 -10.6932 0.7456 -15.2769 -0.9112 2.6558 27.2981 1.7157 -0.6538 11.3223 0.0000 -0.0000 0.0000 -82.5242 1.9607 -2.9879 20.8526 -31.6558 -5.9724 -0.0000 -0.0000 4.0760 3.9050 37.6426 2.3872 -7.1250 0.0000 -0.0000 -37.8828 63.7030 -18.4737 0.0000 -0.0000 0.0000 87.8562 -1.4448 12.4630 -18.9054 29.3010 -4.9845 0.0000 -0.0000 -11.5530 -15.0063 22.3251 -5.8143 7.1250 -0.0000 -0.0000 8.7086 -7.1668 7.6452
6.4071 17.9852 6.6005 181.3050 2.0397 -175.6070 0.0000 0.0000 0.0000 -23.6460 -2.4433 -8.0243 1.4618 7.6414 21.6300 0.5189 -7.3147 -13.0497 0.0019 0.2839 0.7801 0.0000 0.0000 0.0000 11.3395 1.3349 0.1351 -0.3260 -3.6698 10.1494 0.0564 -9.9721 -13.2369 -0.0337 1.1848 -3.2576 -2.6896 1.4017 -0.9626 -2.1110 2.0228 1.0381 -0.6103 1.0245 1.5893 -11.3295 0.5062 -15.6749 -0.3438 2.3667 28.0624 1.9955 -0.8384 11.6972 -0.0000 -0.0000 0.0000 -81.8742 1.3602 0.7465 23.3043 -34.4198 -7.3096 -0.0000 -0.0000 1.4158 2.3534 40.2929 1.5224 -7.1250 0.0000 -0.0000 -43.1317 65.2580 -23.0167 -0.0000 -0.0000 0.0000 86.8900 -0.6516 13.7065 -20.6715 31.4429 -5.8776 0.0000 -0.0000 -11.9412 -17.4725 22.3490 -6.8253 7.1250 -0.0000 -0.0000 7.1613 -6.8144 6.3117
6.3823 17.9867 6.6300 181.4290 2.0934 -175.5640 0.0000 0.0000 0.0000 -23.5551 -2.3972 -8.2926 1.4678 7.6562 21.6747 0.4902 -7.5577 -12.7613 0.0246 1.0116 2.7807 0.0000 0.0000 0.0000 11.3881 1.2888 0.1157 -0.3011 -3.5281 9.7526 0.0953 -10.2728 -12.9932 -0.1010 2.0497 -5.6430 -3.5279 1.6985 -0.2308 -1.3124 2.3298 0.4185 0.6432 1.1707 0.4737 -12.0966 0.4800 -14.5640 -0.6618 2.3295 27.9178 1.9816 -1.0058 11.4297 -0.0000 0.0000 0.0000 -82.6537 1.5025 3.2052 25.5347 -36.7456 -8.6078 -0.0000 -0.0000 0.8117 2.7455 39.8174 1.7589 -7.1250 0.0000 -0.0000 -42.0395 65.0245 -22.1166 -0.0000 0.0000 0.0000 84.6028 -0.8522 14.9294 -22.6285 33.6800 -6.9312 0.0000 -0.0000 -13.8024 -17.2161 23.9596 -7.1719 7.1250 -0.0000 -0.0000 7.4324 -5.2083 6.7856
6.3733 17.9910 6.6526 181.4300 2.2855 -175.5370 0.0000 0.0000 0.0000 -23.5799 -1.9540 -8.5228 1.4816 7.6905 21.7780 0.4978 -7.7171 -12.8793 0.0110 0.6763 1.8585 0.0000 0.0000 0.0000 11.3381 1.4017 0.0638 -0.2999 -3.5209 9.7326 0.0809 -10.0938 -12.9760 -0.0877 1.9098 -5.2565 -3.6422 1.5935 -0.3383 -1.1437 2.1878 0.3892 0.8819 1.0964 0.4982 -12.4729 0.5601 -14.3109 -1.0982 2.5891 27.4868 1.9107 -0.9640 11.2120 0.0000 -0.0000 0.0000 -82.7710 1.0933 4.0135 27.6315 -38.7748 -9.8920 -0.0000 -0.0000 0.6886 3.4530 40.4419 2.2414 -7.1250 0.0000 -0.0000 -42.2937 65.6830 -22.8974 0.0000 -0.0000 0.0000 83.6357 -0.3085 17.2158 -25.1428 36.3496 -8.3744 0.0000 -0.0000 -14.8519 -17.3979 24.8201 -7.4932 7.1250 -0.0000 -0.0000 7.3858 -4.3055 6.8689
6.3654 17.9936 6.6586 181.8620 2.1886 -175.4540 0.0000 0.0000 0.0000 -23.1074 -2.2354 -8.8375 1.5407 7.8356 22.2159 0.5155 -7.6168 -13.0641 0.0115 0.6939 1.9069 0.0000 0.0000 0.0000 11.7874 1.2102 0.5496 -0.2382 -3.1407 8.6706 0.1289 -10.3802 -12.5237 -0.0600 1.5810 -4.3490 -2.1623 1.5760 -1.8750 -1.9019 2.2624 1.1464 -0.6544 1.1366 2.2218 -12.1325 0.2613 -14.6461 -0.5522 2.0982 27.2016 2.0022 -1.0124 11.1845 0.0000 -0.0000 0.0000 -81.0370 -0.8165 5.3414 28.4872 -39.5609 -10.4325 -0.0000 -0.0000 0.5113 1.8953 39.4487 1.2045 -7.1250 0.0000 -0.0000 -42.3261 64.5151 -21.8049 0.0000 -0.0000 0.0000 84.7372 1.1260 18.5534 -27.7861 38.9186 -9.9890 0.0000 -0.0000 -14.4933 -18.5961 25.1444 -8.1360 7.1250 -0.0000 -0.0000 6.6808 -3.7874 6.2684
6.3633 17.9869 6.6826 182.3010 1.8239 -175.6400 0.0000 0.0000 0.0000 -22.5853 -2.3292 -8.8617 1.5745 7.9169 22.4620 0.5040 -7.7970 -12.9671 0.0090 0.6111 1.6792 0.0000 0.0000 0.0000 12.3207 0.6826 1.1443 -0.1813 -2.7427 7.5632 0.1917 -10.7660 -11.9155 -0.0867 1.8993 -5.2273 -1.3283 1.3025 -0.9899 -2.1302 1.8418 0.7057 -1.3987 0.9434 1.3067 -12.4809 0.1504 -14.5848 -0.0082 1.8521 27.4255 2.2269 -1.1125 11.2590 -0.0000 -0.0000 0.0000 -80.2680 -0.4580 5.9011 29.3835 -40.3591 -11.0082 -0.0000 -0.0000 0.3750 -0.0419 39.6221 -0.0267 -7.1250 0.0000 -0.0000 -44.4324 64.1021 -22.6775 -0.0000 -0.0000 0.0000 85.4248 0.7718 20.7050 -30.8297 41.5940 -11.9566 0.0000 -0.0000 -14.9873 -19.1855 25.7047 -8.5822 7.1250 -0.0000 -0.0000 6.3739 -3.1174 6.0560
6.3492 17.9992 6.6833 182.2780 1.4142 -175.5450 0.0000 0.0000 0.0000 -22.6441 -2.8300 -8.7216 1.5455 7.8473 22.2511 0.4948 -7.6820 -12.8379 0.0101 0.6475 1.7794 0.0000 0.0000 0.0000 12.2738 0.1445 1.4137 -0.1455 -2.4583 6.7739 0.2205 -10.9388 -11.6118 -0.0678 1.6805 -4.6235 -1.3650 1.0792 -1.4515 -2.1042 1.5644 0.9408 -1.3448 0.8035 1.8011 -12.9457 -0.8420 -14.5289 -0.5197 0.7685 26.2803 1.9717 -1.5957 10.9124 -0.0000 -0.0000 0.0000 -80.6803 -1.0274 6.1263 30.2032 -41.0669 -11.5429 -0.0000 -0.0000 0.8294 -1.0168 39.8953 -0.6522 -7.1250 0.0000 -0.0000 -45.7491 64.0257 -23.4087 -0.0000 -0.0000 0.0000 85.5721 1.0946 22.3812 -34.4453 44.4120 -14.4238 0.0000 -0.0000 -16.0402 -19.1466 25.7515 -8.5781 7.1250 -0.0000 -0.0000 6.4018 -3.0760 6.0878
6.3426 17.9994 6.6928 182.3070 1.5830 -175.6050 0.0000 0.0000 0.0000 -22.6595 -2.8143 -8.6890 1.5571 7.8752 22.3358 0.5073 -7.5901 -12.9644 0.0160 0.8177 2.2473 0.0000 0.0000 0.0000 12.2505 0.3316 1.4343 -0.1416 -2.4247 6.6810 0.2320 -11.0324 -11.5353 -0.1004 2.0433 -5.6254 -1.1741 1.0416 -1.5832 -2.2820 1.5302 1.1150 -1.6307 0.7936 2.0636 -14.4408 -2.3101 -14.6582 0.5373 -1.0384 25.2771 2.3645 -2.2991 10.7147 -0.0000 0.0000 0.0000 -80.9974 -1.0558 6.5743 31.9914 -42.5403 -12.7350 -0.0000 -0.0000 0.8510 1.6472 39.7891 1.0543 -7.1250 0.0000 -0.0000 -43.0604 64.6935 -22.4247 -0.0000 0.0000 0.0000 86.2917 0.9927 24.5810 -38.7260 47.2968 -17.4972 0.0000 -0.0000 -16.6357 -26.2321 26.1295 -12.2440 7.1250 -0.0000 -0.0000 2.1749 -1.3257 2.1255
6.3492 17.9992 6.6986 182.1920 1.6525 -175.6000 0.0000 0.0000 0.0000 -22.7608 -2.8697 -8.6845 1.5453 7.8468 22.2496 0.4970 -7.5338 -12.8355 0.0223 0.9631 2.6474 0.0000 0.0000 0.0000 12.1430 0.4436 1.3157 -0.1505 -2.4999 6.8895 0.2478 -11.0535 -11.2080 -0.0917 1.9530 -5.3759 -1.4265 0.9385 -1.4700 -2.3816 1.3985 0.9653 -1.5995 0.7278 1.8403 -15.9318 -3.1515 -14.8803 2.2261 -2.1379 25.0294 3.0762 -2.6785 10.7941 -0.0000 -0.0000 0.0000 -81.4675 -0.1383 7.6836 34.6257 -44.5430 -14.5501 -0.0000 -0.0000 0.5167 2.3671 40.0799 1.5246 -7.1250 0.0000 -0.0000 -42.7973 65.1081 -22.6638 -0.0000 -0.0000 0.0000 86.9507 0.4610 26.8114 -44.1598 50.3502 -21.5899 0.0000 -0.0000 -18.1265 -24.3964 27.3350 -11.7645 7.1250 -0.0000 -0.0000 3.4390 -0.4478 3.4182
6.3554 17.9968 6.7029 181.9580 1.8720 -175.6810 0.0000 0.0000 0.0000 -23.0213 -2.3727 -8.6624 1.5268 7.8017 22.1133 0.4946 -7.5709 -12.8154 0.0075 0.5609 1.5414 0.0000 0.0000 0.0000 11.8760 0.7812 1.0176 -0.1862 -2.7791 7.6643 0.2088 -10.7717 -11.5458 -0.0623 1.6102 -4.4295 -2.7293 1.0328 -1.5700 -1.8457 1.5349 0.9612 -0.3151 0.7697 1.8467 -16.0611 -3.9088 -13.5241 1.1714 -3.1443 23.2551 2.5853 -3.1525 9.9912 0.0000 -0.0000 0.0000 -83.5754 0.3203 8.9341 38.6215 -47.2316 -17.4204 -0.0000 0.0000 -0.3394 5.1574 38.4731 3.2140 -7.1250 0.0000 -0.0000 -37.7408 64.6901 -19.2503 0.0000 -0.0000 0.0000 86.6191 -0.9048 28.3432 -52.1113 53.8123 -27.8693 0.0000 -0.0000 -18.6631 -22.9306 27.9974 -11.2323 7.1250 -0.0000 -0.0000 4.3954 -0.0612 4.4037
6.3651 18.0005 6.7016 182.0730 1.7732 -175.5720 0.0000 0.0000 0.0000 -22.7817 -2.0345 -9.0226 1.5404 7.8348 22.2133 0.4668 -8.2412 -12.6353 0.0211 0.9375 2.5769 0.0000 0.0000 0.0000 12.0397 0.7771 0.7436 -0.2097 -2.9480 8.1339 0.1464 -10.4410 -12.2762 -0.0524 1.4777 -4.0643 -3.5785 0.9137 -0.3511 -1.3513 1.2717 -0.1866 0.6233 0.6560 -0.0405 -16.3944 -4.0558 -12.4341 0.9208 -3.5296 23.0914 2.5100 -3.4120 9.7723 -0.0000 0.0000 0.0000 -85.2433 3.0727 11.0012 45.8447 -51.1756 -22.8950 -0.0000 -0.0000 1.0407 6.0972 38.7360 3.8240 -7.1250 0.0000 -0.0000 -37.1585 65.1576 -19.3094 -0.0000 0.0000 0.0000 86.3474 -4.1635 31.7937 -63.2567 57.1171 -37.0638 0.0000 -0.0000 -17.6149 -27.6192 29.4723 -14.4358 7.1250 -0.0000 -0.0000 1.8874 2.5348 1.9701
6.3622 17.9941 6.7104 181.9500 1.3233 -175.5280 0.0000 0.0000 0.0000 -22.9794 -3.0314 -8.7880 1.5596 7.8814 22.3543 0.5102 -7.5430 -12.9892 0.0081 0.5807 1.5958 0.0000 0.0000 0.0000 11.9028 0.2686 0.8122 -0.1876 -2.7897 7.6939 0.1666 -10.5400 -12.0337 -0.0411 1.3091 -3.5998 -2.8887 1.6877 0.2892 -2.5333 2.3233 -0.1990 -0.9928 1.2050 -0.3737 -14.6134 -5.3714 -13.5553 1.4603 -5.5428 23.8440 2.1334 -4.0769 10.3822 -0.0000 0.0000 0.0000 -83.4894 2.5023 17.3178 54.6456 -54.7055 -29.9265 -0.0000 -0.0000 3.6103 4.7094 34.4751 2.6698 -7.1250 0.0000 -0.0000 -33.3466 61.3714 -14.1664 -0.0000 0.0000 0.0000 89.3164 -5.3401 31.4654 -76.3819 59.2875 -48.2346 0.0000 -0.0000 -13.2159 -29.8933 31.4814 -16.7103 7.1250 -0.0000 -0.0000 0.9687 5.2504 1.0535
6.4173 18.0419 6.7993 182.1480 -0.5176 -174.3670 0.0000 0.0000 0.0000 -22.1388 -2.5101 -10.7466 1.5412 7.8367 22.2193 0.2993 -10.4512 -11.3950 0.0298 1.1150 3.0652 0.0000 0.0000 0.0000 12.6534 -1.1406 -1.0053 -0.2032 -2.9023 8.0068 0.1697 -10.5890 -12.0569 -0.0438 1.3500 -3.7123 -3.3214 1.0523 -1.6902 -2.1633 1.4410 0.8072 -0.3144 0.6598 1.7486 -15.6089 -5.7316 -14.5559 2.6514 -5.7195 22.9962 2.6820 -3.9970 10.3502 0.0000 0.0000 0.0000 -84.3993 -0.3675 20.6571 65.4022 -57.5856 -38.8704 -0.0000 -0.0000 7.8153 7.2666 32.0463 3.8706 -7.1250 0.0000 -0.0000 -28.3778 59.9261 -10.8595 0.0000 0.0000 0.0000 89.2411 -2.4389 34.6368 -86.6535 59.9576 -57.1022 0.0000 -0.0000 -8.6476 -29.7371 35.1380 -18.1999 7.1250 -0.0000 -0.0000 1.8214 9.0290 2.0857
6.4182 18.0405 6.8038 182.2170 0.0625 -174.6330 0.0000 0.0000 0.0000 -22.1900 -2.7714 -10.2806 1.5187 7.7820 22.0539 0.3316 -9.4755 -11.4021 0.0296 1.1100 3.0515 0.0000 0.0000 0.0000 12.6334 -0.5391 -0.8489 -0.2238 -3.0454 8.4051 0.1590 -10.4868 -12.0985 -0.0060 0.5014 -1.3778 -3.4509 1.2119 -1.6419 -2.0661 1.8086 0.7753 -0.1309 0.9095 1.6788 -15.7287 -5.6433 -14.1899 2.7699 -5.7158 23.2300 2.7504 -4.0231 10.3722 -0.0000 0.0000 0.0000 -84.2656 -1.2686 25.8035 76.2049 -59.2686 -48.0824 -0.0000 -0.0000 8.7460 10.7530 29.2435 5.3005 -7.1250 0.0000 -0.0000 -22.5335 58.2066 -7.5281 -0.0000 0.0000 0.0000 88.9058 -1.8669 37.6435 -97.2728 59.7992 -66.2942 0.0000 -0.0000 -5.8240 -31.5304 37.9059 -20.6531 7.1250 -0.0000 -0.0000 1.5352 12.4190 1.8300
6.3735 18.0182 6.7523 182.2860 0.3318 -175.2050 0.0000 0.0000 0.0000 -22.5069 -3.6495 -9.1520 1.5502 7.8584 22.2850 0.4624 -7.9275 -12.5125 0.0160 0.8167 2.2445 0.0000 0.0000 0.0000 12.4191 -0.6323 0.4297 -0.1652 -2.6185 7.2184 0.2387 -11.0458 -11.4068 -0.0533 1.4892 -4.0961 -2.6503 1.3418 -2.4227 -2.2529 2.0240 1.2634 -0.7341 1.0187 2.6487 -15.3512 -5.6410 -14.1493 2.3280 -5.7275 23.3217 2.5292 -4.0565 10.3734 0.0000 -0.0000 0.0000 -83.4284 -3.6087 30.5257 85.3722 -59.9189 -55.9933 -0.0000 -0.0000 8.6642 7.8392 25.3161 3.3693 -7.1250 0.0000 -0.0000 -22.8102 54.0171 -5.2661 0.0000 -0.0000 0.0000 88.5133 0.1288 40.9095 -103.8221 59.2657 -71.9408 0.0000 -0.0000 -4.1801 -28.2032 38.9350 -18.6244 7.1250 -0.0000 -0.0000 3.4923 12.4636 4.1706
6.3595 17.9943 6.7243 182.0860 1.5972 -175.8090 0.0000 0.0000 0.0000 -22.9047 -2.7571 -8.4925 1.5368 7.8260 22.1868 0.4925 -7.5016 -12.7781 0.0293 1.1056 3.0395 0.0000 0.0000 0.0000 11.9999 0.6109 0.8770 -0.2055 -2.9191 8.0537 0.1986 -10.7868 -11.8035 -0.0496 1.4371 -3.9523 -2.6565 1.7381 -2.5937 -2.4546 2.5799 1.3233 -0.9053 1.3008 2.8133 -14.8723 -5.4513 -14.3004 2.1120 -5.5794 24.0696 2.3882 -4.0280 10.6356 -0.0000 -0.0000 0.0000 -82.3335 -5.4262 34.3070 92.1738 -59.9821 -61.8825 -0.0000 -0.0000 10.6351 6.4405 22.9502 2.5203 -7.1250 0.0000 -0.0000 -22.7984 51.5989 -3.8738 -0.0000 -0.0000 0.0000 87.8015 1.3898 43.5504 -108.3044 58.6954 -75.7826 0.0000 -0.0000 -3.2153 -26.8065 38.4678 -17.4490 7.1250 -0.0000 -0.0000 4.1015 11.6009 4.8536
6.3581 17.9975 6.7332 181.8530 1.8832 -176.0420 0.0000 0.0000 0.0000 -23.2208 -2.5736 -8.1583 1.5022 7.7416 21.9320 0.5032 -7.2542 -12.8586 0.0149 0.7894 2.1694 0.0000 0.0000 0.0000 11.6916 0.9357 0.8743 -0.2368 -3.1318 8.6458 0.1637 -10.5223 -12.0624 -0.0485 1.4217 -3.9098 -2.7904 1.7158 -0.9436 -2.6640 2.4379 0.0898 -1.1314 1.2561 0.6228 -14.7527 -5.1079 -13.6786 2.0841 -5.3674 24.7434 2.3960 -4.0081 10.7362 0.0000 0.0000 0.0000 -81.4953 -5.8113 35.9476 96.2708 -59.8509 -65.4279 -0.0000 -0.0000 11.4763 1.2835 21.4550 0.4695 -7.1250 0.0000 -0.0000 -26.7442 49.4387 -3.1289 0.0000 0.0000 0.0000 87.5409 1.3672 44.7890 -111.3523 58.2052 -78.3802 0.0000 -0.0000 -4.4906 -24.7607 39.3901 -16.3146 7.1250 -0.0000 -0.0000 5.3527 11.9799 6.3720
6.3578 17.9900 6.7453 181.6270 1.9682 -176.0860 0.0000 0.0000 0.0000 -23.4671 -2.6948 -8.1546 1.5078 7.7552 21.9729 0.5071 -7.0791 -12.8749 0.0095 0.6280 1.7257 0.0000 0.0000 0.0000 11.4496 1.0158 0.8872 -0.2318 -3.0988 8.5540 0.1560 -10.4986 -12.1806 -0.0686 1.6901 -4.6501 -3.2576 1.7137 -2.1759 -2.4002 2.5329 0.9926 -0.5374 1.2748 2.2102 -15.1000 -5.6081 -14.8187 1.9201 -5.6000 24.2548 2.3365 -4.0826 10.8137 -0.0000 0.0000 0.0000 -81.2858 -9.6260 35.7761 97.2649 -59.7996 -66.2873 -0.0000 -0.0000 9.7524 -1.9354 20.3431 -0.6731 -7.1250 0.0000 -0.0000 -29.0157 47.9917 -2.3268 -0.0000 0.0000 0.0000 86.4803 4.7661 42.4536 -114.3371 57.6392 -80.9095 0.0000 -0.0000 -6.9984 -20.8196 39.0226 -13.4643 7.1250 -0.0000 -0.0000 7.3001 10.6540 8.5872
6.3551 17.9935 6.7487 181.8620 1.8810 -176.0720 0.0000 0.0000 0.0000 -23.2042 -2.7078 -8.2749 1.5268 7.8019 22.1139 0.5124 -7.0078 -12.9269 0.0121 0.7093 1.9493 0.0000 0.0000 0.0000 11.7226 0.8538 1.1415 -0.2062 -2.9237 8.0663 0.2058 -10.8148 -11.6991 -0.0463 1.3884 -3.8181 -3.2095 1.6750 -2.9166 -2.0973 2.5163 1.4823 -0.2198 1.2446 3.1204 -15.4563 -5.8428 -15.4322 2.3914 -5.6902 23.4597 2.5456 -4.0111 10.6731 -0.0000 0.0000 0.0000 -80.5844 -11.8398 33.8133 98.3788 -59.7331 -67.2497 -0.0000 -0.0000 6.0788 -3.3493 21.2845 -1.2170 -7.1250 0.0000 -0.0000 -30.7668 48.6100 -3.0036 -0.0000 0.0000 0.0000 85.3305 6.9242 37.9772 -119.0182 56.5659 -84.8408 0.0000 -0.0000 -10.8860 -18.3626 37.3542 -11.3868 7.1250 -0.0000 -0.0000 8.2966 8.4673 9.5211
6.3466 17.9967 6.7404 181.9980 1.6467 -175.9780 0.0000 0.0000 0.0000 -23.0634 -2.5765 -8.3543 1.5281 7.8049 22.1230 0.5036 -7.4230 -12.8925 0.0080 0.5764 1.5838 0.0000 0.0000 0.0000 11.8455 0.5694 1.2543 -0.1892 -2.8011 7.7254 0.1704 -10.6914 -12.2291 -0.0575 1.5471 -4.2557 -3.0835 1.5496 -1.2260 -2.0472 2.1964 0.0813 -0.3309 1.1185 0.7367 -15.0107 -5.4973 -15.0930 1.9036 -5.3915 24.2728 2.3416 -3.9784 10.8494 0.0000 0.0000 0.0000 -79.0877 -10.3106 29.9149 100.2740 -59.5974 -68.8855 -0.0000 -0.0000 2.4861 -7.3245 22.1321 -2.7724 -7.1250 0.0000 -0.0000 -34.7072 48.7495 -3.6131 0.0000 0.0000 0.0000 83.7303 5.2487 31.9315 -124.3924 55.0211 -89.2868 0.0000 -0.0000 -15.0015 -21.3911 38.2198 -13.6229 7.1250 -0.0000 -0.0000 6.8567 9.9880 7.9945
6.3469 17.9996 6.7315 182.0990 1.6515 -175.7480 0.0000 0.0000 0.0000 -22.9363 -2.6892 -8.5940 1.5295 7.8084 22.1335 0.5000 -7.4254 -12.8510 0.0142 0.7704 2.1173 0.0000 0.0000 0.0000 11.9895 0.5823 1.1774 -0.1716 -2.6688 7.3580 0.2303 -10.9540 -11.4154 -0.0657 1.6538 -4.5498 -2.8881 1.4641 -2.4323 -2.1191 2.1571 0.6283 -0.4680 1.0848 1.9856 -14.3134 -5.7635 -15.2124 1.7191 -5.7391 23.2585 2.1220 -4.0048 10.4963 0.0000 0.0000 0.0000 -76.4891 -11.3751 24.0874 100.7759 -59.5567 -69.3183 -0.0000 0.0000 -1.2239 -8.3678 21.6143 -3.1014 -7.1250 0.0000 -0.0000 -35.2822 48.1644 -3.1216 0.0000 0.0000 0.0000 81.4442 6.8683 22.9662 -128.1305 53.7222 -92.3257 0.0000 -0.0000 -19.2785 -22.0218 37.2131 -13.7455 7.1250 -0.0000 -0.0000 6.3430 9.1295 7.3105
6.3424 17.9991 6.7180 182.3910 1.7054 -175.7030 0.0000 0.0000 0.0000 -22.6173 -2.8341 -8.6325 1.5643 7.8925 22.3881 0.5120 -7.3899 -12.9831 0.0202 0.9181 2.5234 0.0000 0.0000 0.0000 12.3169 0.4876 1.6590 -0.1303 -2.3266 6.4092 0.2690 -11.2012 -11.0038 -0.0606 1.5890 -4.3712 -2.6369 1.3280 -1.6207 -2.0306 1.9032 -0.0017 -0.5584 0.9708 0.8911 -14.5161 -5.4669 -15.9234 2.3342 -5.4086 24.6657 2.4021 -3.8870 11.1452 -0.0000 0.0000 0.0000 -73.2891 -10.6068 16.5724 100.0528 -59.6147 -68.6947 -0.0000 0.0000 -6.8366 -11.3381 22.7484 -4.4336 -7.1250 0.0000 -0.0000 -38.4905 48.6587 -4.0303 -0.0000 0.0000 0.0000 78.2923 6.9144 12.1299 -130.7518 52.6878 -94.4250 0.0000 -0.0000 -25.9963 -18.6628 35.3065 -11.0457 7.1250 -0.0000 -0.0000 7.8269 6.4937 8.7397
6.3577 17.9978 6.7353 181.9110 1.6347 -175.8230 0.0000 0.0000 0.0000 -23.0800 -2.0848 -8.6842 1.5178 7.7797 22.0469 0.4724 -7.9485 -12.6333 0.0003 0.1102 0.3027 0.0000 0.0000 0.0000 11.8643 0.6458 0.9768 -0.2012 -2.8880 7.9670 0.1868 -10.7103 -11.9154 -0.0595 1.5740 -4.3296 -3.2965 1.2196 -1.0088 -2.2000 1.7513 -0.1852 -0.3854 0.9069 0.3477 -14.3365 -5.4323 -15.8148 2.6494 -5.5445 24.9405 2.4704 -3.9155 11.2380 -0.0000 0.0000 0.0000 -69.0013 -11.1757 7.9157 94.1416 -59.9351 -63.5859 -0.0000 0.0000 -11.9799 -14.6474 24.0994 -6.0916 -7.1250 0.0000 -0.0000 -42.1416 49.2278 -5.2482 -0.0000 0.0000 0.0000 73.7380 7.5757 -0.3564 -129.1816 53.3203 -93.1709 0.0000 -0.0000 -32.1025 -19.2910 34.2565 -11.1459 7.1250 -0.0000 -0.0000 7.3323 5.5717 8.0732
6.3522 17.9869 6.7120 181.9610 1.8091 -176.0580 0.0000 0.0000 0.0000 -23.0582 -2.0736 -8.4059 1.5411 7.8365 22.2187 0.4901 -7.8933 -12.8271 0.0225 0.9680 2.6607 0.0000 0.0000 0.0000 11.8951 0.6921 1.4785 -0.1849 -2.7692 7.6367 0.2085 -10.8556 -11.7179 -0.0726 1.7383 -4.7829 -3.2212 1.1050 -0.8048 -2.0520 1.5834 -0.0168 -0.2800 0.8171 0.4065 -14.2469 -5.3393 -16.3967 2.1154 -5.2158 25.2354 2.2937 -3.8375 11.4191 -0.0000 0.0000 0.0000 -63.8330 -12.0522 -1.4160 82.3220 -59.7761 -53.3557 -0.0000 0.0000 -16.7299 -14.8339 25.0762 -6.4045 -7.1250 0.0000 -0.0000 -43.0009 49.9607 -6.2998 -0.0000 0.0000 0.0000 67.8273 8.1330 -12.4176 -123.3013 55.3641 -88.3909 0.0000 -0.0000 -39.2141 -19.7953 32.2682 -10.8774 7.1250 -0.0000 -0.0000 6.7741 3.6733 7.2437
6.3539 17.9837 6.6952 182.1780 1.7354 -175.9560 0.0000 0.0000 0.0000 -22.7956 -2.0569 -8.6813 1.5806 7.9316 22.5066 0.4724 -8.1721 -12.6841 0.0366 1.2347 3.3949 0.0000 0.0000 0.0000 12.1346 0.5545 1.6659 -0.1650 -2.6169 7.2138 0.2127 -10.9245 -11.7585 -0.0653 1.6488 -4.5360 -2.8326 1.1438 -0.6986 -2.1927 1.6215 -0.3081 -0.6473 0.8436 0.0624 -14.1934 -5.3440 -16.0695 2.3480 -5.4564 25.8335 2.3356 -3.9677 11.6069 0.0000 -0.0000 0.0000 -57.6165 -13.2500 -10.0376 65.6393 -57.6344 -39.0706 -0.0000 0.0000 -24.0772 -15.1917 26.6973 -6.9555 -7.1250 0.0000 -0.0000 -44.5333 51.1485 -8.1249 0.0000 -0.0000 0.0000 62.0403 7.1854 -23.3866 -112.2756 58.0395 -79.1642 0.0000 -0.0000 -48.3224 -15.5361 29.5865 -7.8156 7.1250 -0.0000 -0.0000 8.9020 0.2079 9.0440
6.3430 17.9839 6.6774 181.8010 1.1278 -175.7520 0.0000 0.0000 0.0000 -23.2222 -2.5678 -8.6429 1.5637 7.8912 22.3842 0.4760 -8.2347 -12.7395 0.0127 0.7285 2.0022 0.0000 0.0000 0.0000 11.7273 0.1145 0.9716 -0.2097 -2.9486 8.1356 0.1468 -10.6213 -12.5845 -0.0960 1.9985 -5.5015 -2.9275 0.8252 -0.6136 -2.3945 1.2023 -0.4665 -0.8072 0.6429 -0.1409 -14.3616 -5.3321 -16.2631 2.5518 -5.4490 26.1713 2.4338 -3.9768 11.7864 0.0000 -0.0000 0.0000 -51.3723 -14.9051 -20.1530 47.9988 -52.1558 -24.5848 -0.0000 0.0000 -29.8364 -14.9352 28.5655 -7.2685 -7.1250 0.0000 -0.0000 -45.8493 52.6035 -10.3388 0.0000 -0.0000 0.0000 55.5139 6.6839 -31.7519 -92.5426 59.9756 -62.2017 0.0000 -0.0000 -52.4926 -17.5754 28.8901 -8.7005 7.1250 -0.0000 -0.0000 7.6465 -0.1516 7.6951
6.3524 17.9772 6.6539 181.8690 1.3879 -175.9940 0.0000 0.0000 0.0000 -23.1493 -2.4991 -8.0878 1.5238 7.7945 22.0915 0.4823 -7.9937 -12.7578 0.0309 1.1342 3.1182 0.0000 0.0000 0.0000 11.8096 0.4680 0.8840 -0.2628 -3.2979 9.1093 0.1106 -10.4174 -12.9410 -0.0751 1.7674 -4.8633 -2.9627 0.7616 -0.3164 -2.3264 1.1002 -0.4343 -0.7226 0.5912 -0.2760 -14.4855 -5.1443 -16.4814 2.6701 -5.1519 26.3285 2.5410 -3.8522 11.8688 0.0000 0.0000 0.0000 -45.1668 -16.1965 -30.7573 33.0276 -43.3513 -13.4410 -0.0000 0.0000 -34.2880 -11.3318 29.6091 -5.6546 -7.1250 0.0000 -0.0000 -43.6680 54.0581 -11.3810 0.0000 0.0000 0.0000 49.0276 6.4478 -38.9737 -68.3799 58.1580 -41.3923 0.0000 -0.0000 -54.9654 -18.0881 28.2761 -8.7954 7.1250 -0.0000 -0.0000 7.2829 -0.6844 7.2545
6.3595 17.9615 6.6177 181.1620 1.8862 -176.0800 0.0000 0.0000 0.0000 -23.9696 -2.0221 -7.7761 1.4493 7.6100 21.5357 0.4720 -7.8500 -12.6080 0.0310 1.1366 3.1248 0.0000 0.0000 0.0000 10.9367 0.7316 0.3328 -0.3458 -3.7787 10.4550 0.0267 -9.6333 -13.2610 -0.0431 1.3401 -3.6852 -3.7827 0.6748 -0.3044 -2.5328 1.0086 -0.3890 -0.4764 0.5561 -0.2450 -14.5153 -5.2042 -16.4816 2.7673 -5.2141 26.0238 2.5745 -3.8458 11.7600 -0.0000 0.0000 0.0000 -39.4387 -17.1259 -43.5839 22.4976 -33.5349 -6.8587 -0.0000 0.0000 -36.7608 -11.2499 30.7522 -5.8075 -7.1250 0.0000 -0.0000 -44.6188 54.9362 -12.7592 -0.0000 0.0000 0.0000 43.0527 6.7993 -45.6035 -47.3423 51.8657 -24.0674 0.0000 -0.0000 -56.9293 -15.8017 26.7126 -7.2499 7.1250 -0.0000 -0.0000 8.5006 -2.6333 8.1930
6.3464 17.9711 6.5903 181.3820 1.4217 -175.8220 0.0000 0.0000 0.0000 -23.7252 -2.6997 -7.7687 1.4680 7.6568 21.6764 0.4909 -7.7947 -12.8163 0.0414 1.3133 3.6114 0.0000 0.0000 0.0000 11.1816 0.0399 0.5303 -0.2829 -3.4209 9.4527 0.0549 -9.8447 -13.0690 -0.0698 1.7042 -4.6889 -3.3757 0.2555 -0.5054 -2.5795 0.4588 -0.3860 -0.7500 0.2785 -0.1151 -13.5841 -6.3032 -16.7587 2.2381 -4.6160 25.9003 2.4547 -2.8123 11.7249 -0.0000 0.0000 0.0000 -35.2255 -16.7096 -55.9443 16.5754 -26.2946 -3.8974 -0.0000 0.0000 -32.1005 -9.6150 31.6740 -5.0832 -7.1250 0.0000 -0.0000 -44.0377 55.9562 -13.7133 -0.0000 0.0000 0.0000 38.7321 7.2979 -51.7821 -34.2285 44.2533 -14.2723 0.0000 -0.0000 -54.8630 -17.1960 26.0439 -7.7379 7.1250 -0.0000 -0.0000 7.6078 -3.0939 7.2513
6.3408 17.9727 6.5599 181.5700 1.3852 -175.4110 0.0000 0.0000 0.0000 -23.5807 -3.6331 -7.7923 1.4671 7.6545 21.6694 0.5305 -6.9983 -13.1351 0.0246 1.0121 2.7822 0.0000 0.0000 0.0000 11.4204 -0.0237 0.2026 -0.2742 -3.3682 9.3057 0.0458 -9.8581 -13.2538 -0.0462 1.3876 -3.8160 -3.1470 0.1867 -0.9503 -2.5960 0.3893 -0.3430 -0.8921 0.2397 0.1808 -13.5524 -6.2647 -16.8804 2.5468 -4.6956 25.6207 2.5458 -2.8154 11.6487 -0.0000 -0.0000 0.0000 -33.8435 -15.2706 -60.8122 14.6442 -23.6481 -3.0818 -0.0000 0.0000 -26.1882 -10.3357 31.7906 -5.4880 -7.1250 0.0000 -0.0000 -44.7877 55.8956 -13.9513 -0.0000 -0.0000 0.0000 36.7885 6.2649 -56.1735 -28.2300 39.3271 -10.2691 0.0000 -0.0000 -51.3241 -16.3700 25.7321 -7.2679 7.1250 -0.0000 -0.0000 8.0824 -3.5363 7.6462
6.3505 17.9746 6.5407 181.6740 2.2804 -175.6710 0.0000 0.0000 0.0000 -23.5109 -3.1453 -7.5169 1.4731 7.6694 21.7144 0.5549 -6.5866 -13.3623 0.0373 1.2468 3.4281 0.0000 0.0000 0.0000 11.5055 0.5063 0.4563 -0.2838 -3.4264 9.4682 0.0248 -9.5313 -13.1445 -0.0148 0.7853 -2.1581 -3.2632 0.4743 -0.6855 -2.5779 0.7590 -0.3220 -0.8077 0.4249 0.0493 -13.3047 -5.9455 -15.5969 2.7335 -4.6323 24.4061 2.5959 -2.7297 10.9192 0.0000 0.0000 0.0000 -34.7791 -12.7228 -56.1114 15.9815 -25.4956 -3.6380 -0.0000 0.0000 -29.6759 -10.0043 30.5913 -5.1299 -7.1250 0.0000 -0.0000 -43.3776 55.0608 -12.4320 0.0000 0.0000 0.0000 36.6335 4.3392 -56.8738 -26.3350 37.5376 -9.0910 0.0000 -0.0000 -49.8086 -15.7292 26.0745 -7.0568 7.1250 -0.0000 -0.0000 8.4955 -3.2866 8.0853
6.3666 17.9675 6.5351 182.4900 3.1561 -175.5670 0.0000 0.0000 0.0000 -22.3725 0.2820 -9.3533 1.5665 7.8978 22.4040 0.4432 -9.4650 -12.6959 0.0569 1.5391 4.2335 0.0000 0.0000 0.0000 12.3922 1.0406 0.6189 -0.2607 -3.2846 9.0721 0.0156 -9.3243 -13.0089 -0.0510 1.4569 -4.0070 -2.5783 0.5744 -0.6568 -2.4149 0.8749 -0.0726 -1.0207 0.4708 0.2946 -13.4770 -5.7994 -15.9675 3.6249 -4.6801 23.7173 2.9251 -2.6805 10.7543 0.0000 0.0000 0.0000 -36.0927 -10.4337 -51.4405 18.4467 -28.7254 -4.7620 -0.0000 0.0000 -34.2068 -11.0134 30.0255 -5.5623 -7.1250 0.0000 -0.0000 -43.7568 54.4350 -11.8516 0.0000 0.0000 0.0000 37.5231 3.4457 -56.6965 -26.9569 38.1381 -9.4725 0.0000 -0.0000 -50.1257 -15.1249 26.0189 -6.7618 7.1250 -0.0000 -0.0000 8.8562 -3.4308 8.4131
6.3675 17.9682 6.5275 181.7330 3.6389 -175.5120 0.0000 0.0000 0.0000 -23.2922 -0.2142 -9.0922 1.5485 7.8545 22.2729 0.5025 -8.6382 -13.1329 0.0536 1.4935 4.1079 0.0000 0.0000 0.0000 11.4462 1.1653 0.4095 -0.2618 -3.2917 9.0918 0.0300 -9.0882 -12.3932 -0.0837 1.8662 -5.1359 -3.5082 0.7064 -0.8424 -2.6138 1.1038 0.2131 -0.6977 0.5875 0.6792 -13.3017 -5.9999 -15.9683 3.7453 -5.1134 23.1157 2.8650 -2.8602 10.5669 0.0000 -0.0000 0.0000 -37.1649 -9.8926 -49.4097 20.3323 -31.0406 -5.7017 -0.0000 0.0000 -35.1650 -11.8613 29.7934 -5.9576 -7.1250 0.0000 -0.0000 -44.2892 54.0967 -11.6449 0.0000 -0.0000 0.0000 38.3912 2.5520 -56.4516 -27.9933 39.1100 -10.1194 0.0000 -0.0000 -49.5194 -15.5795 26.8650 -7.1812 7.1250 -0.0000 -0.0000 8.6455 -2.5137 8.3549
6.3682 17.9530 6.5298 181.3320 3.6870 -175.8530 0.0000 0.0000 0.0000 -23.7992 -0.6922 -8.3131 1.4807 7.6884 21.7715 0.4809 -7.7049 -12.6812 0.0982 2.0211 5.5640 0.0000 0.0000 0.0000 10.9188 0.7457 -0.1178 -0.3445 -3.7713 10.4342 -0.0725 -8.0877 -12.8959 -0.0839 1.8686 -5.1426 -3.8648 0.8995 -0.5345 -2.8210 1.3820 0.4964 -0.7107 0.7306 0.7915 -12.9494 -5.9803 -15.6219 3.9229 -5.3157 22.5745 2.8421 -2.9059 10.3097 0.0000 0.0000 0.0000 -38.1250 -9.7291 -46.2751 21.7933 -32.7427 -6.4737 -0.0000 0.0000 -36.1650 -13.3410 29.9074 -6.7434 -7.1250 0.0000 -0.0000 -45.6654 53.9003 -11.8983 0.0000 0.0000 0.0000 39.3281 1.4062 -55.8981 -29.2015 40.1990 -10.8905 0.0000 -0.0000 -50.5160 -15.7632 27.1276 -7.3343 7.1250 -0.0000 -0.0000 8.5565 -2.2217 8.3127
6.3655 17.9490 6.5386 181.4620 3.7902 -175.9820 0.0000 0.0000 0.0000 -23.6923 -0.7157 -8.0371 1.4561 7.6271 21.5870 0.5061 -7.4710 -12.9297 0.0083 0.5882 1.6162 0.0000 0.0000 0.0000 11.0714 0.8268 -0.6204 -0.4112 -4.1162 11.4039 -0.0886 -7.8328 -12.8597 -0.0923 1.9599 -5.3947 -3.5798 0.7055 -0.1371 -2.6790 1.0727 0.2808 -0.7354 0.5777 0.3536 -13.0609 -5.6717 -14.7593 3.7624 -4.9101 22.2230 2.8743 -2.7358 9.9837 -0.0000 -0.0000 0.0000 -39.6123 -8.5728 -44.6116 22.9396 -34.0227 -7.1045 -0.0000 0.0000 -36.0249 -12.9511 30.5656 -6.6702 -7.1250 0.0000 -0.0000 -45.9247 54.4638 -12.6877 -0.0000 -0.0000 0.0000 39.9406 1.2056 -53.2772 -30.4521 41.2778 -11.7067 0.0000 -0.0000 -51.2063 -15.7240 27.2966 -7.3569 7.1250 -0.0000 -0.0000 8.5935 -2.0579 8.3751
6.3599 17.9563 6.5444 181.4300 4.2185 -175.9300 0.0000 0.0000 0.0000 -23.7387 -0.4941 -8.2955 1.4822 7.6922 21.7829 0.4954 -7.4737 -12.8059 0.1022 2.0615 5.6757 0.0000 0.0000 0.0000 11.0251 1.2387 -0.7255 -0.4195 -4.1573 11.5197 -0.1302 -7.8268 -13.5527 -0.0794 1.8179 -5.0027 -3.5615 0.6764 -0.2119 -2.6072 1.0340 0.3154 -0.6706 0.5549 0.4305 -12.7128 -5.4582 -14.5883 3.3450 -4.6309 21.8861 2.7080 -2.6201 9.7848 0.0000 -0.0000 0.0000 -40.6897 -7.8324 -41.9031 23.5034 -34.6347 -7.4225 -0.0000 0.0000 -36.2644 -13.0995 30.0517 -6.6467 -7.1250 0.0000 -0.0000 -45.5870 54.0537 -12.0588 0.0000 -0.0000 0.0000 40.6035 1.2779 -50.7164 -31.7785 42.3699 -12.5913 0.0000 -0.0000 -51.0769 -15.9015 27.3329 -7.4524 7.1250 -0.0000 -0.0000 8.4908 -1.9940 8.2826
6.3568 17.9581 6.5494 181.2940 4.3319 -175.8700 0.0000 0.0000 0.0000 -23.9135 -0.6273 -8.3164 1.4740 7.6717 21.7212 0.5182 -7.2967 -13.0390 0.0703 1.7104 4.7058 0.0000 0.0000 0.0000 10.8953 1.4753 -0.6428 -0.4003 -4.0623 11.2519 -0.0999 -8.0982 -13.3789 -0.0926 1.9630 -5.4034 -3.4930 0.7654 -0.2111 -2.8031 1.1723 0.4574 -0.9077 0.6275 0.5796 -12.2133 -5.5092 -15.3369 3.4780 -4.8003 22.0218 2.6382 -2.6535 9.9703 -0.0000 0.0000 0.0000 -41.8243 -7.9030 -38.7508 24.4769 -35.6645 -7.9829 -0.0000 0.0000 -35.8398 -13.3218 30.5939 -6.8719 -7.1250 0.0000 -0.0000 -46.2699 54.4126 -12.7555 -0.0000 0.0000 0.0000 42.2555 0.7684 -47.6957 -33.8212 43.9518 -13.9888 0.0000 -0.0000 -49.8888 -15.6393 27.8130 -7.4417 7.1250 -0.0000 -0.0000 8.6862 -1.5524 8.5473
6.3523 17.9610 6.5631 180.9730 4.5865 -175.7190 0.0000 0.0000 0.0000 -24.3332 -0.9902 -8.3314 1.4357 7.5758 21.4330 0.5057 -6.5938 -12.7890 0.0836 1.8652 5.1332 0.0000 0.0000 0.0000 10.4902 1.9661 -0.7631 -0.4023 -4.0719 11.2790 -0.0991 -8.0848 -13.3497 -0.0401 1.2917 -3.5518 -3.9025 0.6284 -0.5217 -2.6461 1.0079 0.5293 -0.5141 0.5372 0.8197 -12.9218 -5.4981 -15.1916 3.9316 -4.7666 21.4897 2.9143 -2.6489 9.7836 -0.0000 0.0000 0.0000 -44.2353 -6.9862 -35.3925 26.0480 -37.2561 -8.9167 -0.0000 0.0000 -35.1110 -13.6123 30.7252 -7.0528 -7.1250 0.0000 -0.0000 -46.6398 54.4526 -12.9468 -0.0000 0.0000 0.0000 43.3927 0.5516 -43.0646 -36.5685 45.9002 -15.9294 0.0000 -0.0000 -49.8391 -15.8669 28.4995 -7.7234 7.1250 -0.0000 -0.0000 8.6108 -0.8277 8.5835
6.3507 17.9699 6.5719 181.8630 4.9732 -175.7380 0.0000 0.0000 0.0000 -23.3917 -0.9452 -8.4600 1.5017 7.7404 21.9283 0.5436 -6.3402 -13.2053 0.0793 1.8163 4.9982 0.0000 0.0000 0.0000 11.4518 1.9689 -0.0770 -0.3142 -3.6032 9.9628 -0.0384 -8.2677 -12.5202 -0.0472 1.4020 -3.8556 -3.0491 0.4655 -0.2902 -2.0585 0.7307 0.6932 -0.3927 0.3825 0.8638 -12.9570 -5.2248 -15.8509 3.3450 -4.1641 21.1899 2.7812 -2.4348 9.7360 0.0000 -0.0000 0.0000 -47.2557 -5.5219 -31.2319 28.3349 -39.4228 -10.3357 -0.0000 0.0000 -34.4501 -12.0763 31.2923 -6.3410 -7.1250 0.0000 -0.0000 -45.8416 55.1737 -13.5216 0.0000 -0.0000 0.0000 44.8538 0.4810 -37.1564 -40.8346 48.5566 -19.0625 0.0000 -0.0000 -50.2976 -17.0023 28.6906 -8.3511 7.1250 -0.0000 -0.0000 7.9623 -0.4500 7.9771
6.3433 17.9681 6.5820 181.7570 5.2078 -175.8030 0.0000 0.0000 0.0000 -23.5740 -1.1896 -8.2020 1.4700 7.6618 21.6913 0.5553 -5.7436 -13.2932 0.0723 1.7349 4.7735 0.0000 0.0000 0.0000 11.2817 1.9885 -0.2472 -0.3289 -3.6860 10.1949 -0.0461 -8.1921 -12.5601 -0.0688 1.6924 -4.6563 -3.2816 0.5892 -0.2404 -1.7961 0.8898 0.8431 0.0080 0.4534 0.9795 -13.3810 -5.1917 -16.0378 3.3931 -3.9941 21.0504 2.8856 -2.3818 9.7205 0.0000 -0.0000 0.0000 -50.6515 -4.4000 -25.0106 31.1601 -41.8673 -12.1766 -0.0000 0.0000 -34.7066 -12.3313 32.2269 -6.6494 -7.1250 0.0000 -0.0000 -46.9619 55.8067 -14.7585 0.0000 -0.0000 0.0000 47.0094 -0.6352 -32.0464 -45.3082 50.9186 -22.4777 0.0000 -0.0000 -47.6500 -17.0477 28.6868 -8.3735 7.1250 -0.0000 -0.0000 7.9353 -0.4462 7.9500
6.3364 17.9764 6.5924 181.4970 5.7601 -175.5800 0.0000 0.0000 0.0000 -23.8527 -0.3302 -8.7098 1.4367 7.5783 21.4402 0.5209 -6.2748 -12.9317 0.0976 2.0148 5.5465 0.0000 0.0000 0.0000 10.8836 2.3483 -0.9956 -0.3776 -3.9468 10.9269 -0.0851 -7.6833 -12.6123 -0.0486 1.4228 -3.9131 -3.4279 1.0107 -0.4336 -1.9793 1.4845 1.0397 -0.0860 0.7501 1.2773 -12.7926 -5.3608 -16.1463 3.2649 -4.4153 20.2265 2.6751 -2.5492 9.4626 -0.0000 -0.0000 0.0000 -54.0821 -3.9506 -19.1345 34.6188 -44.5380 -14.5453 -0.0000 0.0000 -31.8231 -14.1156 33.1490 -7.8296 -7.1250 0.0000 -0.0000 -49.4306 56.0962 -16.2192 -0.0000 -0.0000 0.0000 50.2596 -2.3129 -27.4304 -49.8616 52.9395 -26.0636 0.0000 -0.0000 -42.5044 -17.7468 30.1045 -9.1197 7.1250 -0.0000 -0.0000 7.6753 1.1031 7.8923
6.3255 17.9766 6.6097 181.5390 6.0552 -175.5380 0.0000 0.0000 0.0000 -23.8652 -0.3820 -8.8586 1.4553 7.6250 21.5806 0.5314 -5.9480 -13.0264 0.1249 2.2786 6.2762 0.0000 0.0000 0.0000 10.8869 2.5056 -1.0216 -0.3544 -3.8248 10.5843 -0.0370 -8.0924 -12.2601 -0.0829 1.8569 -5.1103 -3.2793 1.0643 -0.0196 -1.8896 1.5223 0.9264 -0.0870 0.7722 0.9288 -12.8107 -5.2845 -15.9128 3.4400 -4.4239 19.4647 2.7349 -2.5332 9.1559 0.0000 -0.0000 0.0000 -57.8222 -2.2732 -12.8909 36.9817 -46.1764 -16.2268 -0.0000 0.0000 -28.0914 -13.2347 34.2345 -7.5371 -7.1250 0.0000 -0.0000 -49.8072 57.0461 -17.6222 0.0000 -0.0000 0.0000 53.0692 -4.0323 -20.7116 -54.1803 54.5484 -29.5472 0.0000 -0.0000 -38.4829 -18.7252 30.2120 -9.6798 7.1250 -0.0000 -0.0000 7.1235 1.3890 7.3506
6.3067 17.9743 6.6206 181.8000 6.0110 -175.4240 0.0000 0.0000 0.0000 -23.7187 -1.3061 -8.6835 1.4703 7.6625 21.6934 0.5720 -4.8765 -13.4622 0.0247 1.0142 2.7880 0.0000 0.0000 0.0000 11.0905 2.1706 -1.0924 -0.3328 -3.7075 10.2552 -0.0368 -7.6819 -11.7083 -0.0798 1.8222 -5.0145 -2.8779 0.8545 -0.0147 -1.5934 1.2267 1.0456 -0.0086 0.6182 1.0556 -13.3553 -5.1366 -16.0728 3.5366 -4.1151 18.6957 2.8873 -2.4095 8.9085 -0.0000 0.0000 0.0000 -62.0847 -0.6227 -7.1636 38.2929 -47.0253 -17.1796 -0.0000 0.0000 -21.9626 -12.0512 34.4832 -6.8919 -7.1250 0.0000 -0.0000 -49.0432 57.4800 -17.7954 -0.0000 0.0000 0.0000 55.8473 -4.7647 -14.3579 -56.3372 55.2522 -31.3119 0.0000 -0.0000 -32.4627 -17.7882 30.7549 -9.3173 7.1250 -0.0000 -0.0000 7.7243 1.7654 8.0311
6.3062 17.9690 6.6216 181.6880 6.0870 -175.5780 0.0000 0.0000 0.0000 -23.8179 -0.5068 -8.8847 1.4688 7.6588 21.6825 0.5540 -5.4908 -13.2642 0.0053 0.4697 1.2906 0.0000 0.0000 0.0000 10.9348 2.0227 -1.0483 -0.3403 -3.7488 10.3711 -0.0536 -7.4017 -11.6708 -0.0802 1.8271 -5.0282 -2.8951 1.0451 0.2604 -1.6877 1.4815 1.1594 -0.0979 0.7489 1.0152 -12.8132 -5.2025 -16.0452 3.2888 -4.3413 17.9103 2.6791 -2.4984 8.6310 0.0000 -0.0000 0.0000 -66.1377 0.1040 -1.8840 37.8497 -46.7430 -16.8560 -0.0000 0.0000 -12.4110 -8.9166 34.6721 -5.1003 -7.1250 0.0000 -0.0000 -46.4681 58.3153 -17.5318 0.0000 -0.0000 0.0000 59.6547 -6.1338 -10.0358 -56.4089 55.2745 -31.3708 0.0000 -0.0000 -24.4585 -14.5183 30.8082 -7.5550 7.1250 -0.0000 -0.0000 9.6004 1.2620 9.9491
6.3109 17.9778 6.6175 181.8540 6.5447 -175.4300 0.0000 0.0000 0.0000 -23.7260 -0.9694 -8.7943 1.4712 7.6648 21.7006 0.5981 -4.5744 -13.7733 0.0019 0.2788 0.7661 0.0000 0.0000 0.0000 11.0876 2.2324 -0.9307 -0.3024 -3.5356 9.7738 -0.0214 -7.3842 -10.9951 -0.0826 1.8543 -5.1030 -2.9422 1.1520 0.0163 -1.4993 1.6234 1.1427 0.1272 0.8133 1.1253 -12.5440 -5.1075 -16.3605 3.0290 -4.1801 17.9676 2.5636 -2.4303 8.6805 0.0000 0.0000 0.0000 -70.9543 0.8014 1.3001 35.1977 -44.9528 -14.9529 -0.0000 0.0000 -1.8822 -3.6485 33.4754 -2.0143 -7.1250 0.0000 -0.0000 -40.3747 58.6087 -14.9696 0.0000 0.0000 0.0000 62.6520 -7.0173 -3.6565 -52.8805 54.0932 -28.4912 0.0000 -0.0000 -18.3599 -13.2236 32.2194 -7.1410 7.1250 -0.0000 -0.0000 10.4630 2.4546 11.0849
6.3164 17.9801 6.6216 181.8480 6.6937 -175.5520 0.0000 0.0000 0.0000 -23.7436 -0.9448 -8.6861 1.4812 7.6897 21.7754 0.6063 -4.3179 -13.8778 0.0006 -0.1636 -0.4495 0.0000 0.0000 0.0000 11.1012 2.4006 -0.7445 -0.2983 -3.5119 9.7073 -0.0048 -7.6876 -11.0650 -0.1243 2.2726 -6.2595 -3.0855 1.1086 0.1296 -1.2870 1.5667 1.3973 0.4249 0.7780 1.3147 -12.6383 -5.1641 -16.2972 2.9226 -4.2909 16.2700 2.5201 -2.4764 8.1004 0.0000 -0.0000 0.0000 -75.9899 -0.0386 1.5378 30.5859 -41.3903 -11.7951 -0.0000 -0.0000 9.7266 0.3396 34.2334 0.1911 -7.1250 0.0000 -0.0000 -37.3795 60.1219 -15.0237 0.0000 -0.0000 0.0000 66.1209 -6.6648 0.7019 -47.5270 51.9481 -24.2127 0.0000 -0.0000 -10.8803 -12.5380 31.8940 -6.7015 7.1250 -0.0000 -0.0000 10.8198 2.0281 11.3984
6.3233 17.9748 6.6326 181.2410 6.9157 -175.6880 0.0000 0.0000 0.0000 -24.3505 0.9467 -9.2270 1.4419 7.5913 21.4794 0.5559 -5.7180 -13.2996 0.0246 -1.0125 -2.7833 0.0000 0.0000 0.0000 10.4401 2.8466 -1.2924 -0.3760 -3.9382 10.9028 -0.0604 -7.1254 -11.4536 -0.1140 2.1767 -5.9943 -3.6740 1.2789 0.5810 -1.4700 1.7958 1.4740 0.5571 0.8960 1.1232 -12.6969 -5.0663 -15.6886 3.4394 -4.4228 12.8291 2.6887 -2.4349 6.8727 -0.0000 0.0000 0.0000 -80.2729 -1.2957 0.7279 24.7850 -35.9834 -8.1632 -0.0000 -0.0000 15.9327 5.5878 35.7719 3.2733 -7.1250 0.0000 -0.0000 -33.9032 62.6562 -15.4653 -0.0000 0.0000 0.0000 69.2098 -6.7479 5.0195 -40.2741 48.2315 -18.6434 0.0000 -0.0000 -6.8354 -10.6353 33.0100 -5.8411 7.1250 -0.0000 -0.0000 11.9737 2.8437 12.8309
