HIERARCHY
ROOT Hips
{
	OFFSET 0.00000 0.00000 0.00000
	CHANNELS 6 Xposition Yposition Zposition Zrotation Yrotation Xrotation 
	JOINT LHipJoint
	{
		OFFSET 0 0 0
		CHANNELS 3 Zrotation Yrotation Xrotation
		JOINT LeftUpLeg
		{
			OFFSET 1.57338 -1.94743 0.52196
			CHANNELS 3 Zrotation Yrotation Xrotation
			JOINT LeftLeg
			{
				OFFSET 2.60333 -7.15259 0.00000
				CHANNELS 3 Zrotation Yrotation Xrotation
				JOINT LeftFoot
				{
					OFFSET 2.77855 -7.63400 0.00000
					CHANNELS 3 Zrotation Yrotation Xrotation
					JOINT LeftToeBase
					{
						OFFSET 0.19847 -0.54529 2.28466
						CHANNELS 3 Zrotation Yrotation Xrotation
						End Site
						{
							OFFSET 0.00000 -0.00000 1.17993
						}
					}
				}
			}
		}
	}
	JOINT RHipJoint
	{
		OFFSET 0 0 0
		CHANNELS 3 Zrotation Yrotation Xrotation
		JOINT RightUpLeg
		{
			OFFSET -1.61527 -1.94743 0.52196
			CHANNELS 3 Zrotation Yrotation Xrotation
			JOINT RightLeg
			{
				OFFSET -2.53829 -6.97390 0.00000
				CHANNELS 3 Zrotation Yrotation Xrotation
				JOINT RightFoot
				{
					OFFSET -2.80762 -7.71387 0.00000
					CHANNELS 3 Zrotation Yrotation Xrotation
					JOINT RightToeBase
					{
						OFFSET -0.30536 -0.83898 2.28801
						CHANNELS 3 Zrotation Yrotation Xrotation
						End Site
						{
							OFFSET -0.00000 -0.00000 1.21323
						}
					}
				}
			}
		}
	}
	JOINT LowerBack
	{
		OFFSET 0 0 0
		CHANNELS 3 Zrotation Yrotation Xrotation
		JOINT Spine
		{
			OFFSET -0.04381 1.99497 -0.19778
			CHANNELS 3 Zrotation Yrotation Xrotation
			JOINT Spine1
			{
				OFFSET -0.01959 2.01295 -0.04372
				CHANNELS 3 Zrotation Yrotation Xrotation
				JOINT Neck
				{
					OFFSET 0 0 0
					CHANNELS 3 Zrotation Yrotation Xrotation
					JOINT Neck1
					{
						OFFSET -0.05459 1.76913 0.09708
						CHANNELS 3 Zrotation Yrotation Xrotation
						JOINT Head
						{
							OFFSET 0.09461 1.77368 -0.11172
							CHANNELS 3 Zrotation Yrotation Xrotation
							End Site
							{
								OFFSET 0.03812 1.78157 -0.04834
							}
						}
					}
				}
				JOINT LeftShoulder
				{
					OFFSET 0 0 0
					CHANNELS 3 Zrotation Yrotation Xrotation
					JOINT LeftArm
					{
						OFFSET 3.50922 1.24034 -0.28866
						CHANNELS 3 Zrotation Yrotation Xrotation
						JOINT LeftForeArm
						{
							OFFSET 5.40188 -0.00000 0.00000
							CHANNELS 3 Zrotation Yrotation Xrotation
							JOINT LeftHand
							{
								OFFSET 3.68559 -0.00000 0.00000
								CHANNELS 3 Zrotation Yrotation Xrotation
								JOINT LeftFingerBase
								{
									OFFSET 0 0 0
									CHANNELS 3 Zrotation Yrotation Xrotation
									JOINT LeftHandIndex1
									{
										OFFSET 0.61753 -0.00000 0.00000
										CHANNELS 3 Zrotation Yrotation Xrotation
										End Site
										{
											OFFSET 0.49787 -0.00000 0.00000
										}
									}
								}
								JOINT LThumb
								{
									OFFSET 0 0 0
									CHANNELS 3 Zrotation Yrotation Xrotation
									End Site
									{
										OFFSET 0.50547 -0.00000 0.50547
									}
								}
							}
						}
					}
				}
				JOINT RightShoulder
				{
					OFFSET 0 0 0
					CHANNELS 3 Zrotation Yrotation Xrotation
					JOINT RightArm
					{
						OFFSET -2.95373 1.39649 -0.27346
						CHANNELS 3 Zrotation Yrotation Xrotation
						JOINT RightForeArm
						{
							OFFSET -6.10670 -0.00000 -0.00000
							CHANNELS 3 Zrotation Yrotation Xrotation
							JOINT RightHand
							{
								OFFSET -3.63052 -0.00000 0.00000
								CHANNELS 3 Zrotation Yrotation Xrotation
								JOINT RightFingerBase
								{
									OFFSET 0 0 0
									CHANNELS 3 Zrotation Yrotation Xrotation
									JOINT RightHandIndex1
									{
										OFFSET -0.58385 -0.00000 0.00000
										CHANNELS 3 Zrotation Yrotation Xrotation
										End Site
										{
											OFFSET -0.47071 -0.00000 0.00000
										}
									}
								}
								JOINT RThumb
								{
									OFFSET 0 0 0
									CHANNELS 3 Zrotation Yrotation Xrotation
									End Site
									{
										OFFSET -0.47790 -0.00000 0.47790
									}
								}
							}
						}
					}
				}
			}
		}
	}
}
MOTION
Frames: 400
Frame Time: 0.033333
-0.2009 18.6574 0.9823 0 0 0 0 0 0 -21 0 0 0 0 0 0 0 0 0 0 0 0 0 0 21 0 0 0 0 0 0 0 0 0 0 0 0 0 0 0 0 0 0 0 0 0 0 -16 0 0 21 0 0 11 0 0 0 -8 0 0 0 0 0 0 0 0 0 0 0 0 0 0 0 0 0 0 0 0 8 0 0 0 0 0 0 0 0 0 0 0 0 0 0 0 0 0
-0.2809 18.6579 0.9522 3.1939 -23.6593 -0.6423 0.0000 0.0000 0.0000 -13.9798 -4.0213 -6.4878 2.4933 9.8257 28.4142 0.2310 9.2174 -16.6112 0.8121 -5.7508 -16.0632 0.0000 0.0000 0.0000 19.2770 14.1197 -2.7003 -2.4658 -9.7754 28.2525 -1.1420 -12.6089 -28.3049 -0.0037 -0.3939 1.0824 -1.5344 1.6671 2.5867 -1.0709 2.1777 1.2379 -0.2963 1.0840 -0.1963 -3.6702 0.7169 -14.3776 8.7528 0.5292 10.2032 3.4112 0.7544 5.3966 -0.0000 0.0000 0.0000 -62.1240 -28.2665 3.1464 17.1593 -27.0672 -4.1595 -0.0000 0.0000 -62.8814 19.2175 27.4053 9.1151 -7.1250 0.0000 -0.0000 -12.4887 58.3115 -4.1079 -0.0000 0.0000 0.0000 63.9297 22.1267 40.2892 -22.4772 33.5122 -6.8475 0.0000 -0.0000 -22.4369 -13.3907 -1.1458 0.2727 7.1250 -0.0000 -0.0000 10.4707 -31.0552 3.6221
-0.3867 18.6550 0.9188 3.5452 -23.2641 -1.0789 0.0000 0.0000 0.0000 -14.0162 -4.1547 -6.0537 2.4696 9.7824 28.2749 0.1866 9.3485 -16.1719 0.8101 -5.7437 -16.0425 0.0000 0.0000 0.0000 19.3118 13.6831 -2.5740 -2.5179 -9.8704 28.5581 -1.2535 -12.1509 -28.6845 -0.0155 -0.8048 2.2118 -1.8122 1.8701 2.4249 -1.1612 2.4434 1.0904 -0.2386 1.2171 -0.2660 -3.7813 0.9203 -14.8199 8.9625 0.7661 10.8435 3.5351 0.9000 5.6537 -0.0000 0.0000 0.0000 -58.7643 -33.3355 1.5092 17.6698 -27.7324 -4.3945 -0.0000 0.0000 -65.9583 20.3092 26.8658 9.4946 -7.1250 0.0000 -0.0000 -11.0232 58.0151 -3.5390 -0.0000 0.0000 0.0000 61.5973 27.9758 37.3710 -24.3667 35.5496 -7.9187 0.0000 -0.0000 -28.9981 -12.8429 -2.1376 0.4872 7.1250 -0.0000 -0.0000 11.0255 -32.0424 3.5537
-0.4976 18.6518 0.8956 3.8205 -22.3913 -1.4958 0.0000 0.0000 0.0000 -13.9686 -4.5702 -5.4481 2.3810 9.6183 27.7494 0.1338 9.5180 -15.6425 0.8200 -5.7779 -16.1414 0.0000 0.0000 0.0000 19.4744 13.0851 -2.3988 -2.5786 -9.9795 28.9102 -1.3193 -12.1495 -29.1334 -0.0233 -0.9859 2.7099 -2.0251 1.9653 2.3091 -1.2482 2.5654 0.9228 -0.2117 1.2793 -0.3794 -3.7728 0.9570 -15.0898 9.1058 0.7698 11.2895 3.5932 0.9259 5.8386 0.0000 -0.0000 0.0000 -55.0719 -38.3431 0.0272 18.4869 -28.7761 -4.7813 -0.0000 0.0000 -68.8274 19.9785 27.2668 9.4560 -7.1250 0.0000 -0.0000 -11.5946 58.3435 -3.8174 0.0000 -0.0000 0.0000 59.0247 33.5844 33.2843 -26.1666 37.3727 -8.9886 0.0000 -0.0000 -36.8556 -12.0510 -0.8738 0.1865 7.1250 -0.0000 -0.0000 11.4894 -30.7542 4.0714
-0.6137 18.6457 0.8788 3.9109 -21.5218 -1.8893 0.0000 0.0000 0.0000 -13.6515 -4.4696 -5.0946 2.3416 9.5440 27.5122 0.1583 9.0720 -15.4521 0.8320 -5.8190 -16.2600 0.0000 0.0000 0.0000 19.8159 12.3484 -2.0214 -2.6039 -10.0244 29.0559 -1.3767 -12.0130 -29.4066 -0.0326 -1.1656 3.2046 -1.9890 2.0607 2.2934 -1.4156 2.6900 0.7920 -0.4089 1.3431 -0.4963 -3.5008 0.8404 -15.4122 9.2769 0.5058 11.6737 3.5924 0.8368 6.0346 0.0000 0.0000 0.0000 -50.5903 -42.8496 -1.5529 19.6918 -30.2693 -5.3751 -0.0000 0.0000 -72.3090 19.2855 27.4331 9.1578 -7.1250 0.0000 -0.0000 -12.4314 58.3543 -4.1016 0.0000 0.0000 0.0000 56.0717 39.3193 28.5443 -27.2193 38.3875 -9.6350 0.0000 -0.0000 -44.9089 -12.0601 -1.3618 0.2909 7.1250 -0.0000 -0.0000 11.5438 -31.2433 3.9531
-0.7228 18.6343 0.8652 3.9577 -20.4110 -1.9049 0.0000 0.0000 0.0000 -13.2570 -4.5354 -5.3620 2.3591 9.5771 27.6178 0.1523 8.4647 -14.6486 0.8087 -5.7390 -16.0291 0.0000 0.0000 0.0000 20.1461 11.9492 -1.9462 -2.6333 -10.0763 29.2240 -1.4138 -12.1130 -29.7358 -0.0472 -1.4020 3.8556 -1.8949 2.0964 1.9818 -1.4968 2.7447 0.5791 -0.5384 1.3718 -0.5321 -3.7846 0.7292 -15.2685 9.7738 0.3341 11.7723 3.7849 0.7789 6.0524 0.0000 0.0000 0.0000 -45.9613 -46.7028 -3.4503 21.1792 -32.0369 -6.1447 -0.0000 0.0000 -74.8522 19.1102 27.4244 9.0669 -7.1250 0.0000 -0.0000 -12.6143 58.3065 -4.1486 0.0000 0.0000 0.0000 51.8768 44.2624 23.2693 -28.6286 39.6885 -10.5227 0.0000 -0.0000 -52.0661 -12.1459 -1.8990 0.4086 7.1250 -0.0000 -0.0000 11.5462 -31.7837 3.8009
-0.8246 18.6143 0.8528 3.8380 -18.7769 -2.0203 0.0000 0.0000 0.0000 -12.5860 -4.5820 -6.0225 2.4980 9.8342 28.4416 0.1884 7.0597 -13.6279 0.7962 -5.6953 -15.9029 0.0000 0.0000 0.0000 20.6682 11.5533 -1.5601 -2.6511 -10.1076 29.3258 -1.3927 -12.6281 -30.0243 -0.0227 -0.9734 2.6756 -1.5852 1.8501 1.9724 -1.4905 2.4237 0.5939 -0.6958 1.2113 -0.4976 -3.7507 0.5559 -15.9695 9.4184 0.0702 13.0121 3.6750 0.6609 6.5842 -0.0000 0.0000 0.0000 -40.7065 -50.0901 -7.0086 23.1136 -34.2128 -7.2021 -0.0000 0.0000 -76.8055 17.0738 27.9947 8.2037 -7.1250 0.0000 -0.0000 -15.1197 58.4142 -5.0346 -0.0000 0.0000 0.0000 46.7627 49.2698 17.0993 -29.5937 40.5426 -11.1446 0.0000 -0.0000 -57.1017 -12.2339 -2.4632 0.5339 7.1250 -0.0000 -0.0000 11.5525 -32.3517 3.6418
-0.9126 18.6091 0.8625 4.0402 -17.5491 -2.2827 0.0000 0.0000 0.0000 -12.4146 -4.4373 -6.6283 2.6729 10.1457 29.4498 0.1538 6.2654 -12.2021 1.0110 -6.3976 -17.9424 0.0000 0.0000 0.0000 20.6764 11.0854 -0.9813 -2.6303 -10.0710 29.2071 -1.4264 -12.5302 -30.1627 -0.0166 -0.8331 2.2897 -1.2768 1.7527 1.6117 -1.6060 2.3112 0.7276 -0.9681 1.1544 -0.1420 -3.6993 0.5672 -15.9715 9.0128 0.0518 14.3600 3.5605 0.6399 7.0176 0.0000 -0.0000 0.0000 -34.9326 -51.5384 -8.9702 26.6739 -37.8665 -9.2983 -0.0000 0.0000 -81.2293 16.9639 27.1687 7.9295 -7.1250 0.0000 -0.0000 -14.7402 57.5844 -4.6086 0.0000 -0.0000 0.0000 40.5073 53.7178 9.9245 -30.2673 41.1214 -11.5850 0.0000 -0.0000 -60.6269 -14.0975 -3.4204 0.8584 7.1250 -0.0000 -0.0000 10.1904 -33.3783 2.9429
-0.9916 18.5989 0.8528 3.8304 -16.1683 -2.4830 0.0000 0.0000 0.0000 -11.6684 -4.5707 -7.5942 2.8752 10.4903 30.5795 0.1404 5.1706 -10.8160 1.0366 -6.4755 -18.1706 0.0000 0.0000 0.0000 21.3085 10.8074 -0.3174 -2.5895 -9.9989 28.9731 -1.3056 -13.4643 -30.1722 -0.0027 -0.3338 0.9171 -0.6965 1.6804 1.8656 -1.5434 2.2194 0.7058 -1.2355 1.1099 -0.2876 -3.5293 0.6485 -14.8943 8.3398 0.1480 15.6033 3.3312 0.6292 7.2247 0.0000 0.0000 0.0000 -29.1849 -52.7934 -11.5152 29.8184 -40.7372 -11.2909 -0.0000 0.0000 -83.8259 16.3149 26.9566 7.5583 -7.1250 0.0000 -0.0000 -15.2944 57.2388 -4.6589 0.0000 0.0000 0.0000 32.9392 56.9151 1.8332 -31.5295 42.1688 -12.4238 0.0000 -0.0000 -64.4564 -18.4185 -5.5920 1.8586 7.1250 -0.0000 -0.0000 6.9292 -35.7995 1.5762
-1.0634 18.5932 0.8402 3.9928 -15.0042 -2.6810 0.0000 0.0000 0.0000 -11.3150 -4.6218 -8.7838 3.1618 10.9525 32.1199 0.0956 4.1621 -8.8269 1.1410 -6.7834 -19.0753 0.0000 0.0000 0.0000 21.5498 10.3778 0.0242 -2.5578 -9.9422 28.7897 -1.3001 -14.2048 -30.7950 -0.0122 -0.7141 1.9626 -0.6086 1.7074 2.3581 -1.4657 2.2477 0.5762 -1.2250 1.1237 -0.6952 -3.6299 0.8556 -13.5295 8.0657 0.3943 17.0926 3.2964 0.7061 7.4499 -0.0000 -0.0000 0.0000 -23.9993 -52.8864 -13.8731 34.8046 -44.6721 -14.6758 -0.0000 0.0000 -88.0999 18.0119 27.3062 8.4837 -7.1250 0.0000 -0.0000 -13.7159 57.9470 -4.4003 -0.0000 -0.0000 0.0000 25.3923 58.6548 -6.3469 -34.3330 44.3299 -14.3453 0.0000 -0.0000 -69.2431 -22.1815 -6.5206 2.6509 7.1250 -0.0000 -0.0000 3.8762 -36.9921 0.7651
-1.1312 18.5940 0.8323 4.2302 -14.1124 -2.8798 0.0000 0.0000 0.0000 -11.0214 -4.7625 -9.9820 3.4977 11.4602 33.8482 0.0575 3.2430 -6.8675 1.0890 -6.6321 -18.6300 0.0000 0.0000 0.0000 21.7188 10.1914 0.4373 -2.5233 -9.8801 28.5895 -1.3459 -14.7941 -31.6159 -0.0193 -0.8980 2.4682 -0.4113 1.7153 1.7734 -1.5783 2.2798 1.1729 -1.4191 1.1428 0.2560 -4.0092 1.0892 -11.9889 8.4612 0.6373 17.9506 3.5128 0.8127 7.4315 -0.0000 0.0000 0.0000 -18.2365 -52.2011 -18.0863 41.9409 -49.1787 -19.8958 -0.0000 0.0000 -94.7318 20.8356 29.1963 10.5170 -7.1250 0.0000 -0.0000 -11.7841 60.4692 -4.4815 -0.0000 0.0000 0.0000 18.3640 59.8160 -15.5329 -40.7829 48.5270 -19.0238 0.0000 -0.0000 -75.5573 -23.9606 -6.2282 2.7603 7.1250 -0.0000 -0.0000 2.3487 -36.7812 0.4751
-1.1799 18.5947 0.8258 4.6838 -13.0623 -2.9753 0.0000 0.0000 0.0000 -10.9607 -4.9634 -11.5109 3.8337 11.9357 35.5050 0.0220 2.2722 -4.5270 1.0065 -6.3837 -17.9017 0.0000 0.0000 0.0000 21.4080 9.6691 0.4414 -2.5146 -9.8645 28.5389 -1.3822 -15.0710 -32.0908 -0.0274 -1.0693 2.9394 -0.4524 1.8920 2.6611 -1.9382 2.4995 1.1641 -1.8012 1.2525 -0.2303 -4.1921 0.8607 -11.2027 9.0451 0.1542 19.0848 3.7122 0.6194 7.6904 0.0000 -0.0000 0.0000 -13.9689 -51.7270 -21.4143 53.0805 -54.1648 -28.6534 -0.0000 0.0000 -102.4240 22.3093 31.2532 12.0178 -7.1250 0.0000 -0.0000 -11.4746 62.8873 -5.0187 0.0000 -0.0000 0.0000 14.2989 59.1320 -23.0964 -51.7912 53.6929 -27.6112 0.0000 -0.0000 -76.8128 -21.2840 -3.2614 1.2696 7.1250 -0.0000 -0.0000 4.3504 -33.4565 1.2342
-1.2198 18.5901 0.8201 4.7505 -12.3345 -2.7088 0.0000 0.0000 0.0000 -10.5065 -5.0455 -13.3513 4.1760 12.3909 37.1294 0.0025 1.5862 -2.5080 0.8829 -5.9898 -16.7550 0.0000 0.0000 0.0000 21.4628 9.4134 0.1052 -2.5183 -9.8710 28.5601 -1.3923 -15.3959 -32.4471 -0.0266 -1.0528 2.8941 -0.3893 2.0500 3.0462 -2.0581 2.7100 1.4521 -1.9737 1.3596 -0.1355 -4.2276 0.6813 -10.9588 9.0928 -0.1173 19.3366 3.7124 0.4903 7.7487 0.0000 0.0000 0.0000 -10.5231 -50.5093 -25.6676 69.5267 -58.3554 -42.3675 -0.0000 0.0000 -104.8770 22.5983 31.0779 12.1260 -7.1250 0.0000 -0.0000 -11.0151 62.7885 -4.7895 0.0000 0.0000 0.0000 10.1227 58.3280 -30.8560 -67.1398 57.9303 -40.3401 0.0000 -0.0000 -75.3429 -15.6568 -0.5913 0.1657 7.1250 -0.0000 -0.0000 8.6300 -30.5307 3.0806
-1.2473 18.5793 0.8194 4.7377 -11.6701 -2.3739 0.0000 0.0000 0.0000 -10.1379 -5.1522 -15.0374 4.4499 12.7362 38.3889 0.0024 1.1653 -1.9707 0.8085 -5.7384 -16.0272 0.0000 0.0000 0.0000 21.5125 9.1286 -0.3937 -2.5377 -9.9062 28.6734 -1.3849 -15.6964 -32.6777 -0.0247 -1.0155 2.7915 -0.5117 2.1536 3.8204 -2.0234 2.8315 1.5198 -1.9049 1.4186 -0.5022 -4.2696 0.5055 -10.7874 8.9114 -0.2973 19.0182 3.6312 0.3784 7.6268 0.0000 -0.0000 0.0000 -8.5112 -49.3186 -29.8298 87.4852 -59.9761 -57.8223 -0.0000 0.0000 -99.3146 16.9505 29.3731 8.5025 -7.1250 0.0000 -0.0000 -16.1457 59.7218 -5.8958 0.0000 -0.0000 0.0000 6.6624 57.8965 -37.7086 -82.5542 59.7895 -53.5563 0.0000 -0.0000 -73.0633 -7.2820 4.2176 -0.5384 7.1250 -0.0000 -0.0000 14.5075 -25.6839 7.0007
-1.2542 18.5749 0.8542 4.7108 -10.9472 -2.0531 0.0000 0.0000 0.0000 -10.1306 -5.3058 -16.0091 4.4511 12.7376 38.3941 0.0269 0.5744 -3.3656 0.5829 -4.8887 -13.5915 0.0000 0.0000 0.0000 21.5382 8.8658 -0.5817 -2.5228 -9.8792 28.5864 -1.3767 -15.9975 -32.9060 -0.0219 -0.9560 2.6279 -0.6616 2.1865 3.9421 -1.8922 2.8695 1.5650 -1.6923 1.4366 -0.5369 -4.5339 0.3211 -9.9230 8.6654 -0.4578 18.7309 3.5624 0.2403 7.3876 -0.0000 0.0000 0.0000 -7.9229 -48.3653 -33.6822 104.6228 -59.1764 -72.6287 -0.0000 0.0000 -93.4839 9.3083 26.3481 4.1606 -7.1250 0.0000 -0.0000 -22.0113 55.2441 -5.7396 -0.0000 0.0000 0.0000 4.2526 57.4120 -42.9867 -94.3171 59.9295 -63.7378 0.0000 -0.0000 -72.1872 0.4311 6.0303 0.0453 7.1250 -0.0000 -0.0000 19.8254 -23.9372 10.7069
-1.2452 18.5742 0.9191 4.6162 -10.3966 -1.7917 0.0000 0.0000 0.0000 -10.3048 -5.3973 -16.1479 4.0872 12.2756 36.7139 0.0649 1.3854 -5.5320 0.6365 -5.1044 -14.2065 0.0000 0.0000 0.0000 21.6526 8.7334 -0.3117 -2.4472 -9.7413 28.1431 -1.3933 -16.3444 -33.3265 -0.0258 -1.0366 2.8494 -0.5846 2.1847 3.7916 -1.8869 2.8702 1.4039 -1.7276 1.4369 -0.6146 -4.7204 0.3643 -9.6405 8.8702 -0.4392 19.1776 3.6723 0.2535 7.4795 0.0000 -0.0000 0.0000 -8.1921 -47.6086 -36.6515 118.2334 -56.7626 -84.1851 -0.0000 0.0000 -91.3702 5.4564 23.9850 2.2236 -7.1250 0.0000 -0.0000 -24.3005 52.3804 -4.6377 0.0000 -0.0000 0.0000 4.0361 57.3627 -45.6709 -101.0511 59.5335 -69.5555 0.0000 -0.0000 -73.0809 6.5449 7.8682 0.8998 7.1250 -0.0000 -0.0000 23.7096 -22.1443 14.2608
-1.2124 18.5786 1.0069 4.5810 -10.1113 -1.7721 0.0000 0.0000 0.0000 -10.9060 -5.3506 -15.3831 3.5628 11.5547 34.1745 0.0999 3.5520 -8.3457 0.5984 -4.9519 -13.7714 0.0000 0.0000 0.0000 21.5688 8.3689 0.2716 -2.3433 -9.5472 27.5224 -1.3816 -16.5257 -33.4273 -0.0205 -0.9251 2.5427 -0.6465 2.2550 3.5194 -1.8984 2.9656 1.3230 -1.6986 1.4846 -0.5457 -5.1832 0.1403 -9.6794 9.5393 -0.8344 19.7034 3.9553 0.0984 7.6890 -0.0000 0.0000 0.0000 -9.0506 -47.5641 -39.0535 125.5051 -54.6550 -90.1964 -0.0000 0.0000 -90.5830 3.6877 21.9501 1.3801 -7.1250 0.0000 -0.0000 -24.8211 50.2479 -3.3941 -0.0000 0.0000 0.0000 4.6943 56.7209 -46.7594 -101.6864 59.4776 -70.1029 0.0000 -0.0000 -74.1379 10.4248 8.2143 1.5058 7.1250 -0.0000 -0.0000 26.1797 -21.7144 16.3939
-1.1620 18.5796 1.0982 4.1926 -9.7764 -1.7764 0.0000 0.0000 0.0000 -11.1953 -5.6165 -14.2953 2.9670 10.6414 31.0799 0.0500 6.0357 -9.8635 0.1958 -2.8493 -7.8594 0.0000 0.0000 0.0000 21.9401 8.2712 1.1595 -2.2249 -9.3197 26.8006 -1.4155 -16.8025 -33.8836 -0.0238 -0.9962 2.7385 -0.2947 2.3077 2.9804 -1.8720 3.0545 1.1987 -1.8498 1.5306 -0.3530 -5.2014 -0.0968 -9.8360 9.7017 -1.2230 20.1942 3.9930 -0.0635 7.9124 -0.0000 -0.0000 0.0000 -10.1263 -48.0306 -40.2824 125.5768 -54.6308 -90.2549 -0.0000 0.0000 -90.0646 5.2830 20.4638 1.8516 -7.1250 0.0000 -0.0000 -22.6119 49.1292 -2.4148 -0.0000 -0.0000 0.0000 6.6690 55.9764 -45.4017 -95.4127 59.8890 -64.6858 0.0000 -0.0000 -74.3100 12.0007 9.0383 1.9126 7.1250 -0.0000 -0.0000 27.0158 -20.9007 17.6365
-1.0892 18.5499 1.1971 3.7563 -9.2998 -2.0154 0.0000 0.0000 0.0000 -11.5910 -6.0985 -12.7350 2.4101 9.6726 27.9228 0.0106 7.3572 -10.7277 0.1338 -2.3576 -6.4950 0.0000 0.0000 0.0000 22.3014 7.9547 2.0030 -2.1800 -9.2313 26.5217 -1.4597 -17.0866 -34.4015 -0.0196 -0.9047 2.4867 0.2053 2.2924 2.4318 -1.8479 3.0519 1.0552 -2.0827 1.5314 -0.1686 -5.1544 -0.3014 -10.4452 9.5966 -1.5288 20.9687 3.9474 -0.1913 8.3087 0.0000 -0.0000 0.0000 -11.3708 -48.4452 -39.3306 119.2993 -56.4938 -85.0753 -0.0000 0.0000 -91.1507 9.6186 20.1129 3.3352 -7.1250 0.0000 -0.0000 -18.4510 49.4396 -2.0836 0.0000 -0.0000 0.0000 8.6427 55.7250 -42.9256 -83.6999 59.8495 -54.5467 0.0000 -0.0000 -74.5205 8.2330 6.6914 0.9659 7.1250 -0.0000 -0.0000 25.0477 -23.1800 14.5701
-0.9994 18.5282 1.3164 3.8565 -8.9960 -2.5243 0.0000 0.0000 0.0000 -12.7503 -6.6296 -11.1308 2.0926 9.0564 25.9718 0.0020 9.0274 -12.9004 0.2293 -3.0823 -8.5081 0.0000 0.0000 0.0000 21.8443 7.2456 2.8794 -2.1605 -9.1926 26.3998 -1.6186 -16.5987 -34.8457 -0.0266 -1.0538 2.8969 0.0103 2.3379 1.6517 -1.7892 3.1180 1.1042 -1.8778 1.5661 0.3065 -4.9073 -0.4134 -11.9089 8.9881 -1.6075 21.7953 3.7231 -0.2266 8.8655 -0.0000 -0.0000 0.0000 -12.1604 -49.0564 -36.8677 106.4170 -58.9567 -74.1677 -0.0000 0.0000 -92.7633 15.2740 20.1337 5.3699 -7.1250 0.0000 -0.0000 -13.1142 50.3271 -1.7481 -0.0000 -0.0000 0.0000 9.0051 55.7361 -40.2554 -67.3030 57.9611 -40.4784 0.0000 -0.0000 -76.0029 0.9236 5.0156 0.0808 7.1250 -0.0000 -0.0000 20.3316 -24.8853 10.5352
-0.8836 18.5007 1.4404 3.8236 -8.6860 -3.1332 0.0000 0.0000 0.0000 -13.9027 -6.6202 -9.9761 2.0681 9.0065 25.8156 -0.1829 11.8364 -14.0220 0.2633 -3.3010 -9.1178 0.0000 0.0000 0.0000 21.4697 6.5672 3.7705 -2.1716 -9.2147 26.4691 -1.6788 -16.4694 -35.0638 -0.0124 -0.7182 1.9737 -0.0240 2.3090 1.0497 -1.6910 3.0823 0.8851 -1.7363 1.5472 0.4104 -4.6917 -0.2485 -12.9884 8.6963 -1.3899 22.8776 3.6507 -0.1035 9.4245 -0.0000 -0.0000 0.0000 -11.8725 -49.7458 -33.1446 86.0782 -59.9418 -56.6043 -0.0000 0.0000 -93.9396 19.1700 20.5904 6.9706 -7.1250 0.0000 -0.0000 -9.4955 51.4256 -1.5143 -0.0000 -0.0000 0.0000 8.6996 56.8657 -37.6017 -51.1310 53.4416 -27.0800 0.0000 -0.0000 -78.0489 -9.2112 -0.0288 0.0047 7.1250 -0.0000 -0.0000 13.5851 -29.8608 5.1485
-0.7508 18.4894 1.5652 3.4061 -8.7999 -3.5837 0.0000 0.0000 0.0000 -14.4615 -6.7652 -8.8559 2.0877 9.0464 25.9407 -0.1891 12.7558 -15.4936 0.2664 -3.3205 -9.1724 0.0000 0.0000 0.0000 21.4000 6.0461 4.4137 -2.1974 -9.2658 26.6302 -1.6418 -16.3777 -34.7779 -0.0010 -0.2028 0.5573 0.2314 2.4574 0.2421 -1.4517 3.2845 0.6983 -1.6012 1.6491 0.6776 -4.5046 -0.3139 -14.3685 8.5172 -1.5022 23.8322 3.5857 -0.1221 10.0354 0.0000 -0.0000 0.0000 -10.0606 -51.5634 -29.9315 62.7638 -57.0025 -36.6501 -0.0000 0.0000 -95.5622 20.8883 22.4896 8.3053 -7.1250 0.0000 -0.0000 -8.4607 53.6814 -1.8161 0.0000 -0.0000 0.0000 6.8292 58.7491 -36.7624 -38.2561 47.0021 -17.1527 0.0000 -0.0000 -82.6235 -18.7028 -4.9025 1.6572 7.1250 -0.0000 -0.0000 6.6151 -35.0923 1.6186
-0.6016 18.4794 1.6899 3.2627 -9.0383 -4.4243 0.0000 0.0000 0.0000 -15.0495 -6.9826 -6.9357 1.9978 8.8614 25.3629 -0.1329 12.8826 -16.5449 0.1810 -2.7400 -7.5556 0.0000 0.0000 0.0000 21.1485 6.1299 5.1021 -2.3744 -9.6058 27.7095 -1.4867 -16.8537 -34.3379 -0.0162 0.8225 -2.2607 0.3498 2.7594 -0.1381 -1.3259 3.6840 0.2928 -1.5287 1.8464 0.4863 -4.5676 -0.4914 -14.2567 8.6883 -1.7963 24.0083 3.6260 -0.2440 10.1021 0.0000 0.0000 0.0000 -7.2056 -53.9133 -25.5206 43.2544 -49.8841 -20.8951 -0.0000 0.0000 -97.0887 20.8079 24.4441 8.9369 -7.1250 0.0000 -0.0000 -9.3335 55.6684 -2.4590 0.0000 0.0000 0.0000 5.2892 61.1371 -38.0320 -29.4793 40.4429 -11.0703 0.0000 -0.0000 -82.8121 -27.5692 -14.1756 7.2863 7.1250 -0.0000 -0.0000 -0.0951 -45.8841 0.0021
-0.4481 18.4863 1.8308 3.3999 -9.3803 -5.3004 0.0000 0.0000 0.0000 -15.7558 -6.2998 -5.2330 1.9083 8.6724 24.7758 -0.0377 12.0611 -16.6455 0.1937 -2.8343 -7.8177 0.0000 0.0000 0.0000 20.5201 6.4669 5.7087 -2.6504 -10.1064 29.3218 -1.6947 -15.9012 -34.6535 -0.0150 0.7909 -2.1737 0.1874 3.0111 -0.5148 -1.2663 4.0211 0.2232 -1.3552 2.0143 0.6203 -4.5500 -0.6055 -15.3860 8.8033 -1.9902 24.4475 3.6656 -0.2902 10.4992 -0.0000 0.0000 0.0000 -2.0967 -55.9831 -21.0405 29.4800 -40.4435 -11.0707 -0.0000 0.0000 -94.4563 21.4579 28.3314 10.5663 -7.1250 0.0000 -0.0000 -10.5769 59.7521 -3.8349 -0.0000 0.0000 0.0000 1.7245 64.2642 -43.3863 -22.9869 34.0745 -7.1310 0.0000 -0.0000 -75.3473 -33.7625 -18.6103 12.0427 7.1250 -0.0000 -0.0000 -5.7814 -51.9396 0.9906
-0.2614 18.4978 1.9687 3.6669 -8.9404 -5.9188 0.0000 0.0000 0.0000 -16.7892 -6.2198 -4.2481 1.9251 8.7084 24.8873 0.0942 11.0236 -17.0041 0.1463 -2.4648 -6.7921 0.0000 0.0000 0.0000 19.2450 5.6429 5.5348 -2.9358 -10.5903 30.9104 -1.4566 -15.6795 -33.0894 -0.0552 1.5164 -4.1710 0.0237 2.7685 -1.0120 -1.1049 3.7028 0.4162 -1.0709 1.8551 1.0671 -4.4743 -0.3106 -17.3173 8.7072 -1.5709 25.3968 3.7317 -0.0555 11.1976 -0.0000 0.0000 0.0000 3.6049 -56.8254 -17.8078 21.2565 -32.1265 -6.1858 -0.0000 0.0000 -90.4474 21.4358 33.2480 12.1480 -7.1250 0.0000 -0.0000 -14.0542 64.6131 -6.7348 -0.0000 0.0000 0.0000 -6.0298 67.8555 -53.2974 -18.5051 28.7991 -4.7901 0.0000 -0.0000 -66.1531 -39.1095 -22.0815 16.9936 7.1250 -0.0000 -0.0000 -11.6354 -57.2012 3.5099
-0.0540 18.4983 2.0840 3.7381 -8.7598 -6.3462 0.0000 0.0000 0.0000 -17.6215 -5.6316 -3.9009 1.9846 8.8340 25.2774 0.1759 10.2145 -17.0587 0.1720 -2.6716 -7.3659 0.0000 0.0000 0.0000 18.1332 5.4879 4.4999 -3.4818 -11.4370 33.7682 -1.2764 -15.2548 -31.6045 -0.2194 3.0154 -8.3216 0.1268 2.4408 -0.8307 -0.6630 3.2591 0.3956 -0.6956 1.6321 0.9156 -4.4699 0.2070 -17.4728 8.3419 -0.7024 25.0518 3.7072 0.2961 11.0252 -0.0000 -0.0000 0.0000 4.7422 -57.3818 -20.6339 18.8015 -29.1713 -4.9337 -0.0000 0.0000 -86.3068 25.3456 36.5381 15.7487 -7.1250 0.0000 -0.0000 -12.3358 68.9623 -7.1248 -0.0000 -0.0000 0.0000 -16.2229 70.4093 -64.0508 -16.4163 26.0819 -3.8272 0.0000 -0.0000 -62.9807 -44.3577 -24.1141 21.7765 7.1250 -0.0000 -0.0000 -18.6376 -61.0605 7.4390
0.1558 18.4821 2.1769 3.5318 -8.8400 -6.5375 0.0000 0.0000 0.0000 -18.0765 -5.4503 -3.5603 2.0064 8.8795 25.4190 0.3320 9.1170 -17.7632 0.0558 -1.5245 -4.1933 0.0000 0.0000 0.0000 17.2956 5.9475 2.5247 -4.3347 -12.5930 37.8633 -1.2086 -14.2538 -30.2451 -0.3174 3.6216 -10.0144 0.4261 2.2587 -0.2038 -0.1962 3.0110 0.6405 -0.4111 1.5088 0.8020 -4.0797 0.5806 -17.9814 8.1279 -0.1999 24.7772 3.6298 0.5435 10.9844 -0.0000 -0.0000 0.0000 4.8604 -57.6764 -29.1955 20.7516 -31.5372 -5.9195 -0.0000 0.0000 -87.4928 22.1749 33.9787 12.8325 -7.1250 0.0000 -0.0000 -13.8121 65.5294 -6.9096 -0.0000 -0.0000 0.0000 -27.3861 70.6751 -73.8142 -17.1552 27.0619 -4.1577 0.0000 -0.0000 -64.5380 -45.6320 -24.6919 23.1253 7.1250 -0.0000 -0.0000 -20.6067 -62.1322 8.7859
0.3406 18.4651 2.2522 3.6841 -8.7094 -6.6606 0.0000 0.0000 0.0000 -18.7748 -4.9610 -3.7311 2.0563 8.9823 25.7400 0.4208 8.1241 -17.8202 0.0587 -1.5629 -4.2991 0.0000 0.0000 0.0000 15.9474 6.5069 -0.6023 -5.6300 -14.0599 43.4780 -0.8649 -13.9155 -27.5341 -0.4286 4.2017 -11.6447 0.1132 2.2933 0.7275 -0.0759 3.0586 0.4009 -0.1621 1.5297 0.0131 -3.8641 0.5548 -16.2033 8.9302 -0.5635 24.7469 3.8053 0.4650 10.6534 -0.0000 0.0000 0.0000 3.1736 -56.8640 -33.2007 27.3037 -38.4673 -9.6875 -0.0000 0.0000 -94.4541 20.7632 32.6197 11.5507 -7.1250 0.0000 -0.0000 -14.3167 63.8200 -6.5986 -0.0000 0.0000 0.0000 -29.5744 69.1480 -72.0542 -21.4837 32.3886 -6.3070 0.0000 -0.0000 -66.7925 -42.9232 -22.5805 19.6520 7.1250 -0.0000 -0.0000 -16.4467 -58.8100 5.6486
0.4894 18.4397 2.3162 4.5956 -8.5433 -6.9066 0.0000 0.0000 0.0000 -20.1983 -4.5949 -3.8665 2.1191 9.1099 26.1397 0.5400 6.9142 -18.1035 0.0141 -0.7680 -2.1107 0.0000 0.0000 0.0000 13.7739 7.5600 -4.2954 -7.2756 -15.5597 49.9092 -0.3713 -14.0492 -23.6800 -0.3858 3.9889 -11.0454 -1.3490 2.3365 1.7990 -0.1561 3.0929 0.8401 0.5330 1.5440 -0.2095 -3.7265 0.1961 -15.2573 9.5043 -1.2549 24.2538 3.8661 0.2028 10.3470 0.0000 0.0000 0.0000 3.5230 -55.1071 -38.7616 37.4753 -46.5009 -16.5839 -0.0000 0.0000 -100.4760 18.8948 31.6952 10.1946 -7.1250 0.0000 -0.0000 -15.7095 62.4355 -6.7454 0.0000 0.0000 0.0000 -29.6874 65.6505 -67.0261 -30.0791 40.9611 -11.4614 0.0000 -0.0000 -68.9512 -37.6586 -18.1142 13.4925 7.1250 -0.0000 -0.0000 -9.9547 -52.1603 1.7691
0.6106 18.4298 2.3786 5.0941 -8.1573 -6.9393 0.0000 0.0000 0.0000 -21.2010 -4.5245 -3.9034 2.1153 9.1022 26.1154 0.5401 6.8691 -18.0667 0.0287 -1.0941 -3.0076 0.0000 0.0000 0.0000 12.0317 8.7673 -8.1560 -8.8988 -16.7421 55.7394 0.2069 -14.8472 -18.6904 -0.3643 3.8770 -10.7309 -2.2183 2.3958 3.0084 -0.4341 3.1286 1.2944 0.6893 1.5590 -0.4511 -3.6617 -0.3328 -14.3291 10.4904 -2.2246 23.3446 4.0430 -0.1634 9.9316 0.0000 0.0000 0.0000 5.1816 -53.4734 -45.1922 51.4787 -53.5748 -27.3596 -0.0000 0.0000 -103.0060 15.7696 29.6149 7.9444 -7.1250 0.0000 -0.0000 -17.5769 59.6797 -6.4198 0.0000 0.0000 0.0000 -28.6306 61.3789 -63.9147 -43.1185 49.8127 -20.7912 0.0000 -0.0000 -66.5160 -31.6651 -13.3657 8.1144 7.1250 -0.0000 -0.0000 -4.0440 -45.5383 0.0538
0.7028 18.4401 2.4510 5.2582 -7.2587 -6.8598 0.0000 0.0000 0.0000 -21.8519 -4.8047 -3.7070 2.0699 9.0102 25.8272 0.4893 7.1139 -17.6972 0.0231 -0.9814 -2.6977 0.0000 0.0000 0.0000 10.7489 9.4133 -11.2523 -10.0376 -17.4309 59.6139 0.6285 -15.6050 -13.4419 -0.0305 1.1282 -3.1017 -2.8918 2.3022 4.3795 -0.4660 2.9367 1.4644 0.9844 1.4664 -1.0682 -3.8828 -0.8830 -12.7341 10.8340 -2.9456 22.1066 4.0594 -0.5486 9.2586 0.0000 0.0000 0.0000 5.6727 -51.7795 -50.8684 70.0287 -58.4379 -42.7950 -0.0000 0.0000 -102.8220 10.4409 26.8418 4.7563 -7.1250 0.0000 -0.0000 -21.2017 55.9236 -5.8700 0.0000 0.0000 0.0000 -28.0314 57.3136 -62.5438 -60.3122 56.3926 -34.6010 0.0000 -0.0000 -56.7312 -26.4825 -5.5902 2.7785 7.1250 -0.0000 -0.0000 0.1847 -36.2204 0.0399
0.7681 18.4620 2.5486 5.0365 -5.9889 -6.5089 0.0000 0.0000 0.0000 -21.9992 -5.1282 -3.6509 2.0300 8.9282 25.5711 0.4818 6.8976 -17.4233 0.0456 -1.3775 -3.7880 0.0000 0.0000 0.0000 9.8345 9.1642 -13.6463 -10.6010 -17.7342 61.4788 0.7016 -15.3755 -10.7669 -0.0141 0.7657 -2.1045 -2.9746 2.2166 5.3234 -0.4561 2.7845 1.5400 1.0129 1.3945 -1.5152 -3.9816 -1.2681 -11.7769 10.8638 -3.4349 21.5815 4.0096 -0.8204 8.9398 -0.0000 0.0000 0.0000 5.2167 -50.9440 -56.0261 91.8145 -59.9876 -61.5714 -0.0000 0.0000 -102.1210 6.0634 25.4789 2.6163 -7.1250 0.0000 -0.0000 -24.6183 53.8416 -5.6142 -0.0000 0.0000 0.0000 -27.0411 54.0586 -62.4740 -81.5726 59.7299 -52.7083 0.0000 -0.0000 -36.0703 -27.7820 3.9479 -2.0774 7.1250 -0.0000 -0.0000 -0.8668 -25.5194 -0.4088
0.8013 18.4806 2.6580 4.5031 -4.5768 -6.2244 0.0000 0.0000 0.0000 -21.7345 -5.8512 -3.5279 2.0486 8.9665 25.6907 0.4911 6.7200 -17.3809 0.0563 -1.5308 -4.2108 0.0000 0.0000 0.0000 9.4177 8.9436 -14.7135 -10.3842 -17.6203 60.7650 0.3285 -12.3560 -12.1430 -0.0003 -0.1045 0.2871 -2.6930 2.0828 6.0569 -0.2798 2.5987 1.4793 1.0205 1.3065 -1.9749 -4.1433 -1.3688 -10.8137 10.7059 -3.4748 21.1399 3.9626 -0.9036 8.6094 0.0000 0.0000 0.0000 3.7519 -50.9661 -60.7991 108.6552 -58.6433 -76.0823 -0.0000 0.0000 -97.7785 -0.8561 23.0894 -0.3357 -7.1250 0.0000 -0.0000 -29.5946 50.5516 -4.3829 0.0000 0.0000 0.0000 -26.2405 51.6736 -62.6251 -100.8475 59.5507 -69.3801 0.0000 -0.0000 -23.6409 -33.4458 7.9190 -5.1998 7.1250 -0.0000 -0.0000 -4.7504 -20.5305 -2.7922
0.8246 18.4707 2.7710 4.3239 -3.0033 -5.8759 0.0000 0.0000 0.0000 -21.7725 -6.5312 -3.6626 2.1180 9.1077 26.1329 0.5199 6.0986 -17.2074 0.0720 -1.7314 -4.7640 0.0000 0.0000 0.0000 8.6462 9.1256 -14.8518 -9.5192 -17.1305 57.8689 -0.2622 -9.7298 -17.5815 -0.0012 0.2206 -0.6061 -2.4028 1.9416 6.3845 -0.2707 2.4159 1.2414 0.8658 1.2198 -2.3842 -4.0893 -1.4812 -10.3883 10.1858 -3.5424 21.3130 3.7701 -0.9881 8.5835 0.0000 0.0000 0.0000 2.2222 -52.5945 -66.0229 115.8612 -57.3156 -82.1946 -0.0000 0.0000 -94.1208 -9.9365 23.2361 -3.9536 -7.1250 0.0000 -0.0000 -37.6314 49.2681 -4.5487 0.0000 0.0000 0.0000 -25.4136 50.6606 -62.3423 -110.3914 58.3690 -77.5627 0.0000 -0.0000 -27.6995 -36.1300 5.7582 -4.1890 7.1250 -0.0000 -0.0000 -6.9199 -22.8770 -3.7117
0.8118 18.4599 2.8934 4.1352 -1.5613 -5.9216 0.0000 0.0000 0.0000 -21.6755 -6.9495 -3.3395 2.1709 9.2134 26.4652 0.5627 5.3826 -17.1545 0.1221 -2.2522 -6.2031 0.0000 0.0000 0.0000 8.3055 10.5476 -13.5688 -8.2544 -16.3032 53.4738 -0.3634 -11.4985 -20.6895 -0.0057 0.4857 -1.3346 -1.9657 1.9123 6.1326 -0.3202 2.4118 1.2273 0.5796 1.2140 -2.2381 -3.8876 -1.4901 -10.7688 9.7025 -3.5458 22.1995 3.5909 -0.9900 8.9464 0.0000 0.0000 0.0000 0.4586 -55.1034 -69.9435 114.9840 -57.5048 -81.4555 -0.0000 0.0000 -96.3439 -20.2260 24.4318 -8.6647 -7.1250 0.0000 -0.0000 -46.8159 48.6030 -5.2413 0.0000 0.0000 0.0000 -23.8212 51.2215 -61.7251 -108.5586 58.6577 -75.9998 0.0000 -0.0000 -30.3160 -36.5105 4.7319 -3.4944 7.1250 -0.0000 -0.0000 -7.3172 -24.1050 -3.7199
0.7614 18.4556 3.0090 3.9945 -0.0107 -5.9541 0.0000 0.0000 0.0000 -21.3877 -7.0148 -3.0067 2.1753 9.2220 26.4924 0.6040 4.2506 -16.8433 0.1577 -2.5590 -7.0532 0.0000 0.0000 0.0000 7.9482 12.4992 -11.6162 -6.8137 -15.1730 48.1661 -0.5651 -12.9514 -24.1618 -0.0216 0.9498 -2.6108 -1.3864 1.9036 6.0799 -0.5986 2.4255 0.6542 -0.0423 1.2204 -2.7636 -4.7309 -1.3877 -11.0070 10.8577 -3.6506 24.0623 4.1933 -0.9443 9.6834 -0.0000 -0.0000 0.0000 -3.3326 -58.0962 -68.6687 108.2966 -58.6965 -75.7760 -0.0000 0.0000 -99.3086 -20.3944 25.1707 -8.9856 -7.1250 0.0000 -0.0000 -47.5098 49.1320 -6.1161 -0.0000 -0.0000 0.0000 -20.1155 52.8980 -58.8434 -97.6634 59.7769 -66.6317 0.0000 -0.0000 -30.0244 -38.2908 3.3140 -2.6131 7.1250 -0.0000 -0.0000 -8.8074 -25.7477 -4.1534
0.6756 18.4465 3.1098 3.9475 1.8874 -6.1064 0.0000 0.0000 0.0000 -21.0878 -7.1578 -2.5452 2.1457 9.1631 26.3068 0.6133 2.9751 -16.1717 0.2136 -2.9758 -8.2113 0.0000 0.0000 0.0000 7.5658 14.6872 -9.2320 -5.4242 -13.8462 42.6247 -0.6182 -13.8677 -25.5804 -0.0070 0.5387 -1.4802 -1.6380 1.8226 5.4258 -0.4319 2.3217 0.7609 0.3034 1.1700 -2.3037 -5.2056 -1.5712 -11.0996 10.5728 -3.7191 23.9764 4.1641 -1.0456 9.6787 0.0000 -0.0000 0.0000 -7.7812 -60.9621 -64.8860 96.9414 -59.8171 -66.0078 -0.0000 0.0000 -102.0750 -11.5427 23.9818 -4.7451 -7.1250 0.0000 -0.0000 -39.4867 49.6220 -5.2370 0.0000 -0.0000 0.0000 -18.3966 55.0395 -57.8715 -81.5982 59.7316 -52.7304 0.0000 -0.0000 -31.8082 -40.1632 0.2863 -0.2416 7.1250 -0.0000 -0.0000 -10.6331 -29.5232 -4.0763
0.5651 18.4328 3.2138 3.5242 3.8500 -6.2899 0.0000 0.0000 0.0000 -20.3381 -7.7037 -2.1797 2.1884 9.2480 26.5744 0.6421 1.6465 -15.8204 0.2351 -3.1209 -8.6155 0.0000 0.0000 0.0000 7.7292 17.5271 -6.4241 -4.2142 -12.4401 37.3071 -0.7902 -12.1685 -25.2486 -0.0352 1.2111 -3.3299 -1.3987 1.8182 4.6519 -0.1712 2.3525 0.9727 0.4660 1.1808 -1.6555 -5.5261 -1.8020 -11.5635 10.2862 -3.8506 23.5889 4.0907 -1.1571 9.6441 -0.0000 0.0000 0.0000 -12.6583 -63.7340 -58.5770 80.4326 -59.6513 -51.7241 -0.0000 0.0000 -103.2080 -2.2471 23.3511 -0.8911 -7.1250 0.0000 -0.0000 -31.0019 50.5587 -4.6345 -0.0000 0.0000 0.0000 -17.7383 57.2127 -58.2022 -63.8555 57.2527 -37.5670 0.0000 -0.0000 -34.9156 -41.0676 -1.2927 1.1262 7.1250 -0.0000 -0.0000 -11.5684 -31.5590 -3.8723
0.4107 18.4021 3.3162 3.2171 6.1096 -6.4410 0.0000 0.0000 0.0000 -19.5367 -8.5176 -2.0687 2.2978 9.4607 27.2474 0.6671 0.0210 -15.4442 0.3115 -3.5882 -9.9210 0.0000 0.0000 0.0000 8.0451 20.8851 -3.4952 -3.3207 -11.1970 32.9471 -1.0159 -7.7883 -23.3692 -0.1582 2.5631 -7.0648 -0.8839 1.9358 4.0811 -0.3238 2.5407 1.1708 0.0367 1.2712 -1.1080 -5.2263 -2.1234 -12.7029 9.8726 -4.2151 23.4506 3.8432 -1.3131 9.8370 -0.0000 -0.0000 0.0000 -16.2070 -66.2871 -50.4533 62.3554 -56.9056 -36.3077 -0.0000 0.0000 -104.2620 4.3529 22.8505 1.6931 -7.1250 0.0000 -0.0000 -24.6934 51.1684 -3.9576 -0.0000 -0.0000 0.0000 -18.6237 58.6509 -60.7630 -47.7465 52.0452 -24.3857 0.0000 -0.0000 -39.6746 -42.4655 -5.1732 4.7175 7.1250 -0.0000 -0.0000 -13.3127 -36.6842 -2.7837
0.2072 18.3372 3.4244 2.8551 8.3877 -6.4407 0.0000 0.0000 0.0000 -18.4718 -9.8346 -2.4700 2.5227 9.8791 28.5861 0.6949 -1.9023 -15.2146 0.2757 -3.3770 -9.3302 0.0000 0.0000 0.0000 8.9392 24.5298 -1.3133 -2.8619 -10.4681 30.5061 -1.1685 -2.5019 -21.4615 -0.3619 3.8647 -10.6963 -0.6870 2.0552 3.9623 -0.3332 2.7084 1.0445 -0.0896 1.3551 -1.1629 -5.5488 -2.2851 -14.6876 10.2737 -4.4614 24.2232 4.0403 -1.3418 10.5443 0.0000 -0.0000 0.0000 -18.3514 -67.7738 -40.7679 47.3491 -51.8688 -24.0727 -0.0000 0.0000 -105.8410 13.4507 24.9975 5.7712 -7.1250 0.0000 -0.0000 -17.1151 54.7664 -4.1976 0.0000 -0.0000 0.0000 -21.0348 60.5493 -65.9302 -34.9616 44.7847 -14.7863 0.0000 -0.0000 -40.9996 -42.1145 -7.6811 6.8897 7.1250 -0.0000 -0.0000 -13.4029 -39.9280 -1.7111
-0.0594 18.2227 3.5305 2.2924 11.4310 -6.4295 0.0000 0.0000 0.0000 -16.9794 -11.7667 -3.5701 2.9217 10.5672 30.8336 0.6990 -4.1032 -14.9391 0.3102 -3.5806 -9.8996 0.0000 0.0000 0.0000 10.4975 25.9035 -0.3488 -2.9241 -10.5711 30.8467 -1.1305 1.5518 -19.6434 -0.1335 2.3554 -6.4891 -0.6547 1.9726 3.8763 -0.3476 2.6036 1.3819 -0.1059 1.3023 -0.7664 -5.6826 -1.3153 -17.2007 11.6136 -3.2729 23.8860 4.7320 -0.5862 10.8306 0.0000 -0.0000 0.0000 -14.8512 -69.8237 -35.1266 36.5346 -45.8773 -15.9051 -0.0000 0.0000 -106.5780 25.0839 30.4642 13.3506 -7.1250 0.0000 -0.0000 -7.6857 62.8217 -3.3369 0.0000 -0.0000 0.0000 -27.3075 61.3436 -77.4144 -25.2837 36.4926 -8.4581 0.0000 -0.0000 -28.7014 -41.1071 -7.5710 6.5583 7.1250 -0.0000 -0.0000 -12.4914 -39.6794 -1.6682
-0.4000 18.0985 3.6365 1.7028 14.9431 -6.5562 0.0000 0.0000 0.0000 -15.3496 -14.3564 -4.4690 3.2724 11.1235 32.6974 0.6827 -5.7505 -14.7231 0.4205 -4.1623 -11.5338 0.0000 0.0000 0.0000 12.3874 24.4246 -0.3848 -3.3121 -11.1839 32.9026 -1.3111 -2.3600 -22.5961 -0.2262 3.0614 -8.4496 -0.8069 2.3242 4.2623 -0.7344 3.0543 1.0719 -0.4629 1.5288 -1.2880 -3.9733 0.4303 -16.4568 12.3860 -1.3473 22.6158 4.9084 0.5110 10.0279 -0.0000 0.0000 0.0000 -13.9628 -73.7251 -27.1651 29.7725 -40.6976 -11.2610 -0.0000 0.0000 -106.3710 32.8890 36.8510 21.1974 -7.1250 0.0000 -0.0000 -1.7652 71.7230 -1.1227 -0.0000 0.0000 0.0000 -28.4437 60.5570 -84.2220 -20.3349 31.0437 -5.7030 0.0000 -0.0000 -17.1020 -43.7698 -7.3287 6.9669 7.1250 -0.0000 -0.0000 -14.8169 -39.6454 -2.0066
-0.7542 18.0789 3.7506 1.5248 18.6757 -6.9393 0.0000 0.0000 0.0000 -14.5117 -17.2564 -3.5795 3.1773 10.9766 32.2011 0.6022 -6.3998 -13.8785 0.4388 -4.2507 -11.7831 0.0000 0.0000 0.0000 13.7220 21.9895 -1.2748 -3.7329 -11.7963 35.0150 -1.2491 -4.0822 -22.9414 -0.1959 2.8499 -7.8611 -1.3228 2.3834 5.2369 -0.8742 3.0905 1.1278 -0.3642 1.5494 -1.7938 -1.5108 3.1812 -15.5245 11.4569 2.2142 21.6077 4.5047 2.2344 9.2086 -0.0000 0.0000 0.0000 -14.6898 -77.7543 -22.1493 25.7198 -36.9307 -8.7188 -0.0000 0.0000 -104.6290 35.3044 38.3488 23.7194 -7.1250 0.0000 -0.0000 0.9623 74.0883 0.6616 -0.0000 0.0000 0.0000 -29.0877 60.5249 -86.5976 -20.4990 31.2389 -5.7879 0.0000 -0.0000 -20.0163 -45.0376 -8.5491 8.4665 7.1250 -0.0000 -0.0000 -16.2014 -41.4251 -1.4718
-1.0946 18.0986 3.8979 0.7948 21.5248 -7.2066 0.0000 0.0000 0.0000 -12.9145 -19.0778 -2.6830 2.9232 10.5696 30.8417 0.5255 -6.7548 -13.0430 0.5384 -4.7015 -13.0590 0.0000 0.0000 0.0000 15.9071 20.8082 -1.0724 -3.8370 -11.9403 35.5209 -1.2028 -6.0355 -23.7097 -0.1801 2.7332 -7.5368 -0.8252 2.6701 5.2775 -0.6119 3.5078 1.3779 -0.3950 1.7561 -1.5479 -0.0806 6.2613 -14.1842 10.3609 6.5139 20.9922 4.2596 4.2152 8.5184 -0.0000 -0.0000 0.0000 -25.6257 -80.8517 -13.1897 25.8854 -37.0953 -8.8184 -0.0000 0.0000 -104.1350 36.3804 37.8137 24.3082 -7.1250 0.0000 -0.0000 3.3954 73.9044 2.3216 -0.0000 -0.0000 0.0000 -30.1785 61.2496 -86.8775 -23.7211 34.8680 -7.5465 0.0000 -0.0000 -22.0319 -44.9075 -8.3415 8.2283 7.1250 -0.0000 -0.0000 -16.0391 -41.1299 -1.5765
-1.4262 18.1596 4.0617 1.0016 23.6850 -6.6896 0.0000 0.0000 0.0000 -11.9735 -19.9232 -1.9855 2.4707 9.7844 28.2815 0.4058 -6.6937 -11.5709 0.5166 -4.6068 -12.7904 0.0000 0.0000 0.0000 16.8784 19.8951 -1.0467 -3.7622 -11.8371 35.1581 -1.1957 -7.1032 -24.3555 -0.0949 1.9872 -5.4702 -0.2906 3.1068 4.6160 -0.9280 4.1219 1.4973 -1.0093 2.0645 -0.9961 1.5976 8.6056 -13.2184 9.6622 9.5754 21.8643 4.0616 5.7241 8.5894 0.0000 0.0000 0.0000 -47.0412 -81.6027 2.7579 30.2966 -41.1463 -11.6043 -0.0000 0.0000 -107.7040 33.0728 36.9273 21.3679 -7.1250 0.0000 -0.0000 -1.5384 71.8628 -0.9831 0.0000 0.0000 0.0000 -30.8096 61.7328 -82.4306 -27.8572 38.9845 -10.0337 0.0000 -0.0000 -23.2063 -42.8209 -6.7770 6.2408 7.1250 -0.0000 -0.0000 -13.8829 -38.8202 -2.1627
-1.7309 18.2292 4.2230 1.4494 24.4516 -6.2256 0.0000 0.0000 0.0000 -11.3231 -19.4234 -1.1183 2.0554 8.9806 25.7345 0.3426 -5.6461 -10.5470 0.6388 -5.1134 -14.2322 0.0000 0.0000 0.0000 17.4415 19.4024 -0.9333 -3.6242 -11.6427 34.4795 -1.1625 -7.3704 -24.2742 -0.0911 1.9463 -5.3573 0.5128 3.7228 4.4922 -1.2023 4.9754 1.3293 -1.7749 2.4920 -0.9942 2.7564 10.6232 -12.0105 9.2281 12.2912 23.7852 4.0543 7.0748 9.0150 0.0000 -0.0000 0.0000 -63.8096 -79.9851 12.6581 37.3315 -46.4070 -16.4797 -0.0000 0.0000 -110.1690 26.5896 35.7140 16.2874 -7.1250 0.0000 -0.0000 -9.8445 68.5423 -5.5813 0.0000 -0.0000 0.0000 -31.3720 62.7400 -74.8009 -33.5006 43.7113 -13.7668 0.0000 -0.0000 -24.7700 -39.9981 -5.0794 4.2484 7.1250 -0.0000 -0.0000 -11.2091 -36.3974 -2.4085
-1.9842 18.2808 4.3671 1.7878 24.4058 -5.5494 0.0000 0.0000 0.0000 -10.5824 -18.0824 -0.8541 1.7582 8.3430 23.7609 0.3804 -3.6358 -10.9714 0.7442 -5.5105 -15.3704 0.0000 0.0000 0.0000 17.5811 18.6308 -1.6187 -3.5255 -11.5007 33.9876 -1.1575 -6.2741 -23.4926 -0.0293 1.1053 -3.0386 1.5819 4.3000 4.3315 -1.4591 5.7897 1.3383 -2.6471 2.9047 -0.7351 3.7011 11.8348 -11.7711 8.6836 13.9418 25.0418 3.9811 7.8793 9.4722 -0.0000 0.0000 0.0000 -67.1465 -77.8867 9.1744 46.8751 -51.6547 -23.7004 -0.0000 0.0000 -110.5170 17.8147 32.4856 9.7923 -7.1250 0.0000 -0.0000 -17.5674 62.9124 -7.7656 -0.0000 0.0000 0.0000 -33.0024 62.6825 -67.3321 -40.8677 48.5756 -19.0873 0.0000 -0.0000 -26.1774 -34.6956 -1.6667 1.1536 7.1250 -0.0000 -0.0000 -6.5238 -31.9631 -2.0930
-2.2077 18.3266 4.4847 3.3095 24.3363 -4.1517 0.0000 0.0000 0.0000 -11.1114 -15.3196 -1.2494 1.5361 7.8244 22.1820 0.5133 -1.1455 -13.1862 0.6487 -5.1522 -14.3433 0.0000 0.0000 0.0000 16.4830 18.6325 -2.8022 -3.5822 -11.5827 34.2713 -1.1984 -5.5193 -23.3518 -0.0179 0.8627 -2.3712 1.3005 4.5725 4.3568 -1.9332 6.1377 1.2579 -2.9964 3.0796 -0.7892 3.5364 12.3611 -11.8994 8.1096 14.8550 25.1360 3.9275 8.2206 9.5314 0.0000 -0.0000 0.0000 -66.0746 -75.8111 0.5292 58.4567 -55.8845 -33.0602 -0.0000 0.0000 -109.1160 8.6469 29.0219 4.2195 -7.1250 0.0000 -0.0000 -24.4969 57.5526 -7.8428 0.0000 -0.0000 0.0000 -35.2054 62.1908 -60.6344 -50.8278 53.3240 -26.8367 0.0000 -0.0000 -24.2330 -28.7407 3.3013 -1.8088 7.1250 -0.0000 -0.0000 -1.6164 -26.2153 -0.7364
-2.4103 18.3624 4.5830 4.0659 24.9390 -3.1830 0.0000 0.0000 0.0000 -11.1068 -12.2414 -2.2374 1.5513 7.8611 22.2931 0.6727 1.9676 -16.3278 0.6361 -5.1027 -14.2017 0.0000 0.0000 0.0000 16.3323 18.6138 -3.5591 -3.6368 -11.6607 34.5420 -1.2066 -5.7986 -23.5917 -0.0098 0.6385 -1.7547 0.9986 4.5256 4.5424 -2.1342 6.0579 1.0969 -3.0589 3.0350 -1.0723 3.5669 12.1011 -11.9417 7.2422 14.6807 24.6374 3.5924 8.0358 9.4445 -0.0000 0.0000 0.0000 -61.5633 -74.2008 -10.2934 69.7875 -58.3986 -42.5896 -0.0000 0.0000 -108.9740 3.8808 27.0443 1.7666 -7.1250 0.0000 -0.0000 -27.7365 54.8344 -7.1063 -0.0000 0.0000 0.0000 -36.0405 60.5951 -53.9057 -62.5506 56.9522 -36.4714 0.0000 -0.0000 -20.9893 -23.1101 8.2759 -3.5150 7.1250 -0.0000 -0.0000 2.7126 -20.9975 1.5622
-2.5703 18.3879 4.6740 4.4436 26.3798 -2.7699 0.0000 0.0000 0.0000 -11.2443 -10.1805 -2.8648 1.7753 8.3814 23.8787 0.7949 5.1350 -19.4699 0.1884 -2.7954 -7.7095 0.0000 0.0000 0.0000 16.5969 18.0043 -3.5942 -3.6106 -11.6234 34.4124 -1.1899 -6.4834 -23.8944 -0.0007 0.1648 -0.4528 0.7242 4.1631 4.6704 -2.2553 5.5584 0.9980 -3.0257 2.7822 -1.2888 3.8272 11.5473 -11.3891 6.5034 14.0408 23.5833 3.1401 7.6701 9.0722 -0.0000 0.0000 0.0000 -54.9888 -72.3187 -20.6315 78.5312 -59.4971 -50.0845 -0.0000 0.0000 -109.6060 0.6909 24.7792 0.2896 -7.1250 0.0000 -0.0000 -29.2240 52.2770 -5.6286 -0.0000 0.0000 0.0000 -34.5737 58.5472 -46.8849 -75.7254 59.2159 -47.6704 0.0000 -0.0000 -20.5333 -21.2427 10.7719 -4.1555 7.1250 -0.0000 -0.0000 4.1109 -18.4600 2.6044
-2.6911 18.4060 4.7384 4.1472 27.9314 -2.5383 0.0000 0.0000 0.0000 -10.8026 -8.9580 -3.5515 2.1659 9.2035 26.4338 0.8531 5.8632 -20.5296 0.0318 -1.1510 -3.1643 0.0000 0.0000 0.0000 17.2599 17.2241 -3.7415 -3.5091 -11.4768 33.9053 -1.1463 -7.4121 -24.1727 -0.0015 0.2541 -0.6983 0.8827 3.8664 4.4322 -2.2059 5.1697 0.8872 -3.0305 2.5861 -1.2824 2.8697 10.4369 -12.1633 7.3976 12.4302 23.6768 3.4570 6.9414 9.1382 -0.0000 0.0000 0.0000 -51.4260 -71.2117 -26.3803 84.2932 -59.8766 -55.0598 -0.0000 0.0000 -109.2160 -0.7719 24.0563 -0.3147 -7.1250 0.0000 -0.0000 -30.1069 51.4048 -5.1435 -0.0000 0.0000 0.0000 -30.4025 56.0194 -39.9962 -87.1833 59.9700 -57.5609 0.0000 -0.0000 -16.8585 -24.0096 10.8364 -4.7870 7.1250 -0.0000 -0.0000 2.1626 -18.1497 1.3824
-2.8055 18.4296 4.8244 2.6137 28.9777 -3.2699 0.0000 0.0000 0.0000 -9.0711 -6.6858 -4.0717 2.6411 10.0901 29.2691 0.7446 5.0106 -18.8778 0.0631 -1.6211 -4.4597 0.0000 0.0000 0.0000 19.6196 17.3810 -2.9435 -3.3608 -11.2573 33.1528 -1.0458 -9.0962 -24.6199 -0.0000 -0.0313 0.0861 1.1066 3.6480 4.1260 -1.4168 4.8960 1.0059 -2.3057 2.4495 -1.0562 1.8170 9.7869 -12.9635 7.6003 11.6609 23.7558 3.6541 6.5179 9.2427 0.0000 0.0000 0.0000 -49.2628 -70.2825 -29.0987 86.9089 -59.9639 -57.3233 -0.0000 0.0000 -107.9880 -1.6045 23.9146 -0.6505 -7.1250 0.0000 -0.0000 -30.7723 51.1467 -5.0690 0.0000 0.0000 0.0000 -25.7768 54.0093 -35.9639 -92.8878 59.9685 -62.5006 0.0000 -0.0000 -13.9835 -26.4289 11.0620 -5.4476 7.1250 -0.0000 -0.0000 0.4759 -17.6643 0.3091
-2.8378 18.4765 4.8339 3.6774 31.2724 -2.4660 0.0000 0.0000 0.0000 -10.3981 -6.3800 -3.7495 3.0191 10.7260 31.3611 0.7630 2.5382 -17.6082 0.0034 0.3758 1.0325 0.0000 0.0000 0.0000 18.5395 15.8863 -2.9294 -3.2282 -11.0556 32.4677 -1.0276 -9.8349 -25.0701 -0.0002 -0.0850 0.2336 0.5687 3.2567 3.9090 -2.0094 4.3450 0.7975 -2.5845 2.1740 -1.1688 1.9343 9.2026 -12.0099 6.5843 11.0974 22.2240 3.0978 6.1383 8.6320 0.0000 -0.0000 0.0000 -48.9871 -69.7766 -26.1238 86.0830 -59.9419 -56.6084 -0.0000 0.0000 -105.8130 -0.2981 23.3204 -0.1180 -7.1250 0.0000 -0.0000 -29.2281 50.8415 -4.5410 0.0000 -0.0000 0.0000 -18.9001 52.2250 -33.8378 -91.7780 59.9881 -61.5397 0.0000 -0.0000 -13.9600 -28.1275 10.6800 -5.6577 7.1250 -0.0000 -0.0000 -0.7415 -17.9097 -0.4776
-2.8744 18.5013 4.8365 3.0405 33.1393 -2.9257 0.0000 0.0000 0.0000 -10.1173 -5.0494 -3.9228 3.5072 11.4740 33.8958 0.5841 2.5906 -15.6091 0.0870 -1.9028 -5.2372 0.0000 0.0000 0.0000 19.4001 14.9025 -2.2625 -3.0467 -10.7703 31.5090 -0.9252 -11.2116 -25.4406 -0.0010 -0.2063 0.5669 0.7690 2.9609 3.8679 -1.8393 3.9607 0.8320 -2.5012 1.9815 -1.1274 0.9184 8.7236 -12.6564 6.1562 10.7203 22.0360 3.1001 5.8324 8.6542 0.0000 -0.0000 0.0000 -48.9686 -69.4344 -21.1702 82.6478 -59.7948 -53.6372 -0.0000 0.0000 -103.8660 1.6792 23.3888 0.6668 -7.1250 0.0000 -0.0000 -27.4660 51.2191 -4.4960 0.0000 -0.0000 0.0000 -13.2782 50.8877 -35.1892 -85.1461 59.9108 -55.7977 0.0000 -0.0000 -13.3007 -30.4803 9.5727 -5.5903 7.1250 -0.0000 -0.0000 -2.4875 -18.9133 -1.5484
-2.9009 18.5350 4.8445 4.6187 35.2269 -1.6494 0.0000 0.0000 0.0000 -11.9648 -4.9374 -3.6797 3.7579 11.8310 35.1369 0.4501 2.4877 -13.8267 0.0925 -1.9619 -5.4005 0.0000 0.0000 0.0000 17.9643 13.8430 -2.6828 -3.0201 -10.7274 31.3661 -0.8541 -12.4259 -26.0036 -0.0009 0.1895 -0.5206 -1.1688 2.9104 3.1697 -2.2927 3.8304 0.7734 -1.8439 1.9226 -0.8996 0.3826 8.3530 -12.9051 5.3858 10.4841 21.3730 2.8871 5.5938 8.4936 -0.0000 0.0000 0.0000 -49.2625 -70.7718 -14.4598 75.2354 -59.1601 -47.2496 -0.0000 0.0000 -101.5530 3.8736 24.6077 1.6150 -7.1250 0.0000 -0.0000 -26.1578 52.6703 -5.2260 -0.0000 0.0000 0.0000 -8.0346 50.6745 -39.2608 -74.0431 59.0157 -46.2266 0.0000 -0.0000 -11.1784 -32.1615 7.5258 -4.7080 7.1250 -0.0000 -0.0000 -3.8679 -21.1185 -2.2195
-2.9049 18.5634 4.8382 4.2362 37.4680 -1.8282 0.0000 0.0000 0.0000 -12.0360 -5.3263 -2.8702 3.8171 11.9130 35.4247 0.2303 3.1384 -10.7809 0.2293 -3.0822 -8.5076 0.0000 0.0000 0.0000 18.4910 12.8872 -2.0828 -2.8385 -10.4289 30.3771 -0.7222 -14.0270 -26.5709 -0.0002 0.0814 -0.2235 -1.4256 2.5953 2.7674 -2.0869 3.4093 0.6042 -1.4588 1.7112 -0.8854 -0.3124 8.5172 -12.5060 4.6949 11.0254 21.0112 2.7822 5.7272 8.2816 0.0000 -0.0000 0.0000 -49.5103 -71.6945 -7.3596 66.4079 -57.7888 -39.7203 -0.0000 0.0000 -100.2530 7.0711 25.5438 3.0617 -7.1250 0.0000 -0.0000 -23.6903 54.0846 -5.5274 0.0000 -0.0000 0.0000 -5.3399 52.3384 -46.2898 -61.2804 56.6416 -35.4085 0.0000 -0.0000 -14.6178 -36.0222 4.2111 -3.0563 7.1250 -0.0000 -0.0000 -7.0155 -24.7778 -3.4541
-2.8803 18.5838 4.8132 3.3946 39.5716 -2.6359 0.0000 0.0000 0.0000 -11.8903 -5.7113 -1.1613 3.4730 11.4240 33.7235 0.2804 3.6489 -12.0261 0.5688 -4.8303 -13.4251 0.0000 0.0000 0.0000 19.6202 12.6267 -0.6330 -2.6211 -10.0549 29.1547 -0.5330 -16.2380 -27.5366 -0.0021 -0.2939 0.8076 -1.1540 2.3691 2.4669 -1.8184 3.1231 0.5962 -1.3112 1.5667 -0.7302 -0.6429 8.8650 -12.8142 4.4183 11.6713 21.7638 2.8604 5.9753 8.5695 -0.0000 0.0000 0.0000 -49.3123 -73.5764 0.1337 56.6375 -55.3452 -31.5587 -0.0000 0.0000 -99.4741 12.4949 26.6507 5.6765 -7.1250 0.0000 -0.0000 -19.0238 56.1555 -5.3417 -0.0000 0.0000 0.0000 -5.6204 54.6459 -56.6381 -50.4908 53.1915 -26.5666 0.0000 -0.0000 -21.3077 -40.7115 -1.1640 1.0014 7.1250 -0.0000 -0.0000 -11.2677 -31.3902 -3.8147
-2.8616 18.5978 4.7912 3.3642 41.5264 -2.4161 0.0000 0.0000 0.0000 -12.2440 -6.3841 -0.0253 2.8958 10.5244 30.6923 0.3318 4.6775 -13.6175 0.4899 -4.4876 -12.4528 0.0000 0.0000 0.0000 19.7040 12.2473 -0.3700 -2.5246 -9.8824 28.5968 -0.4685 -17.4930 -28.5202 -0.0054 -0.4732 1.3002 -1.7470 2.3749 1.8244 -1.8006 3.1269 0.2777 -0.9423 1.5696 -0.7297 -1.0576 9.1286 -12.9202 4.7472 12.0958 22.4797 3.1138 6.1782 8.7679 -0.0000 -0.0000 0.0000 -50.2792 -75.8907 9.4922 47.4589 -51.9178 -24.1591 -0.0000 0.0000 -99.1250 18.0195 30.5465 9.3876 -7.1250 0.0000 -0.0000 -15.8123 61.1089 -6.2941 -0.0000 -0.0000 0.0000 -7.4603 57.6744 -70.1102 -42.5272 49.4979 -20.3406 0.0000 -0.0000 -21.7913 -46.4469 -6.7051 7.0015 7.1250 -0.0000 -0.0000 -17.0572 -39.0958 -2.5694
-2.8211 18.5969 4.7415 1.6964 43.9281 -3.7287 0.0000 0.0000 0.0000 -11.2007 -6.9499 0.6176 2.6775 10.1537 29.4758 0.3947 4.2653 -14.2089 0.7700 -5.6032 -15.6374 0.0000 0.0000 0.0000 21.0172 11.1418 0.4352 -2.3557 -9.5707 27.5974 -0.4249 -18.5661 -29.4952 -0.0197 -0.9058 2.4896 -0.7294 2.3653 1.6923 -1.6484 3.1326 0.1085 -1.3517 1.5691 -0.7830 -1.4570 9.3200 -13.2683 5.5724 12.3045 23.2642 3.5270 6.3345 9.0045 0.0000 0.0000 0.0000 -51.5139 -78.7305 19.5272 40.0000 -48.0699 -18.4393 -0.0000 0.0000 -98.0918 21.9105 33.0829 12.3826 -7.1250 0.0000 -0.0000 -13.3529 64.5832 -6.3836 0.0000 0.0000 0.0000 -10.1192 59.4447 -82.0019 -38.5462 47.1846 -17.3651 0.0000 -0.0000 -23.8227 -53.8150 -11.5128 15.2617 7.1250 -0.0000 -0.0000 -25.8532 -47.2162 1.5114
-2.7813 18.5906 4.6972 2.1637 46.3768 -3.5247 0.0000 0.0000 0.0000 -11.8621 -7.2503 1.0428 2.4191 9.6892 27.9761 0.3841 4.0088 -13.8748 0.9814 -6.3061 -17.6750 0.0000 0.0000 0.0000 20.5115 10.1012 0.5559 -2.3551 -9.5696 27.5939 -0.4145 -19.4874 -30.5456 -0.0277 -1.0748 2.9545 -1.5389 2.3126 1.5465 -1.6809 3.0494 0.0092 -0.9286 1.5308 -0.8450 -2.6455 9.6886 -13.7055 6.7223 12.8740 24.1261 4.2128 6.6326 9.1791 0.0000 -0.0000 0.0000 -56.3426 -81.3667 32.0331 34.7919 -44.6630 -14.6669 -0.0000 0.0000 -93.7947 28.7631 37.9986 18.6720 -7.1250 0.0000 -0.0000 -9.2457 71.4976 -5.8490 0.0000 -0.0000 0.0000 -12.6171 60.8038 -88.3969 -37.4766 46.5018 -16.5849 0.0000 -0.0000 -24.8773 -66.4124 -20.2469 38.3996 7.1250 -0.0000 -0.0000 -56.1119 -63.5870 29.7186
-2.7468 18.5982 4.6444 2.1901 48.4677 -3.6406 0.0000 0.0000 0.0000 -12.2269 -8.4572 1.7193 2.2499 9.3682 26.9541 0.4767 3.3525 -14.7017 0.6762 -5.2582 -14.6465 0.0000 0.0000 0.0000 20.4522 9.5256 0.8681 -2.3270 -9.5164 27.4244 -0.3816 -20.5822 -31.6781 -0.0294 -1.1072 3.0438 -1.7341 2.4964 1.4598 -2.0979 3.2960 0.0528 -1.2465 1.6558 -0.7372 -1.6098 10.3688 -14.5755 6.8407 13.6055 25.0327 4.2980 7.0645 9.6924 0.0000 -0.0000 0.0000 -65.5850 -83.2721 47.6735 32.7739 -43.1555 -13.2672 -0.0000 0.0000 -91.8184 36.4382 42.9510 26.7048 -7.1250 0.0000 -0.0000 -2.8864 79.1340 -2.2908 0.0000 -0.0000 0.0000 -14.5647 61.5705 -90.5417 -37.1598 46.2942 -16.3554 0.0000 -0.0000 -24.6917 -74.3089 -24.1622 55.5380 7.1250 -0.0000 -0.0000 -92.3295 -66.9889 67.4250
-2.6954 18.5911 4.5743 2.1634 49.7953 -3.7885 0.0000 0.0000 0.0000 -12.5603 -8.9478 2.2822 2.1083 9.0882 26.0715 0.5426 2.7872 -15.2085 0.4694 -4.3945 -12.1891 0.0000 0.0000 0.0000 20.3426 9.3108 1.1537 -2.3244 -9.5115 27.4087 -0.3597 -21.4235 -32.5889 -0.0299 -1.1160 3.0679 -1.4688 2.6313 1.4289 -2.4058 3.4815 0.0124 -1.7124 1.7489 -0.7248 -0.8346 11.3118 -14.2723 6.9373 14.7439 25.0580 4.3152 7.6787 9.6459 0.0000 -0.0000 0.0000 -73.9171 -83.3470 57.3967 33.4958 -43.7077 -13.7635 -0.0000 0.0000 -94.9151 40.9359 46.8552 32.3266 -7.1250 0.0000 -0.0000 0.4017 84.6797 0.3627 0.0000 -0.0000 0.0000 -16.1419 62.9756 -86.8225 -38.1806 46.9543 -17.0975 0.0000 -0.0000 -25.2001 -72.1407 -23.5224 51.0855 7.1250 -0.0000 -0.0000 -82.4389 -67.2101 57.2332
-2.6336 18.5808 4.4929 1.6534 50.1999 -4.3464 0.0000 0.0000 0.0000 -12.6521 -9.0016 2.8048 2.0185 8.9044 25.4968 0.6064 2.6338 -15.8998 0.3555 -3.8304 -10.5999 0.0000 0.0000 0.0000 20.4710 9.3841 1.5395 -2.3052 -9.4747 27.2919 -0.3828 -21.5839 -32.9321 -0.0391 -1.2760 3.5087 -0.6854 2.8667 1.5793 -2.4865 3.8055 0.0193 -2.2450 1.9086 -0.7394 -0.0209 12.0962 -13.7985 6.6924 15.7328 24.9277 4.1783 8.1852 9.5651 -0.0000 -0.0000 0.0000 -77.1123 -81.8691 56.1200 37.1925 -46.3157 -16.3791 -0.0000 0.0000 -98.9161 36.9931 47.2296 28.9439 -7.1250 0.0000 -0.0000 -14.5239 83.3208 -12.7572 -0.0000 -0.0000 0.0000 -18.3944 64.2849 -79.2535 -40.5315 48.3816 -18.8356 0.0000 -0.0000 -26.6622 -67.0605 -20.4099 39.4880 7.1250 -0.0000 -0.0000 -58.1876 -63.9656 31.6774
-2.5671 18.5755 4.3975 1.8877 50.1277 -3.9487 0.0000 0.0000 0.0000 -13.2592 -8.6770 2.9464 1.9042 8.6637 24.7488 0.6611 2.9321 -16.6994 0.4129 -4.1246 -11.4274 0.0000 0.0000 0.0000 19.8360 9.6572 1.2501 -2.3281 -9.5183 27.4306 -0.4067 -21.3290 -32.7619 -0.0306 -1.1299 3.1064 -0.2035 3.1735 1.7832 -2.7063 4.2151 -0.2056 -2.7675 2.1097 -1.0192 -0.3713 11.9798 -13.7198 7.5497 15.4477 24.9702 4.4688 8.1324 9.4641 0.0000 0.0000 0.0000 -76.0197 -79.9620 47.6821 43.3120 -49.9142 -20.9391 -0.0000 0.0000 -100.7970 28.4286 43.9496 20.5915 -7.1250 0.0000 -0.0000 -20.0418 76.9196 -15.0999 0.0000 0.0000 0.0000 -21.4627 64.8454 -70.2261 -44.2077 50.3744 -21.6268 0.0000 -0.0000 -29.9179 -63.8140 -17.6226 31.6182 7.1250 -0.0000 -0.0000 -45.6726 -59.3991 18.3690
-2.5059 18.5750 4.2885 2.4578 49.7197 -3.0756 0.0000 0.0000 0.0000 -14.1942 -8.5149 2.9954 1.7792 8.3901 23.9053 0.7467 3.3474 -17.8724 0.2119 -2.9636 -8.1774 0.0000 0.0000 0.0000 18.8985 10.2835 0.6390 -2.3717 -9.6008 27.6933 -0.3871 -21.1708 -32.4444 -0.0220 -0.9570 2.6304 -0.1670 3.3922 1.9774 -2.8824 4.5016 -0.3315 -2.9933 2.2511 -1.2270 1.0050 11.6927 -13.1153 5.9472 15.0924 24.1831 3.6300 7.8957 9.3645 -0.0000 -0.0000 0.0000 -69.2091 -78.1352 32.6350 51.9202 -53.7412 -27.7152 -0.0000 0.0000 -100.9500 17.4200 38.9063 11.1479 -7.1250 0.0000 -0.0000 -25.1624 68.6619 -14.6228 -0.0000 -0.0000 0.0000 -25.9408 65.2070 -63.3836 -48.9546 52.5651 -25.3417 0.0000 -0.0000 -28.2017 -53.8063 -11.5121 15.2562 7.1250 -0.0000 -0.0000 -25.8435 -47.2130 1.5086
-2.4481 18.5810 4.1738 1.8219 49.1588 -3.0650 0.0000 0.0000 0.0000 -14.2630 -8.2148 2.6853 1.7009 8.2131 23.3633 0.7993 4.1631 -18.8980 0.1567 -2.5505 -7.0297 0.0000 0.0000 0.0000 18.8172 10.9519 0.1503 -2.3447 -9.5499 27.5310 -0.2903 -21.2470 -31.9296 -0.0178 -0.8617 2.3683 0.4262 3.5924 2.3963 -2.8271 4.7750 -0.4767 -3.3096 2.3785 -1.5535 0.7165 10.3364 -12.9666 6.0353 13.1757 23.0942 3.4216 6.9890 8.9878 0.0000 -0.0000 0.0000 -62.2013 -76.5008 16.6166 63.0253 -57.0636 -36.8695 -0.0000 0.0000 -100.6940 13.5476 35.6977 8.0034 -7.1250 0.0000 -0.0000 -25.4621 64.7129 -12.5266 0.0000 -0.0000 0.0000 -30.2544 64.7275 -56.9460 -56.1671 55.1989 -31.1722 0.0000 -0.0000 -24.5126 -46.1376 -6.3044 6.5183 7.1250 -0.0000 -0.0000 -16.6922 -38.5134 -2.7584
-2.3886 18.6014 4.0474 2.0674 48.6272 -2.2102 0.0000 0.0000 0.0000 -15.0667 -8.2073 2.3426 1.6027 7.9842 22.6662 0.8653 5.1986 -20.2012 0.0698 -1.7048 -4.6904 0.0000 0.0000 0.0000 18.0739 11.8580 -0.3618 -2.2908 -9.4472 27.2044 -0.2146 -21.3479 -31.5719 -0.0210 -0.9354 2.5711 0.6646 3.6188 3.0549 -3.2814 4.8006 -0.8518 -3.9786 2.3763 -2.2490 -0.3318 8.2680 -12.0026 7.3517 10.2034 21.0724 3.5436 5.6437 8.0773 -0.0000 -0.0000 0.0000 -51.5450 -73.8430 -1.7758 75.0890 -59.1430 -47.1239 -0.0000 0.0000 -102.7080 9.2031 29.3551 4.5412 -7.1250 0.0000 -0.0000 -24.1879 57.9725 -7.9844 -0.0000 -0.0000 0.0000 -33.3040 64.2702 -50.7703 -65.6840 57.6435 -39.1083 0.0000 -0.0000 -18.7338 -38.6539 0.5907 -0.4724 7.1250 -0.0000 -0.0000 -9.4253 -29.1643 -3.6826
-2.3071 18.6264 3.9262 1.8457 48.4653 -1.5325 0.0000 0.0000 0.0000 -15.5714 -8.6627 2.0520 1.4907 7.7130 21.8458 0.8544 6.4353 -20.9440 0.0845 -1.8745 -5.1589 0.0000 0.0000 0.0000 17.5536 12.3623 -0.9484 -2.1992 -9.2693 26.6414 -0.1269 -21.5492 -31.2625 -0.0213 -0.9424 2.5903 0.4483 3.4156 2.8816 -3.1191 4.5223 -0.9040 -3.6692 2.2393 -2.2551 -1.3752 5.5476 -12.0477 7.2103 6.6488 20.2846 3.3048 3.8505 7.9434 0.0000 -0.0000 0.0000 -41.8674 -69.9150 -19.2495 87.1342 -59.9689 -57.5184 -0.0000 0.0000 -103.6370 9.3439 27.2978 4.3155 -7.1250 0.0000 -0.0000 -22.5891 56.1260 -6.3952 0.0000 -0.0000 0.0000 -37.5627 63.9484 -45.6726 -76.6593 59.3167 -48.4731 0.0000 -0.0000 -13.1935 -33.7005 3.8564 -2.5683 7.1250 -0.0000 -0.0000 -5.3210 -25.3451 -2.5415
-2.2307 18.6454 3.7674 2.7349 48.1038 -0.3454 0.0000 0.0000 0.0000 -17.0969 -9.8342 2.5526 1.3484 7.3514 20.7606 0.9060 7.5895 -22.2679 0.0176 -0.8560 -2.3526 0.0000 0.0000 0.0000 16.1597 12.8964 -1.2941 -2.1153 -9.1023 26.1159 -0.0556 -21.5626 -30.8056 -0.0185 -0.8790 2.4159 -0.1860 3.1764 3.4712 -3.1678 4.1637 -1.0013 -3.3953 2.0628 -2.7513 -3.1912 2.5016 -11.6421 7.3416 2.7628 19.3597 3.2432 1.8591 7.7174 -0.0000 -0.0000 0.0000 -36.2358 -63.6229 -31.7473 96.1514 -59.8565 -65.3247 -0.0000 0.0000 -104.1310 9.1880 24.4667 3.8326 -7.1250 0.0000 -0.0000 -21.0117 53.4753 -4.5363 -0.0000 -0.0000 0.0000 -40.8410 64.8431 -39.7575 -87.7183 59.9803 -58.0241 0.0000 -0.0000 -8.9066 -34.6131 5.7399 -3.9487 7.1250 -0.0000 -0.0000 -5.8170 -23.0258 -3.0937
-2.1541 18.6689 3.6169 2.4318 47.7427 0.1019 0.0000 0.0000 0.0000 -17.5949 -11.0793 2.5910 1.2697 7.1421 20.1369 0.8924 8.7272 -23.0424 0.0020 -0.2909 -0.7991 0.0000 0.0000 0.0000 15.6814 13.6403 -1.6495 -2.0030 -8.8723 25.3968 0.0777 -22.0377 -30.5564 -0.0199 -0.9116 2.5055 -0.2854 2.8751 3.6222 -2.8895 3.7557 -1.0645 -3.0428 1.8588 -2.9486 -4.7308 -0.4457 -10.4962 7.0592 -0.9755 18.2935 3.0188 -0.0967 7.3868 0.0000 0.0000 0.0000 -34.6661 -55.2736 -39.2765 102.4665 -59.4045 -70.7747 -0.0000 0.0000 -101.6300 9.2711 23.6321 3.7439 -7.1250 0.0000 -0.0000 -20.4745 52.7099 -4.0202 0.0000 0.0000 0.0000 -42.8328 67.4140 -33.5881 -96.3120 59.8489 -65.4636 0.0000 -0.0000 -3.2319 -33.3358 6.6137 -4.3324 7.1250 -0.0000 -0.0000 -4.8010 -22.0885 -2.6524
-2.0715 18.6815 3.4389 2.6702 46.9995 0.7552 0.0000 0.0000 0.0000 -18.4050 -11.3301 2.4593 1.1944 6.9348 19.5223 0.8395 9.5431 -23.2657 0.0005 -0.1442 -0.3962 0.0000 0.0000 0.0000 14.7028 14.4867 -2.0798 -1.9490 -8.7590 25.0445 0.1803 -22.1626 -30.0232 -0.0097 -0.6372 1.7510 -0.8865 2.4302 3.8364 -2.4575 3.1411 -0.8082 -2.2283 1.5655 -2.8905 -6.8387 -3.3341 -10.1346 6.7087 -4.5336 17.6625 2.9055 -1.9954 7.3927 0.0000 -0.0000 0.0000 -35.8258 -44.0300 -43.1945 106.1893 -58.9861 -73.9726 -0.0000 0.0000 -99.0019 9.6818 21.6564 3.6026 -7.1250 0.0000 -0.0000 -19.0899 50.9163 -2.8724 0.0000 -0.0000 0.0000 -43.0245 72.1976 -26.5872 -102.7477 59.3770 -71.0167 0.0000 0.0000 3.4798 -32.6542 7.4709 -4.7632 7.1250 -0.0000 -0.0000 -4.2273 -21.1372 -2.4250
-1.9795 18.6932 3.2581 2.7387 45.6832 1.2633 0.0000 0.0000 0.0000 -19.0734 -10.8058 2.0390 1.1528 6.8172 19.1750 0.8223 10.0816 -23.5862 0.0039 -0.4055 -1.1142 0.0000 0.0000 0.0000 13.7176 15.3556 -2.7860 -1.9304 -8.7196 24.9221 0.2610 -21.9411 -29.1183 -0.0061 -0.5058 1.3899 -0.4026 3.2442 3.9633 -3.5513 4.2464 -0.3481 -3.6794 2.1157 -2.3361 -4.6987 -6.8240 -10.1727 5.7269 -9.5296 17.1772 1.7103 -4.3386 7.4546 0.0000 0.0000 0.0000 -37.4523 -34.9513 -41.5771 105.0983 -59.1209 -73.0369 -0.0000 0.0000 -95.4705 7.3886 22.1181 2.7952 -7.1250 0.0000 -0.0000 -21.4750 50.9830 -3.2955 0.0000 0.0000 0.0000 -25.9289 75.9515 -6.3561 -104.6479 59.1735 -72.6502 0.0000 0.0000 11.0262 -31.1349 9.8022 -5.8717 7.1250 -0.0000 -0.0000 -2.9283 -18.5767 -1.8453
-1.9098 18.7014 3.0674 3.2160 43.6129 1.9136 0.0000 0.0000 0.0000 -20.0424 -9.7664 1.3588 1.1318 6.7568 18.9969 0.8318 10.4680 -24.0110 0.0009 0.1971 0.5415 0.0000 0.0000 0.0000 12.1493 15.7245 -4.3841 -2.0006 -8.8673 25.3811 0.3462 -20.9337 -26.9256 -0.0000 0.0241 -0.0661 -1.4875 2.8334 4.4511 -2.8921 3.6353 -0.3638 -2.3902 1.8213 -2.7718 -7.0352 -8.4379 -8.2393 5.9869 -11.4567 16.0406 2.0380 -5.4495 7.0115 0.0000 0.0000 0.0000 -42.0240 -20.3634 -39.5040 100.0212 -59.6171 -68.6674 -0.0000 0.0000 -92.4805 6.2107 21.2634 2.2600 -7.1250 0.0000 -0.0000 -22.1463 50.0063 -2.8569 0.0000 0.0000 0.0000 14.8249 81.6309 40.1619 -104.0114 59.2451 -72.1034 0.0000 0.0000 16.8293 -32.5856 10.7255 -6.7836 7.1250 -0.0000 -0.0000 -3.8484 -17.3281 -2.5333
-1.8444 18.7091 2.8889 4.3480 41.2528 3.3297 0.0000 0.0000 0.0000 -21.5966 -9.0564 0.3876 1.0911 6.6382 18.6479 0.7388 11.7180 -24.3910 0.0012 0.2250 0.6183 0.0000 0.0000 0.0000 10.1022 17.3493 -6.1673 -2.1066 -9.0846 26.0603 0.4279 -20.4688 -25.4932 -0.0024 0.3160 -0.8683 -3.3382 3.0333 4.4519 -2.8859 3.8071 -0.2522 -1.3648 1.9333 -2.7742 -8.9915 -9.9356 -6.8473 8.0157 -13.6310 14.9061 2.8168 -6.5024 6.8417 -0.0000 0.0000 0.0000 -47.2863 -9.1281 -34.3272 90.0626 -60.0000 -60.0542 -0.0000 0.0000 -89.7003 5.9339 24.2019 2.4399 -7.1250 0.0000 -0.0000 -23.9749 52.6594 -4.7388 -0.0000 0.0000 0.0000 64.8310 76.6198 93.5383 -99.3188 59.6693 -68.0613 0.0000 0.0000 22.1326 -33.8449 9.4408 -6.2770 7.1250 -0.0000 -0.0000 -4.8688 -18.6815 -3.0638
-1.7656 18.7156 2.7104 4.4581 38.8014 3.1471 0.0000 0.0000 0.0000 -22.5071 -7.7909 0.2060 1.0830 6.6143 18.5776 0.7113 12.5187 -24.9485 0.0067 0.5275 1.4494 0.0000 0.0000 0.0000 9.0101 17.9079 -7.2377 -2.1841 -9.2395 26.5474 0.4500 -19.3695 -23.4705 -0.0134 0.7463 -2.0509 -3.8256 3.8662 5.2945 -3.1548 4.8530 0.1400 -1.4933 2.4582 -2.8608 -9.6043 -11.4927 -5.7085 9.7549 -15.9960 13.7874 3.2551 -7.6049 6.6986 0.0000 0.0000 0.0000 -51.6168 -1.0389 -27.0407 76.1878 -59.2667 -48.0678 -0.0000 0.0000 -86.5194 9.0686 26.1025 4.0171 -7.1250 0.0000 -0.0000 -22.0935 54.9712 -5.6129 0.0000 0.0000 0.0000 78.2704 66.0410 106.9840 -89.3624 59.9985 -59.4478 0.0000 0.0000 23.4124 -34.3913 10.6665 -7.2205 7.1250 -0.0000 -0.0000 -5.1049 -17.1546 -3.3856
-1.7104 18.7426 2.5437 2.1610 37.1489 2.5146 0.0000 0.0000 0.0000 -21.0177 -8.0363 -1.5614 1.2406 7.0627 19.9014 0.8390 12.9217 -26.3634 0.0162 0.8213 2.2571 0.0000 0.0000 0.0000 9.9991 19.1181 -8.6140 -2.1128 -9.0972 26.1000 0.6282 -19.4388 -21.7358 -0.0158 0.8105 -2.2274 -3.0849 4.5276 4.8101 -2.3801 5.8271 0.4796 -1.1216 2.9300 -2.2508 -9.9955 -12.6846 -5.8710 10.0500 -17.6332 13.7811 3.1869 -8.3831 6.9555 -0.0000 0.0000 0.0000 -57.1038 3.3670 -20.6266 60.5321 -56.4501 -34.7842 -0.0000 0.0000 -79.2042 15.5292 25.4706 6.8145 -7.1250 0.0000 -0.0000 -15.2739 55.6295 -4.0526 -0.0000 0.0000 0.0000 82.2774 54.8116 109.0593 -76.6566 59.3164 -48.4708 0.0000 0.0000 22.0950 -33.6298 9.5351 -6.2877 7.1250 -0.0000 -0.0000 -4.7075 -18.5960 -2.9705
-1.6265 18.7576 2.4225 2.3564 36.4783 2.8557 0.0000 0.0000 0.0000 -21.6176 -7.3530 -2.2502 1.2476 7.0818 19.9580 0.8288 12.8525 -26.2173 0.0299 1.1156 3.0670 0.0000 0.0000 0.0000 8.9030 18.8058 -9.8057 -2.1842 -9.2397 26.5480 0.6391 -18.5692 -19.9352 -0.0128 0.7301 -2.0065 -3.8276 4.9285 4.8861 -2.1928 6.3324 0.8130 -0.5517 3.1837 -2.0530 -10.6901 -13.4290 -6.2813 10.4311 -18.6547 14.1739 3.2252 -8.8514 7.3672 -0.0000 -0.0000 0.0000 -61.6941 5.5817 -14.3021 44.4542 -50.4983 -21.8168 -0.0000 0.0000 -67.8850 24.9557 23.9134 10.6827 -7.1250 0.0000 -0.0000 -4.7354 55.9797 -1.2775 -0.0000 -0.0000 0.0000 83.6142 44.1227 105.7740 -63.9114 57.2652 -37.6140 0.0000 0.0000 18.8082 -33.2525 7.6489 -4.9878 7.1250 -0.0000 -0.0000 -4.6396 -20.8697 -2.6911
-1.5521 18.7757 2.3207 2.0761 36.6355 2.9308 0.0000 0.0000 0.0000 -21.7477 -7.7149 -2.5212 1.2399 7.0607 19.8953 0.8567 12.8539 -26.4340 0.0735 1.7485 4.8111 0.0000 0.0000 0.0000 8.4144 18.9180 -10.4986 -2.2642 -9.3960 27.0422 0.5998 -17.8834 -19.0774 -0.0140 0.7643 -2.1005 -4.1856 4.9762 5.3307 -1.8591 6.3577 0.9085 -0.0569 3.1992 -2.2791 -11.2327 -13.6612 -6.5160 10.7534 -18.9401 14.0713 3.3421 -8.9837 7.4934 0.0000 -0.0000 0.0000 -65.7382 6.5298 -8.4818 30.7640 -41.5393 -11.9131 -0.0000 0.0000 -54.9413 32.4404 22.6848 13.7733 -7.1250 0.0000 -0.0000 3.8152 56.2879 1.0572 0.0000 -0.0000 0.0000 84.7129 34.4466 99.9868 -51.9055 53.7357 -27.7033 0.0000 0.0000 16.0417 -32.5875 5.7297 -3.6515 7.1250 -0.0000 -0.0000 -4.3355 -23.1934 -2.2839
-1.4773 18.7816 2.2472 2.1726 37.3622 2.9984 0.0000 0.0000 0.0000 -22.2742 -8.7569 -2.1637 1.2233 7.0152 19.7603 0.8305 13.2829 -26.6511 0.0705 1.7135 4.7145 0.0000 0.0000 0.0000 7.7577 18.7946 -10.7698 -2.3777 -9.6120 27.7292 0.4917 -16.8049 -18.4120 -0.0097 0.6367 -1.7497 -4.5199 4.6609 5.7044 -1.8391 5.9118 1.2733 0.1698 2.9742 -2.1309 -10.9740 -13.5253 -7.0747 11.0709 -18.7576 13.7228 3.4000 -8.8482 7.4632 -0.0000 0.0000 0.0000 -69.6165 5.9689 -8.1766 20.1938 -30.8751 -5.6305 -0.0000 0.0000 -40.0794 32.2508 20.5416 12.4840 -7.1250 0.0000 -0.0000 3.9528 53.8335 0.8595 -0.0000 0.0000 0.0000 85.0494 27.4625 92.6476 -43.1970 49.8540 -20.8512 0.0000 0.0000 12.5124 -30.9421 5.5919 -3.3431 7.1250 -0.0000 -0.0000 -3.1361 -23.4695 -1.6300
-1.3960 18.7807 2.1866 2.4200 38.0562 3.3293 0.0000 0.0000 0.0000 -22.7895 -9.0454 -2.3070 1.2251 7.0202 19.7751 0.8057 13.2626 -26.4408 0.0588 1.5643 4.3029 0.0000 0.0000 0.0000 6.9125 19.1215 -11.0271 -2.5033 -9.8439 28.4727 0.2656 -14.7041 -17.6820 -0.0085 0.5953 -1.6360 -4.6112 4.1245 6.2722 -2.1036 5.1482 1.1870 -0.0340 2.6002 -2.4900 -10.3969 -13.1677 -7.2863 11.1728 -18.3168 13.5286 3.4060 -8.6009 7.3413 -0.0000 0.0000 0.0000 -73.4184 5.5999 -16.0236 13.1058 -21.4420 -2.4918 -0.0000 0.0000 -23.8982 26.7635 21.1519 10.3141 -7.1250 0.0000 -0.0000 -1.9844 53.3975 -0.4100 -0.0000 0.0000 0.0000 84.9981 21.0150 85.2596 -37.1348 46.2777 -16.3374 0.0000 0.0000 9.7775 -31.8376 0.8418 -0.5227 7.1250 -0.0000 -0.0000 -4.1110 -28.9786 -1.6083
-1.3337 18.7743 2.1815 2.0480 37.9925 3.1324 0.0000 0.0000 0.0000 -22.6453 -9.0084 -2.4368 1.2693 7.1410 20.1337 0.8724 13.0350 -26.7290 0.0597 1.5769 4.3376 0.0000 0.0000 0.0000 6.9853 20.5367 -10.7619 -2.5589 -9.9443 28.7964 0.0847 -12.5126 -16.6576 -0.0517 1.4668 -4.0341 -4.1967 3.7813 7.1578 -2.5458 4.6350 0.7665 -0.7521 2.3522 -3.3319 -9.9820 -12.9376 -7.3366 11.4494 -18.1544 14.0427 3.4461 -8.4661 7.4875 0.0000 0.0000 0.0000 -76.3192 6.5903 -25.3623 8.9920 -15.1476 -1.1980 -0.0000 0.0000 -13.3779 22.9292 23.2240 9.4702 -7.1250 0.0000 -0.0000 -6.6291 54.8391 -1.6073 0.0000 0.0000 0.0000 83.9645 15.6750 78.8763 -33.2073 43.4888 -13.5645 0.0000 0.0000 5.9200 -30.2394 2.1847 -1.2730 7.1250 -0.0000 -0.0000 -2.8082 -27.4483 -1.1990
-1.2758 18.7695 2.2032 1.4198 37.2752 2.2316 0.0000 0.0000 0.0000 -22.3424 -8.4065 -1.8364 1.2783 7.1653 20.2059 0.9529 13.0150 -27.3128 0.0766 1.7856 4.9135 0.0000 0.0000 0.0000 7.6651 22.1523 -9.9580 -2.5691 -9.9625 28.8554 -0.0688 -10.4546 -15.9110 -0.0461 1.3863 -3.8124 -4.5100 3.4899 7.4925 -2.1504 4.2238 1.0580 -0.1378 2.1492 -3.2597 -10.2511 -12.7830 -7.8101 11.2197 -17.8684 14.3955 3.4153 -8.3326 7.6550 0.0000 -0.0000 0.0000 -80.3548 6.8918 -41.1530 6.8785 -11.7191 -0.7068 -0.0000 -0.0000 1.1232 21.0527 23.4049 8.6932 -7.1250 0.0000 -0.0000 -8.6464 54.6538 -2.0621 0.0000 -0.0000 0.0000 80.5128 12.4963 74.8041 -31.0794 41.8008 -12.1228 0.0000 0.0000 1.4099 -26.9836 2.9071 -1.4792 7.1250 -0.0000 -0.0000 -0.2913 -26.7182 -0.1292
-1.2230 18.7573 2.2203 0.9947 36.6692 2.1492 0.0000 0.0000 0.0000 -22.1416 -8.4476 -2.1776 1.3681 7.4028 20.9142 1.0192 13.1587 -27.9309 0.0595 1.5742 4.3303 0.0000 0.0000 0.0000 8.0555 22.7683 -10.0642 -2.4761 -9.7943 28.3130 -0.1210 -9.2265 -15.0982 -0.0909 1.9450 -5.3537 -4.4523 3.2082 7.4775 -1.9817 3.8520 0.9172 0.0403 1.9668 -3.3929 -10.7460 -12.6365 -7.6102 11.2536 -17.6236 14.3992 3.5427 -8.2488 7.6425 -0.0000 -0.0000 0.0000 -83.5872 7.7187 -50.8955 6.3301 -10.8116 -0.5996 -0.0000 -0.0000 7.4950 20.7379 23.7288 8.6630 -7.1250 0.0000 -0.0000 -9.1032 54.9235 -2.2323 -0.0000 -0.0000 0.0000 76.4857 9.9243 70.2268 -29.4570 40.4234 -11.0558 0.0000 0.0000 1.7100 -19.6965 5.6209 -2.0081 7.1250 -0.0000 -0.0000 5.2034 -24.0153 2.6458
-1.1712 18.7453 2.2729 1.4441 36.4169 2.5130 0.0000 0.0000 0.0000 -22.5782 -8.1291 -2.1666 1.3827 7.4405 21.0271 1.0653 12.8581 -27.9848 0.0612 1.5966 4.3920 0.0000 0.0000 0.0000 7.8031 22.3105 -10.4257 -2.4134 -9.6788 27.9427 -0.2219 -8.5785 -15.7768 -0.0951 1.9888 -5.4747 -4.7503 2.9752 7.2203 -2.1176 3.5335 0.9511 0.1158 1.8096 -3.2119 -10.8089 -12.6361 -7.4498 11.0760 -17.5721 14.1544 3.5166 -8.2554 7.5169 -0.0000 0.0000 0.0000 -85.4232 8.5091 -48.1053 6.2637 -10.7013 -0.5872 -0.0000 -0.0000 2.8713 21.8018 24.7589 9.5101 -7.1250 0.0000 -0.0000 -8.4253 56.1960 -2.3252 -0.0000 0.0000 0.0000 71.9513 9.1749 66.0588 -28.0922 39.2010 -10.1819 0.0000 0.0000 2.3405 -16.2208 6.8780 -1.9953 7.1250 -0.0000 -0.0000 7.7347 -22.8370 4.1634
-1.1405 18.7215 2.3674 1.7910 36.1157 2.5920 0.0000 0.0000 0.0000 -22.7315 -7.1949 -1.9648 1.3810 7.4360 21.0136 1.1415 12.0948 -27.8485 0.0610 1.5939 4.3846 0.0000 0.0000 0.0000 8.1276 22.0374 -10.1200 -2.3250 -9.5126 27.4124 -0.2619 -8.8362 -16.5920 -0.1461 2.4631 -6.7875 -5.0277 2.7721 6.9654 -2.2055 3.2577 0.9492 0.2212 1.6739 -3.0708 -10.7270 -12.4284 -7.5496 10.7826 -17.2578 14.3882 3.4472 -8.1145 7.5386 0.0000 -0.0000 0.0000 -86.4846 9.2221 -42.3552 7.0187 -11.9500 -0.7355 -0.0000 0.0000 -3.3642 21.3913 25.5426 9.5869 -7.1250 0.0000 -0.0000 -9.2110 56.9110 -2.7043 0.0000 -0.0000 0.0000 68.1045 8.2746 60.3081 -27.2368 38.4040 -9.6458 0.0000 0.0000 1.2607 -14.8798 6.3061 -1.6717 7.1250 -0.0000 -0.0000 8.7411 -23.4709 4.5881
-1.1320 18.6999 2.4832 2.5857 36.0573 3.0095 0.0000 0.0000 0.0000 -23.1388 -6.2728 -1.7079 1.3443 7.3406 20.7284 1.1525 11.4711 -27.3900 0.0425 1.3298 3.6567 0.0000 0.0000 0.0000 8.1983 21.6220 -10.1190 -2.3570 -9.5732 27.6053 -0.2098 -9.9241 -17.1478 -0.0829 1.8572 -5.1113 -5.4495 2.4336 6.5971 -2.3894 2.7982 0.9077 0.3274 1.4480 -2.8991 -10.9294 -12.0341 -7.5552 10.6943 -16.6830 14.5379 3.5259 -7.8551 7.5326 0.0000 -0.0000 0.0000 -86.1285 9.3900 -36.2591 7.7354 -13.1230 -0.8911 -0.0000 0.0000 -8.7350 21.3458 25.3174 9.4876 -7.1250 0.0000 -0.0000 -9.1558 56.6716 -2.6348 0.0000 -0.0000 0.0000 65.5293 8.5218 52.0014 -26.0652 37.2730 -8.9271 0.0000 -0.0000 -1.9770 -16.1272 4.0357 -1.1658 7.1250 -0.0000 -0.0000 7.9279 -25.7692 3.7266
-1.1611 18.6908 2.6451 2.4109 36.2582 2.8965 0.0000 0.0000 0.0000 -22.5706 -6.1362 -1.2102 1.3053 7.2377 20.4214 1.1253 11.4153 -27.1441 0.0210 0.9357 2.5720 0.0000 0.0000 0.0000 9.4296 21.1079 -10.0804 -2.4631 -9.7706 28.2370 -0.0111 -12.9247 -18.5153 -0.0608 1.5916 -4.3782 -5.0815 1.9433 6.1560 -2.4566 2.1937 0.7323 0.1235 1.1438 -2.7891 -10.8249 -11.6703 -7.6994 10.3725 -16.1819 15.1661 3.4613 -7.6168 7.6678 -0.0000 -0.0000 0.0000 -84.5395 9.2362 -30.0924 8.5794 -14.4877 -1.0925 -0.0000 0.0000 -12.8058 21.7034 25.1401 9.5974 -7.1250 0.0000 -0.0000 -8.6964 56.5662 -2.4789 -0.0000 -0.0000 0.0000 64.3969 9.7700 42.1872 -25.6753 36.8862 -8.6920 0.0000 -0.0000 -7.9840 -20.9528 0.0261 -0.0100 7.1250 -0.0000 -0.0000 4.4204 -29.9373 1.6289
-1.2198 18.6661 2.8226 3.1231 36.2436 3.2992 0.0000 0.0000 0.0000 -22.6525 -5.8037 -0.9910 1.3149 7.2631 20.4973 1.1606 11.1015 -27.1369 0.0117 0.6971 1.9156 0.0000 0.0000 0.0000 9.8482 20.4193 -10.1171 -2.5211 -9.8762 28.5768 -0.0173 -13.8236 -19.8421 -0.0872 1.9043 -5.2411 -5.6132 1.5161 5.6774 -2.4890 1.6171 0.5500 0.4468 0.8637 -2.7001 -11.0055 -11.3226 -7.9386 9.9761 -15.6468 15.9156 3.4118 -7.3799 7.8765 0.0000 0.0000 0.0000 -82.7326 8.2887 -26.7100 9.5394 -16.0159 -1.3451 -0.0000 0.0000 -14.2696 23.5663 25.5441 10.6522 -7.1250 0.0000 -0.0000 -6.8740 57.3856 -2.0918 0.0000 0.0000 0.0000 64.2717 12.1620 32.3565 -26.5382 37.7352 -9.2151 0.0000 -0.0000 -12.5239 -31.8253 -5.4389 3.3666 7.1250 -0.0000 -0.0000 -4.3229 -36.3446 -0.9221
-1.3565 18.6310 3.0933 8.5046 35.8849 6.8995 0.0000 0.0000 0.0000 -26.4123 -4.6526 -1.3303 1.2608 7.1179 20.0652 1.0398 10.6821 -25.8748 0.0003 -0.1060 -0.2912 0.0000 0.0000 0.0000 5.8730 20.5792 -10.7473 -2.6924 -10.1797 29.5606 -0.1603 -14.0017 -21.6128 -0.0828 1.8560 -5.1077 -11.2489 1.0889 4.1909 -3.3086 0.9077 0.4707 2.7921 0.5478 -1.9861 -11.1882 -11.0536 -8.0540 9.8619 -15.2416 16.1971 3.4483 -7.1992 7.9495 -0.0000 -0.0000 0.0000 -80.2234 7.3367 -20.6965 10.7787 -17.9482 -1.7071 -0.0000 0.0000 -19.2625 24.1216 25.3206 10.8412 -7.1250 0.0000 -0.0000 -6.1766 57.2755 -1.8620 -0.0000 -0.0000 0.0000 66.7013 16.4062 21.9933 -28.7128 39.7642 -10.5765 0.0000 -0.0000 -13.3174 -42.1154 -11.0703 9.8479 7.1250 -0.0000 -0.0000 -13.9121 -44.2998 -0.2454
-1.3899 18.6007 3.1908 3.5114 34.9540 2.2627 0.0000 0.0000 0.0000 -21.6014 -2.8429 -0.6251 1.5104 7.7617 21.9925 1.2394 9.7914 -26.6580 0.0103 -0.6541 -1.7974 0.0000 0.0000 0.0000 11.2299 19.3647 -8.8442 -2.6307 -10.0718 29.2097 -0.4199 -11.4925 -21.2558 -0.0644 1.6379 -4.5059 -5.1044 0.7276 5.8342 -2.6384 0.5907 0.6588 0.0928 0.3445 -2.6167 -11.0592 -10.8027 -8.2806 9.3962 -14.8442 16.6745 3.3158 -7.0265 8.0546 -0.0000 0.0000 0.0000 -77.8363 6.2392 -17.1772 12.1699 -20.0590 -2.1602 -0.0000 0.0000 -22.3357 24.9855 25.1936 11.2199 -7.1250 0.0000 -0.0000 -5.1835 57.3340 -1.5687 -0.0000 0.0000 0.0000 71.8348 21.4761 15.4099 -33.7099 43.8686 -13.9116 0.0000 -0.0000 -15.1833 -54.7337 -14.2900 19.2413 7.1250 -0.0000 -0.0000 -28.4186 -51.4580 4.8505
-1.5237 18.5597 3.3703 2.4639 32.3906 0.7850 0.0000 0.0000 0.0000 -19.8939 -1.2146 -1.3369 1.9445 8.7496 25.0151 1.3488 9.5398 -27.2633 0.0673 -1.6741 -4.6059 0.0000 0.0000 0.0000 12.8822 20.1730 -7.9690 -2.6449 -10.0968 29.2908 -0.5728 -8.5026 -19.8372 -0.0121 0.7093 -1.9494 -4.5427 0.9658 6.2120 -2.0709 0.9335 0.7720 0.3322 0.5095 -2.7249 -11.2578 -10.6826 -8.3901 8.9525 -14.5563 16.7376 3.2332 -6.9352 8.0441 -0.0000 0.0000 0.0000 -75.8667 4.4764 -14.4975 13.2848 -21.7031 -2.5576 -0.0000 0.0000 -24.2572 25.4720 25.3746 11.5380 -7.1250 0.0000 -0.0000 -4.7209 57.6331 -1.4623 -0.0000 0.0000 0.0000 76.3884 25.9559 18.1119 -40.8104 48.5428 -19.0444 0.0000 -0.0000 -17.2707 -63.2112 -17.3941 30.6296 7.1250 -0.0000 -0.0000 -44.1669 -58.8537 17.0106
-1.6559 18.5272 3.5256 1.8565 29.5437 0.0610 0.0000 0.0000 0.0000 -18.4284 0.0744 -2.9513 2.5937 10.0064 28.9973 1.3645 9.1603 -27.0946 0.2037 -2.9058 -8.0167 0.0000 0.0000 0.0000 13.9813 20.4662 -8.3154 -2.7441 -10.2687 29.8514 -0.6642 -5.6478 -18.4756 -0.0078 0.5693 -1.5644 -4.1897 1.2570 6.2460 -1.6908 1.3479 0.7302 0.4898 0.7135 -2.8046 -11.0496 -10.5197 -8.0646 8.6655 -14.3259 16.5699 3.1589 -6.8507 7.8672 -0.0000 0.0000 0.0000 -74.1312 2.7986 -11.9379 14.6359 -23.6365 -3.0785 -0.0000 0.0000 -25.8206 25.9202 25.1922 11.6881 -7.1250 0.0000 -0.0000 -4.1565 57.5416 -1.2779 -0.0000 0.0000 0.0000 80.9125 29.1220 27.0006 -48.2124 52.2486 -24.7536 0.0000 -0.0000 -13.9936 -58.4203 -14.8900 22.6860 7.1250 -0.0000 -0.0000 -33.6585 -53.5152 7.7336
-1.8023 18.4911 3.6744 1.3179 26.4472 -0.7901 0.0000 0.0000 0.0000 -16.6383 1.9688 -5.6338 3.6520 11.6823 34.6172 1.0522 9.2957 -24.8300 0.6970 -5.3368 -14.8717 0.0000 0.0000 0.0000 15.4279 21.3699 -8.1552 -2.8563 -10.4587 30.4754 -0.7159 -3.5189 -17.6405 -0.0010 0.1998 -0.5491 -3.8756 1.6728 6.6272 -1.4819 1.9092 0.8123 0.4701 0.9904 -2.9520 -10.4033 -10.4488 -8.1606 8.4673 -14.2958 16.7650 2.9960 -6.8089 7.8797 0.0000 -0.0000 0.0000 -72.1710 1.3566 -8.1689 16.4139 -26.0787 -3.8261 -0.0000 0.0000 -27.9733 26.1910 25.5242 11.9663 -7.1250 0.0000 -0.0000 -3.9834 57.9543 -1.2642 0.0000 -0.0000 0.0000 85.1788 30.8808 38.3718 -55.1015 54.8567 -30.2990 0.0000 -0.0000 -10.2822 -45.7657 -5.7111 5.8359 7.1250 -0.0000 -0.0000 -16.2361 -37.6660 -3.0278
-1.8964 18.4606 3.7951 0.9802 23.4475 -0.9951 0.0000 0.0000 0.0000 -15.0746 2.8097 -9.0443 5.0759 13.4688 41.1498 0.8239 8.4828 -22.2381 0.5268 -4.6514 -12.9168 0.0000 0.0000 0.0000 16.2318 22.3053 -8.4365 -2.9305 -10.5816 30.8816 -0.7371 -1.0600 -16.6362 -0.0041 -0.4145 1.1390 -3.1317 1.8793 6.4732 -1.4387 2.2441 0.7973 0.0731 1.1474 -2.8672 -10.2007 -10.5551 -8.6576 8.4732 -14.5026 17.5601 2.9054 -6.8663 8.2378 -0.0000 -0.0000 0.0000 -70.6284 0.0238 -6.0622 18.2991 -28.5385 -4.6913 -0.0000 0.0000 -28.1309 25.6022 25.3862 11.6086 -7.1250 0.0000 -0.0000 -4.5819 57.6747 -1.4238 -0.0000 -0.0000 0.0000 87.8571 32.5321 52.1728 -60.3403 56.3999 -34.6244 0.0000 -0.0000 -5.7445 -32.4744 0.4733 -0.3012 7.1250 -0.0000 -0.0000 -4.6284 -29.4044 -1.7650
-1.9514 18.4520 3.8740 0.5985 20.5449 -1.3453 0.0000 0.0000 0.0000 -13.7972 2.7825 -12.1460 6.5708 14.9595 47.2316 0.4076 8.8623 -18.3861 0.1789 -2.7241 -7.5115 0.0000 0.0000 0.0000 16.9596 22.7463 -8.2799 -2.8783 -10.4954 30.5965 -0.6956 1.3393 -15.3563 -0.0228 -0.9741 2.6776 -2.2993 1.9249 6.8733 -1.2859 2.3540 0.8332 -0.2580 1.1937 -3.0293 -10.1849 -10.8249 -8.3474 8.6060 -14.9246 17.3525 2.9078 -7.0687 8.1653 -0.0000 0.0000 0.0000 -69.6746 -1.0225 -4.2412 20.3677 -31.0828 -5.7200 -0.0000 0.0000 -27.6561 25.9295 24.8203 11.5356 -7.1250 0.0000 -0.0000 -4.0076 57.1501 -1.1942 -0.0000 0.0000 0.0000 89.7344 34.3896 67.1135 -64.1722 57.3229 -37.8335 0.0000 0.0000 1.5815 -26.2014 7.6302 -3.7384 7.1250 -0.0000 -0.0000 0.4499 -21.4879 0.2538
-1.9647 18.4568 3.9344 0.6262 17.2850 -1.5079 0.0000 0.0000 0.0000 -13.2888 2.2222 -13.9569 7.4944 15.7345 50.7203 0.4141 6.2564 -16.0485 0.0392 -1.2778 -3.5135 0.0000 0.0000 0.0000 17.2876 24.0301 -7.8019 -2.8139 -10.3875 30.2409 -0.6314 3.1543 -14.2685 -0.0476 -1.4076 3.8711 -1.9800 1.9186 7.3793 -1.2069 2.3592 0.9869 -0.3705 1.1923 -3.1434 -10.9181 -11.5504 -7.5421 9.4402 -15.9963 16.4459 3.1936 -7.5974 7.9659 0.0000 0.0000 0.0000 -69.1173 -0.6147 -1.7120 23.3627 -34.4831 -7.3426 -0.0000 0.0000 -27.6722 25.7114 24.1546 11.1465 -7.1250 0.0000 -0.0000 -4.0065 56.3967 -1.1209 0.0000 0.0000 0.0000 91.1908 36.2891 82.1502 -67.8075 58.0547 -40.9062 0.0000 0.0000 9.5909 -24.6165 11.1683 -5.0715 7.1250 -0.0000 -0.0000 1.7526 -17.7307 1.1362
-1.9301 18.4570 3.9745 1.1688 13.2280 -1.3653 0.0000 0.0000 0.0000 -13.7593 1.5120 -14.5458 7.4903 15.7313 50.7053 0.5493 3.1400 -15.4966 0.0256 -1.0336 -2.8412 0.0000 0.0000 0.0000 16.8172 25.9453 -7.6638 -2.7899 -10.3470 30.1079 -0.5220 5.2335 -12.8690 -0.1004 -2.0430 5.6244 -2.3623 1.9160 7.4636 -1.2402 2.3291 1.3664 -0.1821 1.1774 -2.8115 -11.8131 -12.8998 -6.7378 10.2886 -17.8791 15.1123 3.3929 -8.5313 7.7578 -0.0000 -0.0000 0.0000 -69.3997 -0.6438 -0.8780 26.1220 -37.3290 -8.9615 -0.0000 0.0000 -26.5562 26.9653 24.1806 11.7717 -7.1250 0.0000 -0.0000 -2.6496 56.6982 -0.7601 -0.0000 -0.0000 0.0000 92.8602 37.6530 95.7837 -70.3529 58.4900 -43.0714 0.0000 0.0000 15.4174 -26.0250 9.5474 -4.6301 7.1250 -0.0000 -0.0000 0.6710 -19.3787 0.4104
-1.8558 18.4711 4.0000 1.4307 9.3562 -1.2522 0.0000 0.0000 0.0000 -14.3772 0.0433 -13.7564 6.7337 15.1035 47.8600 0.7699 2.0441 -17.4358 0.0807 -1.8321 -5.0420 0.0000 0.0000 0.0000 16.4214 27.4399 -7.5934 -2.7064 -10.2039 29.6395 -0.3889 7.1929 -11.4538 -0.1021 -2.0606 5.6730 -2.5992 1.5802 7.5290 -1.3470 1.8655 1.7008 -0.1090 0.9437 -2.4989 -11.9682 -14.7154 -4.6658 10.8969 -20.4546 12.7119 3.4299 -9.8601 7.0017 0.0000 0.0000 0.0000 -69.7203 0.7386 1.0499 29.8119 -40.7316 -11.2867 -0.0000 0.0000 -28.5544 27.4973 23.5675 11.7563 -7.1250 0.0000 -0.0000 -1.8745 56.1564 -0.5130 0.0000 0.0000 0.0000 94.5252 37.1371 107.6640 -71.4547 58.6597 -44.0116 0.0000 0.0000 17.8641 -28.9572 9.6232 -5.2848 7.1250 -0.0000 -0.0000 -1.4063 -19.0146 -0.8716
-1.7321 18.5155 4.0396 2.6109 5.4821 -1.0705 0.0000 0.0000 0.0000 -16.2936 -3.1170 -11.0827 5.3500 13.7674 42.3137 1.0760 0.0196 -19.6235 0.1820 -2.7478 -7.5775 0.0000 0.0000 0.0000 14.7614 28.4932 -7.5390 -2.5854 -9.9916 28.9494 -0.2019 9.5439 -9.7724 -0.1139 -2.1761 5.9924 -3.8755 1.1322 7.3964 -1.7344 1.1796 2.0787 0.2798 0.5986 -2.0382 -12.4864 -16.6961 -2.1480 12.2499 -23.3618 10.3425 3.7487 -11.3656 6.3942 0.0000 0.0000 0.0000 -70.5643 4.0557 3.7109 34.9889 -44.8042 -14.8055 -0.0000 0.0000 -31.1255 27.4444 23.3650 11.6380 -7.1250 0.0000 -0.0000 -1.8714 55.9268 -0.5018 0.0000 0.0000 0.0000 94.9659 35.5225 115.5626 -70.8107 58.5619 -43.4618 0.0000 0.0000 18.1897 -28.1029 8.5769 -4.5535 7.1250 -0.0000 -0.0000 -0.8709 -20.2776 -0.5152
-1.5821 18.5017 4.0226 2.1612 1.0432 -0.3835 0.0000 0.0000 0.0000 -16.3289 -8.0917 -8.6553 3.9975 12.1571 36.2901 1.1921 -3.3791 -19.7946 0.0583 -1.5579 -4.2855 0.0000 0.0000 0.0000 14.3103 30.3432 -8.6678 -2.4815 -9.8042 28.3449 0.0134 11.8388 -8.1146 -0.0857 -1.8887 5.1981 -3.9882 0.6320 7.1983 -1.5505 0.5185 2.0708 0.5951 0.2663 -1.9163 -12.8276 -18.5697 0.2057 13.0017 -26.0738 8.6646 3.8801 -12.8039 5.9643 0.0000 0.0000 0.0000 -71.7423 6.0115 5.5248 37.3888 -46.4445 -16.5212 -0.0000 0.0000 -31.1593 27.0349 22.6913 11.1365 -7.1250 0.0000 -0.0000 -2.1153 55.1139 -0.5255 0.0000 0.0000 0.0000 93.7123 33.2067 120.0159 -68.6656 58.2083 -41.6350 0.0000 0.0000 16.7706 -26.1976 9.3403 -4.5655 7.1250 -0.0000 -0.0000 0.5369 -19.5924 0.3258
-1.4189 18.4592 3.9526 1.5382 -2.5278 0.6129 0.0000 0.0000 0.0000 -16.1749 -15.5154 -6.4542 3.0192 10.7260 31.3613 0.9401 -8.6579 -17.4426 0.1593 -2.5719 -7.0891 0.0000 0.0000 0.0000 13.5944 32.0394 -10.7198 -2.4754 -9.7930 28.3091 0.2139 13.4956 -6.5423 -0.0973 -2.0113 5.5368 -4.2393 -0.0778 7.5017 -1.2267 -0.4529 2.1112 1.1558 -0.2173 -1.9990 -12.6220 -19.6001 -0.1341 13.1099 -27.5199 8.9221 3.6187 -13.4706 6.2725 0.0000 0.0000 0.0000 -73.2395 6.6174 7.6161 38.1461 -46.9323 -17.0722 -0.0000 0.0000 -30.6541 25.7398 21.7915 10.1473 -7.1250 0.0000 -0.0000 -3.2256 53.8846 -0.7051 0.0000 0.0000 0.0000 90.8109 30.8834 119.6526 -64.5267 57.4002 -38.1320 0.0000 0.0000 17.2581 -23.7064 11.6279 -5.0577 7.1250 -0.0000 -0.0000 2.4130 -17.3205 1.5866
-1.1931 18.4014 3.8733 1.8220 -8.3221 0.9898 0.0000 0.0000 0.0000 -17.2675 -17.2626 -5.7310 2.7214 10.2298 29.7243 1.0181 -6.8592 -18.0105 0.0075 -0.5591 -1.5362 0.0000 0.0000 0.0000 12.0020 34.0147 -12.7612 -2.5092 -9.8546 28.5071 0.6438 16.7452 -3.5996 -0.0981 -2.0204 5.5619 -5.3688 -0.0617 8.0938 -1.2577 -0.5521 2.3682 1.7682 -0.2697 -2.0436 -13.1857 -19.6023 -0.1089 14.6752 -27.6617 8.2109 4.0980 -13.5153 6.3763 -0.0000 -0.0000 0.0000 -74.3257 6.5700 10.7577 37.1928 -46.3159 -16.3793 -0.0000 0.0000 -29.8098 25.8371 22.1806 10.3596 -7.1250 0.0000 -0.0000 -3.2369 54.3203 -0.7420 -0.0000 -0.0000 0.0000 87.3132 28.1638 116.2628 -58.1844 55.8064 -32.8348 0.0000 0.0000 16.1331 -25.6173 10.2194 -4.8624 7.1250 -0.0000 -0.0000 0.9969 -18.6746 0.6253
-0.9630 18.3613 3.7219 1.4528 -15.4079 1.0059 0.0000 0.0000 0.0000 -17.4534 -10.7751 -8.3656 3.1404 10.9190 32.0071 1.2074 -4.8547 -19.7311 0.0084 -0.5920 -1.6267 0.0000 0.0000 0.0000 11.4777 35.8479 -14.1608 -2.2756 -9.4179 27.1115 1.1954 19.7941 1.1691 -0.0640 -1.6326 4.4914 -6.5499 0.3807 9.6687 -1.1838 -0.1799 2.7661 2.4737 -0.0819 -2.5197 -14.3158 -18.9053 0.8790 17.8923 -26.8174 5.2695 5.4415 -13.1840 5.8149 0.0000 0.0000 0.0000 -75.0259 5.3043 14.2454 34.5414 -44.4819 -14.4911 -0.0000 0.0000 -28.7843 25.0883 22.1805 10.0236 -7.1250 0.0000 -0.0000 -4.0217 54.1709 -0.9076 0.0000 0.0000 0.0000 84.4170 25.7915 109.5418 -49.6482 52.8526 -25.8935 0.0000 0.0000 14.5835 -26.3923 8.7539 -4.3190 7.1250 -0.0000 -0.0000 0.3664 -20.2260 0.2171
-0.6941 18.3658 3.5679 1.8947 -22.2747 0.8467 0.0000 0.0000 0.0000 -18.7365 -5.0172 -10.9959 3.2706 11.1207 32.6880 1.2477 -1.1905 -20.7610 0.0300 -1.1180 -3.0735 0.0000 0.0000 0.0000 10.0893 37.0910 -15.2840 -1.8982 -8.6507 24.7086 1.5182 21.2095 6.8906 -0.0831 -1.8594 5.1172 -7.9536 0.8071 10.6569 -1.8100 0.1489 3.4387 2.5660 0.0548 -2.3862 -13.9102 -18.3757 -0.7013 18.4965 -25.9386 4.7589 5.5732 -12.6737 5.8144 0.0000 0.0000 0.0000 -74.3842 3.0244 19.3385 31.0404 -41.7687 -12.0968 -0.0000 0.0000 -27.7666 25.6589 24.9282 11.4461 -7.1250 0.0000 -0.0000 -4.3443 57.2041 -1.3004 0.0000 0.0000 0.0000 83.9714 23.7318 98.0326 -39.0701 47.5092 -17.7504 0.0000 0.0000 12.4569 -27.8591 6.9797 -3.6750 7.1250 -0.0000 -0.0000 -0.7885 -22.0961 -0.4340
-0.4270 18.3381 3.4189 1.9251 -29.3535 1.4436 0.0000 0.0000 0.0000 -19.3407 -0.2903 -14.0509 3.4953 11.4566 33.8357 1.3514 0.6133 -22.2098 0.0772 -1.7921 -4.9314 0.0000 0.0000 0.0000 8.9926 36.3669 -18.0103 -1.5356 -7.8231 22.1780 1.5745 21.8432 12.2971 -0.0035 -0.3819 1.0493 -9.0483 1.1880 10.6573 -2.2717 0.5154 3.6186 2.6470 0.2171 -2.2342 -14.4516 -17.3911 -1.4873 19.0994 -24.4008 3.7492 6.0240 -11.9192 5.5418 -0.0000 0.0000 0.0000 -73.6292 0.0748 27.1164 26.2235 -37.4286 -9.0232 -0.0000 0.0000 -30.5387 28.4940 26.6444 13.6813 -7.1250 0.0000 -0.0000 -1.7938 59.6922 -0.6435 -0.0000 0.0000 0.0000 85.6069 22.2476 80.7356 -29.2247 40.2195 -10.9055 0.0000 0.0000 10.5450 -29.1633 4.6520 -2.5914 7.1250 -0.0000 -0.0000 -1.8731 -24.6562 -0.9214
-0.1793 18.2789 3.3196 0.8618 -36.4491 2.1024 0.0000 0.0000 0.0000 -18.8941 4.8131 -16.6913 3.8145 11.9094 35.4124 1.5095 0.6630 -23.4822 0.0619 -1.6053 -4.4161 0.0000 0.0000 0.0000 10.6452 31.2322 -20.4428 -1.2149 -6.9918 19.6911 1.4013 22.0648 17.5214 -0.1296 2.3210 -6.3936 -9.2467 1.3787 10.1983 -2.5973 0.7785 3.6695 2.3893 0.3282 -1.9557 -13.9328 -16.1752 -2.9618 18.4807 -22.5188 3.7980 5.9642 -10.9372 5.3495 -0.0000 -0.0000 0.0000 -73.2552 -4.5219 37.5150 21.5236 -32.4344 -6.3284 -0.0000 0.0000 -32.5267 36.7726 33.1822 22.2459 -7.1250 0.0000 -0.0000 6.7166 69.0993 3.8848 -0.0000 -0.0000 0.0000 86.9824 23.3945 62.5676 -22.7656 33.8315 -7.0074 0.0000 0.0000 6.3634 -32.1161 -0.4412 0.2769 7.1250 -0.0000 -0.0000 -4.3958 -30.4848 -1.5622
0.0955 18.2341 3.2957 0.5451 -39.4780 1.2805 0.0000 0.0000 0.0000 -19.0904 6.2757 -16.7464 4.0009 12.1616 36.3060 1.5856 0.7084 -24.0793 0.0406 -1.2999 -3.5745 0.0000 0.0000 0.0000 10.0952 29.9152 -19.7939 -1.1968 -6.9415 19.5421 0.8953 16.4751 5.9632 -0.2410 3.1594 -8.7229 -8.9782 0.3334 10.4399 -2.7981 -0.6186 3.6303 2.1968 -0.3628 -1.9840 -13.3263 -14.7822 -3.9452 16.9384 -20.5949 5.5791 5.6104 -9.9331 5.4979 -0.0000 -0.0000 0.0000 -75.5987 -12.0503 51.8019 16.8870 -26.7085 -4.0364 -0.0000 0.0000 -33.3992 40.0034 40.6956 28.6871 -7.1250 0.0000 -0.0000 8.7036 78.1685 6.7426 -0.0000 -0.0000 0.0000 82.5405 27.2792 53.9832 -18.2167 28.4337 -4.6520 0.0000 -0.0000 -4.8115 -30.6790 -6.1634 3.6446 7.1250 -0.0000 -0.0000 -3.3547 -37.1182 -0.6515
0.3117 18.2267 3.3363 0.5077 -43.5716 -0.1221 0.0000 0.0000 0.0000 -19.6963 9.1770 -15.9290 4.0089 12.1722 36.3440 1.6140 1.7822 -24.7072 0.0984 -2.0232 -5.5698 0.0000 0.0000 0.0000 8.6636 31.3401 -17.7136 -1.3278 -7.2973 20.5992 -0.1074 4.8275 -6.2905 -0.3828 3.9733 -11.0016 -8.5031 -0.1158 9.8074 -3.3198 -1.1260 3.4871 1.4419 -0.6192 -1.7582 -12.4890 -13.7179 -5.9390 15.3252 -19.4219 10.1057 4.9578 -9.1864 6.7993 0.0000 0.0000 0.0000 -79.7363 -21.6327 63.9811 14.5594 -23.5287 -3.0479 -0.0000 0.0000 -20.4138 23.2169 34.9841 13.8170 -7.1250 0.0000 -0.0000 -13.4732 66.8063 -7.1322 0.0000 0.0000 0.0000 73.3627 32.2606 47.1686 -14.4038 23.3090 -2.9860 0.0000 0.0000 6.2363 -11.9917 5.3825 -1.1414 7.1250 -0.0000 -0.0000 10.9234 -24.4795 5.5115
0.4714 18.2769 3.3942 0.7239 -44.8745 -1.3535 0.0000 0.0000 0.0000 -20.0768 9.9451 -14.8194 3.9479 12.0908 36.0538 1.5023 1.2396 -23.6447 0.0559 -1.5250 -4.1947 0.0000 0.0000 0.0000 6.3471 32.1061 -15.6010 -1.6668 -8.1345 23.1234 -0.0996 -8.6045 -13.9994 -0.0865 1.8975 -5.2225 -7.7781 -1.5204 9.0611 -3.3381 -2.8479 3.1985 1.1804 -1.4689 -1.5377 -13.1683 -12.5930 -7.2723 14.3306 -18.0185 13.8704 4.8330 -8.4466 7.9981 -0.0000 -0.0000 0.0000 -85.4555 -32.1466 71.9588 16.8516 -26.6618 -4.0205 -0.0000 0.0000 -14.7095 9.6722 29.0324 4.7283 -7.1250 0.0000 -0.0000 -23.4740 57.7805 -7.6208 -0.0000 -0.0000 0.0000 60.6486 36.6357 38.7564 -13.5564 22.0970 -2.6589 0.0000 0.0000 17.2491 -2.2233 10.6926 -0.4127 7.1250 -0.0000 -0.0000 17.4019 -19.5010 11.1148
0.5219 18.3407 3.4136 -0.1278 -44.5482 -1.9639 0.0000 0.0000 0.0000 -18.4474 10.3986 -14.9914 4.4880 12.7829 38.5612 1.1175 -1.3275 -19.5862 0.0956 -1.9938 -5.4885 0.0000 0.0000 0.0000 6.0719 28.4731 -13.9623 -2.4756 -9.7934 28.3102 0.7403 -17.5147 -16.1747 -0.0307 -1.1310 3.1094 -6.7616 -2.8351 8.9640 -3.0063 -4.4950 2.8000 1.1220 -2.2632 -1.8275 -13.2094 -11.8825 -7.6771 13.0044 -17.1361 16.7841 4.5071 -8.0605 8.7797 0.0000 0.0000 0.0000 -91.9462 -44.1311 80.5896 21.2421 -32.1098 -6.1781 -0.0000 0.0000 -11.5527 6.5545 25.6293 2.8452 -7.1250 0.0000 -0.0000 -24.2405 54.0676 -5.6574 0.0000 0.0000 0.0000 47.7830 39.7064 19.8033 -14.1226 22.9097 -2.8757 0.0000 0.0000 19.3762 -14.6113 8.5230 -2.2126 7.1250 -0.0000 -0.0000 8.8473 -21.2188 5.1055
0.4600 18.3765 3.3639 -2.3501 -43.6427 -1.0162 0.0000 0.0000 0.0000 -14.1636 10.0385 -18.8679 6.3657 14.7736 46.4324 0.4228 -5.5645 -11.6353 0.4122 -4.1212 -11.4179 0.0000 0.0000 0.0000 7.0491 25.0154 -12.3447 -3.6130 -11.6267 34.4240 1.3875 -21.0327 -13.9771 -0.0054 -0.4767 1.3097 -6.0248 -3.8178 8.1487 -1.8578 -5.6208 2.8346 1.9298 -2.8389 -1.2203 -13.0255 -11.6118 -8.2923 11.8783 -16.6520 18.1373 4.1399 -7.8640 9.1576 -0.0000 0.0000 0.0000 -103.3086 -57.3333 89.9805 24.5390 -35.7291 -8.0191 -0.0000 0.0000 -1.6698 10.9278 21.3373 4.0185 -7.1250 0.0000 -0.0000 -17.7618 50.8112 -2.6141 -0.0000 0.0000 0.0000 34.4458 42.0620 -4.3559 -16.5156 26.2147 -3.8709 0.0000 0.0000 14.7777 -32.8536 4.4916 -2.8951 7.1250 -0.0000 -0.0000 -4.6357 -24.6381 -2.2882
0.3146 18.3101 3.2718 -5.3275 -44.0976 0.1326 0.0000 0.0000 0.0000 -8.4039 8.3637 -21.2687 8.0216 16.1351 52.6404 -0.0479 -8.7591 -5.1763 0.6217 -5.0456 -14.0388 0.0000 0.0000 0.0000 9.3254 24.2188 -8.5571 -4.5994 -12.9180 39.0622 0.9903 -17.7125 -10.8048 -0.6090 4.9951 -13.8946 -4.1210 -4.2519 8.5515 -1.3806 -6.0670 2.4237 1.4700 -3.0301 -1.9839 -12.3596 -11.0817 -8.5179 11.5288 -16.0721 19.1610 4.0001 -7.5678 9.3787 -0.0000 -0.0000 0.0000 -120.8596 -69.2037 107.3270 25.1925 -36.4001 -8.4039 -0.0000 -0.0000 2.6155 22.6210 19.3220 7.8500 -7.1250 0.0000 -0.0000 -5.6962 50.6925 -0.8013 -0.0000 -0.0000 0.0000 21.2487 43.9999 -23.7269 -18.6044 28.9242 -4.8380 0.0000 0.0000 20.7566 -50.6044 -0.3127 0.3808 7.1250 -0.0000 -0.0000 -18.7667 -30.1480 -7.1517
0.1237 18.2684 3.2901 -5.3007 -47.8591 -1.0989 0.0000 0.0000 0.0000 -6.4730 6.3148 -17.1293 7.3429 15.6140 50.1596 0.1613 -7.0432 -8.1062 0.7342 -5.4742 -15.2661 0.0000 0.0000 0.0000 9.4101 24.9209 -2.4584 -4.4172 -12.6958 38.2402 0.7067 -15.0409 -9.0566 -1.7625 8.3527 -23.7906 -3.5508 -3.9017 7.4701 -1.6235 -5.5215 2.0456 0.7942 -2.7570 -1.8844 -11.9338 -9.9386 -8.4310 9.8618 -14.3167 20.4850 3.6381 -6.8663 9.4152 0.0000 0.0000 0.0000 -155.4629 -77.2096 139.6966 22.5083 -33.5467 -6.8646 -0.0000 -0.0000 11.2463 34.1560 14.5654 9.6830 -7.1250 0.0000 -0.0000 6.3968 47.3095 0.3660 0.0000 0.0000 0.0000 7.6158 47.0327 -39.0884 -19.4173 29.9339 -5.2375 0.0000 0.0000 27.9897 -54.4554 -1.0747 1.5038 7.1250 -0.0000 -0.0000 -21.9396 -31.2790 -7.8796
-0.0877 18.0912 3.3244 -3.7350 -53.8731 -3.5736 0.0000 0.0000 0.0000 -6.8303 2.7150 -9.1312 5.6269 14.0567 43.4652 0.8539 -2.9505 -16.7144 0.3312 -3.6989 -10.2311 0.0000 0.0000 0.0000 8.6987 27.7149 3.7109 -3.5369 -11.5172 34.0449 0.3896 -12.9341 -12.0646 -2.6660 10.1336 -29.4106 -3.5008 -2.7712 6.3257 -2.2349 -3.9917 1.6649 -0.0362 -1.9960 -1.7448 -10.4367 -8.5293 -8.6478 7.9574 -12.1434 20.8496 3.0531 -5.9103 9.0836 0.0000 -0.0000 0.0000 153.9685 -78.3563 -169.2320 20.1530 -30.8263 -5.6096 -0.0000 -0.0000 17.2172 37.2096 17.9592 13.1770 -7.1250 0.0000 -0.0000 9.4711 51.8815 1.6168 0.0000 -0.0000 0.0000 -6.6901 48.9252 -48.5320 -17.7916 27.8895 -4.4513 0.0000 0.0000 33.5931 -53.9447 -0.5428 0.7455 7.1250 -0.0000 -0.0000 -21.3610 -30.4386 -8.1082
-0.2535 17.8007 3.3006 -4.3449 -59.8884 -3.6451 0.0000 0.0000 0.0000 -6.6316 -2.3518 -3.0140 5.1397 13.5395 41.4230 1.2944 -4.1345 -20.5423 0.4312 -4.2142 -11.6800 0.0000 0.0000 0.0000 7.5768 26.4892 3.1446 -3.0847 -10.8309 31.7118 -0.4095 -5.4345 -15.3073 -2.3500 9.5598 -27.5628 -3.2330 -2.4693 5.7989 -1.6165 -3.5341 1.5657 0.3930 -1.7688 -1.5410 -11.3960 -7.1951 -10.4827 8.9579 -9.9704 19.5947 3.7749 -4.8003 8.8739 -0.0000 -0.0000 0.0000 110.8571 -73.2594 -123.5812 17.3467 -27.3125 -4.2452 -0.0000 -0.0000 23.8271 37.1465 19.0490 13.8881 -7.1250 0.0000 -0.0000 9.3952 53.1581 1.8987 -0.0000 -0.0000 0.0000 -22.2810 52.0688 -60.6967 -16.5054 26.2011 -3.8664 0.0000 0.0000 39.1036 -53.4894 -0.5369 0.7253 7.1250 -0.0000 -0.0000 -21.0165 -30.4372 -7.9606
-0.3433 17.5184 3.2168 -7.7539 -66.1123 -1.6497 0.0000 0.0000 0.0000 -5.4001 -4.1938 0.9556 5.5552 13.9830 43.1693 1.6001 -6.9160 -22.6690 0.5147 -4.5983 -12.7663 0.0000 0.0000 0.0000 8.0591 23.8211 -0.1034 -3.2277 -11.0549 32.4651 -0.7999 -0.0798 -16.9351 -1.5587 7.8791 -22.3475 -2.7874 -1.3458 6.7911 -1.4158 -2.0559 1.3651 0.2836 -1.0214 -2.3515 -10.3812 -6.7839 -10.3039 10.5181 -9.7755 17.7655 4.1629 -4.5150 8.2276 0.0000 -0.0000 0.0000 100.0539 -67.3783 -109.1740 16.1319 -25.6992 -3.7030 -0.0000 -0.0000 28.1891 37.5519 17.1452 12.7692 -7.1250 0.0000 -0.0000 9.8293 50.9825 1.4608 0.0000 -0.0000 0.0000 -30.9251 52.4002 -68.9108 -16.3042 25.9313 -3.7780 0.0000 0.0000 40.3932 -53.6520 -0.6240 0.8480 7.1250 -0.0000 -0.0000 -21.1693 -30.5716 -7.9528
-0.4102 17.3055 3.1229 -10.5642 -70.9324 -0.3142 0.0000 0.0000 0.0000 -4.7614 -4.0002 4.2729 5.6183 14.0480 43.4300 1.9507 -7.7423 -25.0734 0.7395 -5.4937 -15.3222 0.0000 0.0000 0.0000 9.4550 23.9873 -0.4969 -3.3081 -11.1778 32.8819 -1.0549 -0.2807 -19.5215 -1.3206 7.2782 -20.5423 -3.3756 -0.9646 7.1051 -1.4993 -1.6043 1.9359 0.4881 -0.8107 -1.9345 -9.1557 -6.1897 -11.2466 10.7733 -9.0799 17.1393 4.1050 -4.0584 8.0643 0.0000 0.0000 0.0000 91.2674 -63.1141 -96.9937 17.0148 -26.8773 -4.0940 -0.0000 -0.0000 27.5282 37.0244 15.8266 11.6234 -7.1250 0.0000 -0.0000 9.2606 49.3032 0.9903 0.0000 0.0000 0.0000 -38.8445 53.3012 -77.5801 -15.9380 25.4365 -3.6193 0.0000 0.0000 39.1313 -54.2008 -1.3891 1.9251 7.1250 -0.0000 -0.0000 -21.8611 -31.7783 -7.5628
-0.4163 17.1623 3.1051 -12.0038 -73.6969 -0.0806 0.0000 0.0000 0.0000 -5.2048 -4.2781 6.8328 5.6754 14.1062 43.6646 2.2027 -8.5223 -26.6716 0.6988 -5.3434 -14.8906 0.0000 0.0000 0.0000 9.2079 24.8835 -1.2307 -3.5868 -11.5892 34.2938 -1.0049 3.3610 -18.1180 -1.1766 6.8848 -19.3745 -3.6666 -1.0703 7.3239 -1.9142 -1.7950 1.9871 0.2441 -0.9085 -2.0017 -10.1305 -6.0944 -11.1961 11.7117 -9.1138 18.1789 4.5968 -4.0646 8.4966 0.0000 0.0000 0.0000 87.9090 -62.3441 -95.0632 17.9117 -28.0440 -4.5077 -0.0000 -0.0000 30.2873 37.5365 15.4397 11.5604 -7.1250 0.0000 -0.0000 9.7751 48.9344 0.9568 0.0000 0.0000 0.0000 -42.8072 55.1566 -81.1038 -15.7473 25.1768 -3.5378 0.0000 0.0000 37.8427 -53.7315 -2.1554 2.9343 7.1250 -0.0000 -0.0000 -21.7780 -32.9782 -6.8480
-0.3318 17.0845 3.1748 -12.7592 -74.1983 -0.6684 0.0000 0.0000 0.0000 -5.7662 -4.0460 8.5227 5.6206 14.0503 43.4393 2.4864 -8.0898 -28.4181 0.7175 -5.4132 -15.0909 0.0000 0.0000 0.0000 8.4401 22.6733 -1.6696 -3.6287 -11.6492 34.5019 -0.8617 3.4967 -16.7105 -1.2768 7.1610 -20.1933 -3.9064 -1.5601 7.7570 -1.8241 -2.4831 2.1560 0.5409 -1.2538 -2.0322 -10.5271 -5.6468 -10.6938 10.8258 -8.3928 19.2763 4.4743 -3.8495 8.6598 -0.0000 0.0000 0.0000 84.0867 -63.8261 -93.1266 19.8960 -30.5168 -5.4784 -0.0000 -0.0000 28.5549 39.0531 19.8414 15.3963 -7.1250 0.0000 -0.0000 11.5320 54.5314 2.7279 -0.0000 0.0000 0.0000 -44.5305 55.3305 -77.9578 -15.8329 25.2936 -3.5743 0.0000 0.0000 36.0654 -52.8256 -3.3142 4.3595 7.1250 -0.0000 -0.0000 -21.4728 -34.7358 -5.7538
-0.2180 17.0723 3.2662 -12.4350 -74.6203 -1.2887 0.0000 0.0000 0.0000 -6.2482 -1.9702 8.8266 5.2894 13.7025 42.0584 2.8868 -7.2510 -30.7896 0.4284 -4.2004 -11.6411 0.0000 0.0000 0.0000 7.7887 22.8351 -1.1192 -3.3986 -11.3139 33.3460 -0.7974 3.9962 -15.9975 -1.1163 6.7119 -18.8647 -4.4672 -1.6005 7.3280 -1.8299 -2.5508 2.3128 0.8346 -1.2984 -1.6046 -10.6187 -5.4017 -10.1263 10.5227 -8.0405 19.4141 4.4417 -3.7395 8.5490 -0.0000 -0.0000 0.0000 81.6489 -65.9183 -91.6149 22.0035 -32.9809 -6.5877 -0.0000 -0.0000 27.0896 38.7974 20.8590 15.9743 -7.1250 0.0000 -0.0000 11.2561 55.6796 2.9771 -0.0000 -0.0000 0.0000 -43.9855 54.4375 -73.5887 -15.8370 25.2991 -3.5760 0.0000 0.0000 37.8823 -51.7659 -3.3465 4.2372 7.1250 -0.0000 -0.0000 -20.6205 -34.7232 -5.5046
-0.0336 17.0964 3.4153 -13.5536 -74.7614 -0.0056 0.0000 0.0000 0.0000 -6.6467 -1.1310 8.6015 5.1192 13.5168 41.3351 3.1675 -5.5857 -32.5311 0.4986 -4.5271 -12.5646 0.0000 0.0000 0.0000 7.3962 22.9813 -0.6902 -3.0230 -10.7322 31.3820 -0.7017 2.9405 -15.0995 -1.2699 7.1426 -20.1385 -4.1461 -1.4611 7.1877 -1.6592 -2.3279 2.2859 0.8094 -1.1861 -1.5707 -10.5884 -5.6066 -10.5309 10.1881 -8.2885 20.0652 4.2897 -3.8721 8.8592 -0.0000 0.0000 0.0000 79.5220 -67.7719 -89.1519 24.1462 -35.3185 -7.7909 -0.0000 -0.0000 26.3644 37.2086 20.7987 15.0886 -7.1250 0.0000 -0.0000 9.4243 55.2294 2.3824 -0.0000 0.0000 0.0000 -41.9396 53.1720 -68.6890 -16.5162 26.2155 -3.8712 0.0000 0.0000 37.5422 -48.7339 -0.3024 0.3446 7.1250 -0.0000 -0.0000 -17.3413 -30.1681 -6.5498
0.1923 17.1243 3.5675 -13.6948 -74.9212 0.5824 0.0000 0.0000 0.0000 -7.1945 -1.6874 7.4866 5.1256 13.5239 41.3627 2.9641 -6.3309 -31.3178 0.5919 -4.9256 -13.6964 0.0000 0.0000 0.0000 6.7325 23.8370 -0.8682 -2.7840 -10.3368 30.0745 -0.5875 0.8896 -14.2013 -1.2759 7.1588 -20.1866 -3.6920 -1.2856 7.1341 -1.5868 -2.0549 2.4286 0.6047 -1.0543 -1.4194 -10.6693 -5.7998 -10.9486 10.3023 -8.4967 19.8786 4.3054 -3.9456 8.9078 -0.0000 -0.0000 0.0000 75.1771 -69.4116 -84.4184 27.0834 -38.2586 -9.5507 -0.0000 -0.0000 26.0578 35.8966 21.2384 14.6918 -7.1250 0.0000 -0.0000 7.9074 55.4355 2.0348 -0.0000 -0.0000 0.0000 -40.1754 52.0306 -66.3643 -17.3893 27.3682 -4.2648 0.0000 0.0000 37.4424 -48.3705 -0.6446 0.7252 7.1250 -0.0000 -0.0000 -17.1504 -30.6668 -6.2565
0.4065 17.1912 3.7156 -10.7387 -76.1427 -1.7843 0.0000 0.0000 0.0000 -8.4358 0.0226 6.0091 5.1129 13.5099 41.3084 2.8819 -6.3761 -30.8527 0.5444 -4.7269 -13.1313 0.0000 0.0000 0.0000 5.4116 25.6677 -1.0038 -2.5422 -9.9143 28.6997 -0.4348 -1.7408 -13.2113 -1.2729 7.1505 -20.1621 -3.9711 -0.7741 7.1878 -1.7440 -1.4043 2.4924 0.5475 -0.7336 -1.4041 -10.2187 -5.8553 -11.3826 9.7781 -8.4543 19.6023 4.0404 -3.9188 8.8462 0.0000 0.0000 0.0000 67.1477 -70.7943 -75.4193 31.5101 -42.1531 -12.4108 -0.0000 -0.0000 24.8036 35.6796 22.0842 15.1074 -7.1250 0.0000 -0.0000 7.5896 56.3609 2.1229 0.0000 0.0000 0.0000 -38.2721 51.3717 -64.3732 -18.5975 28.9155 -4.8347 0.0000 0.0000 36.9882 -48.0846 -1.4728 1.6399 7.1250 -0.0000 -0.0000 -17.1374 -31.8549 -5.7385
0.6031 17.2780 3.8689 -8.5526 -77.7303 -3.3775 0.0000 0.0000 0.0000 -9.5905 1.7115 4.9371 4.9846 13.3664 40.7562 2.7994 -6.0539 -30.4235 0.4921 -4.4978 -12.4815 0.0000 0.0000 0.0000 4.4122 26.6195 -1.4848 -2.2607 -9.3892 27.0207 -0.2057 -5.4435 -12.2789 -1.0577 6.5391 -18.3570 -3.6096 -0.3487 7.4367 -1.8500 -0.8333 2.4608 0.1929 -0.4460 -1.6037 -10.6500 -5.6588 -11.2234 10.2054 -8.0917 18.6596 4.2997 -3.7377 8.4948 -0.0000 0.0000 0.0000 56.5541 -71.5989 -64.8403 36.6209 -45.9355 -15.9671 -0.0000 -0.0000 25.6524 37.1217 23.7855 16.9755 -7.1250 0.0000 -0.0000 9.1553 58.6779 3.0781 -0.0000 0.0000 0.0000 -36.0274 51.1452 -61.4964 -20.2598 30.9540 -5.6643 0.0000 0.0000 35.7928 -47.7457 -0.8011 0.8817 7.1250 -0.0000 -0.0000 -16.7071 -30.8957 -5.9857
0.7613 17.3706 3.9793 -7.2316 -79.0702 -4.0611 0.0000 0.0000 0.0000 -10.6752 2.4433 4.2756 4.7998 13.1547 39.9504 2.7144 -5.1347 -30.0597 0.4316 -4.2161 -11.6854 0.0000 0.0000 0.0000 3.8684 26.3233 -2.8342 -2.1382 -9.1482 26.2600 0.0192 -8.6537 -11.9617 -0.5819 4.8846 -13.5796 -3.4242 -0.1845 7.5919 -1.8002 -0.6084 2.5722 0.1218 -0.3366 -1.5830 -10.0679 -5.5745 -12.2061 9.6554 -7.8208 18.3408 4.0246 -3.5790 8.4903 0.0000 0.0000 0.0000 44.5417 -71.0266 -53.0615 42.5045 -49.4857 -20.3233 -0.0000 -0.0000 24.9493 40.8640 22.9709 18.6561 -7.1250 0.0000 -0.0000 13.8335 58.7122 4.6945 0.0000 0.0000 0.0000 -34.8521 51.1230 -59.2759 -21.3537 32.2389 -6.2376 0.0000 0.0000 35.6306 -48.8130 0.2302 -0.2630 7.1250 -0.0000 -0.0000 -17.2640 -29.3946 -6.8529
0.8628 17.4722 4.0730 -7.4384 -80.4999 -3.1912 0.0000 0.0000 0.0000 -11.2487 3.4161 3.7966 4.5645 12.8759 38.9056 2.6396 -4.3425 -29.7498 0.3729 -3.9223 -10.8582 0.0000 0.0000 0.0000 3.9833 25.7868 -4.2765 -2.1354 -9.1425 26.2422 0.2084 -11.5008 -12.9444 -0.2983 3.5121 -9.7080 -3.0193 0.0334 7.2707 -1.5595 -0.2649 2.5810 0.1122 -0.1653 -1.4061 -9.6559 -5.4718 -12.2840 9.0232 -7.5318 17.5611 3.7677 -3.4622 8.1714 -0.0000 0.0000 0.0000 35.2188 -70.2784 -44.8100 47.3053 -51.8491 -24.0383 -0.0000 -0.0000 23.9038 40.1676 20.1484 16.2119 -7.1250 0.0000 -0.0000 12.8303 55.1661 3.2418 -0.0000 0.0000 0.0000 -35.0146 51.2508 -58.1783 -19.9603 30.5945 -5.5111 0.0000 0.0000 36.3290 -50.4090 -0.6689 0.8087 7.1250 -0.0000 -0.0000 -18.7208 -30.6814 -6.8789
0.9304 17.5496 4.1276 -3.6094 -81.8146 -6.5983 0.0000 0.0000 0.0000 -12.5621 3.8761 3.9640 4.2876 12.5336 37.6468 2.5642 -2.5202 -29.6694 0.4341 -4.2280 -11.7191 0.0000 0.0000 0.0000 3.8304 25.2236 -5.5714 -2.2744 -9.4156 27.1044 0.3401 -13.0932 -13.4790 -0.1708 2.6626 -7.3409 -3.2298 0.1891 7.4828 -1.6183 -0.0893 2.3696 0.1548 -0.0717 -1.7455 -8.9993 -5.1127 -11.9687 8.5295 -7.0413 17.0008 3.5533 -3.2381 7.8358 0.0000 -0.0000 0.0000 29.9273 -69.2707 -40.7113 48.4140 -52.3354 -24.9130 -0.0000 -0.0000 22.3463 39.1484 18.5846 14.5448 -7.1250 0.0000 -0.0000 11.5960 53.0486 2.3209 0.0000 -0.0000 0.0000 -35.6093 51.7008 -57.7594 -17.3252 27.2845 -4.2353 0.0000 0.0000 36.8280 -48.8512 3.3402 -3.8145 7.1250 -0.0000 -0.0000 -16.5073 -24.8797 -8.3660
0.9372 17.6184 4.1455 0.0167 -82.6838 -9.8384 0.0000 0.0000 0.0000 -13.3878 4.3506 4.4250 3.9551 12.1004 36.0879 2.4756 -1.4103 -29.4116 0.4408 -4.2602 -11.8100 0.0000 0.0000 0.0000 3.8922 24.5158 -6.4657 -2.4299 -9.7093 28.0405 0.2692 -12.5930 -13.8383 -0.1020 2.0597 -5.6706 -3.2244 0.2294 7.3303 -1.7426 -0.0339 2.2303 0.0188 -0.0414 -1.8062 -8.5962 -4.9551 -11.8284 8.4574 -6.8969 16.9087 3.4811 -3.1557 7.7488 -0.0000 -0.0000 0.0000 30.2742 -68.4524 -42.1045 43.1088 -49.8076 -20.7838 -0.0000 -0.0000 20.9411 38.2459 14.8873 11.4481 -7.1250 0.0000 -0.0000 10.4747 48.3975 0.8869 -0.0000 -0.0000 0.0000 -35.7840 51.5224 -57.0023 -14.8458 23.9308 -3.1631 0.0000 0.0000 38.6290 -43.8022 2.6396 -2.5290 7.1250 -0.0000 -0.0000 -13.0005 -26.2774 -6.0488
0.9165 17.6864 4.1517 0.0980 -83.3226 -9.5094 0.0000 0.0000 0.0000 -13.5973 4.4765 5.0728 3.6031 11.6126 34.3749 2.3937 -0.7538 -29.0921 0.3896 -4.0080 -11.0991 0.0000 0.0000 0.0000 4.3303 24.2195 -6.7673 -2.4937 -9.8265 28.4167 0.1756 -12.0050 -14.4397 -0.0617 1.6028 -4.4093 -2.5996 0.2500 7.2724 -1.6015 0.0473 2.0735 -0.1932 0.0040 -1.9378 -9.1292 -5.0458 -11.9656 8.9098 -7.0325 17.2653 3.7058 -3.2125 7.9397 0.0000 -0.0000 0.0000 32.7966 -67.5301 -46.4875 35.4280 -45.1153 -15.1158 -0.0000 -0.0000 21.2930 33.7561 15.8199 10.3258 -7.1250 0.0000 -0.0000 5.9542 48.7077 0.5463 0.0000 -0.0000 0.0000 -35.9972 50.9745 -57.4430 -13.3983 21.8680 -2.5998 0.0000 0.0000 40.2642 -40.6283 2.6834 -2.3002 7.1250 -0.0000 -0.0000 -10.6379 -26.4146 -4.8739
0.8396 17.7559 4.1124 13.4990 -83.0992 -21.9333 0.0000 0.0000 0.0000 -15.4689 4.4939 5.5559 3.1467 10.9288 32.0401 2.2318 0.1956 -28.3681 0.3991 -4.0560 -11.2342 0.0000 0.0000 0.0000 2.5408 24.1661 -7.3640 -2.5053 -9.8476 28.4845 0.1642 -11.9303 -14.5065 -0.0855 1.8857 -5.1899 -3.9747 0.2030 6.6126 -1.7708 -0.0895 1.8471 0.4147 -0.0610 -1.7994 -8.7836 -5.0517 -12.2719 8.1872 -6.9789 17.7813 3.4090 -3.2204 8.1217 0.0000 0.0000 0.0000 35.5377 -65.8754 -50.2092 28.4822 -39.5564 -10.4293 -0.0000 -0.0000 21.2917 27.8533 17.2810 8.9212 -7.1250 0.0000 -0.0000 -0.0735 49.3650 -0.0079 0.0000 0.0000 0.0000 -33.6598 49.9524 -56.8090 -15.0697 24.2431 -3.2545 0.0000 0.0000 37.4562 -39.3082 2.5147 -2.0573 7.1250 -0.0000 -0.0000 -9.6738 -26.7019 -4.3534
0.7357 17.8326 4.0765 14.8191 -83.2721 -22.7898 0.0000 0.0000 0.0000 -15.5646 4.7231 6.5964 2.7345 10.2523 29.7976 2.0754 1.3472 -27.7575 0.5301 -4.6656 -12.9571 0.0000 0.0000 0.0000 2.5833 24.3123 -6.6836 -2.3109 -9.4857 27.3267 0.1726 -12.0206 -14.5182 -0.0930 1.9667 -5.4135 -3.4731 0.0549 6.5731 -1.4158 -0.2373 1.7487 0.5114 -0.1298 -1.8741 -8.6271 -4.8766 -12.4573 7.5366 -6.6489 18.2101 3.2023 -3.1088 8.2393 0.0000 -0.0000 0.0000 35.7431 -63.4928 -50.7266 23.8876 -35.0452 -7.6419 -0.0000 -0.0000 20.3808 23.0294 19.6829 8.1478 -7.1250 0.0000 -0.0000 -5.3912 51.1425 -0.8178 0.0000 -0.0000 0.0000 -30.0951 48.7354 -55.9759 -20.1717 30.8486 -5.6191 0.0000 0.0000 33.1089 -39.2549 3.0774 -2.5119 7.1250 -0.0000 -0.0000 -9.5570 -25.9894 -4.4613
0.5900 17.8997 4.0140 21.6417 -83.2903 -28.9591 0.0000 0.0000 0.0000 -16.3169 4.9730 7.9619 2.2484 9.3655 26.9454 1.8909 2.6574 -27.0465 0.5417 -4.7154 -13.0985 0.0000 0.0000 0.0000 1.8745 24.5548 -6.4350 -2.1877 -9.2465 26.5696 0.0725 -11.6222 -15.4850 -0.0540 1.4994 -4.1242 -3.4745 -0.1850 6.4548 -1.1141 -0.5402 1.7213 0.8463 -0.2791 -1.8229 -8.9235 -4.5633 -12.8598 7.0390 -6.0065 18.3089 3.1544 -2.8585 8.2830 0.0000 0.0000 0.0000 30.8368 -60.7240 -48.5286 24.3328 -35.5142 -7.8990 -0.0000 -0.0000 22.0879 18.6633 18.6658 6.1698 -7.1250 0.0000 -0.0000 -9.3565 49.3747 -1.0173 0.0000 0.0000 0.0000 -26.1088 47.4743 -55.2446 -29.2568 40.2478 -10.9262 0.0000 0.0000 31.1494 -40.2403 0.1537 -0.1301 7.1250 -0.0000 -0.0000 -10.7115 -29.6924 -4.0633
0.4227 17.9628 3.9092 27.9068 -83.4396 -34.2678 0.0000 0.0000 0.0000 -16.8515 4.9842 9.1166 1.8230 8.4872 24.2041 1.7053 4.1291 -26.4399 0.6030 -4.9706 -13.8248 0.0000 0.0000 0.0000 1.4426 24.3706 -6.9535 -2.1335 -9.1388 26.2306 0.0323 -11.2205 -15.4956 -0.0943 1.9803 -5.4512 -3.2482 -0.2168 6.4187 -0.9006 -0.5587 1.7267 0.9404 -0.2881 -1.7966 -8.1770 -4.3706 -13.3402 6.2048 -5.6325 17.7706 2.7844 -2.6888 8.1109 0.0000 0.0000 0.0000 23.6572 -58.3442 -45.9045 30.1876 -41.0537 -11.5326 -0.0000 -0.0000 23.5259 21.7846 19.9608 7.7691 -7.1250 0.0000 -0.0000 -6.7081 51.2206 -1.0319 0.0000 0.0000 0.0000 -22.4980 45.2665 -55.3419 -42.8603 49.6761 -20.5942 0.0000 0.0000 30.4917 -43.1127 -0.4499 0.4212 7.1250 -0.0000 -0.0000 -13.0384 -30.4470 -4.7434
0.2273 18.0191 3.7596 33.6712 -83.5823 -38.9449 0.0000 0.0000 0.0000 -17.1503 4.8068 9.8544 1.5298 7.8090 22.1355 1.4819 5.8321 -25.7482 0.6951 -5.3295 -14.8509 0.0000 0.0000 0.0000 1.3654 24.9397 -7.3485 -2.1014 -9.0741 26.0273 -0.0020 -11.3540 -16.1890 -0.0858 1.8897 -5.2008 -3.0136 -0.2554 6.4431 -0.7538 -0.5918 1.5348 0.9637 -0.2983 -2.0074 -7.8890 -4.1423 -13.0542 6.5904 -5.4038 16.6696 2.8921 -2.5229 7.6795 -0.0000 -0.0000 0.0000 16.1283 -55.9466 -42.6092 40.7386 -48.5014 -18.9906 -0.0000 -0.0000 22.4580 28.1980 21.3765 11.0576 -7.1250 0.0000 -0.0000 -0.5340 53.9266 -0.1172 -0.0000 -0.0000 0.0000 -19.7322 43.5327 -56.3702 -59.8424 56.2678 -34.2100 0.0000 0.0000 32.4701 -47.3439 -2.7560 2.9874 7.1250 -0.0000 -0.0000 -16.8657 -33.6612 -4.8704
0.0255 18.0782 3.5594 36.2205 -83.6419 -40.6000 0.0000 0.0000 0.0000 -16.9590 4.2877 10.4412 1.3552 7.3690 20.8133 1.2323 7.4380 -24.8742 0.9081 -6.0726 -16.9952 0.0000 0.0000 0.0000 1.7976 25.7272 -7.7795 -2.1534 -9.1785 26.3552 -0.0077 -11.4251 -16.3694 -0.0407 1.3025 -3.5817 -2.7774 -0.3636 6.4097 -0.4951 -0.7107 1.3430 1.1078 -0.3516 -2.1814 -7.6769 -4.2521 -11.8582 7.0212 -5.7227 15.7698 2.9778 -2.6511 7.2050 -0.0000 0.0000 0.0000 10.0081 -54.7256 -41.2277 54.2434 -54.5699 -29.5985 -0.0000 -0.0000 21.7056 34.7824 24.4963 16.0659 -7.1250 0.0000 -0.0000 6.2283 58.8920 2.1200 -0.0000 0.0000 0.0000 -18.6873 42.9100 -58.2798 -76.2558 59.2740 -48.1262 0.0000 0.0000 34.5232 -48.5114 -2.3015 2.5999 7.1250 -0.0000 -0.0000 -17.6877 -33.0505 -5.4025
-0.1691 18.1216 3.3180 38.4126 -83.8516 -42.3133 0.0000 0.0000 0.0000 -16.2587 4.2686 10.1611 1.4211 7.5387 21.3215 0.9105 8.9008 -23.3401 1.3450 -7.3424 -20.7338 0.0000 0.0000 0.0000 2.5828 25.8002 -8.6098 -2.3569 -9.5729 27.6046 -0.0750 -10.8430 -16.5101 -0.0500 1.4428 -3.9681 -2.6191 -0.5196 6.3622 -0.2452 -0.8983 1.3800 1.2904 -0.4464 -2.1077 -7.6056 -4.3646 -10.9676 7.3905 -6.0843 16.2504 3.0644 -2.8189 7.2401 0.0000 0.0000 0.0000 5.4846 -54.3133 -40.6412 67.4561 -57.9898 -40.6082 -0.0000 -0.0000 22.3414 43.2367 23.6578 20.6717 -7.1250 0.0000 -0.0000 17.0125 60.1896 6.4141 0.0000 0.0000 0.0000 -19.3613 44.1052 -60.6298 -85.4723 59.9224 -56.0799 0.0000 0.0000 34.9787 -51.6711 -2.7618 3.4878 7.1250 -0.0000 -0.0000 -20.3506 -33.8364 -5.8918
-0.3604 18.1583 3.0392 44.2846 -84.1493 -48.4381 0.0000 0.0000 0.0000 -15.4922 4.6511 9.8036 1.6827 8.1713 23.2355 0.6522 9.7081 -21.7210 1.6482 -8.0913 -22.9918 0.0000 0.0000 0.0000 3.5452 25.2474 -9.1309 -2.6284 -10.0677 29.1961 -0.1749 -9.4215 -16.0980 -0.0784 1.8058 -4.9693 -2.8199 -0.5876 6.3906 -0.1205 -1.0008 1.7227 1.5368 -0.5078 -1.7605 -7.4305 -4.0816 -9.4935 8.0649 -6.0904 17.2920 3.2853 -2.8106 7.3280 -0.0000 0.0000 0.0000 3.7386 -54.8654 -41.6901 73.4336 -58.9372 -45.7043 -0.0000 -0.0000 24.7505 48.7050 24.6209 25.3752 -7.1250 0.0000 -0.0000 25.3118 62.9948 11.4355 -0.0000 0.0000 0.0000 -22.2884 46.7470 -63.8103 -84.4767 59.8844 -55.2185 0.0000 0.0000 34.6157 -56.1914 -8.1539 11.9585 7.1250 -0.0000 -0.0000 -26.5707 -42.7038 -1.6317
-0.5613 18.1949 2.7335 45.5852 -84.3318 -50.2785 0.0000 0.0000 0.0000 -14.1136 4.8469 9.1213 2.0974 9.0662 26.0025 0.3286 10.2957 -18.9881 2.0642 -8.9986 -25.7911 0.0000 0.0000 0.0000 5.0124 24.1402 -8.9581 -2.8199 -10.3976 30.2741 -0.2808 -8.1811 -16.1414 -0.0739 1.7539 -4.8259 -2.4955 -0.5805 6.3259 -0.2717 -0.9734 2.0143 1.1936 -0.5043 -1.4340 -6.8239 -4.1477 -8.2135 8.8389 -6.8154 19.4395 3.4015 -3.1139 7.8633 -0.0000 -0.0000 0.0000 5.4220 -57.7385 -45.0028 68.3733 -58.1568 -41.3866 -0.0000 -0.0000 26.6503 51.0470 25.9113 28.3925 -7.1250 0.0000 -0.0000 29.9903 65.2827 15.3247 -0.0000 -0.0000 0.0000 -25.3836 49.3162 -66.3779 -74.0291 59.0139 -46.2146 0.0000 0.0000 37.1133 -57.4489 -7.3704 11.3633 7.1250 -0.0000 -0.0000 -27.3583 -41.7192 -2.4177
-0.7673 18.2384 2.4219 46.6082 -84.5260 -51.5891 0.0000 0.0000 0.0000 -12.7185 4.7522 7.8940 2.6186 10.0505 29.1404 0.0801 10.5647 -16.2150 2.0170 -8.9014 -25.4872 0.0000 0.0000 0.0000 6.4034 22.5960 -9.1044 -2.9784 -10.6599 31.1414 -0.3876 -6.7071 -16.1041 -0.0659 1.6558 -4.5553 -2.4026 -0.5455 5.9934 -0.2455 -0.9100 2.1192 1.1583 -0.4772 -1.1446 -6.0837 -4.1713 -7.7848 8.9023 -7.4966 22.7608 3.2593 -3.4113 8.9361 0.0000 0.0000 0.0000 8.8853 -60.4511 -48.9233 57.0739 -55.4784 -31.9181 -0.0000 -0.0000 27.2074 50.9875 25.9157 28.3455 -7.1250 0.0000 -0.0000 29.8849 65.2691 15.2571 0.0000 0.0000 0.0000 -28.6943 51.7483 -67.5697 -61.4330 56.6798 -35.5360 0.0000 0.0000 37.7441 -56.5132 -6.5347 9.7609 7.1250 -0.0000 -0.0000 -26.0291 -40.2044 -3.3408
-0.9532 18.2698 2.1279 47.3283 -84.9301 -52.6200 0.0000 0.0000 0.0000 -11.2947 4.6788 6.3435 3.2427 11.0779 32.5432 -0.1431 11.1010 -13.4772 1.2617 -7.1204 -20.0726 0.0000 0.0000 0.0000 7.8878 21.2060 -9.1526 -3.1112 -10.8730 31.8527 -0.4630 -5.2218 -15.8307 -0.0831 1.8592 -5.1166 -1.7655 0.1852 5.7216 -0.7600 0.0939 2.5388 0.2048 0.0165 -0.5983 -3.5036 -4.6947 -8.5103 8.7484 -9.1760 25.8995 2.5742 -3.9587 10.2165 -0.0000 -0.0000 0.0000 17.1231 -64.1686 -55.5368 45.4010 -50.9634 -22.5498 -0.0000 -0.0000 27.0403 51.5513 27.0298 29.7859 -7.1250 0.0000 -0.0000 31.6929 66.7585 17.3331 -0.0000 -0.0000 0.0000 -30.5290 51.9130 -67.9790 -48.6750 52.4469 -25.1198 0.0000 0.0000 38.8172 -57.5117 -7.4388 11.4923 7.1250 -0.0000 -0.0000 -27.4574 -41.8420 -2.3367
-1.0973 18.2855 1.8778 46.6427 -85.0776 -52.1293 0.0000 0.0000 0.0000 -10.7391 3.6350 4.5808 3.9559 12.1014 36.0918 -0.3321 12.8676 -13.1673 0.4621 -4.3603 -12.0926 0.0000 0.0000 0.0000 9.0268 20.5897 -9.0522 -3.2239 -11.0489 32.4450 -0.5422 -4.2884 -16.1375 -0.0264 1.0499 -2.8861 -1.0270 0.6566 5.6648 -1.3364 0.7503 2.6801 -0.8395 0.3489 -0.4151 -1.9041 -4.9172 -8.6393 9.6581 -10.6658 28.5356 2.4500 -4.3744 11.3388 0.0000 0.0000 0.0000 26.3365 -66.4344 -61.5403 35.3935 -45.0911 -15.0914 -0.0000 -0.0000 26.2637 50.3741 27.1140 28.8290 -7.1250 0.0000 -0.0000 29.4957 66.4863 15.8591 0.0000 0.0000 0.0000 -32.1323 52.2397 -67.6463 -38.1773 46.9522 -17.0950 0.0000 0.0000 39.8218 -56.9815 -7.1769 10.8821 7.1250 -0.0000 -0.0000 -26.8052 -41.3166 -2.6515
-1.2030 18.3137 1.6851 40.2723 -85.0250 -45.7882 0.0000 0.0000 0.0000 -10.6768 1.8058 2.4712 4.6773 13.0109 39.4094 -0.0063 10.2969 -14.5638 0.0704 -1.7123 -4.7113 0.0000 0.0000 0.0000 10.2051 20.1047 -8.7258 -3.2532 -11.0941 32.5978 -0.6003 -4.0943 -16.6990 -0.0000 0.0395 -0.1086 -0.2122 0.8917 5.6515 -1.3803 1.1070 2.6220 -1.3629 0.5354 -0.4482 -0.5598 -5.1450 -7.7252 10.0462 -11.7706 29.8781 2.2538 -4.7294 11.7333 0.0000 0.0000 0.0000 34.3088 -67.9541 -65.8724 27.3937 -38.5521 -9.7435 -0.0000 -0.0000 25.4708 46.9660 26.7789 25.7611 -7.1250 0.0000 -0.0000 23.3214 65.0205 11.5821 0.0000 0.0000 0.0000 -34.0563 52.2382 -65.5074 -29.8541 40.7680 -11.3143 0.0000 0.0000 40.8135 -58.2669 -12.4966 19.2848 7.1250 -0.0000 -0.0000 -31.5801 -49.9416 4.2214
-1.2852 18.3437 1.5571 39.1221 -84.7742 -44.6840 0.0000 0.0000 0.0000 -11.9223 -0.4328 0.8694 5.1092 13.5057 41.2924 0.3942 7.7466 -17.1453 0.2874 -3.4475 -9.5273 0.0000 0.0000 0.0000 10.7588 19.8831 -8.1928 -3.2221 -11.0462 32.4359 -0.6038 -4.4204 -16.9530 -0.0015 0.2493 -0.6851 0.2691 1.0678 5.5293 -1.2381 1.3702 2.6784 -1.4989 0.6716 -0.3084 -0.0293 -5.2862 -6.4468 10.8355 -12.6233 30.7387 2.3956 -5.0356 11.9294 -0.0000 0.0000 0.0000 40.9730 -68.9060 -68.6422 21.0135 -31.8441 -6.0571 -0.0000 -0.0000 25.0718 44.2295 28.2366 24.7288 -7.1250 0.0000 -0.0000 19.1998 65.8711 9.8334 -0.0000 0.0000 0.0000 -35.9839 51.9562 -61.9290 -23.5552 34.6903 -7.4519 0.0000 0.0000 41.9202 -53.7820 -6.2577 8.4653 7.1250 -0.0000 -0.0000 -23.4258 -39.3498 -3.4878
-1.3310 18.3757 1.4826 42.2014 -84.2597 -47.5020 0.0000 0.0000 0.0000 -14.0773 -2.8251 -0.8213 5.2271 13.6351 41.7948 0.7451 2.8453 -17.5777 0.2225 -3.0367 -8.3810 0.0000 0.0000 0.0000 10.5538 20.6967 -7.6601 -3.1653 -10.9580 32.1382 -0.6782 -4.8427 -18.0639 -0.0411 -1.3086 3.5984 0.5691 1.0524 5.4294 -1.1116 1.3688 2.6259 -1.5357 0.6741 -0.3028 0.2258 -5.1647 -5.5055 11.5405 -13.0848 31.8346 2.6048 -5.1773 12.2845 0.0000 0.0000 0.0000 42.4631 -68.9627 -65.3187 17.4794 -27.4854 -4.3063 -0.0000 -0.0000 24.5351 40.1929 28.8245 22.1625 -7.1250 0.0000 -0.0000 12.9297 65.3121 6.3964 0.0000 0.0000 0.0000 -36.6339 51.7938 -56.7301 -20.5345 31.2809 -5.8063 0.0000 0.0000 42.0996 -50.1498 -3.8037 4.5443 7.1250 -0.0000 -0.0000 -19.4394 -35.3051 -4.8637
-1.3786 18.4032 1.4523 45.0409 -83.8726 -49.9281 0.0000 0.0000 0.0000 -16.4478 -5.2797 -2.0494 4.9699 13.3498 40.6925 0.8772 -2.0976 -17.1142 0.2557 -3.2532 -8.9844 0.0000 0.0000 0.0000 10.1903 21.5084 -7.2180 -3.0791 -10.8220 31.6820 -0.7411 -5.1967 -18.9664 -0.0644 -1.6370 4.5035 0.7054 0.6868 5.0702 -0.5314 0.8960 2.6395 -0.9856 0.4382 -0.1111 -0.1816 -4.5657 -4.8118 12.2006 -12.6663 32.7847 3.0272 -4.9913 12.5932 -0.0000 -0.0000 0.0000 37.5114 -68.5406 -59.0057 16.7146 -26.4799 -3.9592 -0.0000 -0.0000 25.7329 36.3885 26.5853 18.2531 -7.1250 0.0000 -0.0000 7.8960 61.6764 3.2155 -0.0000 -0.0000 0.0000 -35.7189 53.6365 -53.7219 -21.0056 31.8349 -6.0529 0.0000 0.0000 41.6208 -48.3477 -2.0180 2.2671 7.1250 -0.0000 -0.0000 -17.4838 -32.6396 -5.5171
-1.4092 18.4250 1.4467 47.2617 -83.6947 -51.6385 0.0000 0.0000 0.0000 -18.5005 -7.8674 -3.1624 4.5124 12.8127 38.6714 0.8813 -5.7282 -16.7414 0.6763 -5.2585 -14.6474 0.0000 0.0000 0.0000 9.9018 22.5647 -6.7874 -2.9757 -10.6556 31.1271 -0.8028 -5.4137 -19.7353 -0.1293 -2.3183 6.3862 0.5202 0.0088 4.9144 0.6840 -0.0150 2.7603 0.4102 -0.0285 0.0797 -2.2467 -4.1174 -4.4949 12.6407 -11.8930 33.0768 3.6862 -4.8533 12.7154 0.0000 0.0000 0.0000 26.5637 -66.9272 -51.0010 19.4305 -29.9501 -5.2441 -0.0000 -0.0000 24.7965 34.8399 21.8967 14.5518 -7.1250 0.0000 -0.0000 6.6463 55.9480 1.7907 0.0000 0.0000 0.0000 -34.6959 55.9848 -52.1917 -25.0570 36.2622 -8.3236 0.0000 0.0000 39.4427 -49.7314 -1.2014 1.4179 7.1250 -0.0000 -0.0000 -18.3498 -31.4709 -6.3614
-1.4296 18.4279 1.4638 48.2859 -83.6111 -52.1484 0.0000 0.0000 0.0000 -20.0058 -10.0294 -4.0318 3.8889 12.0111 35.7712 0.8683 -9.3200 -16.8933 0.6119 -5.0067 -13.9277 0.0000 0.0000 0.0000 9.5373 22.9971 -6.9121 -2.9203 -10.5649 30.8260 -0.8471 -5.3107 -20.0995 -0.1492 -2.4888 6.8585 0.2205 -0.8692 5.3752 2.1350 -1.2043 2.7812 2.1333 -0.6447 -0.1116 -4.7105 -3.6300 -4.8297 12.4757 -10.6021 32.9977 4.2264 -4.5564 12.7030 -0.0000 0.0000 0.0000 12.7210 -63.7032 -41.8212 26.0799 -37.2875 -8.9360 -0.0000 -0.0000 21.9342 36.6085 27.3937 18.8708 -7.1250 0.0000 -0.0000 8.0487 62.6487 3.4628 -0.0000 0.0000 0.0000 -33.1397 58.1531 -50.9964 -31.9339 42.4944 -12.6961 0.0000 0.0000 38.7785 -50.6637 -3.9236 4.7727 7.1250 -0.0000 -0.0000 -19.9013 -35.5155 -4.8833
-1.4561 18.4281 1.5080 53.0465 -84.2359 -56.3323 0.0000 0.0000 0.0000 -20.9048 -11.1567 -4.9392 3.2206 11.0439 32.4280 0.8903 -11.1907 -17.4489 0.8760 -5.9672 -16.6893 0.0000 0.0000 0.0000 9.4655 23.9747 -7.1573 -2.8793 -10.4971 30.6019 -0.8075 -5.6345 -19.9321 -0.0749 -1.7652 4.8571 0.2658 -1.1899 5.8203 3.3430 -1.6314 2.6169 3.3933 -0.8731 -0.4764 -6.3353 -3.4205 -4.8087 12.3027 -9.7488 32.3325 4.5430 -4.3744 12.3681 0.0000 -0.0000 0.0000 0.3412 -60.9233 -34.7443 35.7293 -45.3259 -15.3297 -0.0000 -0.0000 21.1870 39.4280 29.1085 21.8007 -7.1250 0.0000 -0.0000 11.7651 65.4037 5.8374 0.0000 -0.0000 0.0000 -29.1688 59.2432 -47.5711 -40.4538 48.3364 -18.7775 0.0000 0.0000 39.5179 -53.6417 -7.5245 10.0866 7.1250 -0.0000 -0.0000 -23.8347 -41.2567 -2.3517
-1.4769 18.4289 1.5726 62.5118 -84.5471 -65.2276 0.0000 0.0000 0.0000 -22.1880 -11.6625 -5.7221 2.6283 10.0676 29.1958 0.7404 -11.3854 -16.1934 0.7927 -5.6833 -15.8683 0.0000 0.0000 0.0000 8.8666 25.0223 -7.4787 -2.8420 -10.4348 30.3965 -0.8272 -5.8123 -20.2458 -0.0350 -1.2072 3.3192 0.6279 -0.6528 6.0106 3.0844 -0.8938 2.6859 2.8794 -0.4984 -0.5632 -5.0058 -3.9936 -5.0279 12.6312 -10.5702 30.7946 4.2688 -4.5426 11.8430 0.0000 -0.0000 0.0000 -6.1287 -59.9126 -29.9859 47.3302 -51.8603 -24.0579 -0.0000 -0.0000 20.8575 43.3541 29.1818 24.7187 -7.1250 0.0000 -0.0000 17.9009 66.6875 9.4830 0.0000 -0.0000 0.0000 -22.1749 57.5100 -42.2066 -48.8254 52.5106 -25.2391 0.0000 0.0000 39.6726 -56.2036 -10.2314 14.8619 7.1250 -0.0000 -0.0000 -27.7342 -45.9125 0.6770
-1.4916 18.4418 1.6738 77.6267 -84.3383 -80.2205 0.0000 0.0000 0.0000 -23.8727 -10.6825 -6.4932 2.3168 9.4970 27.3626 0.4663 -7.2725 -12.4256 0.0431 -1.3394 -3.6833 0.0000 0.0000 0.0000 7.7837 25.5336 -7.5010 -2.7568 -10.2905 29.9226 -0.8096 -5.4612 -19.8344 -0.0281 -1.0830 2.9773 0.3358 -0.5859 6.3808 2.9933 -0.8172 2.7419 2.9505 -0.4620 -0.7121 -5.0772 -3.9646 -5.0756 12.7028 -10.3409 29.9786 4.3115 -4.4425 11.5037 -0.0000 -0.0000 0.0000 -11.6112 -57.6142 -26.2565 57.2310 -55.5258 -32.0475 -0.0000 -0.0000 20.5233 48.4685 28.9109 28.6272 -7.1250 0.0000 -0.0000 26.8826 67.9736 15.2628 -0.0000 -0.0000 0.0000 -18.5913 57.4548 -38.4421 -53.6823 54.3768 -29.1419 0.0000 0.0000 40.2412 -57.9056 -11.5372 17.6877 7.1250 -0.0000 -0.0000 -30.4582 -48.3759 2.7774
-1.4971 18.4437 1.8084 91.5939 -83.6385 -94.8018 0.0000 0.0000 0.0000 -25.7361 -9.8256 -5.8936 2.3857 9.6271 27.7773 0.5633 -3.1602 -13.4510 0.0252 -1.0243 -2.8157 0.0000 0.0000 0.0000 6.7857 26.1591 -6.7490 -2.7106 -10.2112 29.6633 -0.8070 -4.8269 -19.3902 -0.0263 -1.0478 2.8802 -0.3000 -0.4084 6.9365 2.8484 -0.6235 2.9617 3.1522 -0.3724 -0.7983 -4.9425 -3.7591 -5.1749 12.6447 -9.9290 29.5348 4.3006 -4.2453 11.2879 -0.0000 0.0000 0.0000 -14.9702 -56.3470 -23.4001 60.7291 -56.5011 -34.9484 -0.0000 -0.0000 20.4559 50.6316 29.6242 31.0672 -7.1250 0.0000 -0.0000 31.6855 69.4551 19.2183 -0.0000 0.0000 0.0000 -17.3305 57.7917 -36.4452 -51.6344 53.6338 -27.4849 0.0000 0.0000 40.8269 -56.4847 -8.0500 11.9394 7.1250 -0.0000 -0.0000 -26.8015 -42.6021 -1.7217
-1.4917 18.4160 1.9459 103.5700 -83.7975 -107.0820 0.0000 0.0000 0.0000 -25.8962 -9.6111 -5.1545 2.3242 9.5109 27.4071 0.6167 -2.7397 -14.1526 0.0290 -1.0994 -3.0224 0.0000 0.0000 0.0000 6.7767 26.3959 -6.8324 -2.7123 -10.2142 29.6730 -0.7749 -4.2556 -18.7047 -0.0061 -0.5058 1.3899 0.5863 -0.2842 6.7185 2.5516 -0.4143 3.0757 2.3264 -0.2612 -0.5810 -4.3895 -3.6989 -5.0688 12.4783 -9.8571 29.3525 4.1429 -4.1842 11.1517 0.0000 -0.0000 0.0000 -14.8599 -56.3146 -21.9363 55.7918 -55.0801 -30.8642 -0.0000 -0.0000 20.2325 49.9931 29.7288 30.5763 -7.1250 0.0000 -0.0000 30.4061 69.3796 18.3410 0.0000 -0.0000 0.0000 -17.7944 58.1658 -35.5414 -44.4939 50.5181 -21.8474 0.0000 0.0000 41.9409 -54.7854 -5.9658 8.3771 7.1250 -0.0000 -0.0000 -24.1955 -39.0388 -3.8200
-1.4845 18.3811 2.0717 111.4540 -82.7437 -115.6040 0.0000 0.0000 0.0000 -26.9876 -8.2095 -4.5961 2.2224 9.3148 26.7850 0.5765 -2.6618 -13.6794 0.0853 -1.8839 -5.1848 0.0000 0.0000 0.0000 5.6413 26.2734 -7.0103 -2.8156 -10.3905 30.2506 -0.7938 -2.9730 -18.1604 -0.0003 -0.1104 0.3033 -0.4811 -0.0398 6.6386 2.3559 -0.1530 3.1539 2.7065 -0.1381 -0.4636 -4.3736 -3.6142 -5.1275 12.4020 -9.8547 29.8759 4.1235 -4.1910 11.3638 -0.0000 -0.0000 0.0000 -13.9328 -57.2728 -21.0464 46.6649 -51.5585 -23.5357 -0.0000 -0.0000 19.8644 47.6685 29.2549 28.2125 -7.1250 0.0000 -0.0000 25.5220 68.1190 14.5332 -0.0000 -0.0000 0.0000 -20.0807 58.9419 -35.2424 -35.3881 45.0873 -15.0875 0.0000 0.0000 44.3494 -54.9903 -5.6935 8.0613 7.1250 -0.0000 -0.0000 -24.2557 -38.6406 -4.0885
-1.4680 18.3548 2.1930 115.2760 -82.1845 -119.9720 0.0000 0.0000 0.0000 -27.4528 -6.9240 -4.3131 2.1765 9.2245 26.5001 0.5675 -3.7104 -13.4507 0.0237 -0.9942 -2.7328 0.0000 0.0000 0.0000 5.1154 26.4216 -6.9388 -2.9107 -10.5490 30.7736 -0.8133 -2.7030 -18.2205 -0.0138 0.7592 -2.0865 -0.9602 0.0323 6.6548 2.0566 -0.0834 3.1572 2.6626 -0.1035 -0.4726 -4.5050 -3.6634 -5.5105 12.7847 -10.1378 30.2539 4.2591 -4.2850 11.6579 0.0000 -0.0000 0.0000 -11.4951 -59.1775 -21.6488 36.8429 -46.0841 -16.1268 -0.0000 -0.0000 20.7777 44.6222 28.5181 25.2289 -7.1250 0.0000 -0.0000 19.8984 66.3179 10.4071 0.0000 -0.0000 0.0000 -22.6077 59.4423 -34.0203 -27.8441 38.9723 -10.0255 0.0000 0.0000 42.8309 -52.1871 -5.7629 7.3725 7.1250 -0.0000 -0.0000 -21.8212 -38.3948 -3.7654
-1.4632 18.3489 2.3050 121.7790 -82.2455 -126.9190 0.0000 0.0000 0.0000 -27.2925 -6.5415 -4.1154 2.2422 9.3532 26.9067 0.6358 -3.7229 -14.2586 0.0168 -0.8361 -2.2980 0.0000 0.0000 0.0000 5.5320 26.3082 -6.5782 -2.8728 -10.4863 30.5663 -0.8005 -2.7485 -18.1117 -0.0475 1.4069 -3.8692 -0.9422 0.0566 6.5489 1.9793 -0.0534 3.2355 2.5699 -0.0905 -0.3351 -4.2180 -3.8005 -6.1506 12.5515 -10.2791 30.2029 4.0821 -4.3110 11.7592 0.0000 0.0000 0.0000 -8.1025 -60.5803 -23.2002 29.4232 -40.3938 -11.0339 -0.0000 -0.0000 20.0438 41.2205 28.6012 22.7523 -7.1250 0.0000 -0.0000 14.4903 65.3683 7.2013 0.0000 0.0000 0.0000 -24.2481 60.2542 -33.8052 -22.7674 33.8334 -7.0083 0.0000 0.0000 44.6580 -50.3411 -4.0740 4.8982 7.1250 -0.0000 -0.0000 -19.6804 -35.7148 -4.7220
-1.4668 18.3345 2.3928 123.4990 -81.7254 -128.6030 0.0000 0.0000 0.0000 -28.0204 -6.7489 -3.9565 2.2154 9.3011 26.7417 0.6635 -3.3793 -14.6117 0.0107 -0.6666 -1.8319 0.0000 0.0000 0.0000 4.8755 26.6537 -6.9344 -2.9492 -10.6123 30.9832 -0.8461 -2.6036 -18.5037 -0.0284 1.0888 -2.9933 -1.8523 0.1746 6.2983 1.7397 0.0654 3.0593 2.8272 -0.0308 -0.3836 -4.5319 -3.9753 -6.5769 12.9373 -10.4651 29.6915 4.2362 -4.3748 11.7062 -0.0000 0.0000 0.0000 -7.9397 -61.4450 -22.8922 26.9618 -38.1428 -9.4755 -0.0000 -0.0000 19.2798 36.1695 27.3993 18.5946 -7.1250 0.0000 -0.0000 7.4651 62.5321 3.1897 -0.0000 0.0000 0.0000 -21.4866 60.2562 -31.3331 -22.4130 33.4406 -6.8120 0.0000 0.0000 43.9687 -48.9132 -3.7308 4.2678 7.1250 -0.0000 -0.0000 -18.3980 -35.1237 -4.6642
-1.4611 18.3418 2.4605 134.1290 -82.3479 -138.8870 0.0000 0.0000 0.0000 -26.6116 -6.9944 -4.6127 2.3312 9.5244 27.4498 0.6811 -3.2625 -14.8245 0.0022 -0.3044 -0.8364 0.0000 0.0000 0.0000 6.2045 26.7628 -7.4821 -2.9214 -10.5668 30.8324 -0.7757 -3.0735 -18.0263 -0.0674 1.6753 -4.6091 -1.1404 0.2602 6.3516 1.9394 0.2254 2.8455 2.6214 0.0602 -0.6421 -4.6398 -4.1414 -7.2145 13.0713 -10.5139 28.9701 4.2634 -4.3649 11.5724 0.0000 0.0000 0.0000 -11.2683 -61.0185 -20.4679 29.6460 -40.5880 -11.1786 -0.0000 -0.0000 19.4639 36.8365 29.8729 20.4608 -7.1250 0.0000 -0.0000 7.8484 65.4858 3.8954 0.0000 0.0000 0.0000 -16.4720 59.8239 -28.4763 -25.8369 37.0472 -8.7892 0.0000 0.0000 42.1885 -49.4195 -5.5598 6.4536 7.1250 -0.0000 -0.0000 -19.3486 -37.7968 -3.5943
-1.4976 18.3580 2.5248 139.0120 -82.2477 -143.8280 0.0000 0.0000 0.0000 -26.4104 -6.6994 -4.4374 2.3308 9.5236 27.4474 0.6701 -3.0415 -14.7290 0.0010 0.2026 0.5567 0.0000 0.0000 0.0000 6.5912 26.5553 -7.1611 -2.8447 -10.4392 30.4111 -0.7494 -2.7787 -17.5884 -0.0239 0.9987 -2.7452 -1.3662 0.2123 6.5388 2.0628 0.1418 2.9488 2.8823 0.0121 -0.6355 -4.8576 -4.1410 -8.2492 12.6471 -10.0240 28.1104 4.1602 -4.1463 11.3725 0.0000 0.0000 0.0000 -15.3597 -58.9556 -16.8538 36.0308 -45.5343 -15.5444 -0.0000 -0.0000 20.6161 40.7919 29.7091 23.1547 -7.1250 0.0000 -0.0000 13.8002 66.4973 7.2105 0.0000 0.0000 0.0000 -12.1862 59.1995 -26.4200 -31.2038 41.9031 -12.2057 0.0000 0.0000 42.2994 -51.3603 -6.5070 8.0683 7.1250 -0.0000 -0.0000 -21.3579 -39.3978 -3.1158
-1.5579 18.3690 2.5660 141.4220 -81.6994 -146.2870 0.0000 0.0000 0.0000 -26.6988 -6.1841 -4.0234 2.2609 9.3897 27.0220 0.6744 -2.9071 -14.7971 0.0067 0.5302 1.4570 0.0000 0.0000 0.0000 6.4687 26.8594 -6.6744 -2.7573 -10.2914 29.9257 -0.7520 -2.4406 -17.4403 -0.0163 0.8242 -2.2651 -1.9292 0.3062 6.5478 1.8854 0.2320 3.0106 3.0104 0.0528 -0.5832 -4.9413 -4.1710 -8.3628 12.5085 -9.5941 26.4584 4.1348 -3.9713 10.7105 0.0000 -0.0000 0.0000 -18.9215 -57.0726 -13.7471 42.4943 -49.4802 -20.3155 -0.0000 -0.0000 22.5789 46.7063 28.5293 26.8821 -7.1250 0.0000 -0.0000 23.4807 66.9815 12.7177 0.0000 -0.0000 0.0000 -8.3815 58.2223 -24.1397 -36.7574 46.0270 -16.0652 0.0000 0.0000 42.1360 -53.0774 -7.7834 10.2165 7.1250 -0.0000 -0.0000 -23.4161 -41.5506 -2.1231
-1.5817 18.3660 2.5753 140.5730 -80.5442 -144.8440 0.0000 0.0000 0.0000 -27.4485 -5.4132 -4.7769 2.1922 9.2554 26.5977 0.6492 -2.8755 -14.5133 0.0024 0.3181 0.8739 0.0000 0.0000 0.0000 5.1058 27.5157 -7.7208 -2.7873 -10.3426 30.0934 -0.7494 -1.9412 -17.1668 -0.0227 0.9734 -2.6756 -3.1006 0.6047 6.3178 1.4078 0.5767 2.7368 3.1535 0.2328 -0.7652 -5.1266 -4.2792 -8.2537 12.3672 -9.3684 25.1294 4.1160 -3.9088 10.1726 -0.0000 0.0000 0.0000 -19.6742 -55.3446 -11.2352 46.3605 -51.4178 -23.2975 -0.0000 -0.0000 21.6843 47.5663 26.9570 26.3752 -7.1250 0.0000 -0.0000 24.3970 65.4178 12.3684 -0.0000 0.0000 0.0000 -6.6495 57.9233 -23.1886 -38.7330 47.3011 -17.5023 0.0000 0.0000 41.7608 -56.8369 -5.4579 8.2814 7.1250 -0.0000 -0.0000 -25.7732 -38.5184 -4.4735
-1.6226 18.3681 2.6048 141.9930 -79.8820 -146.4980 0.0000 0.0000 0.0000 -27.7066 -4.2071 -4.4725 2.1141 9.0999 26.1082 0.6396 -3.1687 -14.3619 0.0024 0.3160 0.8682 0.0000 0.0000 0.0000 4.6105 26.4599 -8.0288 -2.7920 -10.3504 30.1190 -0.8196 -0.1267 -17.1589 -0.0426 1.3315 -3.6614 -3.0176 0.8360 6.3649 1.0224 0.8864 2.6413 2.6853 0.3955 -0.9072 -4.7773 -4.3043 -7.9550 11.2511 -9.0940 24.9107 3.6896 -3.8659 9.9298 0.0000 0.0000 0.0000 -19.6284 -54.9975 -9.0053 44.4773 -50.5098 -21.8346 -0.0000 -0.0000 20.7150 45.8212 27.2655 25.2410 -7.1250 0.0000 -0.0000 21.5827 65.2349 10.7862 0.0000 0.0000 0.0000 -7.3575 58.1697 -22.9359 -35.4537 45.1334 -15.1340 0.0000 0.0000 42.0637 -55.7659 -7.3197 10.6048 7.1250 -0.0000 -0.0000 -25.7316 -41.3150 -2.5285
-1.6632 18.3855 2.5883 144.3770 -79.5388 -149.0700 0.0000 0.0000 0.0000 -27.4769 -3.3049 -4.1559 2.0664 9.0031 25.8049 0.6472 -3.0751 -14.4626 0.0015 -0.2467 -0.6778 0.0000 0.0000 0.0000 4.6698 25.0188 -8.3526 -2.8347 -10.4226 30.3563 -0.9608 0.2213 -18.4587 -0.0356 1.2175 -3.3474 -2.8000 1.1082 6.2198 0.6745 1.2652 2.5017 2.1773 0.5926 -0.9847 -4.8364 -4.3036 -8.0188 11.0592 -9.1673 25.6564 3.6328 -3.9175 10.2126 0.0000 -0.0000 0.0000 -18.5177 -55.6132 -7.8381 39.1027 -47.5292 -17.7745 -0.0000 -0.0000 21.0043 42.8050 26.7936 22.6604 -7.1250 0.0000 -0.0000 16.7865 63.7614 7.7437 0.0000 -0.0000 0.0000 -8.5001 58.5589 -22.9684 -30.6824 41.4711 -11.8589 0.0000 0.0000 41.7035 -52.1962 -5.1380 6.5849 7.1250 -0.0000 -0.0000 -21.6018 -37.4572 -4.2535
-1.7037 18.3859 2.5579 145.2450 -79.3547 -150.2220 0.0000 0.0000 0.0000 -27.4050 -2.7298 -3.7324 2.0407 8.9504 25.6402 0.6540 -2.8289 -14.5764 0.0292 -1.1032 -3.0328 0.0000 0.0000 0.0000 4.5299 22.1735 -9.2789 -3.0174 -10.7231 31.3516 -1.0069 -3.1827 -20.3549 -0.0325 1.1634 -3.1986 -2.8144 1.2090 6.2879 0.4611 1.3933 2.4634 1.9546 0.6590 -1.0647 -5.2164 -4.3226 -8.1912 11.0860 -9.1915 26.0415 3.7086 -3.9517 10.4086 0.0000 0.0000 0.0000 -18.7368 -56.4294 -6.8378 34.4859 -44.4415 -14.4522 -0.0000 -0.0000 20.9840 39.4323 26.2325 19.9758 -7.1250 0.0000 -0.0000 11.9770 62.1245 5.0265 0.0000 0.0000 0.0000 -8.1340 58.9135 -22.2235 -28.4225 39.5023 -10.3913 0.0000 0.0000 40.7778 -48.3259 -5.0704 5.6701 7.1250 -0.0000 -0.0000 -18.2720 -36.9963 -3.7522
-1.7470 18.4045 2.4913 143.9570 -79.3250 -149.1630 0.0000 0.0000 0.0000 -27.5085 -2.5157 -2.8342 1.9035 8.6621 24.7439 0.6323 -2.5470 -14.3684 0.0150 -0.7897 -2.1702 0.0000 0.0000 0.0000 4.1359 19.6301 -10.1985 -3.3571 -11.2519 33.1340 -0.9473 -8.3234 -23.1944 -0.0001 -0.0574 0.1576 -3.4312 1.1443 6.4057 0.1823 1.2580 2.5904 2.0231 0.5844 -0.9979 -5.7715 -4.3616 -8.3532 11.9196 -9.2588 25.4424 4.0847 -3.9506 10.2978 0.0000 -0.0000 0.0000 -19.6793 -55.8467 -5.9334 33.9163 -44.0226 -14.0549 -0.0000 -0.0000 21.7738 36.9498 25.5658 17.9835 -7.1250 0.0000 -0.0000 8.7627 60.6725 3.3627 0.0000 -0.0000 0.0000 -5.1540 59.1364 -21.1909 -29.9559 40.8556 -11.3808 0.0000 0.0000 38.9104 -47.8899 -4.4899 4.9499 7.1250 -0.0000 -0.0000 -17.7498 -36.1395 -4.0250
-1.7980 18.4387 2.4117 145.0430 -79.5716 -150.1250 0.0000 0.0000 0.0000 -26.9815 -2.4406 -2.3215 1.7871 8.4078 23.9598 0.6290 -2.1981 -14.3925 0.0393 -1.2800 -3.5194 0.0000 0.0000 0.0000 4.0815 18.2530 -10.8843 -3.6697 -11.7073 34.7044 -0.3747 -13.2108 -22.7389 -0.0046 -0.4387 1.2055 -3.5634 1.0607 6.6096 0.2271 1.1301 2.5611 2.1497 0.5223 -1.1366 -6.3143 -4.8405 -8.2124 11.9262 -9.6127 24.2540 4.1161 -4.1697 9.9047 0.0000 0.0000 0.0000 -22.4979 -53.7803 -3.3769 37.5360 -46.5404 -16.6280 -0.0000 -0.0000 22.0224 39.0769 25.8454 19.4935 -7.1250 0.0000 -0.0000 11.5161 61.5784 4.6815 0.0000 0.0000 0.0000 -0.5565 58.6567 -18.7236 -34.8412 44.6984 -14.7015 0.0000 0.0000 38.0066 -49.5252 -5.4421 6.3419 7.1250 -0.0000 -0.0000 -19.4047 -37.6376 -3.6856
-1.8645 18.4714 2.3088 145.3680 -79.5339 -150.3060 0.0000 0.0000 0.0000 -26.6076 -1.9646 -1.8683 1.6566 8.1108 23.0510 0.5897 -2.0822 -13.9424 0.0540 -1.5001 -4.1260 0.0000 0.0000 0.0000 3.4952 17.8100 -11.0463 -3.8729 -11.9893 35.6941 0.1249 -15.3071 -20.3849 -0.0585 -1.5604 4.2921 -4.0716 0.8895 6.8509 0.2375 0.8580 2.4701 2.4639 0.3901 -1.3535 -7.2531 -5.7743 -7.3341 11.7629 -10.4757 22.5372 4.1071 -4.7105 9.2647 0.0000 0.0000 0.0000 -25.6747 -49.9465 0.2935 44.3123 -50.4271 -21.7074 -0.0000 -0.0000 22.1264 42.5108 26.3561 22.1443 -7.1250 0.0000 -0.0000 16.3109 63.1635 7.2902 0.0000 0.0000 0.0000 5.1319 58.1270 -14.6727 -41.6510 49.0182 -19.6767 0.0000 0.0000 37.7558 -51.4922 -5.4759 6.8391 7.1250 -0.0000 -0.0000 -21.1141 -37.8883 -3.9084
-1.9485 18.4954 2.1841 146.4880 -79.2786 -151.3270 0.0000 0.0000 0.0000 -26.3530 -2.0314 -1.0742 1.5325 7.8157 22.1557 0.5960 -1.0611 -14.2584 0.1477 -2.4765 -6.8246 0.0000 0.0000 0.0000 2.9049 17.9203 -10.6063 -3.9167 -12.0487 35.9044 0.1973 -15.2993 -19.5315 -0.2394 -3.1485 8.6926 -4.3580 0.5936 6.8688 0.1707 0.4408 2.6044 2.5898 0.1732 -1.1954 -9.1089 -7.5036 -6.3728 11.6012 -12.3832 20.8475 4.1393 -5.8029 8.8267 -0.0000 0.0000 0.0000 -28.1835 -45.8479 2.6619 51.1756 -53.4588 -27.1159 -0.0000 -0.0000 22.9661 44.7585 26.9515 24.2007 -7.1250 0.0000 -0.0000 19.8005 64.5392 9.5433 -0.0000 0.0000 0.0000 11.0145 57.8107 -9.0363 -49.9219 52.9640 -26.1118 0.0000 0.0000 37.0131 -51.1087 -5.1842 6.3914 7.1250 -0.0000 -0.0000 -20.6846 -37.4165 -4.0741
-2.0408 18.5134 2.0327 149.0030 -78.8703 -153.5870 0.0000 0.0000 0.0000 -25.6666 -1.3304 -0.6529 1.4161 7.5261 21.2836 0.5911 -0.7884 -14.2750 0.2460 -3.1915 -8.8124 0.0000 0.0000 0.0000 2.5766 19.1571 -9.5288 -3.7754 -11.8554 35.2222 0.3005 -15.5054 -18.5874 -0.2254 -3.0563 8.4354 -4.7872 0.0546 6.6553 0.1815 -0.2923 2.5793 2.8980 -0.1975 -1.0424 -12.2808 -9.7256 -4.3597 12.4017 -15.2869 19.2409 4.6230 -7.4222 8.5874 0.0000 -0.0000 0.0000 -30.3458 -39.9208 5.4074 59.8539 -56.2709 -34.2196 -0.0000 -0.0000 23.3107 44.3912 25.2161 22.6398 -7.1250 0.0000 -0.0000 18.8967 62.3831 8.1390 0.0000 -0.0000 0.0000 18.0530 57.3018 -0.6093 -59.1292 56.0734 -33.6175 0.0000 0.0000 36.8318 -50.1779 -5.6086 6.6852 7.1250 -0.0000 -0.0000 -20.0196 -37.9446 -3.6549
-2.1371 18.5266 1.8417 149.1870 -78.3977 -153.4420 0.0000 0.0000 0.0000 -25.3343 -1.4162 -0.0536 1.3479 7.3501 20.7569 0.6366 -0.6519 -14.8660 0.1025 -2.0647 -5.6846 0.0000 0.0000 0.0000 2.0347 20.9011 -7.9725 -3.4882 -11.4462 33.7999 0.6008 -16.9789 -17.2003 -0.0353 -1.2136 3.3366 -5.7711 0.2711 6.1808 -0.4402 -0.0483 2.5416 2.7885 -0.0843 -0.8357 -12.8596 -13.2122 -1.3512 12.4993 -20.2175 16.9565 4.2463 -9.9314 8.0433 0.0000 0.0000 0.0000 -31.1716 -35.7941 9.2302 69.1968 -58.2999 -42.0867 -0.0000 -0.0000 23.8017 43.3553 24.8042 21.6085 -7.1250 0.0000 -0.0000 17.3398 61.5880 7.1196 0.0000 0.0000 0.0000 23.2601 52.6598 6.8261 -70.2212 58.4690 -42.9591 0.0000 0.0000 37.7839 -49.7875 -7.9812 9.3265 7.1250 -0.0000 -0.0000 -20.4254 -41.3135 -1.9487
-2.2341 18.5114 1.6122 151.0630 -78.2868 -154.9970 0.0000 0.0000 0.0000 -24.5175 -1.9518 0.1823 1.3848 7.4458 21.0429 0.6985 0.2272 -15.8780 0.1870 -2.7848 -7.6803 0.0000 0.0000 0.0000 2.5119 23.0832 -5.9386 -3.1985 -11.0097 32.3126 0.3542 -15.3885 -17.6606 -0.1272 2.2992 -6.3333 -6.7928 -0.0155 5.8785 -0.4896 -0.4656 2.6137 3.3351 -0.3110 -0.5430 -14.5573 -15.8940 0.5611 12.8259 -24.0083 15.6042 4.1584 -11.8866 8.0480 -0.0000 0.0000 0.0000 -32.1380 -30.3176 10.9963 79.0231 -59.5398 -50.5084 -0.0000 -0.0000 25.0694 42.1624 23.9587 20.1896 -7.1250 0.0000 -0.0000 15.6004 60.2421 5.8850 -0.0000 0.0000 0.0000 26.0325 47.8896 13.7328 -80.7381 59.6734 -51.9878 0.0000 0.0000 40.5122 -47.5197 -6.9644 7.5429 7.1250 -0.0000 -0.0000 -18.0730 -39.5764 -2.5115
-2.3276 18.4847 1.3636 153.1200 -78.4987 -156.8520 0.0000 0.0000 0.0000 -23.4003 -2.7076 0.4896 1.4781 7.6818 21.7517 0.7964 0.3712 -17.0032 0.1452 -2.4557 -6.7669 0.0000 0.0000 0.0000 3.5637 23.7681 -4.4047 -3.0240 -10.7338 31.3873 0.1027 -13.7390 -18.2774 -0.4645 4.3716 -12.1246 -7.5583 -0.2083 5.8760 -0.8352 -0.7745 2.6556 3.4233 -0.4772 -0.4566 -14.8390 -17.8900 2.8148 14.2868 -27.0524 13.4015 4.3943 -13.4259 7.6427 0.0000 0.0000 0.0000 -32.4597 -25.1587 12.0419 88.6046 -59.9926 -58.7916 -0.0000 -0.0000 26.6047 42.5924 24.1359 20.6015 -7.1250 0.0000 -0.0000 16.1988 60.5745 6.2463 0.0000 0.0000 0.0000 26.7989 40.7867 17.7688 -91.7658 59.9882 -61.5291 0.0000 0.0000 46.4053 -48.1978 -7.1641 7.9399 7.1250 -0.0000 -0.0000 -18.7333 -39.9383 -2.4365
-2.4195 18.4929 1.1118 157.9540 -79.1457 -161.2330 0.0000 0.0000 0.0000 -21.6550 -3.9183 0.5528 1.5828 7.9368 22.5222 0.8516 1.3195 -17.9582 0.2062 -2.9234 -8.0656 0.0000 0.0000 0.0000 5.3757 22.3260 -4.0661 -2.8289 -10.4127 30.3239 -0.0310 -12.6584 -18.3895 -0.4843 4.4623 -12.3811 -7.4985 -0.5994 5.8485 -1.0921 -1.2939 2.7118 3.1517 -0.7425 -0.3315 -14.9967 -18.8903 3.6759 16.3106 -28.7309 11.8332 4.8304 -14.2430 7.5912 0.0000 0.0000 0.0000 -32.0763 -19.3505 11.9746 98.1864 -59.7452 -67.0836 -0.0000 -0.0000 27.3958 43.6197 24.6882 21.7038 -7.1250 0.0000 -0.0000 17.6958 61.5279 7.2457 0.0000 0.0000 0.0000 27.2506 33.5588 17.5434 -96.9108 59.8188 -65.9813 0.0000 0.0000 50.3887 -52.0727 -8.5333 10.7812 7.1250 -0.0000 -0.0000 -22.7683 -42.4863 -1.4973
-2.5108 18.5019 0.8650 162.4780 -79.2192 -165.2070 0.0000 0.0000 0.0000 -20.2936 -4.9995 0.8250 1.6314 8.0519 22.8718 0.9095 2.3341 -19.0009 0.2461 -3.1921 -8.8139 0.0000 0.0000 0.0000 7.0929 21.1247 -4.2063 -2.7048 -10.2011 29.6305 -0.1482 -12.3353 -19.3524 -0.3578 3.8428 -10.6347 -7.4643 -0.8095 5.6337 -1.3391 -1.5579 2.6754 2.8865 -0.8759 -0.2292 -15.1169 -19.1172 4.0906 18.0725 -29.2511 10.6040 5.3263 -14.5100 7.5181 -0.0000 -0.0000 0.0000 -31.8221 -13.6803 11.0278 106.2357 -58.9802 -74.0123 -0.0000 -0.0000 27.2955 43.9919 24.8347 22.0714 -7.1250 0.0000 -0.0000 18.2492 61.8117 7.6034 -0.0000 -0.0000 0.0000 26.5393 26.0057 12.4277 -95.5801 59.8820 -64.8306 0.0000 0.0000 47.7883 -53.3612 -10.5984 13.8907 7.1250 -0.0000 -0.0000 -24.9327 -45.7736 0.5079
-2.5859 18.5054 0.6216 166.2980 -78.7661 -168.4730 0.0000 0.0000 0.0000 -19.2186 -5.9190 1.3458 1.5889 7.9514 22.5665 0.9091 3.7399 -19.7355 0.2474 -3.2007 -8.8380 0.0000 0.0000 0.0000 8.7966 21.1420 -4.2721 -2.6539 -10.1126 29.3421 -0.2141 -12.8378 -20.7028 -0.2372 3.1346 -8.6536 -7.8660 -1.1713 5.4675 -1.4204 -2.0507 2.4923 3.0486 -1.1174 -0.2619 -15.0215 -18.9364 3.8453 18.1563 -28.9726 10.5433 5.3674 -14.3676 7.4904 0.0000 0.0000 0.0000 -31.9525 -7.3704 9.0720 112.1059 -58.0705 -79.0202 -0.0000 -0.0000 26.7758 44.9788 25.0858 22.9605 -7.1250 0.0000 -0.0000 19.7343 62.4049 8.5248 0.0000 0.0000 0.0000 25.3096 21.3245 4.7681 -83.8075 59.8546 -54.6398 0.0000 0.0000 45.5078 -49.1919 -12.2878 13.8467 7.1250 -0.0000 -0.0000 -21.2553 -47.2283 1.2219
-2.6400 18.5075 0.4063 166.6580 -77.7556 -168.5090 0.0000 0.0000 0.0000 -18.8368 -5.7779 1.7707 1.5186 7.7817 22.0529 0.8541 4.7902 -19.8312 0.4270 -4.1938 -11.6225 0.0000 0.0000 0.0000 9.2952 20.9589 -4.7110 -2.6498 -10.1053 29.3184 -0.2883 -12.3497 -20.8895 -0.2798 3.4022 -9.4007 -8.6994 -1.3717 5.4635 -1.6874 -2.3785 2.3034 3.2536 -1.2776 -0.3944 -15.4385 -18.5852 4.0168 18.7832 -28.6287 10.4019 5.6781 -14.2264 7.5204 -0.0000 -0.0000 0.0000 -32.2704 -1.5525 6.9009 116.0992 -57.2628 -82.3949 -0.0000 -0.0000 26.0954 44.7663 25.2462 22.9305 -7.1250 0.0000 -0.0000 19.4547 62.5315 8.4571 -0.0000 -0.0000 0.0000 22.1402 18.5993 -3.1632 -62.5327 56.9479 -36.4563 0.0000 0.0000 42.6522 -49.0824 -11.1268 12.5519 7.1250 -0.0000 -0.0000 -20.7602 -45.6070 0.3252
-2.6714 18.5032 0.2357 167.2620 -76.4839 -168.9150 0.0000 0.0000 0.0000 -18.6230 -5.8791 2.6009 1.4190 7.5335 21.3059 0.8343 5.6262 -20.1868 0.4147 -4.1335 -11.4525 0.0000 0.0000 0.0000 9.4826 21.0872 -5.1234 -2.6623 -10.1273 29.3898 -0.4518 -10.8806 -20.9232 -0.2111 2.9583 -8.1627 -8.8826 -1.3853 5.5884 -2.0755 -2.4427 2.2211 2.9624 -1.3053 -0.5523 -15.5320 -18.4562 3.7333 18.8350 -28.4752 10.6122 5.6948 -14.1365 7.6307 -0.0000 -0.0000 0.0000 -32.7214 2.3834 4.4766 117.4001 -56.9639 -83.4873 -0.0000 -0.0000 25.7686 43.9077 24.3267 21.6295 -7.1250 0.0000 -0.0000 18.0428 61.1823 7.2448 -0.0000 -0.0000 0.0000 17.8060 17.6843 -10.8313 -40.1308 48.1472 -18.5366 0.0000 0.0000 42.2181 -43.5481 -12.4539 11.5847 7.1250 -0.0000 -0.0000 -15.5360 -46.3218 0.5192
-2.6849 18.5144 0.0926 168.4090 -75.5594 -169.9000 0.0000 0.0000 0.0000 -18.3087 -6.4717 3.3412 1.3689 7.4047 20.9200 0.8224 6.5309 -20.7109 0.3259 -3.6690 -10.1474 0.0000 0.0000 0.0000 9.9073 21.1188 -5.2411 -2.6123 -10.0393 29.1039 -0.5237 -9.9149 -20.6664 -0.1622 2.5949 -7.1529 -8.3326 -1.4140 5.6542 -2.4893 -2.4762 2.2289 2.2349 -1.3199 -0.6223 -15.5969 -18.2870 3.9283 18.7295 -28.1686 10.4233 5.7558 -14.0155 7.4736 -0.0000 0.0000 0.0000 -33.3142 4.9066 2.4440 117.2148 -57.0076 -83.3319 -0.0000 -0.0000 25.7738 43.4301 23.3046 20.5316 -7.1250 0.0000 -0.0000 17.2216 59.8221 6.3441 -0.0000 0.0000 0.0000 12.4604 18.4687 -18.5484 -22.6231 33.6740 -6.9282 0.0000 0.0000 43.7791 -39.6637 -11.0956 9.0661 7.1250 -0.0000 -0.0000 -11.5820 -43.9625 -0.3008
-2.6759 18.5439 -0.0368 170.1010 -74.8694 -171.3990 0.0000 0.0000 0.0000 -17.2486 -5.3088 2.8046 1.3749 7.4202 20.9664 0.7534 6.1820 -19.7841 0.4472 -4.2906 -11.8956 0.0000 0.0000 0.0000 10.7472 21.5810 -5.1044 -2.5294 -9.8911 28.6249 -0.4861 -10.0442 -20.4132 -0.1822 2.7490 -7.5806 -7.4172 -1.3415 5.7917 -2.7096 -2.3513 2.2398 1.5002 -1.2502 -0.7497 -15.4352 -18.2042 3.6669 18.7457 -27.9459 10.1954 5.7622 -13.8924 7.3828 0.0000 0.0000 0.0000 -34.2186 5.6970 1.0490 115.6673 -57.3581 -82.0313 -0.0000 -0.0000 25.5619 43.1160 22.6788 19.8499 -7.1250 0.0000 -0.0000 16.7123 58.9819 5.8123 0.0000 0.0000 0.0000 8.1445 18.5264 -30.0363 -12.0447 19.8716 -2.1174 0.0000 0.0000 47.5695 -34.0558 -10.8017 7.2195 7.1250 -0.0000 -0.0000 -6.3403 -42.8600 -0.3363
-2.6558 18.5723 -0.1696 171.3790 -74.4972 -172.4500 0.0000 0.0000 0.0000 -16.6984 -6.1139 2.9349 1.4084 7.5064 21.2246 0.6672 7.1506 -19.6558 0.6002 -4.9594 -13.7929 0.0000 0.0000 0.0000 11.6363 22.1802 -4.7357 -2.4215 -9.6937 27.9905 -0.4419 -10.5095 -20.4345 -0.1524 2.5153 -6.9319 -6.4067 -1.2493 5.7550 -2.9296 -2.1705 2.3812 0.7007 -1.1624 -0.6464 -15.5481 -18.0362 3.2484 19.1974 -27.6257 9.7728 5.9303 -13.7118 7.3478 -0.0000 -0.0000 0.0000 -35.0023 5.4542 0.3123 113.2944 -57.8470 -80.0277 -0.0000 -0.0000 25.3727 42.1431 22.2688 18.9283 -7.1250 0.0000 -0.0000 15.4043 58.2214 5.0604 -0.0000 -0.0000 0.0000 6.2269 16.2526 -41.1994 -7.1878 12.2280 -0.7709 0.0000 0.0000 54.2898 -30.2087 -12.0645 6.9382 7.1250 -0.0000 -0.0000 -2.7555 -43.8543 -0.0780
-2.6233 18.6058 -0.2982 170.7450 -74.5237 -171.5530 0.0000 0.0000 0.0000 -16.2186 -6.0776 2.3494 1.4393 7.5848 21.4600 0.5691 7.0639 -18.5502 0.7574 -5.5582 -15.5079 0.0000 0.0000 0.0000 11.7618 21.9601 -4.7540 -2.3033 -9.4711 27.2804 -0.4315 -10.3990 -20.2114 -0.1261 2.2887 -6.3041 -6.3785 -1.2418 5.7817 -3.0197 -2.1636 2.4521 0.5914 -1.1632 -0.5932 -15.4278 -18.0441 3.1161 19.5337 -27.5027 9.0581 6.0403 -13.6490 7.1553 0.0000 -0.0000 0.0000 -36.3607 5.2816 0.4103 112.0630 -58.0784 -78.9838 -0.0000 -0.0000 26.4314 41.1455 22.6407 18.5905 -7.1250 0.0000 -0.0000 14.1704 58.3961 4.7037 0.0000 -0.0000 0.0000 5.9109 11.6151 -31.0518 -6.9426 11.8248 -0.7198 0.0000 0.0000 46.9515 -26.4019 -12.2176 5.9975 7.1250 -0.0000 -0.0000 0.7593 -43.5686 0.0268
-2.5877 18.6270 -0.4101 170.9730 -74.5076 -171.5980 0.0000 0.0000 0.0000 -15.2500 -4.4539 1.3081 1.4474 7.6053 21.5215 0.5358 5.6860 -17.0702 0.7365 -5.4826 -15.2903 0.0000 0.0000 0.0000 12.1579 22.4255 -4.4444 -2.2168 -9.3038 26.7502 -0.4817 -10.2237 -20.5494 -0.0560 1.5267 -4.1992 -6.3784 -1.3872 5.9829 -2.8516 -2.3692 2.4011 0.7836 -1.2590 -0.7389 -15.8125 -17.9144 3.0708 19.8577 -27.3068 8.7709 6.2152 -13.5589 7.1409 -0.0000 -0.0000 0.0000 -37.2331 6.4086 1.0935 112.6211 -57.9753 -79.4573 -0.0000 -0.0000 27.0961 42.1336 21.7911 18.5631 -7.1250 0.0000 -0.0000 15.3408 57.6447 4.8247 -0.0000 -0.0000 0.0000 6.2575 10.7986 -34.0496 -7.6602 13.0005 -0.8741 0.0000 0.0000 50.2364 -29.4057 -11.2834 6.2929 7.1250 -0.0000 -0.0000 -2.0671 -42.8701 -0.1087
-2.5498 18.6438 -0.4943 170.5750 -73.9971 -171.5250 0.0000 0.0000 0.0000 -15.5121 -5.4375 2.4759 1.3980 7.4799 21.1451 0.5634 6.6017 -18.1074 0.4877 -4.4777 -12.4247 0.0000 0.0000 0.0000 12.2904 22.4423 -4.0240 -2.1487 -9.1692 26.3261 -0.4916 -9.7127 -20.1406 -0.0561 1.5287 -4.2048 -6.8642 -1.7799 6.4821 -2.6962 -2.9662 2.3227 1.2690 -1.5490 -1.0280 -14.6216 -17.4862 2.5267 17.7741 -26.2584 9.1978 5.6017 -13.0236 6.6982 0.0000 0.0000 0.0000 -37.7902 8.7569 1.3331 113.4584 -57.8150 -80.1666 -0.0000 -0.0000 27.3270 42.3414 22.5177 19.2380 -7.1250 0.0000 -0.0000 15.6854 58.5739 5.2893 0.0000 0.0000 0.0000 5.8582 10.7828 -26.4930 -8.7079 14.6937 -1.1249 0.0000 0.0000 44.0450 -30.4541 -11.3881 6.6222 7.1250 -0.0000 -0.0000 -3.0197 -43.1112 -0.1409
-2.5080 18.6396 -0.5407 171.9130 -73.3064 -172.9430 0.0000 0.0000 0.0000 -14.9935 -4.2198 2.2151 1.3435 7.3385 20.7222 0.4817 7.4064 -17.8659 0.5481 -4.7427 -13.1762 0.0000 0.0000 0.0000 12.7043 22.4133 -4.1615 -2.1298 -9.1313 26.2070 -0.5083 -9.0364 -19.6593 -0.0574 1.5463 -4.2533 -6.4288 -1.9388 6.3564 -2.4779 -3.1267 2.2815 1.2589 -1.6236 -1.0008 -14.3365 -17.1449 2.5768 16.8025 -25.6885 9.6749 5.3788 -12.7582 6.5674 0.0000 -0.0000 0.0000 -38.2113 9.3537 1.9949 113.5571 -57.7957 -80.2500 -0.0000 -0.0000 28.0819 42.4217 22.6117 19.3589 -7.1250 0.0000 -0.0000 15.7996 58.7088 5.3805 0.0000 -0.0000 0.0000 5.9013 12.5457 -31.9370 -8.8991 14.9994 -1.1739 0.0000 0.0000 45.9901 -31.0317 -10.7813 6.4209 7.1250 -0.0000 -0.0000 -3.5743 -42.4812 -0.2224
-2.4502 18.6278 -0.5648 173.0190 -72.7172 -174.2790 0.0000 0.0000 0.0000 -14.9829 -4.7239 2.9809 1.3017 7.2280 20.3926 0.5924 8.1558 -19.7310 0.2156 -2.9893 -8.2491 0.0000 0.0000 0.0000 13.0315 22.2457 -4.4544 -2.1701 -9.2118 26.4601 -0.5361 -8.2026 -19.1816 -0.0488 1.4262 -3.9225 -6.2004 -1.9873 6.4332 -2.2298 -3.1726 2.2444 1.3953 -1.6401 -1.0769 -14.2179 -16.8123 2.3257 16.3047 -25.3009 10.5832 5.2365 -12.5537 6.7485 0.0000 -0.0000 0.0000 -38.4522 8.6355 2.8794 113.7453 -57.7585 -80.4092 -0.0000 -0.0000 28.4130 41.7288 22.6472 18.9535 -7.1250 0.0000 -0.0000 14.9127 58.5615 5.0166 0.0000 -0.0000 0.0000 5.7706 13.9609 -33.6281 -9.4017 15.7983 -1.3073 0.0000 0.0000 38.9264 -31.4156 -13.6983 8.2301 7.1250 -0.0000 -0.0000 -3.7874 -45.8851 0.0829
-2.3673 18.6103 -0.5693 174.9640 -72.6832 -175.7790 0.0000 0.0000 0.0000 -14.2344 -4.0443 1.4193 1.3984 7.4808 21.1480 0.5998 8.4279 -20.0475 0.2240 -3.0466 -8.4084 0.0000 0.0000 0.0000 13.3563 21.7586 -5.7773 -2.2356 -9.3404 26.8660 -0.5152 -7.6718 -18.4795 -0.0693 1.6984 -4.6729 -5.9863 -2.2335 6.1188 -1.8659 -3.4475 1.9679 1.6609 -1.7614 -1.1586 -13.9488 -16.4680 2.1268 15.7625 -24.9507 11.6955 5.0572 -12.3712 6.9706 -0.0000 -0.0000 0.0000 -38.3067 7.0631 3.8167 113.5624 -57.7946 -80.2545 -0.0000 -0.0000 28.5683 41.6912 21.3111 17.9370 -7.1250 0.0000 -0.0000 14.7418 56.9496 4.3818 -0.0000 -0.0000 0.0000 6.3233 15.8845 -36.1711 -10.5598 17.6104 -1.6403 0.0000 0.0000 28.5589 -29.8203 -13.5993 7.6755 7.1250 -0.0000 -0.0000 -2.2806 -45.5476 0.0308
-2.2979 18.5806 -0.5301 175.0500 -72.4855 -176.5250 0.0000 0.0000 0.0000 -14.5065 -3.9688 1.6031 1.4635 7.6454 21.6423 0.8615 7.9890 -22.1798 0.0331 -1.1737 -3.2268 0.0000 0.0000 0.0000 13.3571 21.1181 -5.9951 -2.3412 -9.5433 27.5100 -0.5316 -7.0464 -18.1199 -0.0874 1.9070 -5.2488 -5.9238 -2.0883 6.6285 -1.7355 -3.2842 2.1517 1.7694 -1.6830 -1.2598 -13.8198 -16.4961 1.3440 15.3211 -25.0297 12.7202 4.7969 -12.3553 7.3673 -0.0000 0.0000 0.0000 -37.6199 5.1427 4.8282 114.5915 -57.5869 -81.1244 -0.0000 -0.0000 28.1278 41.6148 21.1764 17.7910 -7.1250 0.0000 -0.0000 14.6353 56.7675 4.2844 -0.0000 0.0000 0.0000 7.9483 15.7063 -31.9241 -15.1884 24.4079 -3.3034 0.0000 0.0000 6.7083 -34.1224 -19.0864 12.4936 7.1250 -0.0000 -0.0000 -6.1238 -52.5611 1.1430
-2.1970 18.5502 -0.4667 176.5160 -72.4173 -177.9900 0.0000 0.0000 0.0000 -14.0262 -2.7302 -0.0300 1.6095 8.0003 22.7149 0.9102 7.8051 -22.4700 0.0697 -1.7028 -4.6849 0.0000 0.0000 0.0000 13.6959 21.8269 -6.4661 -2.4356 -9.7198 28.0740 -0.4780 -7.5643 -17.9640 -0.1030 2.0694 -5.6976 -5.6776 -2.1868 6.9244 -1.4421 -3.4104 2.0472 1.9609 -1.7334 -1.5195 -14.0971 -16.1443 0.9649 15.4812 -24.6482 13.2838 4.8915 -12.1491 7.6125 0.0000 -0.0000 0.0000 -37.0041 3.9326 5.7498 115.8304 -57.3224 -82.1687 -0.0000 -0.0000 28.2456 41.9809 21.0665 17.9229 -7.1250 0.0000 -0.0000 15.0726 56.7306 4.4028 0.0000 -0.0000 0.0000 10.4853 14.2104 -23.9003 -24.8646 36.0652 -8.2100 0.0000 -0.0000 -15.7351 -32.5844 -21.4810 13.1729 7.1250 -0.0000 -0.0000 -4.1768 -54.9659 1.0236
-2.0927 18.5230 -0.3792 174.9470 -72.3908 -176.7840 0.0000 0.0000 0.0000 -14.8171 -2.6944 -0.5784 1.7067 8.2264 23.4038 0.9169 8.0903 -22.7496 0.0521 -1.4732 -4.0519 0.0000 0.0000 0.0000 12.8846 21.8382 -7.3127 -2.6140 -10.0422 29.1135 -0.4454 -7.6182 -17.6363 -0.1491 2.4881 -6.8567 -6.2324 -2.3644 7.3889 -1.3850 -3.7239 2.0403 2.3741 -1.8848 -1.7214 -14.1042 -15.7227 1.0984 15.3428 -23.9204 12.8171 4.9935 -11.8213 7.3053 0.0000 0.0000 0.0000 -36.4161 3.3954 6.3346 117.5983 -56.9167 -83.6535 -0.0000 -0.0000 28.1112 41.6584 20.6528 17.4213 -7.1250 0.0000 -0.0000 14.6375 56.1470 4.0635 0.0000 0.0000 0.0000 12.9509 12.0868 -15.3871 -41.2048 48.7677 -19.3405 0.0000 -0.0000 -27.5134 -25.3399 -18.7780 8.6672 7.1250 -0.0000 -0.0000 2.8617 -50.5741 -0.3934
-1.9731 18.5069 -0.2596 173.2410 -72.2154 -175.9930 0.0000 0.0000 0.0000 -15.7457 -2.6978 0.1294 1.6571 8.1119 23.0545 0.8049 8.8990 -22.4129 0.0489 -1.4274 -3.9257 0.0000 0.0000 0.0000 12.2645 22.2097 -7.3515 -2.7797 -10.3296 30.0509 -0.3612 -8.1542 -17.1368 -0.2467 3.1961 -8.8252 -6.1872 -2.3216 8.4572 -1.8725 -3.7778 2.1995 1.9039 -1.9100 -2.1821 -12.8934 -15.5591 0.8753 14.3032 -23.5085 13.0005 4.5758 -11.6075 7.0569 0.0000 -0.0000 0.0000 -35.3065 2.6484 6.9580 119.0643 -56.5542 -84.8792 -0.0000 -0.0000 28.6737 41.3045 19.4736 16.3264 -7.1250 0.0000 -0.0000 14.1032 54.6289 3.3867 0.0000 -0.0000 0.0000 15.6982 10.2466 -8.2704 -65.6739 57.6415 -39.0998 0.0000 -0.0000 -37.0698 -17.0874 -13.7446 4.1773 7.1250 -0.0000 -0.0000 9.4920 -44.1256 0.2068
-1.8342 18.5068 -0.1266 170.8410 -71.9214 -173.9130 0.0000 0.0000 0.0000 -16.7833 -1.9319 0.1391 1.5019 7.7408 21.9294 0.6140 9.5253 -21.1857 0.1493 -2.4902 -6.8625 0.0000 0.0000 0.0000 10.8994 22.7281 -8.1657 -2.9144 -10.5552 30.7942 -0.3193 -8.0455 -16.5032 -0.2400 3.1525 -8.7035 -7.3389 -1.4473 8.4488 -2.1962 -2.7360 2.4716 2.1059 -1.4148 -1.9342 -11.0941 -15.8009 1.6576 13.9974 -23.7796 12.2685 4.3269 -11.7467 6.4746 -0.0000 0.0000 0.0000 -34.2478 -0.2841 7.9136 120.0437 -56.2983 -85.6952 -0.0000 -0.0000 29.5945 41.3203 21.4129 17.7948 -7.1250 0.0000 -0.0000 14.2956 56.9751 4.2542 -0.0000 0.0000 0.0000 18.7471 7.7422 -3.5009 -89.7310 59.9997 -59.7670 0.0000 -0.0000 -38.8478 -3.0976 -1.5386 0.0833 7.1250 -0.0000 -0.0000 18.5319 -31.1591 6.5777
-1.6631 18.5223 0.0287 174.7680 -71.4824 -177.5160 0.0000 0.0000 0.0000 -15.4920 -1.4525 -0.9005 1.5156 7.7745 22.0311 0.6135 8.8349 -20.5493 0.1430 -2.4372 -6.7157 0.0000 0.0000 0.0000 11.3467 23.1056 -8.8385 -2.7712 -10.3151 30.0031 -0.2269 -7.5504 -14.7341 -0.2411 3.1596 -8.7234 -6.7532 -1.7348 8.6380 -1.5473 -3.0487 2.3468 2.4919 -1.5521 -2.1355 -11.4896 -14.7580 0.9897 13.2740 -22.3724 13.7100 4.2555 -11.0545 6.8142 -0.0000 0.0000 0.0000 -34.6615 0.2797 5.9278 121.7745 -55.8183 -87.1312 -0.0000 -0.0000 30.6316 40.9811 20.4087 16.8532 -7.1250 0.0000 -0.0000 13.8050 55.6804 3.6686 -0.0000 0.0000 0.0000 20.9406 10.0956 1.3903 -102.2908 59.4214 -70.6234 0.0000 -0.0000 -40.4868 11.4890 2.6272 0.5338 7.1250 -0.0000 -0.0000 28.1118 -26.7254 14.1330
-1.4989 18.5657 0.1913 177.2530 -71.3487 -179.7830 0.0000 0.0000 0.0000 -14.7819 -1.1171 -1.9783 1.5415 7.8376 22.2218 0.5801 8.3367 -19.7639 0.1224 -2.2558 -6.2131 0.0000 0.0000 0.0000 11.1224 23.9880 -8.3213 -2.4005 -9.6546 27.8655 -0.2156 -6.5065 -13.4838 -0.1098 2.1361 -5.8820 -6.4398 -1.4814 9.0260 -1.3020 -2.7094 2.0690 2.5622 -1.3554 -2.6732 -10.8513 -13.9635 -0.1934 12.3884 -21.3913 15.7746 3.8914 -10.5168 7.3786 0.0000 0.0000 0.0000 -34.0964 -0.8343 4.2305 122.4538 -55.6198 -87.6925 -0.0000 -0.0000 29.2767 41.2776 20.7279 17.2595 -7.1250 0.0000 -0.0000 14.1856 56.1403 3.9321 0.0000 0.0000 0.0000 24.4490 10.7320 4.2454 -98.4648 59.7275 -67.3240 0.0000 -0.0000 -42.2675 19.3531 5.8523 2.0511 7.1250 -0.0000 -0.0000 32.2133 -23.2664 20.1969
-1.3481 18.5943 0.3389 180.2120 -71.9527 -182.6620 0.0000 0.0000 0.0000 -14.1218 -2.2269 -2.2670 1.5372 7.8271 22.1901 0.5326 8.5472 -19.4580 0.1123 -2.1603 -5.9489 0.0000 0.0000 0.0000 11.0987 24.7399 -6.6370 -2.0036 -8.8736 25.4006 -0.4247 -4.1818 -14.5615 -0.2886 3.4548 -9.5477 -6.1714 -1.0276 8.8101 -0.8617 -2.0390 2.1424 2.7921 -1.0259 -2.5296 -10.6490 -13.0152 -1.9021 11.9442 -20.0980 17.4981 3.7340 -9.8020 8.0071 -0.0000 0.0000 0.0000 -33.1738 -3.0984 2.1366 121.4744 -55.9041 -86.8828 -0.0000 -0.0000 27.5050 40.3923 19.8286 16.0987 -7.1250 0.0000 -0.0000 13.0719 54.8361 3.1987 -0.0000 0.0000 0.0000 26.3713 9.7613 4.0452 -84.9628 59.9039 -55.6390 0.0000 -0.0000 -42.3916 16.3881 7.2667 2.1304 7.1250 -0.0000 -0.0000 30.1003 -22.2479 19.2259
-1.2028 18.6153 0.4382 177.1120 -73.1472 -179.6680 0.0000 0.0000 0.0000 -15.3059 -3.3340 -2.5126 1.4781 7.6818 21.7517 0.4510 8.6037 -18.6244 0.1090 -2.1288 -5.8618 0.0000 0.0000 0.0000 9.2359 24.6534 -5.3534 -1.8739 -8.5982 24.5465 -0.7993 0.1442 -16.8507 -0.4084 4.1023 -11.3645 -7.2091 -0.4783 8.6349 -1.3399 -1.4237 1.7577 2.8132 -0.6949 -2.8763 -10.4695 -11.4490 -3.5888 11.8220 -18.0185 19.3707 3.8148 -8.7138 8.6422 0.0000 -0.0000 0.0000 -30.7855 -5.8559 0.1598 117.4959 -56.9411 -83.5676 -0.0000 -0.0000 24.3805 40.5613 18.9059 15.5006 -7.1250 0.0000 -0.0000 13.2001 53.7616 2.8824 0.0000 -0.0000 0.0000 27.7784 7.4976 2.4603 -67.2813 57.9570 -40.4600 0.0000 -0.0000 -43.3378 3.4734 2.7906 0.1693 7.1250 -0.0000 -0.0000 22.5395 -26.9054 10.6934
-1.0391 18.6162 0.4759 178.1830 -74.9961 -180.4680 0.0000 0.0000 0.0000 -14.7877 -4.8248 -3.5636 1.5329 7.8165 22.1581 0.3813 8.2151 -17.4409 0.1371 -2.3864 -6.5747 0.0000 0.0000 0.0000 9.1232 22.1923 -4.7743 -2.0056 -8.8777 25.4135 -1.1065 -0.5085 -20.0751 -0.2511 3.2245 -8.9044 -8.0753 -0.0030 7.3188 -0.5901 -0.6927 1.9050 3.9863 -0.3535 -2.0394 -10.5363 -9.2831 -5.4601 11.3513 -14.6573 20.1983 4.0204 -7.0534 8.8037 -0.0000 0.0000 0.0000 -29.9757 -10.5661 -2.5665 109.3810 -58.5320 -76.7017 -0.0000 -0.0000 23.3655 39.5874 18.3936 14.6238 -7.1250 0.0000 -0.0000 12.0736 52.9174 2.3797 -0.0000 0.0000 0.0000 26.0937 7.5524 -2.4840 -47.1448 51.7770 -23.9121 0.0000 -0.0000 -45.9466 -4.5301 -0.4869 0.0386 7.1250 -0.0000 -0.0000 17.2453 -30.2001 6.4965
-0.8559 18.6118 0.4789 179.6540 -76.8680 -182.2310 0.0000 0.0000 0.0000 -14.1622 -6.2703 -3.8197 1.5579 7.8772 22.3418 0.3698 7.4729 -16.5841 0.0888 -1.9222 -5.2907 0.0000 0.0000 0.0000 9.8278 19.8071 -3.2097 -2.3711 -9.5997 27.6898 -1.2788 -4.7507 -23.5533 -0.1295 2.3200 -6.3909 -7.3547 0.6218 7.2498 -1.0657 0.1765 1.7895 3.0096 0.0851 -2.2311 -9.0648 -6.9650 -7.4923 11.7280 -11.6164 21.3737 4.2345 -5.3906 9.1306 -0.0000 -0.0000 0.0000 -26.5368 -15.1420 -5.1726 97.4678 -59.7882 -66.4627 -0.0000 -0.0000 22.4894 40.8156 18.5164 15.3376 -7.1250 0.0000 -0.0000 13.4560 53.3478 2.8027 -0.0000 -0.0000 0.0000 25.3437 8.0554 -10.8220 -32.8212 43.1921 -13.2995 0.0000 -0.0000 -46.9982 -12.6578 -5.2321 1.1733 7.1250 -0.0000 -0.0000 11.6247 -35.1445 2.8628
-0.6595 18.5959 0.4444 181.4990 -78.6101 -184.3980 0.0000 0.0000 0.0000 -13.3493 -6.9474 -4.5228 1.6045 7.9886 22.6793 0.3490 6.3159 -15.2460 0.0602 -1.5837 -4.3564 0.0000 0.0000 0.0000 10.4950 16.9583 -2.0136 -2.8819 -10.5013 30.6160 -1.0037 -7.9937 -23.4203 -0.0502 1.4453 -3.9750 -6.1422 1.2542 7.1609 -1.6144 1.0952 1.8752 1.6800 0.5293 -2.1594 -8.1660 -4.5494 -9.4668 12.9457 -8.4991 21.8680 4.8685 -3.6560 9.3107 -0.0000 0.0000 0.0000 -22.9290 -19.5882 -8.3162 82.7179 -59.7987 -53.6978 -0.0000 -0.0000 21.1328 41.1633 18.1764 15.2554 -7.1250 0.0000 -0.0000 13.8159 53.0138 2.7659 -0.0000 0.0000 0.0000 23.0738 9.8885 -25.1878 -23.9230 35.0827 -7.6623 0.0000 -0.0000 -44.7104 -23.8559 -8.8046 3.8723 7.1250 -0.0000 -0.0000 2.6645 -39.5787 0.3563
-0.4513 18.5870 0.3671 183.8990 -80.1533 -187.3280 0.0000 0.0000 0.0000 -12.4973 -7.5644 -4.8760 1.6312 8.0516 22.8709 0.3135 5.5371 -14.0613 0.0553 -1.5179 -4.1752 0.0000 0.0000 0.0000 11.3632 14.9709 -0.2494 -3.4254 -11.3537 33.4822 -0.7398 -9.1315 -22.0194 -0.0032 0.3627 -0.9967 -5.3503 1.6276 7.5336 -1.7879 1.6140 1.7796 0.9998 0.7929 -2.4789 -6.3210 -1.5367 -10.9564 12.8600 -4.5337 22.7191 5.0027 -1.5764 9.3548 -0.0000 -0.0000 0.0000 -20.7515 -22.5443 -11.1828 68.3165 -58.1467 -41.3384 -0.0000 -0.0000 19.9919 40.4755 16.5223 13.6408 -7.1250 0.0000 -0.0000 12.9065 50.8336 1.8821 -0.0000 -0.0000 0.0000 18.6067 13.0415 -43.1285 -19.5380 30.0817 -5.2978 0.0000 -0.0000 -40.6032 -28.7200 -10.1134 5.4958 7.1250 -0.0000 -0.0000 -1.5205 -41.4715 -0.1324
-0.2398 18.5626 0.2433 182.4610 -81.4788 -186.0610 0.0000 0.0000 0.0000 -12.2061 -7.9114 -5.8171 1.6511 8.0980 23.0120 0.2427 5.0075 -12.5021 0.1722 -2.6732 -7.3703 0.0000 0.0000 0.0000 11.6031 13.7437 1.2267 -3.9278 -12.0637 35.9577 -0.6667 -8.1796 -20.5027 -0.0160 -0.8169 2.2453 -4.8986 2.2154 7.3654 -1.9776 2.4330 1.6298 0.4724 1.2021 -2.5605 -4.0055 0.9563 -11.5943 11.6024 -1.1425 23.1040 4.5416 0.1330 9.2230 0.0000 -0.0000 0.0000 -19.6123 -25.5996 -13.7386 55.3191 -54.9278 -30.4770 -0.0000 -0.0000 19.9154 39.5316 17.9473 14.2678 -7.1250 0.0000 -0.0000 11.9875 52.3658 2.1992 0.0000 -0.0000 0.0000 12.0052 16.1612 -61.3067 -18.1108 28.2989 -4.6017 0.0000 -0.0000 -35.4724 -31.2579 -9.7962 5.8965 7.1250 -0.0000 -0.0000 -3.8098 -41.3689 -0.3418
-0.0182 18.5197 0.0867 182.1060 -82.3445 -185.7750 0.0000 0.0000 0.0000 -11.5163 -8.4256 -6.7961 1.7000 8.2112 23.3573 0.2024 4.7502 -11.5815 0.1965 -2.8543 -7.8735 0.0000 0.0000 0.0000 12.2859 13.1484 2.9578 -4.2036 -12.4265 37.2581 -0.7314 -6.1692 -19.5539 -0.0042 -0.4182 1.1491 -3.7869 2.4983 7.0494 -2.3306 2.8994 1.3950 -0.5484 1.4315 -2.5756 -1.9254 3.0596 -11.7722 10.4807 1.6092 23.7551 4.1065 1.5090 9.2803 0.0000 0.0000 0.0000 -18.5038 -26.9998 -15.8298 45.5070 -51.0144 -22.6322 -0.0000 -0.0000 18.7761 37.9777 15.0856 11.4848 -7.1250 0.0000 -0.0000 10.2114 48.5886 0.9126 0.0000 0.0000 0.0000 3.4341 20.6435 -76.7180 -17.4118 27.3974 -4.2751 0.0000 -0.0000 -32.7905 -32.7315 -9.0741 5.7884 7.1250 -0.0000 -0.0000 -5.1374 -40.6771 -0.5493
0.2207 18.4529 -0.0971 188.0100 -82.6188 -191.7160 0.0000 0.0000 0.0000 -9.6833 -8.3728 -8.1872 1.8169 8.4738 24.1628 0.1891 3.9811 -10.6650 0.2364 -3.1289 -8.6378 0.0000 0.0000 0.0000 14.2569 13.1749 5.1631 -4.1611 -12.3718 37.0602 -0.6972 -5.0824 -18.4303 -0.0049 0.4522 -1.2425 -1.6606 2.6736 6.8276 -2.2918 3.3127 1.1656 -1.7261 1.6313 -2.5784 -0.5606 4.8029 -11.1494 9.5286 4.0155 23.9050 3.7771 2.6523 9.1045 0.0000 0.0000 0.0000 -18.5298 -27.3579 -17.1761 38.2959 -47.0273 -17.1818 -0.0000 -0.0000 16.6971 38.2870 15.6705 12.0361 -7.1250 0.0000 -0.0000 10.5526 49.3543 1.1445 0.0000 0.0000 0.0000 -6.0505 25.1976 -85.9128 -18.5275 28.8273 -4.8009 0.0000 -0.0000 -35.2215 -33.4802 -7.8960 5.1916 7.1250 -0.0000 -0.0000 -5.7885 -39.3577 -0.8080
0.4902 18.3777 -0.3232 188.2910 -82.6058 -192.0770 0.0000 0.0000 0.0000 -8.5560 -8.8159 -9.2134 1.8984 8.6512 24.7103 0.1449 4.2049 -9.9765 0.2342 -3.1150 -8.5990 0.0000 0.0000 0.0000 15.6271 13.7211 7.2769 -3.9435 -12.0848 36.0328 -0.9064 -3.0121 -19.3134 -0.0217 0.9516 -2.6158 -0.3234 3.1548 6.8275 -2.4451 4.0502 0.9975 -2.7000 1.9899 -2.6352 -0.0751 5.3649 -11.4722 9.7706 4.6010 24.3787 3.8734 3.0081 9.3079 0.0000 -0.0000 0.0000 -18.2432 -27.8618 -18.2423 33.7062 -43.8659 -13.9091 -0.0000 -0.0000 16.1807 36.4658 16.8834 12.1139 -7.1250 0.0000 -0.0000 8.6891 50.4550 1.1759 0.0000 -0.0000 0.0000 -15.2999 28.9240 -87.8664 -20.2953 30.9964 -5.6826 0.0000 -0.0000 -34.7581 -33.8739 -7.7655 5.1829 7.1250 -0.0000 -0.0000 -6.1309 -39.2371 -0.8744
0.7894 18.3004 -0.5835 190.6260 -82.4621 -194.3620 0.0000 0.0000 0.0000 -6.9227 -9.7447 -10.0654 1.9329 8.7248 24.9383 0.1106 4.6573 -9.6738 0.1084 -2.1228 -5.8451 0.0000 0.0000 0.0000 17.5597 14.3706 9.1302 -3.5808 -11.5807 34.2642 -1.1895 -3.0596 -21.9115 -0.1790 2.7255 -7.5153 1.1059 3.5380 6.6190 -2.1141 4.6888 1.0619 -3.1887 2.3072 -2.3379 0.5027 5.4778 -11.7769 8.4809 4.9109 25.0939 3.4084 3.0807 9.6613 -0.0000 -0.0000 0.0000 -19.6443 -28.2764 -19.7054 30.5365 -41.3488 -11.7625 -0.0000 -0.0000 16.4203 37.1031 15.3780 11.3420 -7.1250 0.0000 -0.0000 9.3327 48.7805 0.8772 -0.0000 -0.0000 0.0000 -25.0083 32.5766 -84.9295 -22.7970 33.8661 -7.0248 0.0000 -0.0000 -31.6439 -33.8921 -6.4174 4.2940 7.1250 -0.0000 -0.0000 -6.1070 -37.6329 -1.1124
1.1154 18.2302 -0.8863 190.9600 -82.6482 -194.5260 0.0000 0.0000 0.0000 -5.4823 -9.8819 -11.0849 1.8251 8.4919 24.2183 0.0280 5.0864 -8.1083 0.1093 -2.1314 -5.8690 0.0000 0.0000 0.0000 18.9068 14.7278 10.0040 -3.1381 -10.9154 31.9950 -1.5585 -4.0208 -25.3215 -0.2872 3.4467 -9.5250 2.0058 3.6197 6.6121 -1.8474 4.8760 1.0509 -3.4280 2.3987 -2.2819 -0.4172 5.2578 -11.3839 8.8116 4.7682 24.7162 3.6281 2.9621 9.4124 0.0000 -0.0000 0.0000 -21.3435 -27.1020 -19.7898 29.7240 -40.6556 -11.2293 -0.0000 -0.0000 15.3554 38.0490 15.4155 11.7525 -7.1250 0.0000 -0.0000 10.2977 49.0008 1.0259 0.0000 -0.0000 0.0000 -34.5830 37.0154 -80.8237 -25.9849 37.1938 -8.8785 0.0000 -0.0000 -27.7555 -33.2361 -4.8005 3.1389 7.1250 -0.0000 -0.0000 -5.4939 -35.6688 -1.2645
1.4569 18.1771 -1.2289 191.8240 -82.7525 -195.2780 0.0000 0.0000 0.0000 -3.9556 -11.4887 -10.7129 1.5513 7.8611 22.2930 -0.0963 7.1525 -7.4855 0.0087 -0.6033 -1.6578 0.0000 0.0000 0.0000 20.2407 14.7444 10.1338 -2.8213 -10.4000 30.2819 -1.8864 -4.2163 -27.7349 -0.2217 3.0308 -8.3646 3.0136 3.7163 6.7108 -1.7465 5.0832 1.1090 -3.9035 2.4997 -2.1828 0.4168 4.8637 -11.6292 7.2952 4.3586 25.4106 2.9568 2.6861 9.8003 -0.0000 0.0000 0.0000 -22.7244 -26.3655 -20.3225 29.4089 -40.3813 -11.0246 -0.0000 -0.0000 15.5631 38.4812 16.0184 12.3719 -7.1250 0.0000 -0.0000 10.7692 49.8129 1.2911 -0.0000 0.0000 0.0000 -43.4063 42.0650 -75.9501 -29.8162 40.7353 -11.2895 0.0000 -0.0000 -23.1529 -32.2125 -4.9976 3.1415 7.1250 -0.0000 -0.0000 -4.6407 -35.8484 -1.0466
1.8174 18.1406 -1.5568 189.5480 -83.0863 -193.0650 0.0000 0.0000 0.0000 -3.2072 -13.8019 -9.5561 1.2502 7.0889 19.9790 -0.2193 9.1701 -7.5878 0.0116 0.6955 1.9114 0.0000 0.0000 0.0000 20.8017 14.7909 9.8092 -2.6525 -10.1100 29.3337 -2.2236 -3.0774 -29.4074 -0.0795 1.8185 -5.0043 3.6660 3.7826 6.9819 -1.5986 5.2275 1.2692 -4.1371 2.5717 -2.1102 -0.4534 3.9199 -11.2968 6.8587 3.3347 25.4218 2.8262 2.0742 9.7665 0.0000 -0.0000 0.0000 -24.3982 -25.7222 -20.2842 29.6707 -40.6094 -11.1946 -0.0000 -0.0000 15.2483 39.3856 16.0311 12.7744 -7.1250 0.0000 -0.0000 11.7138 50.0078 1.4637 0.0000 -0.0000 0.0000 -53.0079 48.3434 -72.6724 -33.5425 43.7429 -13.7957 0.0000 -0.0000 -17.9007 -33.3005 -3.6666 2.4055 7.1250 -0.0000 -0.0000 -5.5023 -34.3243 -1.4471
2.1732 18.1361 -1.8549 188.2950 -83.1654 -191.6620 0.0000 0.0000 0.0000 -2.3516 -15.8825 -9.0064 1.0829 6.6140 18.5766 -0.1353 9.7701 -11.3268 0.1627 2.5987 7.1635 0.0000 0.0000 0.0000 21.1258 14.6336 8.7388 -2.5375 -9.9057 28.6719 -2.3239 -1.8435 -29.5339 -0.0226 0.9702 -2.6669 4.6152 3.7881 6.9451 -1.3409 5.3041 1.4966 -4.3883 2.6187 -1.7841 -1.5407 2.8533 -10.5119 6.0444 2.3091 24.8944 2.5794 1.3977 9.4629 -0.0000 -0.0000 0.0000 -26.0413 -24.6779 -20.2036 30.5109 -41.3273 -11.7456 -0.0000 -0.0000 14.8974 39.7276 16.6308 13.3789 -7.1250 0.0000 -0.0000 12.1161 50.8092 1.7564 -0.0000 -0.0000 0.0000 -64.4688 55.9888 -72.8440 -36.4701 45.8338 -15.8588 0.0000 -0.0000 -14.1649 -32.8687 -2.8758 1.8568 7.1250 -0.0000 -0.0000 -5.1135 -33.3712 -1.4626
2.5011 18.1895 -2.1141 182.6880 -82.5938 -185.9400 0.0000 0.0000 0.0000 -2.5791 -16.2842 -8.7688 1.0051 6.3793 17.8890 -0.0709 12.6100 -16.9970 0.0825 1.8532 5.1002 0.0000 0.0000 0.0000 21.0465 15.2489 7.7798 -2.4655 -9.7749 28.2509 -2.2639 -1.2539 -28.9379 -0.0080 0.5779 -1.5881 4.8657 3.6965 6.6916 -0.9706 5.1914 1.6672 -4.1090 2.5727 -1.4910 -2.9581 1.6269 -10.3148 4.8042 1.1827 24.9103 2.2668 0.6032 9.4779 0.0000 -0.0000 0.0000 -28.1471 -22.4974 -20.4897 31.6970 -42.3043 -12.5364 -0.0000 -0.0000 14.7644 40.0893 16.6460 13.5568 -7.1250 0.0000 -0.0000 12.5036 50.9036 1.8434 0.0000 -0.0000 0.0000 -81.2663 66.2800 -81.4376 -39.1297 47.5458 -17.7944 0.0000 -0.0000 -9.3055 -29.3019 -1.3479 0.7564 7.1250 -0.0000 -0.0000 -2.1852 -31.5208 -0.7208
2.8110 18.2570 -2.3169 179.2520 -81.6078 -182.3670 0.0000 0.0000 0.0000 -3.0818 -15.3870 -8.8500 1.0292 6.4530 18.1047 0.2143 15.8068 -24.4280 0.1062 2.1013 5.7857 0.0000 0.0000 0.0000 20.7487 15.8488 5.8943 -2.6098 -10.0348 29.0896 -2.1136 0.0792 -27.5139 -0.0006 -0.1642 0.4512 5.3397 3.8268 6.5693 -0.8356 5.3905 1.7305 -4.2303 2.6783 -1.3051 -4.1180 -0.0933 -9.7987 3.8514 -0.7967 24.7370 1.9131 -0.5381 9.4133 0.0000 -0.0000 0.0000 -29.5422 -20.8654 -20.8585 32.8264 -43.1961 -13.3031 -0.0000 -0.0000 15.0933 40.2293 16.7884 13.7306 -7.1250 0.0000 -0.0000 12.6649 51.1075 1.9319 0.0000 -0.0000 0.0000 -114.3467 76.5979 -108.3820 -40.8517 48.5665 -19.0753 0.0000 -0.0000 -7.1910 -29.2453 0.7239 -0.4053 7.1250 -0.0000 -0.0000 -2.0935 -29.1474 -0.8092
3.0929 18.3467 -2.4688 167.5550 -80.4571 -170.4020 0.0000 0.0000 0.0000 -5.6247 -12.0437 -9.5895 1.0568 6.5365 18.3492 0.4162 15.9189 -26.2593 0.0350 1.2071 3.3188 0.0000 0.0000 0.0000 18.8290 16.9914 4.0990 -2.7694 -10.3120 29.9930 -2.0244 0.7343 -26.7205 -0.0063 -0.5137 1.4117 4.1791 4.0486 6.2857 -1.2601 5.5873 1.8299 -4.0073 2.7857 -1.0933 -5.2278 -2.4238 -9.6646 2.7450 -3.5923 24.4681 1.4086 -2.0569 9.4323 -0.0000 0.0000 0.0000 -30.6088 -19.4181 -21.8085 33.9973 -44.0827 -14.1112 -0.0000 -0.0000 16.2614 39.8036 15.7421 12.7389 -7.1250 0.0000 -0.0000 12.1306 49.7381 1.4358 -0.0000 0.0000 0.0000 171.5890 76.7126 -178.5490 -39.6361 47.8528 -18.1690 0.0000 -0.0000 -5.1196 -27.7781 1.4943 -0.7870 7.1250 -0.0000 -0.0000 -0.9328 -28.2904 -0.3793
3.3558 18.4234 -2.6176 160.0430 -79.8055 -162.6140 0.0000 0.0000 0.0000 -7.5102 -10.1137 -10.0000 1.1482 6.8040 19.1359 0.0885 14.9220 -22.0970 0.0000 -0.0134 -0.0369 0.0000 0.0000 0.0000 17.6976 18.2277 2.9834 -2.8358 -10.4244 30.3621 -1.9400 0.4883 -26.2221 -0.0076 -0.5612 1.5422 3.0028 4.5530 6.0123 -1.7719 6.1547 2.2858 -3.8625 3.0849 -0.4832 -7.0547 -5.8867 -8.7594 3.4149 -8.1517 21.8805 1.4614 -4.2356 8.6936 0.0000 -0.0000 0.0000 -30.2062 -19.5837 -22.5465 35.1316 -44.9059 -14.9062 -0.0000 -0.0000 16.2894 39.7749 15.8791 12.8308 -7.1250 0.0000 -0.0000 12.1112 49.9003 1.4823 0.0000 -0.0000 0.0000 137.6011 66.5118 149.4812 -35.5494 45.2005 -15.2019 0.0000 -0.0000 -4.2680 -27.3387 0.8851 -0.4575 7.1250 -0.0000 -0.0000 -0.6013 -28.9832 -0.2346
3.6360 18.4592 -2.7344 157.1770 -79.5310 -159.0330 0.0000 0.0000 0.0000 -8.3054 -7.4994 -11.9585 1.4443 7.5973 21.4975 0.0411 10.9786 -16.2225 0.0897 -1.9318 -5.3173 0.0000 0.0000 0.0000 17.0605 19.1020 0.9652 -2.9566 -10.6244 31.0234 -1.8373 0.4926 -25.5084 -0.0062 -0.5104 1.4026 1.7638 4.9120 6.2263 -1.7526 6.5507 2.6148 -3.1833 3.2739 -0.3708 -9.7448 -9.7340 -7.5939 5.2993 -13.3154 18.6854 1.9899 -6.6709 8.0408 -0.0000 0.0000 0.0000 -29.6140 -19.4912 -23.5863 36.1319 -45.6036 -15.6166 -0.0000 -0.0000 16.1414 39.7078 15.6877 12.6557 -7.1250 0.0000 -0.0000 12.0264 49.6525 1.3975 -0.0000 0.0000 0.0000 123.5545 55.7854 136.7662 -30.2903 41.1409 -11.6001 0.0000 -0.0000 -3.2337 -26.3674 -0.4277 0.2120 7.1250 -0.0000 -0.0000 0.1572 -30.4572 0.0558
3.8817 18.4694 -2.7939 160.9040 -80.5521 -161.6980 0.0000 0.0000 0.0000 -7.4464 -5.7961 -14.5833 2.0327 8.9338 25.5885 0.2445 6.4265 -13.8514 0.2291 -3.0806 -8.5032 0.0000 0.0000 0.0000 17.8185 19.4173 -0.9997 -2.9817 -10.6654 31.1596 -1.7382 0.7001 -24.7382 -0.0536 -1.4946 4.1108 1.7684 5.1948 6.1617 -1.2025 6.9324 2.7640 -2.6288 3.4641 -0.2242 -12.3565 -13.4528 -4.4497 8.2869 -18.5960 14.0432 2.9255 -9.1859 6.9474 -0.0000 0.0000 0.0000 -28.9201 -18.9838 -23.5874 37.3500 -46.4191 -16.4931 -0.0000 -0.0000 15.9261 40.3568 14.4616 11.9812 -7.1250 0.0000 -0.0000 12.5900 48.2676 1.0301 -0.0000 0.0000 0.0000 112.6164 47.6647 127.4677 -25.5404 36.7513 -8.6112 0.0000 -0.0000 -3.1952 -21.0277 2.1171 -0.8136 7.1250 -0.0000 -0.0000 4.2802 -27.7039 1.8043
4.1141 18.4939 -2.8156 157.3360 -81.6352 -157.0880 0.0000 0.0000 0.0000 -7.9843 -4.8974 -16.5676 2.6774 10.1535 29.4752 0.2695 6.1023 -13.9194 0.3657 -3.8843 -10.7515 0.0000 0.0000 0.0000 17.1768 19.5646 -2.9601 -2.9995 -10.6942 31.2553 -1.6739 0.5523 -24.3143 -0.0766 -1.7858 4.9139 0.2700 4.8601 5.9433 -0.8123 6.4070 2.8537 -1.3628 3.1831 -0.2531 -12.9204 -15.6705 -2.7652 9.1491 -21.6335 11.2919 3.0646 -10.6820 6.2648 0.0000 -0.0000 0.0000 -28.1601 -16.4610 -24.0554 38.8618 -47.3809 -17.5970 -0.0000 -0.0000 15.9363 40.0771 15.1060 12.3677 -7.1250 0.0000 -0.0000 12.3624 49.0105 1.2400 0.0000 -0.0000 0.0000 101.5441 40.4694 118.4256 -23.1225 34.2225 -7.2071 0.0000 -0.0000 -4.3069 -17.0316 1.0062 -0.3082 7.1250 -0.0000 -0.0000 7.4251 -28.8935 2.9356
4.2867 18.5387 -2.8079 147.3850 -82.4428 -147.5760 0.0000 0.0000 0.0000 -9.6651 -4.3819 -15.3674 3.0896 10.8387 31.7379 0.1373 9.4423 -15.5995 0.4396 -4.2544 -11.7936 0.0000 0.0000 0.0000 16.2974 19.2718 -2.7725 -2.9388 -10.5953 30.9270 -1.6364 -0.0567 -24.2321 -0.0763 -1.7825 4.9049 -1.9015 4.4039 6.6972 -0.9029 5.6419 3.3660 -0.2586 2.7661 -0.3604 -13.1612 -17.4844 -2.0089 10.8513 -24.3155 9.9846 3.3134 -11.9391 6.2689 -0.0000 0.0000 0.0000 -27.2481 -13.1400 -24.9777 41.2705 -48.8049 -19.3899 -0.0000 -0.0000 16.1713 39.7660 15.5559 12.5804 -7.1250 0.0000 -0.0000 12.0770 49.5025 1.3585 -0.0000 0.0000 0.0000 92.0683 33.5941 107.8725 -20.6649 31.4351 -5.8742 0.0000 -0.0000 -7.3091 -13.6784 1.4109 -0.3433 7.1250 -0.0000 -0.0000 9.9812 -28.4708 4.0726
4.4557 18.5661 -2.7660 140.2140 -84.2054 -139.9640 0.0000 0.0000 0.0000 -9.5686 -1.9245 -16.3443 3.6229 11.6410 34.4735 0.2959 9.2181 -17.4339 0.0305 -1.1272 -3.0987 0.0000 0.0000 0.0000 16.4269 18.9452 -3.3749 -2.8333 -10.4201 30.3482 -1.5972 -1.1538 -24.3327 -0.1155 -2.1911 6.0340 -2.9115 3.5948 6.7273 -0.7351 4.5049 3.5139 0.5566 2.1811 -0.3022 -13.5514 -18.1956 -1.2514 13.0354 -25.5636 8.8173 3.8889 -12.5137 6.2762 -0.0000 -0.0000 0.0000 -26.5897 -9.4693 -25.8676 44.0891 -50.3144 -21.5355 -0.0000 -0.0000 15.5950 39.8570 16.8380 13.5948 -7.1250 0.0000 -0.0000 12.2692 51.0890 1.8644 -0.0000 -0.0000 0.0000 82.8190 27.2799 94.4079 -18.0844 28.2650 -4.5891 0.0000 -0.0000 -10.3220 -9.8019 1.9242 -0.3324 7.1250 -0.0000 -0.0000 12.8872 -27.9401 5.4752
4.5917 18.6101 -2.6879 127.4670 -85.3098 -126.8960 0.0000 0.0000 0.0000 -10.2389 -3.2094 -14.5854 3.8022 11.8924 35.3523 0.2510 10.9421 -18.8340 0.0148 -0.7844 -2.1557 0.0000 0.0000 0.0000 16.0742 18.6597 -3.6891 -2.7110 -10.2119 29.6656 -1.5331 -2.6019 -24.4525 -0.0967 -2.0056 5.5212 -4.1462 3.2140 6.7678 -0.6022 3.9247 3.5138 1.4179 1.8766 -0.3945 -13.9769 -18.6891 -0.8051 14.1477 -26.4080 8.4208 4.1613 -12.9183 6.4062 -0.0000 -0.0000 0.0000 -26.6100 -6.8870 -26.4695 46.3760 -51.4251 -23.3096 -0.0000 -0.0000 14.8241 39.7677 17.6000 14.1244 -7.1250 0.0000 -0.0000 12.2247 51.9969 2.1323 -0.0000 -0.0000 0.0000 73.9917 21.0728 73.8133 -14.7398 23.7824 -3.1202 0.0000 -0.0000 -10.1139 -9.9676 -0.1946 0.0342 7.1250 -0.0000 -0.0000 13.0233 -30.0381 4.8684
4.7143 18.6204 -2.5583 105.9090 -86.5080 -105.3940 0.0000 0.0000 0.0000 -10.3466 -3.8850 -12.5001 3.8397 11.9440 35.5342 0.2701 9.2423 -17.1396 0.0527 -1.4808 -4.0728 0.0000 0.0000 0.0000 16.0900 18.0525 -3.6542 -2.6197 -10.0524 29.1466 -1.5070 -3.8652 -24.8582 -0.1001 -2.0400 5.6162 -4.5087 2.4826 7.2616 -0.4820 2.9035 3.3775 1.7992 1.3721 -0.7741 -14.5606 -18.6158 -0.3055 14.9751 -26.4714 8.2800 4.4940 -12.9645 6.4881 -0.0000 0.0000 0.0000 -26.6106 -3.8650 -27.3222 48.0820 -52.1920 -24.6505 -0.0000 -0.0000 14.6439 38.8819 18.1758 14.1191 -7.1250 0.0000 -0.0000 11.2863 52.4983 2.1046 -0.0000 0.0000 0.0000 66.5108 16.8264 47.1648 -11.0549 18.3723 -1.7932 0.0000 -0.0000 -9.9400 -12.1049 -1.8543 0.3976 7.1250 -0.0000 -0.0000 11.5726 -31.7378 3.8230
4.8173 18.6195 -2.4020 75.3925 -87.2762 -74.7619 0.0000 0.0000 0.0000 -10.2128 -5.2368 -10.0604 3.7220 11.7810 34.9615 0.2509 6.5509 -14.0703 0.4093 -4.1070 -11.3779 0.0000 0.0000 0.0000 16.4968 18.0672 -3.5037 -2.5265 -9.8859 28.6082 -1.4745 -5.5575 -25.5332 -0.0911 -1.9465 5.3578 -4.4324 1.6499 7.2470 -0.1793 1.8123 3.3703 2.1606 0.8273 -0.7094 -15.3146 -18.5418 -0.4067 15.5381 -26.4340 8.3269 4.7215 -12.9369 6.6976 -0.0000 0.0000 0.0000 -27.2852 -0.9924 -28.5330 49.7320 -52.8869 -25.9603 -0.0000 -0.0000 13.6182 39.3064 16.6337 13.1892 -7.1250 0.0000 -0.0000 11.6683 50.7253 1.6657 -0.0000 0.0000 0.0000 57.6930 15.9438 12.2753 -8.2626 13.9776 -1.0146 0.0000 -0.0000 -6.5071 -16.1831 -4.8827 1.4150 7.1250 -0.0000 -0.0000 8.6865 -34.9564 2.1631
4.9198 18.6096 -2.2123 45.4632 -86.8415 -44.4397 0.0000 0.0000 0.0000 -10.6070 -6.8524 -7.9222 3.4759 11.4283 33.7383 0.2755 2.3588 -11.0686 1.4643 -7.6474 -21.6482 0.0000 0.0000 0.0000 16.3363 18.4511 -3.8078 -2.5096 -9.8553 28.5095 -1.3507 -7.5955 -25.8884 -0.0324 -1.1625 3.1961 -4.2733 0.8429 6.8877 -0.1737 0.7751 3.1679 2.1630 0.3175 -0.6444 -15.6300 -18.5399 0.0063 15.8307 -26.5295 8.2999 4.8621 -13.0060 6.7217 -0.0000 -0.0000 0.0000 -27.6304 1.4317 -29.4484 51.1727 -53.4576 -27.1135 -0.0000 -0.0000 13.0233 39.4623 16.4436 13.1177 -7.1250 0.0000 -0.0000 11.8217 50.5261 1.6297 -0.0000 -0.0000 0.0000 48.1624 14.6596 -16.3883 -9.6295 16.1579 -1.3700 0.0000 -0.0000 -12.8707 -20.7117 -5.7410 2.1660 7.1250 -0.0000 -0.0000 5.0351 -36.0759 1.1081
5.0005 18.6119 -1.9963 33.1098 -86.1737 -31.8920 0.0000 0.0000 0.0000 -11.6334 -8.1087 -5.3850 3.0690 10.8060 31.6282 0.3779 0.1485 -11.6677 1.7328 -8.2857 -23.5854 0.0000 0.0000 0.0000 15.8986 19.0505 -3.7245 -2.4687 -9.7807 28.2694 -1.2740 -9.1734 -26.4425 -0.0273 -1.0675 2.9346 -4.0716 0.0213 6.4286 -0.2932 -0.2787 2.9291 2.0023 -0.1997 -0.5651 -15.8189 -18.4738 0.7587 15.7979 -26.5855 8.5310 4.9330 -13.0802 6.7006 -0.0000 0.0000 0.0000 -28.0365 3.8662 -30.2738 52.5354 -53.9682 -28.2119 -0.0000 -0.0000 12.6744 39.3387 16.4667 13.0794 -7.1250 0.0000 -0.0000 11.6924 50.5289 1.6122 -0.0000 0.0000 0.0000 38.0878 16.4814 -40.6362 -11.4401 18.9597 -1.9165 0.0000 -0.0000 -15.9646 -23.8109 -5.8490 2.5748 7.1250 -0.0000 -0.0000 2.4469 -36.3593 0.5203
5.0745 18.6073 -1.7695 20.5128 -86.0425 -18.9043 0.0000 0.0000 0.0000 -11.9828 -9.6338 -3.0803 2.4487 9.7441 28.1519 0.5352 1.2473 -14.3266 2.0174 -8.9022 -25.4898 0.0000 0.0000 0.0000 15.8431 19.6518 -3.9359 -2.4154 -9.6824 27.9541 -1.1854 -10.3010 -26.6620 -0.0189 -0.8879 2.4404 -3.5350 -0.6345 5.5815 -0.1420 -1.0735 2.5822 1.8988 -0.5843 -0.4082 -15.5617 -18.3783 1.2454 15.5388 -26.6177 9.1537 4.8599 -13.1197 6.7506 0.0000 -0.0000 0.0000 -28.6417 5.3922 -31.0187 53.7687 -54.4068 -29.2122 -0.0000 -0.0000 12.3775 39.3080 16.6289 13.1863 -7.1250 0.0000 -0.0000 11.6698 50.7197 1.6643 0.0000 -0.0000 0.0000 26.7027 18.0264 -49.6839 -13.7492 22.3750 -2.7319 0.0000 -0.0000 -20.6002 -27.0090 -5.1891 2.6395 7.1250 -0.0000 -0.0000 -0.2731 -35.7998 -0.0617
5.1724 18.5826 -1.5364 31.5813 -85.7831 -30.7467 0.0000 0.0000 0.0000 -14.2237 -9.6768 -0.2853 1.9220 8.7017 24.8667 0.6257 2.6520 -16.1376 1.5796 -7.9293 -22.4996 0.0000 0.0000 0.0000 14.3338 19.6482 -3.5031 -2.4734 -9.7893 28.2972 -1.1408 -10.6067 -26.5789 -0.0049 -0.4523 1.2428 -4.3746 -0.8554 6.1225 -0.5219 -1.4492 2.4961 2.0120 -0.7696 -0.7630 -13.8455 -18.5911 1.2970 13.5314 -26.7595 10.0118 4.0812 -13.2045 6.5106 0.0000 -0.0000 0.0000 -28.6411 5.5330 -31.3326 54.0706 -54.5109 -29.4578 -0.0000 -0.0000 11.9705 39.1737 16.6014 13.1052 -7.1250 0.0000 -0.0000 11.5257 50.6587 1.6258 0.0000 -0.0000 0.0000 15.5633 20.9115 -59.6231 -16.7393 26.5128 -3.9702 0.0000 -0.0000 -21.4839 -26.1830 -5.1984 2.5508 7.1250 -0.0000 -0.0000 0.4190 -35.7684 0.0951
5.2815 18.5609 -1.3234 18.8726 -85.6906 -17.8830 0.0000 0.0000 0.0000 -14.1016 -9.6763 -0.3555 1.8105 8.4597 24.1192 0.7256 2.7185 -17.2993 1.4540 -7.6219 -21.5713 0.0000 0.0000 0.0000 14.4590 19.9748 -3.8001 -2.4515 -9.7491 28.1681 -1.0139 -11.8415 -26.6889 -0.0004 -0.1284 0.3529 -3.4864 -1.3144 5.7118 -0.5529 -1.9884 2.1308 1.5116 -1.0216 -0.9079 -13.6167 -18.8673 1.9173 13.7604 -27.3957 10.5256 4.0667 -13.5280 6.6647 0.0000 -0.0000 0.0000 -28.0568 4.9552 -31.1112 53.9873 -54.4823 -29.3900 -0.0000 -0.0000 11.6859 39.4215 16.7138 13.3011 -7.1250 0.0000 -0.0000 11.7956 50.8465 1.7197 0.0000 -0.0000 0.0000 4.9123 25.3042 -69.6360 -20.6009 31.3596 -5.8409 0.0000 -0.0000 -22.1788 -26.4131 -3.5654 1.7692 7.1250 -0.0000 -0.0000 0.1705 -33.9595 0.0462
5.4051 18.5422 -1.1274 22.5841 -85.0637 -22.3465 0.0000 0.0000 0.0000 -15.3665 -8.7713 0.4628 1.6443 8.0821 22.9638 0.7886 2.1084 -17.6645 1.3345 -7.3148 -20.6514 0.0000 0.0000 0.0000 13.4261 20.0303 -3.2568 -2.4952 -9.8292 28.4255 -1.0363 -12.0215 -27.0169 -0.0067 -0.5292 1.4542 -4.0644 -1.3386 6.3080 -0.6837 -2.0884 2.1531 1.7242 -1.0699 -1.1949 -13.5081 -18.9466 2.1234 13.9708 -27.6522 10.8282 4.0837 -13.6499 6.7807 0.0000 -0.0000 0.0000 -28.0173 2.8012 -30.3018 54.1275 -54.5303 -29.5041 -0.0000 -0.0000 11.7700 39.3638 17.2119 13.6445 -7.1250 0.0000 -0.0000 11.7635 51.4390 1.8876 0.0000 -0.0000 0.0000 -5.7541 28.3586 -74.7241 -25.9549 37.1642 -8.8604 0.0000 -0.0000 -22.9557 -26.7234 -2.3546 1.1849 7.1250 -0.0000 -0.0000 -0.1086 -32.6155 -0.0329
5.5307 18.5360 -0.9565 15.3145 -84.8347 -15.1714 0.0000 0.0000 0.0000 -15.2772 -8.8573 0.5381 1.5376 7.8280 22.1929 0.8732 1.0924 -18.0824 0.8768 -5.9698 -16.6967 0.0000 0.0000 0.0000 13.4862 20.5845 -3.1747 -2.4692 -9.7816 28.2724 -0.9465 -12.9947 -27.2464 -0.0053 -0.4682 1.2864 -3.6814 -1.3046 6.2865 -0.5710 -2.0152 2.0590 1.6221 -1.0281 -1.2939 -13.7341 -18.9978 2.3106 14.9166 -27.9620 10.8558 4.3338 -13.7857 6.9797 0.0000 0.0000 0.0000 -27.4544 0.2375 -28.9911 54.2398 -54.5687 -29.5956 -0.0000 -0.0000 11.7321 39.4658 18.2681 14.4714 -7.1250 0.0000 -0.0000 11.9324 52.7387 2.2986 0.0000 0.0000 0.0000 -16.4715 31.6538 -79.1708 -30.7657 41.5407 -11.9142 0.0000 -0.0000 -18.9463 -27.3480 -0.9927 0.5134 7.1250 -0.0000 -0.0000 -0.6209 -31.0970 -0.2110
5.6717 18.5245 -0.7738 13.3254 -84.7138 -13.6797 0.0000 0.0000 0.0000 -15.9100 -9.0670 1.2675 1.4393 7.5848 21.4599 0.9339 0.8329 -18.5805 0.5669 -4.8224 -13.4026 0.0000 0.0000 0.0000 13.0245 20.2652 -2.8580 -2.3943 -9.6431 27.8286 -0.7909 -13.4918 -26.5555 -0.0000 0.0183 -0.0503 -3.5193 -1.1551 6.9015 -0.6019 -1.8363 2.2132 1.5017 -0.9397 -1.4930 -13.5657 -19.2253 1.9912 15.6001 -28.3260 10.5145 4.4204 -13.9215 7.0590 0.0000 0.0000 0.0000 -27.1247 -2.0535 -27.2540 55.3354 -54.9331 -30.4903 -0.0000 -0.0000 11.5101 39.9483 18.4616 14.8545 -7.1250 0.0000 -0.0000 12.4790 53.0813 2.5120 0.0000 0.0000 0.0000 -27.3257 34.3917 -82.0672 -34.9250 44.7585 -14.7605 0.0000 -0.0000 -15.8496 -26.3459 1.3432 -0.6651 7.1250 -0.0000 -0.0000 0.1764 -28.4809 0.0709
5.8080 18.5501 -0.6540 10.9661 -84.9469 -10.7295 0.0000 0.0000 0.0000 -15.8367 -9.3495 0.3074 1.4090 7.5080 21.2294 0.9084 0.5310 -18.2124 0.5808 -4.8799 -13.5664 0.0000 0.0000 0.0000 12.6083 21.2876 -3.3588 -2.2814 -9.4292 27.1473 -0.6786 -14.1409 -26.3504 -0.0007 -0.1659 0.4559 -3.8200 -0.5456 6.5202 -0.3854 -1.0215 2.2059 1.8239 -0.5359 -1.3200 -12.9323 -19.8531 1.8102 16.3167 -29.0869 9.3164 4.4472 -14.2659 6.8411 0.0000 -0.0000 0.0000 -27.2544 -5.3964 -25.6739 56.9363 -55.4367 -31.8047 -0.0000 -0.0000 11.9173 40.1865 17.8935 14.5485 -7.1250 0.0000 -0.0000 12.7043 52.4461 2.3593 0.0000 -0.0000 0.0000 -37.3345 36.7245 -83.3113 -39.5329 47.7907 -18.0925 0.0000 -0.0000 -12.4269 -26.1247 1.1176 -0.5481 7.1250 -0.0000 -0.0000 0.3471 -28.7350 0.1375
5.9340 18.5799 -0.5440 13.5672 -85.4658 -13.1303 0.0000 0.0000 0.0000 -16.2023 -8.5988 -0.4079 1.3610 7.3843 20.8591 0.8341 0.4400 -17.4249 0.5216 -4.6284 -12.8517 0.0000 0.0000 0.0000 11.9160 21.8452 -3.7137 -2.2043 -9.2792 26.6728 -0.5350 -14.5828 -25.6847 -0.0014 -0.2425 0.6662 -4.1039 -0.4504 6.5430 -0.7504 -0.9251 2.1683 1.6007 -0.4872 -1.3787 -12.5178 -19.9533 1.7088 16.3544 -29.2243 9.2665 4.3865 -14.3222 6.8083 -0.0000 -0.0000 0.0000 -26.6417 -5.7822 -24.2070 59.2109 -56.0960 -33.6854 -0.0000 -0.0000 11.6550 40.4352 17.1849 14.1315 -7.1250 0.0000 -0.0000 12.9207 51.6370 2.1418 -0.0000 -0.0000 0.0000 -46.7680 42.1195 -84.8196 -44.8032 50.6717 -22.0864 0.0000 -0.0000 -8.0878 -28.1968 0.6006 -0.3220 7.1250 -0.0000 -0.0000 -1.2765 -29.2972 -0.4887
6.0527 18.6240 -0.4461 8.7530 -86.5163 -8.2918 0.0000 0.0000 0.0000 -16.1152 -8.2955 -1.0153 1.4112 7.5137 21.2463 0.8313 1.1672 -17.6848 0.2430 -3.1723 -8.7587 0.0000 0.0000 0.0000 12.0157 22.4415 -3.5568 -2.0341 -8.9367 25.5975 -0.6095 -14.0674 -25.7242 -0.0068 -0.5333 1.4653 -3.6718 -0.1987 6.7261 -0.6843 -0.5705 2.1535 1.4019 -0.3073 -1.5204 -13.0390 -20.0158 1.2583 16.0835 -29.2843 9.7299 4.2784 -14.3252 7.0704 -0.0000 -0.0000 0.0000 -27.1503 -6.1042 -23.2852 61.4053 -56.6729 -35.5129 -0.0000 -0.0000 11.7938 40.4705 17.4686 14.3654 -7.1250 0.0000 -0.0000 12.9830 51.9916 2.2664 -0.0000 -0.0000 0.0000 -57.4616 48.3542 -86.1560 -49.7054 52.8760 -25.9391 0.0000 -0.0000 -4.8705 -27.7910 0.6840 -0.3605 7.1250 -0.0000 -0.0000 -0.9575 -29.2060 -0.3686
6.1484 18.6433 -0.3683 33.7040 -87.7621 -33.0421 0.0000 0.0000 0.0000 -17.4704 -8.1337 -1.0328 1.3407 7.3312 20.7003 0.7041 3.9743 -17.7860 0.7301 -5.4594 -15.2237 0.0000 0.0000 0.0000 10.5991 23.0836 -4.0239 -1.9872 -8.8394 25.2942 -0.7718 -12.6856 -25.6049 -0.0001 -0.0576 0.1583 -4.6575 0.2517 6.4249 -0.8446 -0.0264 2.1281 1.7461 -0.0398 -1.4047 -13.1004 -20.0075 0.8419 15.4591 -29.0959 9.8164 4.0979 -14.2271 7.0449 -0.0000 0.0000 0.0000 -28.0041 -6.1123 -23.0281 63.5119 -57.1754 -37.2782 -0.0000 -0.0000 11.1682 40.3933 17.2692 14.1758 -7.1250 0.0000 -0.0000 12.8821 51.7308 2.1651 -0.0000 0.0000 0.0000 -70.5825 55.6126 -90.0131 -52.9841 54.1303 -28.5752 0.0000 -0.0000 -1.9950 -28.2057 1.5858 -0.8503 7.1250 -0.0000 -0.0000 -1.2620 -28.1797 -0.5166
6.2430 18.6541 -0.2988 92.4393 -87.9862 -92.4878 0.0000 0.0000 0.0000 -18.8857 -7.6475 0.2743 1.2270 7.0253 19.7903 0.6568 5.5490 -18.3251 0.5226 -4.6329 -12.8643 0.0000 0.0000 0.0000 9.5181 22.6166 -4.2428 -2.0431 -8.9552 25.6554 -0.7916 -11.9073 -25.0097 -0.0027 0.3340 -0.9176 -5.1166 1.0206 6.8870 -1.4148 0.9139 2.4122 1.3390 0.4158 -1.4260 -10.3776 -20.4300 -0.7113 12.5515 -29.1700 10.5788 2.8789 -14.2034 6.6926 -0.0000 -0.0000 0.0000 -28.6904 -6.9739 -23.2858 65.0968 -57.5218 -38.6126 -0.0000 -0.0000 10.2816 40.4570 16.9170 13.9364 -7.1250 0.0000 -0.0000 12.9214 51.3137 2.0383 -0.0000 -0.0000 0.0000 -87.5337 63.9647 -99.5098 -54.9188 54.7964 -30.1496 0.0000 0.0000 3.4276 -26.3195 2.9772 -1.4717 7.1250 -0.0000 -0.0000 0.2168 -26.6590 0.0965
6.3231 18.6626 -0.2689 132.1350 -87.3710 -132.2430 0.0000 0.0000 0.0000 -19.0946 -7.2067 -0.0656 1.2761 7.1593 20.1882 0.6095 6.9834 -18.9184 0.5308 -4.6684 -12.9653 0.0000 0.0000 0.0000 9.3822 22.0238 -4.8853 -2.0689 -9.0081 25.8207 -0.6292 -12.1243 -23.8581 -0.0014 0.2447 -0.6725 -4.7776 1.9428 6.6268 -1.6884 2.1699 2.4983 0.7725 1.0358 -1.2462 -10.4565 -20.6227 -0.7514 12.7119 -29.4596 10.6007 2.8751 -14.3338 6.7764 -0.0000 0.0000 0.0000 -29.8629 -8.5518 -22.9980 66.7180 -57.8494 -39.9827 -0.0000 -0.0000 9.8033 40.6844 17.6814 14.6333 -7.1250 0.0000 -0.0000 13.2364 52.2992 2.4128 -0.0000 0.0000 0.0000 -116.3024 71.8534 -121.8420 -54.1001 54.5210 -29.4818 0.0000 0.0000 9.0905 -24.3600 5.1217 -2.3147 7.1250 -0.0000 -0.0000 1.7305 -24.3608 0.8630
6.3922 18.6622 -0.2596 142.2670 -86.0595 -142.4610 0.0000 0.0000 0.0000 -19.7596 -6.5760 -0.4164 1.3080 7.2448 20.4427 0.5179 8.2687 -19.0450 0.7024 -5.3568 -14.9289 0.0000 0.0000 0.0000 8.8073 21.2133 -5.6520 -2.1642 -9.2001 26.4232 -0.4690 -12.9126 -23.2715 -0.0006 0.1557 -0.4278 -4.9821 2.8548 6.2913 -2.1800 3.3767 2.7529 0.3057 1.6195 -0.8370 -10.1981 -21.0871 -1.2889 12.9295 -30.2380 11.2191 2.6910 -14.6387 7.1518 0.0000 -0.0000 0.0000 -31.0348 -10.2055 -22.3717 67.8913 -58.0700 -40.9773 -0.0000 -0.0000 9.4301 40.9094 17.7508 14.7984 -7.1250 0.0000 -0.0000 13.4917 52.4348 2.5060 0.0000 -0.0000 0.0000 -164.8446 73.7558 -165.7206 -50.1533 53.0571 -26.2966 0.0000 0.0000 17.1040 -23.6205 6.1325 -2.6748 7.1250 -0.0000 -0.0000 2.2954 -23.2926 1.2016
6.4470 18.6542 -0.2695 147.8500 -85.4323 -147.7960 0.0000 0.0000 0.0000 -19.7788 -6.5119 -1.0113 1.3477 7.3494 20.7548 0.4762 8.9888 -19.2714 0.6850 -5.2917 -14.7424 0.0000 0.0000 0.0000 8.8175 20.6475 -6.5220 -2.2370 -9.3432 26.8749 -0.3149 -13.8475 -22.9257 -0.0021 0.2979 -0.8185 -5.1802 3.6949 5.7299 -2.1065 4.5313 3.0259 0.4480 2.1782 -0.3120 -12.2528 -21.4806 -0.5767 15.3317 -31.1246 10.4962 3.4265 -15.0602 7.6342 -0.0000 -0.0000 0.0000 -33.2393 -12.0503 -21.3158 69.2272 -58.3051 -42.1126 -0.0000 -0.0000 9.6203 41.5258 18.4224 15.6340 -7.1250 0.0000 -0.0000 14.2506 53.3999 2.9917 -0.0000 -0.0000 0.0000 156.7049 66.9918 158.3650 -44.0238 50.2812 -21.4852 0.0000 0.0000 26.1325 -22.2404 8.1482 -3.3170 7.1250 -0.0000 -0.0000 3.3392 -21.1928 1.9094
6.4763 18.6517 -0.2847 146.4790 -85.6152 -146.0930 0.0000 0.0000 0.0000 -19.7204 -6.9370 -1.5521 1.3839 7.4437 21.0366 0.4261 9.3735 -19.1046 0.7760 -5.6243 -15.6983 0.0000 0.0000 0.0000 8.8532 20.4765 -6.9553 -2.2181 -9.3063 26.7583 -0.2006 -14.8055 -23.0321 -0.0016 0.2580 -0.7089 -5.4835 4.3724 5.3674 -2.1727 5.4481 3.3298 0.5239 2.6149 0.1415 -12.4100 -22.0575 -0.5517 16.4158 -32.0785 10.0908 3.5527 -15.4813 7.8512 0.0000 -0.0000 0.0000 -34.9171 -13.5057 -19.7903 69.8290 -58.4054 -42.6249 -0.0000 -0.0000 9.7196 41.2950 15.7434 13.4051 -7.1250 0.0000 -0.0000 13.7002 50.0441 1.7321 0.0000 -0.0000 0.0000 137.1864 58.2411 139.6261 -37.6984 46.6456 -16.7460 0.0000 0.0000 27.4915 -21.4365 7.8158 -3.0563 7.1250 -0.0000 -0.0000 3.9178 -21.5989 2.2056
6.5014 18.6537 -0.3088 135.7640 -86.5459 -134.9600 0.0000 0.0000 0.0000 -19.4469 -7.6658 -2.4020 1.4455 7.6004 21.5069 0.4909 8.4131 -18.8853 0.5913 -4.9232 -13.6896 0.0000 0.0000 0.0000 8.8947 20.4937 -7.2407 -2.2138 -9.2978 26.7314 0.0211 -16.4872 -23.1796 -0.0027 0.3376 -0.9276 -5.8696 4.8151 5.5542 -2.2308 5.9995 3.4060 0.6250 2.8826 0.0593 -12.5233 -22.2194 0.6071 18.2311 -32.4768 8.6117 4.1518 -15.7455 7.5937 0.0000 0.0000 0.0000 -36.8319 -13.4428 -16.4248 73.3654 -58.9282 -45.6459 -0.0000 -0.0000 9.9240 40.9423 16.8510 14.1160 -7.1250 0.0000 -0.0000 13.4406 51.3379 2.1308 0.0000 0.0000 0.0000 124.3793 51.0321 128.5505 -33.2533 43.5239 -13.5962 0.0000 0.0000 20.6349 -20.4125 6.7163 -2.4921 7.1250 -0.0000 -0.0000 4.6630 -22.8247 2.4971
6.5137 18.6621 -0.3512 115.7040 -87.6843 -114.4390 0.0000 0.0000 0.0000 -18.8475 -8.6620 -3.3786 1.5463 7.8491 22.2567 0.4761 8.2213 -18.5431 0.7044 -5.3643 -14.9505 0.0000 0.0000 0.0000 9.3076 20.3180 -7.4286 -2.2159 -9.3019 26.7444 0.1014 -17.3570 -23.6664 -0.0039 0.4011 -1.1020 -6.2808 4.9541 5.7735 -1.8245 6.1552 3.4527 1.2337 2.9570 -0.1072 -12.9735 -21.8978 0.5698 18.9463 -32.0982 8.4064 4.4498 -15.5501 7.6812 0.0000 -0.0000 0.0000 -39.2408 -11.7646 -12.7815 77.0622 -59.3580 -48.8197 -0.0000 -0.0000 11.2126 41.2797 17.1888 14.5439 -7.1250 0.0000 -0.0000 13.8434 51.8281 2.3652 0.0000 -0.0000 0.0000 113.9156 45.0909 121.3735 -30.3620 41.2017 -11.6474 0.0000 0.0000 19.8078 -17.5802 5.7317 -1.8124 7.1250 -0.0000 -0.0000 6.7708 -23.9747 3.4587
6.5167 18.6701 -0.3865 86.1496 -88.2988 -84.6601 0.0000 0.0000 0.0000 -18.1752 -9.0014 -4.1671 1.6357 8.0620 22.9024 0.4886 7.6605 -18.1712 0.8329 -5.8220 -16.2689 0.0000 0.0000 0.0000 9.7801 20.1297 -7.3559 -2.1973 -9.2655 26.6293 0.1222 -17.7386 -24.0312 -0.0098 0.6386 -1.7549 -6.2069 4.8239 6.2284 -1.6142 5.9515 3.4874 1.3864 2.8600 -0.3244 -13.7150 -21.4222 0.9089 19.8201 -31.5537 8.1125 4.9037 -15.3127 7.7236 0.0000 -0.0000 0.0000 -41.4983 -8.1740 -8.9110 81.0800 -59.6972 -52.2829 -0.0000 -0.0000 10.1679 41.8880 17.2716 14.9109 -7.1250 0.0000 -0.0000 14.5235 52.0675 2.5718 0.0000 -0.0000 0.0000 104.5457 40.2598 117.2841 -29.7961 40.7180 -11.2764 0.0000 0.0000 23.8351 -15.7150 7.1297 -2.0001 7.1250 -0.0000 -0.0000 8.0958 -22.5977 4.4062
6.5158 18.6826 -0.4218 31.3465 -88.7571 -29.2251 0.0000 0.0000 0.0000 -16.6787 -9.2787 -5.4092 1.7179 8.2518 23.4817 0.4760 7.3380 -17.7397 1.0163 -6.4137 -17.9895 0.0000 0.0000 0.0000 10.8373 20.1148 -7.7590 -2.1617 -9.1950 26.4073 0.1099 -17.9301 -24.4245 -0.0016 0.2575 -0.7074 -5.2352 4.5317 6.2998 -1.2859 5.6241 3.3393 1.2062 2.7183 -0.4393 -13.5875 -21.2245 0.9702 19.8910 -31.1871 7.7092 5.0106 -15.1574 7.5139 0.0000 -0.0000 0.0000 -44.1702 -4.1102 -4.7153 83.5707 -59.8432 -54.4350 -0.0000 -0.0000 9.1925 41.6445 17.8812 15.2714 -7.1250 0.0000 -0.0000 14.3246 52.7633 2.7823 0.0000 -0.0000 0.0000 96.1383 35.6177 113.6072 -29.5427 40.4982 -11.1115 0.0000 0.0000 22.4689 -16.2385 7.9343 -2.3023 7.1250 -0.0000 -0.0000 7.6905 -21.7477 4.3319
6.4873 18.6867 -0.4530 2.4441 -88.3835 0.6064 0.0000 0.0000 0.0000 -15.7862 -9.7663 -6.4531 1.7217 8.2605 23.5081 0.4276 7.5963 -17.4054 1.1930 -6.9309 -19.5107 0.0000 0.0000 0.0000 11.2739 20.3141 -8.5791 -2.1578 -9.1873 26.3831 0.1044 -18.2252 -24.9039 -0.0000 0.0129 -0.0354 -4.7653 3.9380 5.9867 -1.0290 4.8919 2.9151 1.2737 2.3762 -0.6456 -13.2783 -20.8909 0.8928 19.3868 -30.6286 7.8045 4.9531 -14.8947 7.3251 0.0000 -0.0000 0.0000 -47.9783 1.9045 -1.3060 84.5925 -59.8892 -55.3187 -0.0000 -0.0000 8.4370 43.3598 16.8482 15.3070 -7.1250 0.0000 -0.0000 16.0969 51.8782 2.7860 0.0000 -0.0000 0.0000 88.8437 30.1403 109.4013 -29.8592 40.7724 -11.3176 0.0000 0.0000 17.1927 -14.9735 5.8952 -1.5735 7.1250 -0.0000 -0.0000 8.6918 -23.8881 4.4771
6.4432 18.6838 -0.4830 63.8007 -88.3077 -61.1042 0.0000 0.0000 0.0000 -17.5119 -9.1876 -5.0308 1.5287 7.8064 22.1275 0.3753 8.2726 -17.4246 1.0439 -6.4977 -18.2355 0.0000 0.0000 0.0000 9.9126 19.9191 -8.6438 -2.2362 -9.3417 26.8703 0.0680 -17.6632 -24.4178 -0.0066 0.5230 -1.4372 -5.6460 3.8715 6.6726 -1.4221 4.6862 3.1136 1.3325 2.2594 -0.8426 -13.4061 -20.8503 0.7143 19.6055 -30.4738 7.2767 5.0496 -14.8268 7.2172 -0.0000 0.0000 0.0000 -51.4390 7.0846 1.8966 81.7140 -59.7390 -52.8304 -0.0000 -0.0000 8.7690 47.7607 18.4312 19.1982 -7.1250 0.0000 -0.0000 21.6573 55.0091 5.5145 -0.0000 0.0000 0.0000 82.8129 24.9868 103.0708 -29.7832 40.7068 -11.2679 0.0000 0.0000 14.9955 -12.2130 1.6179 -0.3501 7.1250 -0.0000 -0.0000 11.0845 -28.2568 4.5951
6.3909 18.6796 -0.5445 107.4300 -87.5325 -104.4490 0.0000 0.0000 0.0000 -18.3898 -8.7957 -4.3639 1.3933 7.4677 21.1086 0.3129 9.3484 -17.7799 1.0014 -6.3681 -17.8563 0.0000 0.0000 0.0000 9.1075 20.4154 -9.2313 -2.2888 -9.4433 27.1922 0.0322 -17.1198 -23.9702 -0.0077 0.5672 -1.5585 -6.1206 3.4244 6.5996 -1.7580 4.0540 2.9966 1.3035 1.9426 -0.8887 -12.8518 -20.9164 0.3347 18.9702 -30.4004 7.1866 4.8063 -14.7837 7.0406 -0.0000 0.0000 0.0000 -56.1344 12.5977 2.7630 76.2887 -59.2776 -48.1545 -0.0000 -0.0000 10.4250 50.7482 16.7901 19.4702 -7.1250 0.0000 -0.0000 24.7616 53.7124 5.5695 -0.0000 0.0000 0.0000 78.7125 20.6361 97.6110 -29.1111 40.1192 -10.8322 0.0000 0.0000 15.2282 -14.5274 2.8483 -0.7377 7.1250 -0.0000 -0.0000 9.2130 -27.0074 4.0738
6.3444 18.6570 -0.6105 132.1060 -85.3647 -129.3800 0.0000 0.0000 0.0000 -19.6155 -7.2457 -3.4470 1.2649 7.1290 20.0982 0.2058 10.5775 -17.8684 1.1548 -6.8228 -19.1914 0.0000 0.0000 0.0000 7.9968 21.0275 -9.6432 -2.3939 -9.6424 27.8263 -0.1839 -15.1544 -23.3200 -0.0118 0.7006 -1.9252 -6.8134 2.8810 7.1527 -2.2366 3.2060 2.8347 1.2334 1.5236 -1.3136 -12.6159 -20.7189 0.3282 18.6411 -30.0919 7.2077 4.7578 -14.6491 6.9066 -0.0000 0.0000 0.0000 -62.0396 17.9535 1.3986 70.6342 -58.5344 -43.3113 -0.0000 -0.0000 10.1068 52.5920 18.7531 22.8004 -7.1250 0.0000 -0.0000 28.1852 56.8637 8.6660 -0.0000 0.0000 0.0000 75.3905 17.4542 93.1270 -28.9733 39.9970 -10.7436 0.0000 0.0000 15.1405 -15.5151 2.3097 -0.6410 7.1250 -0.0000 -0.0000 8.5001 -27.5519 3.6415
6.2973 18.6436 -0.7081 151.8880 -83.1577 -148.8290 0.0000 0.0000 0.0000 -19.2831 -6.2793 -3.8979 1.3848 7.4458 21.0430 0.2398 11.7162 -19.6206 1.0501 -6.5164 -18.2904 0.0000 0.0000 0.0000 8.0920 22.1195 -10.3081 -2.3521 -9.5639 27.5757 -0.3607 -12.8202 -22.1579 -0.0003 -0.1048 0.2879 -6.6803 2.0731 7.1855 -2.2848 2.1206 2.2646 1.1960 1.0142 -1.8387 -12.1516 -20.0772 1.1593 18.1678 -29.1909 7.0566 4.8621 -14.2970 6.4363 -0.0000 0.0000 0.0000 -68.9865 22.2296 -2.9932 62.2793 -56.8873 -36.2440 -0.0000 -0.0000 9.8730 53.5839 17.7120 22.4116 -7.1250 0.0000 -0.0000 28.9596 55.8029 8.1662 -0.0000 0.0000 0.0000 73.1994 15.3073 89.0695 -28.7717 39.8170 -10.6142 0.0000 0.0000 15.2799 -16.3252 1.8685 -0.5472 7.1250 -0.0000 -0.0000 7.9103 -28.0022 3.2993
6.2740 18.6132 -0.7988 170.4920 -80.3152 -167.7480 0.0000 0.0000 0.0000 -17.5093 -5.1348 -3.9666 1.6279 8.0438 22.8471 0.4045 12.5993 -22.3257 0.7699 -5.6027 -15.6359 0.0000 0.0000 0.0000 10.0633 23.0947 -10.4556 -2.3283 -9.5188 27.4321 -0.4333 -10.4050 -20.2362 -0.0026 0.3265 -0.8971 -4.7917 1.6386 7.8345 -1.9878 1.6499 2.1875 0.4775 0.7918 -2.2048 -13.3298 -20.1605 1.9622 18.9203 -29.5710 7.1140 5.1896 -14.5339 6.6810 -0.0000 0.0000 0.0000 -75.5267 23.9405 -7.2660 54.0906 -54.5178 -29.4741 -0.0000 -0.0000 11.0173 53.1994 18.5280 23.0139 -7.1250 0.0000 -0.0000 28.9112 56.7620 8.8428 -0.0000 0.0000 0.0000 70.7831 14.2718 84.2150 -29.2678 40.2575 -10.9333 0.0000 0.0000 16.0784 -19.8758 3.5497 -1.2823 7.1250 -0.0000 -0.0000 5.1168 -26.2003 2.3407
6.2304 18.5826 -0.9481 173.7170 -76.7487 -171.1640 0.0000 0.0000 0.0000 -17.3399 -3.6149 -3.9136 1.7902 8.4147 23.9808 0.4012 14.1601 -24.0751 0.7766 -5.6266 -15.7048 0.0000 0.0000 0.0000 10.5524 24.2834 -10.9943 -2.4244 -9.6991 28.0077 -0.4945 -8.0152 -18.5579 -0.0188 0.8858 -2.4346 -5.1361 1.3155 8.0259 -2.0109 1.1695 2.0564 0.6882 0.5582 -2.4318 -13.7044 -20.3464 2.2693 18.8922 -29.9107 7.1935 5.1833 -14.7267 6.7615 -0.0000 -0.0000 0.0000 -80.8407 24.5717 -10.1664 46.8880 -51.6606 -23.7106 -0.0000 -0.0000 9.3908 55.1016 18.3535 24.2942 -7.1250 0.0000 -0.0000 31.5516 57.1560 10.0733 -0.0000 -0.0000 0.0000 69.3636 13.6216 78.8750 -29.7935 40.7158 -11.2747 0.0000 0.0000 17.0106 -22.4110 1.5522 -0.6400 7.1250 -0.0000 -0.0000 3.2276 -28.2955 1.3139
6.1986 18.5637 -1.1214 177.1080 -73.1436 -174.7690 0.0000 0.0000 0.0000 -16.4868 -1.7176 -4.4168 2.0852 9.0412 25.9244 0.3664 15.5032 -25.3584 0.9031 -6.0561 -16.9474 0.0000 0.0000 0.0000 11.8102 25.8314 -11.0247 -2.4690 -9.7813 28.2714 -0.5851 -5.5604 -17.5428 -0.0077 0.5677 -1.5600 -5.3400 1.1236 8.2552 -1.9735 0.8747 1.9750 0.8667 0.4163 -2.6325 -13.5876 -20.5169 2.6479 18.7544 -30.1262 6.8894 5.1512 -14.8761 6.5968 0.0000 -0.0000 0.0000 -83.8692 24.1977 -10.9695 40.6373 -48.4430 -18.9148 -0.0000 -0.0000 6.6620 56.0065 18.4555 25.1475 -7.1250 0.0000 -0.0000 32.9908 57.5994 10.9674 0.0000 -0.0000 0.0000 68.7676 13.1503 72.5248 -30.1710 41.0395 -11.5217 0.0000 0.0000 17.9306 -25.9019 2.7080 -1.3143 7.1250 -0.0000 -0.0000 0.5320 -26.9698 0.2329
6.1676 18.5480 -1.2921 181.1250 -70.2931 -179.1220 0.0000 0.0000 0.0000 -14.5403 0.5176 -5.5082 2.5892 9.9983 28.9712 0.3733 15.3792 -25.2676 1.1134 -6.7035 -18.8398 0.0000 0.0000 0.0000 13.9819 26.6014 -10.5354 -2.4796 -9.8008 28.3340 -0.6397 -3.3628 -16.7021 -0.0045 0.4310 -1.1844 -4.3681 0.8542 8.6027 -2.1674 0.5651 1.8590 0.1509 0.2620 -2.9186 -12.6823 -20.7187 3.0287 18.4317 -30.4062 6.7699 4.9897 -15.0525 6.3512 0.0000 -0.0000 0.0000 -84.4191 23.4990 -10.3032 34.6072 -44.5296 -14.5372 -0.0000 -0.0000 7.9074 53.7766 17.5047 22.3239 -7.1250 0.0000 -0.0000 29.1001 55.5873 8.0534 0.0000 -0.0000 0.0000 68.9616 12.3918 65.4177 -30.3541 41.1950 -11.6421 0.0000 0.0000 17.9617 -28.6242 1.1486 -0.6268 7.1250 -0.0000 -0.0000 -1.5978 -28.6698 -0.6356
6.1489 18.5368 -1.4528 180.0950 -67.5766 -178.4810 0.0000 0.0000 0.0000 -14.3781 1.2594 -6.6125 3.2191 11.0416 32.4202 0.2590 15.7792 -24.7841 1.1556 -6.8251 -19.1984 0.0000 0.0000 0.0000 14.2089 26.9213 -10.5208 -2.5129 -9.8614 28.5291 -0.7245 -0.7516 -16.3705 -0.0206 0.9258 -2.5446 -5.5404 -0.0041 8.6759 -2.1427 -0.6916 1.9325 0.9699 -0.3612 -2.8237 -14.0027 -20.2848 2.2661 18.0783 -29.8771 7.7758 4.9747 -14.7422 6.8456 -0.0000 0.0000 0.0000 -86.0586 22.4741 -10.4184 29.7201 -40.6523 -11.2269 -0.0000 -0.0000 11.2920 55.2615 18.0268 24.0502 -7.1250 0.0000 -0.0000 31.5548 56.7742 9.7740 -0.0000 0.0000 0.0000 69.3639 12.2144 60.1611 -30.7743 41.5479 -11.9199 0.0000 0.0000 18.3525 -30.7948 -2.3998 1.4296 7.1250 -0.0000 -0.0000 -3.4097 -32.7598 -1.0239
6.1246 18.5542 -1.5860 180.2390 -64.7547 -178.9470 0.0000 0.0000 0.0000 -13.7562 1.2397 -7.6642 4.0234 12.1915 36.4130 0.0766 15.9930 -23.4220 1.1171 -6.7143 -18.8715 0.0000 0.0000 0.0000 14.7934 27.1321 -10.0230 -2.4158 -9.6831 27.9565 -0.7686 2.1339 -15.9775 -0.0338 1.1861 -3.2611 -5.7923 -0.4073 8.6850 -2.5154 -1.2809 1.8704 0.7882 -0.6571 -2.8636 -13.9803 -20.1045 2.0487 17.4412 -29.6179 8.3681 4.8030 -14.6114 6.9175 0.0000 0.0000 0.0000 -85.0282 21.8959 -8.5986 26.3971 -37.5981 -9.1289 -0.0000 -0.0000 13.4923 56.1285 18.7060 25.5376 -7.1250 0.0000 -0.0000 33.3756 57.9737 11.4253 0.0000 0.0000 0.0000 69.2231 12.1497 56.9749 -30.8869 41.6416 -11.9946 0.0000 0.0000 16.5475 -34.9898 -1.6501 1.1546 7.1250 -0.0000 -0.0000 -6.7587 -31.9468 -2.1720
6.0897 18.5678 -1.7367 181.1650 -61.9120 -180.4090 0.0000 0.0000 0.0000 -12.5512 1.0295 -8.3836 4.9436 13.3200 40.5785 -0.1785 16.0686 -20.9513 0.9636 -6.2503 -17.5124 0.0000 0.0000 0.0000 16.1482 27.2794 -8.7467 -2.2542 -9.3766 26.9806 -0.8029 4.2749 -16.0287 -0.0751 1.7678 -4.8644 -6.0459 -0.7275 8.5277 -2.7092 -1.7299 2.0204 0.7715 -0.8947 -2.5945 -14.3876 -20.0523 2.2961 17.8021 -29.7137 8.4659 4.9426 -14.6835 7.0449 -0.0000 -0.0000 0.0000 -84.2976 20.9973 -6.8508 24.3479 -35.5300 -7.9078 -0.0000 -0.0000 12.8667 56.3783 19.1655 26.2766 -7.1250 0.0000 -0.0000 34.1424 58.6663 12.3135 -0.0000 -0.0000 0.0000 67.8323 11.3941 56.1901 -31.7066 42.3120 -12.5429 0.0000 0.0000 14.5288 -36.6561 -1.1697 0.8703 7.1250 -0.0000 -0.0000 -8.0498 -31.3756 -2.7051
6.0534 18.5692 -1.8156 181.9850 -58.8837 -181.5780 0.0000 0.0000 0.0000 -11.5149 0.5143 -9.1372 5.8371 14.2686 44.3245 -0.3741 15.8739 -18.2656 0.5887 -4.9126 -13.6594 0.0000 0.0000 0.0000 17.1346 27.0995 -8.1276 -2.1437 -9.1593 26.2949 -0.7723 7.1087 -15.7212 -0.1355 2.3728 -6.5372 -5.8162 -1.0470 8.5149 -3.0015 -2.1559 2.0247 0.3843 -1.1143 -2.5796 -14.3250 -19.9627 2.6749 17.5642 -29.6345 8.5405 4.9295 -14.6868 6.9446 0.0000 0.0000 0.0000 -83.3940 20.1166 -7.2439 23.1853 -34.2909 -7.2424 -0.0000 -0.0000 15.4404 53.8602 18.8058 23.8179 -7.1250 0.0000 -0.0000 30.0329 57.3421 9.6629 0.0000 0.0000 0.0000 65.6211 11.0591 58.0364 -32.2418 42.7391 -12.9046 0.0000 0.0000 15.5414 -36.5368 -0.5801 0.4298 7.1250 -0.0000 -0.0000 -7.8993 -30.6481 -2.7927
5.9919 18.5607 -1.8698 182.2090 -55.5436 -182.2500 0.0000 0.0000 0.0000 -10.9752 0.3717 -9.2854 6.4943 14.8909 46.9349 -0.2095 13.2007 -15.9313 0.2665 -3.3210 -9.1738 0.0000 0.0000 0.0000 17.7825 26.9728 -7.6123 -2.0862 -9.0433 25.9310 -0.6646 9.8943 -15.1080 -0.2738 3.3658 -9.2990 -5.8632 -1.3672 8.6284 -3.0285 -2.6076 1.8189 0.4355 -1.3288 -2.8345 -15.5623 -19.7971 3.0853 17.6182 -29.4842 8.5732 5.1279 -14.6644 7.0545 0.0000 0.0000 0.0000 -82.6972 21.2711 -5.7740 23.7671 -34.9170 -7.5728 -0.0000 -0.0000 12.8758 53.6897 18.9775 23.8710 -7.1250 0.0000 -0.0000 29.8939 57.5117 9.7380 0.0000 0.0000 0.0000 63.0238 11.4935 60.8827 -31.7494 42.3464 -12.5717 0.0000 0.0000 17.5712 -35.6625 2.3112 -1.6576 7.1250 -0.0000 -0.0000 -6.9429 -27.1187 -3.0355
5.9234 18.5319 -1.8906 183.1180 -51.9689 -183.4710 0.0000 0.0000 0.0000 -10.1419 -0.3385 -8.7112 6.8069 15.1671 48.1402 0.4702 6.5453 -16.9859 0.2507 -3.2218 -8.8968 0.0000 0.0000 0.0000 18.8030 27.1167 -7.1547 -2.0432 -8.9554 25.6559 -0.4651 12.3855 -13.9561 -0.4580 4.3414 -12.0392 -5.4364 -0.9927 8.4177 -3.1803 -2.0607 2.3234 -0.0280 -1.0929 -2.2411 -14.7220 -20.4805 2.1531 17.4982 -30.2195 8.1935 4.7813 -14.9589 7.0587 0.0000 0.0000 0.0000 -81.0669 19.9572 -4.3917 24.1829 -35.3571 -7.8121 -0.0000 -0.0000 11.3859 53.6140 18.7701 23.5891 -7.1250 0.0000 -0.0000 29.6526 57.2147 9.4316 0.0000 0.0000 0.0000 61.1212 11.7556 61.8490 -31.1471 41.8565 -12.1679 0.0000 0.0000 18.2563 -35.1390 3.4267 -2.4089 7.1250 -0.0000 -0.0000 -6.4383 -25.7854 -3.0145
5.8472 18.5061 -1.8812 182.2580 -48.8307 -183.2090 0.0000 0.0000 0.0000 -10.9477 -1.9943 -7.4782 6.5750 14.9633 47.2482 0.7474 1.4360 -16.9112 0.1900 -2.8074 -7.7429 0.0000 0.0000 0.0000 18.3591 27.2772 -7.1674 -2.0904 -9.0519 25.9579 -0.1626 15.3162 -12.4432 -0.2976 3.5077 -9.6957 -6.2446 -0.8833 8.5365 -3.3473 -2.0235 2.3979 0.2466 -1.0862 -2.2098 -15.1647 -20.4956 1.9294 17.8023 -30.2613 8.0697 4.8683 -14.9727 7.1808 -0.0000 -0.0000 0.0000 -80.1195 19.0771 -4.1682 24.4369 -35.6229 -7.9596 -0.0000 -0.0000 10.8086 54.3848 18.8797 24.3097 -7.1250 0.0000 -0.0000 30.8539 57.6124 10.1690 -0.0000 -0.0000 0.0000 58.9016 11.2886 63.4958 -31.3091 41.9894 -12.2761 0.0000 0.0000 18.5623 -35.3335 4.2215 -2.9873 7.1250 -0.0000 -0.0000 -6.5037 -24.8094 -3.1941
5.7640 18.4884 -1.8599 181.8000 -46.0502 -183.3520 0.0000 0.0000 0.0000 -11.7953 -4.1227 -5.5106 5.7980 14.2297 44.1655 0.7878 -0.5947 -16.5825 0.1536 -2.5254 -6.9600 0.0000 0.0000 0.0000 18.2485 27.4111 -7.0791 -2.1546 -9.1809 26.3628 0.1544 17.4408 -10.7303 -0.2189 3.0120 -8.3122 -7.2703 -0.8817 8.5427 -3.2984 -2.1194 2.6330 0.8713 -1.1562 -1.9245 -15.7916 -20.0276 1.8195 18.5440 -29.6360 7.5657 5.2538 -14.6802 7.1541 0.0000 -0.0000 0.0000 -78.8861 18.3428 -3.1119 24.7402 -35.9373 -8.1369 -0.0000 -0.0000 10.0828 54.1078 19.0095 24.2325 -7.1250 0.0000 -0.0000 30.5302 57.6911 10.1076 0.0000 -0.0000 0.0000 55.9546 11.0253 64.4259 -32.3914 42.8570 -13.0063 0.0000 0.0000 19.7996 -34.7140 7.7613 -5.3450 7.1250 -0.0000 -0.0000 -5.6720 -20.5866 -3.3315
5.6727 18.4679 -1.7999 181.6660 -43.3635 -183.7360 0.0000 0.0000 0.0000 -12.6963 -7.1157 -3.1517 4.8369 13.1977 40.1131 0.8385 -2.0120 -16.7390 0.1254 -2.2826 -6.2872 0.0000 0.0000 0.0000 18.2471 27.8734 -6.8462 -2.2051 -9.2808 26.6778 0.4493 18.9090 -8.9168 -0.0397 1.2854 -3.5346 -7.9120 -0.9643 9.0164 -3.3225 -2.3570 2.6311 1.2382 -1.2753 -2.1482 -16.6411 -19.6800 0.6406 18.4520 -29.2179 8.7658 5.2187 -14.3911 7.7742 0.0000 -0.0000 0.0000 -77.5925 17.7393 -3.8841 24.6881 -35.8835 -8.1064 -0.0000 -0.0000 12.3813 53.2882 19.2978 23.9019 -7.1250 0.0000 -0.0000 29.5075 57.7992 9.8060 0.0000 -0.0000 0.0000 51.5872 10.9215 64.5367 -34.3774 44.3624 -14.3763 0.0000 0.0000 26.0284 -39.6934 11.5570 -9.4412 7.1250 -0.0000 -0.0000 -8.5812 -15.2105 -6.0990
5.5689 18.4330 -1.6949 182.0490 -41.2284 -184.0610 0.0000 0.0000 0.0000 -13.1112 -10.6835 -1.3220 3.9533 12.0980 36.0794 1.0150 -3.3601 -18.2118 0.0266 -1.0528 -2.8942 0.0000 0.0000 0.0000 18.1428 27.7042 -7.2663 -2.2012 -9.2731 26.6534 0.7053 20.6051 -7.9387 -0.1387 2.4004 -6.6135 -7.9445 -1.4663 8.9711 -3.4812 -3.0369 2.6520 1.1558 -1.6214 -2.0561 -16.9963 -18.9012 0.7151 18.8739 -28.2204 8.7064 5.5954 -13.9356 7.6881 0.0000 0.0000 0.0000 -75.9092 18.2062 -3.1762 25.3499 -36.5595 -8.4975 -0.0000 -0.0000 11.7440 53.6694 19.4320 24.3417 -7.1250 0.0000 -0.0000 30.1559 58.0988 10.2710 0.0000 0.0000 0.0000 45.8430 11.7452 61.6149 -37.4664 46.4951 -16.5775 0.0000 0.0000 29.3806 -47.5520 11.7297 -12.5310 7.1250 -0.0000 -0.0000 -13.6758 -13.2241 -10.4946
5.4578 18.4063 -1.5819 182.3970 -38.8326 -184.2130 0.0000 0.0000 0.0000 -13.2416 -12.3777 -0.4266 3.3905 11.3019 33.3048 1.1985 -3.2783 -19.8669 0.0473 -1.4031 -3.8587 0.0000 0.0000 0.0000 18.0002 28.5320 -7.2155 -2.0922 -9.0555 25.9691 0.9944 21.6294 -5.9128 -0.1256 2.2850 -6.2940 -7.9471 -1.9673 8.7112 -3.7544 -3.7006 2.5844 0.9264 -1.9587 -1.9513 -17.2469 -18.2914 0.1428 18.4936 -27.4766 9.9242 5.5776 -13.5477 8.0184 0.0000 -0.0000 0.0000 -73.8806 19.1134 -2.4150 26.3156 -37.5187 -9.0792 -0.0000 -0.0000 12.0469 54.8228 22.4924 28.4920 -7.1250 0.0000 -0.0000 34.2694 62.3735 15.4255 0.0000 -0.0000 0.0000 38.7817 13.3529 54.3983 -40.7259 48.4942 -18.9811 0.0000 0.0000 27.9699 -49.9781 9.0340 -10.5911 7.1250 -0.0000 -0.0000 -15.8610 -16.4131 -11.1737
5.3499 18.4006 -1.4354 182.3270 -36.0479 -184.0730 0.0000 0.0000 0.0000 -13.4113 -11.6775 0.3548 3.0773 10.8192 31.6725 1.2362 -3.5945 -20.1364 0.1202 -2.2355 -6.1570 0.0000 0.0000 0.0000 17.5025 29.4103 -7.3198 -1.9662 -8.7953 25.1571 1.3095 22.5537 -3.2923 -0.0403 1.2960 -3.5638 -8.3491 -2.2218 8.3583 -4.1721 -4.0919 2.2958 0.7401 -2.1530 -2.0338 -16.9147 -17.5109 0.6667 17.6831 -26.5439 10.8867 5.5290 -13.1592 7.8978 0.0000 -0.0000 0.0000 -71.4816 19.9031 -2.5665 26.7364 -37.9267 -9.3366 -0.0000 -0.0000 13.1050 52.9136 19.8606 24.2005 -7.1250 0.0000 -0.0000 29.3011 58.4074 10.1672 0.0000 -0.0000 0.0000 30.4006 14.5674 44.9421 -42.9491 49.7233 -20.6619 0.0000 0.0000 23.7771 -49.9384 3.2459 -3.8520 7.1250 -0.0000 -0.0000 -17.3015 -24.9046 -8.7949
5.2304 18.4264 -1.2713 181.7990 -33.2244 -183.6040 0.0000 0.0000 0.0000 -14.2943 -10.3948 1.5324 2.7502 10.2793 29.8858 1.2247 -4.0248 -19.9751 0.1659 -2.6240 -7.2336 0.0000 0.0000 0.0000 16.5074 30.2452 -7.1662 -1.7544 -8.3347 23.7354 1.5007 22.9943 -1.2837 -0.0504 1.4491 -3.9855 -8.6631 -2.2296 7.9224 -4.7954 -4.1587 2.2502 0.2505 -2.2158 -1.8635 -16.3376 -17.0897 0.3031 16.8635 -26.0177 12.0454 5.2622 -12.8938 8.0417 -0.0000 0.0000 0.0000 -68.8753 19.5011 -3.0476 26.4963 -37.6946 -9.1895 -0.0000 -0.0000 13.1211 52.7549 18.2927 22.4326 -7.1250 0.0000 -0.0000 28.1516 56.3101 8.2671 -0.0000 0.0000 0.0000 21.3180 15.7422 32.5261 -41.0831 48.6986 -19.2490 0.0000 0.0000 22.2013 -51.4901 1.6451 -2.0662 7.1250 -0.0000 -0.0000 -18.8522 -27.1613 -8.6084
5.1095 18.4613 -1.0968 182.2080 -30.8406 -183.6500 0.0000 0.0000 0.0000 -14.6322 -9.7161 2.5701 2.4147 9.6811 27.9500 1.2875 -3.3498 -20.6078 0.1077 -2.1163 -5.8272 0.0000 0.0000 0.0000 16.3209 31.3748 -6.3521 -1.4329 -7.5688 21.4117 1.4319 22.1162 -0.3282 -0.0751 1.7677 -4.8641 -8.1240 -2.1202 7.4423 -5.1217 -3.9505 2.2068 -0.4215 -2.1277 -1.7166 -15.8256 -16.7537 0.6579 16.2963 -25.5622 12.3437 5.1502 -12.7086 7.8471 -0.0000 -0.0000 0.0000 -66.2987 18.5945 -3.0213 26.2860 -37.4897 -9.0612 -0.0000 -0.0000 12.3667 52.3654 18.2598 22.1146 -7.1250 0.0000 -0.0000 27.5967 56.1442 7.9716 -0.0000 -0.0000 0.0000 12.1367 15.6020 18.8013 -35.7576 45.3456 -15.3498 0.0000 0.0000 21.7631 -52.3383 0.9364 -1.2130 7.1250 -0.0000 -0.0000 -19.6816 -28.1896 -8.5203
4.9819 18.4853 -0.9149 182.2770 -29.6829 -183.1160 0.0000 0.0000 0.0000 -15.5508 -9.6997 2.7677 2.2121 9.2946 26.7213 1.4190 -1.8757 -21.9917 0.0611 -1.5947 -4.3869 0.0000 0.0000 0.0000 15.4620 32.0932 -5.9653 -1.1762 -6.8835 19.3705 1.1280 21.0056 -3.0693 -0.3624 3.8671 -10.7031 -7.8835 -2.2206 6.8927 -5.2002 -4.0099 2.1128 -0.6556 -2.1612 -1.5274 -15.2029 -16.6558 1.1613 15.4468 -25.1796 11.8841 4.9559 -12.5595 7.3458 0.0000 0.0000 0.0000 -64.3614 17.5516 -2.6455 26.3394 -37.5419 -9.0937 -0.0000 -0.0000 11.2703 52.8370 19.2683 23.5250 -7.1250 0.0000 -0.0000 28.8329 57.6148 9.4248 0.0000 0.0000 0.0000 3.3306 15.7184 2.9185 -27.8665 38.9930 -10.0396 0.0000 0.0000 24.9237 -50.9966 -1.0913 1.3472 7.1250 -0.0000 -0.0000 -19.2963 -31.3088 -6.8043
4.8877 18.5219 -0.7350 182.4290 -28.9367 -182.5960 0.0000 0.0000 0.0000 -16.4651 -10.5502 3.1014 2.0031 8.8726 25.3976 1.5109 0.3268 -23.3735 0.0136 -0.7517 -2.0658 0.0000 0.0000 0.0000 14.6380 32.6836 -6.1330 -1.1082 -6.6885 18.7958 0.0174 16.3384 -11.3020 -1.0880 6.6291 -18.6210 -7.8572 -2.3556 6.8814 -5.0775 -4.1848 1.8775 -0.5231 -2.2293 -1.7503 -14.5237 -16.5985 1.1018 14.5550 -24.8342 11.6683 4.6753 -12.3897 7.0222 -0.0000 0.0000 0.0000 -62.7122 16.5780 -1.9073 26.3917 -37.5929 -9.1256 -0.0000 -0.0000 10.6111 52.7061 19.1812 23.3348 -7.1250 0.0000 -0.0000 28.5933 57.4593 9.2278 -0.0000 0.0000 0.0000 -3.2910 16.7476 -18.9537 -20.4638 31.1970 -5.7696 0.0000 0.0000 27.5244 -48.9933 -2.9707 3.4110 7.1250 -0.0000 -0.0000 -18.2543 -34.0314 -5.1345
4.8341 18.5595 -0.5729 182.5600 -28.1904 -182.5770 0.0000 0.0000 0.0000 -16.5080 -10.0586 2.9266 1.8880 8.6288 24.6408 1.4084 0.2397 -22.5366 0.0167 -0.8350 -2.2949 0.0000 0.0000 0.0000 14.2468 31.4037 -6.5325 -1.1290 -6.7487 18.9730 -0.9103 11.7755 -17.7540 -0.9541 6.2201 -17.4243 -8.1228 -2.2368 6.9863 -5.0369 -4.0529 2.0895 -0.3472 -2.1785 -1.5733 -14.1396 -16.5971 1.0904 14.8328 -24.8040 11.1901 4.7308 -12.3618 6.8559 0.0000 0.0000 0.0000 -61.0307 14.7869 -1.3197 26.2370 -37.4418 -9.0314 -0.0000 -0.0000 10.9334 52.3250 19.5598 23.4396 -7.1250 0.0000 -0.0000 28.2626 57.8291 9.3665 0.0000 0.0000 0.0000 -9.3209 19.0896 -49.6476 -15.2726 24.5245 -3.3383 0.0000 0.0000 25.3475 -47.7615 -7.2097 7.8697 7.1250 -0.0000 -0.0000 -18.3540 -39.9476 -2.3787
4.7756 18.5960 -0.4144 182.9540 -26.8063 -182.7500 0.0000 0.0000 0.0000 -16.3543 -9.1846 2.6341 1.8312 8.5052 24.2595 1.3509 0.3234 -22.1014 0.0132 -0.7426 -2.0408 0.0000 0.0000 0.0000 14.2891 29.8933 -7.1413 -1.1695 -6.8647 19.3151 -1.4061 7.7472 -21.2084 -0.6616 5.2023 -14.4865 -7.6175 -1.9766 7.2497 -5.0959 -3.7093 2.1248 -0.6973 -2.0076 -1.7370 -13.8610 -16.5529 1.1464 15.0924 -24.7632 10.8964 4.7955 -12.3393 6.7471 -0.0000 -0.0000 0.0000 -59.3745 13.2937 -0.5177 25.9105 -37.1202 -8.8336 -0.0000 -0.0000 10.3937 51.1927 17.5106 20.5121 -7.1250 0.0000 -0.0000 25.6551 54.7975 6.4923 -0.0000 -0.0000 0.0000 -15.2737 20.9907 -80.3179 -13.9154 22.6136 -2.7955 0.0000 0.0000 18.8234 -57.1186 -14.9628 21.7711 7.1250 -0.0000 -0.0000 -31.9332 -53.1726 6.9842
4.7214 18.6282 -0.2789 183.5530 -25.2454 -183.1590 0.0000 0.0000 0.0000 -16.3576 -8.7015 2.6689 1.8208 8.4823 24.1890 1.3345 1.9770 -22.6177 0.0132 -0.7411 -2.0368 0.0000 0.0000 0.0000 14.8620 28.0817 -7.3621 -1.2081 -6.9730 19.6354 -1.4298 4.4286 -21.5916 -0.5719 4.8429 -13.4611 -6.9625 -1.9899 7.3964 -5.0143 -3.6754 2.2898 -0.9724 -1.9937 -1.6830 -13.5353 -16.3182 0.5301 15.1600 -24.3506 10.7539 4.7879 -12.0993 6.7116 -0.0000 0.0000 0.0000 -58.4143 12.6252 -0.7471 25.7508 -36.9616 -8.7374 -0.0000 -0.0000 10.8154 50.1325 17.9011 20.2057 -7.1250 0.0000 -0.0000 24.4625 54.9984 6.2844 -0.0000 0.0000 0.0000 -19.3025 20.7393 -88.6803 -13.4876 21.9975 -2.6331 0.0000 0.0000 10.5442 -66.1014 -20.1009 37.7970 7.1250 -0.0000 -0.0000 -55.0189 -63.3216 28.6320
4.6667 18.6549 -0.1824 183.5790 -23.2665 -183.2880 0.0000 0.0000 0.0000 -17.0297 -8.4587 3.2395 1.7496 8.3238 23.7019 1.3436 4.1174 -23.7240 0.0109 -0.6729 -1.8493 0.0000 0.0000 0.0000 15.1418 27.6272 -7.0963 -1.3217 -7.2810 20.5505 -1.2414 1.2300 -20.6971 -0.3715 3.9150 -10.8377 -6.9727 -2.0510 7.1484 -5.0200 -3.7406 2.1811 -0.9762 -2.0256 -1.6559 -13.1595 -15.8659 0.3290 14.9498 -23.7295 10.9127 4.7566 -11.7940 6.6295 0.0000 -0.0000 0.0000 -58.0300 13.4201 -0.8556 26.0275 -37.2359 -8.9043 -0.0000 -0.0000 10.4188 50.1368 18.2070 20.5146 -7.1250 0.0000 -0.0000 24.5988 55.3988 6.5684 0.0000 -0.0000 0.0000 -19.9342 18.8468 -75.2324 -12.5002 20.5505 -2.2748 0.0000 0.0000 12.4300 -56.9655 -16.5233 23.6231 7.1250 -0.0000 -0.0000 -32.9105 -55.3105 9.0444
4.6258 18.6601 -0.0923 183.6900 -20.6672 -183.4150 0.0000 0.0000 0.0000 -17.4185 -7.7184 3.5008 1.7242 8.2664 23.5261 1.3545 5.8767 -24.8122 0.0070 -0.5415 -1.4879 0.0000 0.0000 0.0000 15.6203 27.3650 -6.8387 -1.4764 -7.6776 21.7390 -1.1492 -0.0213 -20.2825 -0.2692 3.3375 -9.2200 -7.1026 -2.1944 6.8707 -4.8372 -3.9088 1.8544 -0.7071 -2.0902 -1.8131 -12.9131 -15.1770 0.2943 14.7959 -22.8574 11.1783 4.8038 -11.3857 6.5417 -0.0000 0.0000 0.0000 -58.4573 14.9417 -1.7988 26.2914 -37.4950 -9.0644 -0.0000 -0.0000 10.5664 50.0804 17.6599 19.9291 -7.1250 0.0000 -0.0000 24.2937 54.6675 6.0363 -0.0000 0.0000 0.0000 -19.2510 17.0451 -54.0089 -13.4894 22.0001 -2.6338 0.0000 0.0000 22.7799 -54.8128 -13.4241 18.2246 7.1250 -0.0000 -0.0000 -28.0085 -50.2481 3.8912
4.6006 18.6485 -0.0189 183.6110 -17.5462 -183.5100 0.0000 0.0000 0.0000 -17.9636 -6.8728 3.7466 1.7365 8.2942 23.6114 1.4264 7.5570 -26.4225 0.0004 -0.1248 -0.3430 0.0000 0.0000 0.0000 15.9804 27.6085 -6.3367 -1.6584 -8.1151 23.0642 -1.1123 -0.4657 -20.1112 -0.2060 2.9221 -8.0620 -7.3728 -2.1149 6.5267 -4.6917 -3.7913 1.5876 -0.4265 -2.0205 -1.8755 -12.1895 -14.7947 -0.4128 14.0694 -22.3443 11.9842 4.4905 -11.1091 6.6702 0.0000 0.0000 0.0000 -58.9342 16.0587 -2.7705 26.4887 -37.6872 -9.1848 -0.0000 -0.0000 10.3989 50.7732 19.9292 22.6623 -7.1250 0.0000 -0.0000 26.2462 57.8163 8.6246 0.0000 0.0000 0.0000 -19.0533 14.4806 -33.9295 -16.5672 26.2837 -3.8937 0.0000 0.0000 32.7033 -60.1826 -14.0609 22.9731 7.1250 -0.0000 -0.0000 -35.4048 -52.9394 7.6863
4.5842 18.6412 0.0489 183.7420 -14.9910 -183.6380 0.0000 0.0000 0.0000 -18.1934 -6.1737 3.8275 1.7613 8.3501 23.7826 1.4714 9.0014 -27.7400 0.0003 0.1174 0.3225 0.0000 0.0000 0.0000 16.4381 27.1863 -5.8860 -1.8518 -8.5503 24.3985 -0.9991 -1.2796 -19.3879 -0.1373 2.3878 -6.5788 -7.1689 -2.1134 6.3356 -4.4683 -3.7402 1.3614 -0.3141 -1.9774 -2.0024 -12.0940 -14.7024 -0.7745 13.9679 -22.2868 12.3351 4.4155 -11.0743 6.8113 -0.0000 -0.0000 0.0000 -59.5447 16.7892 -2.8988 26.6375 -37.8313 -9.2759 -0.0000 -0.0000 9.3834 50.7301 20.2204 22.9153 -7.1250 0.0000 -0.0000 26.3272 58.1750 8.8851 -0.0000 -0.0000 0.0000 -18.8016 12.1151 -21.6260 -22.3448 33.3645 -6.7745 0.0000 0.0000 40.3447 -58.4806 -8.3184 13.2738 7.1250 -0.0000 -0.0000 -28.9447 -43.4767 -1.1961
4.5730 18.6281 0.1009 183.5350 -12.4706 -183.5500 0.0000 0.0000 0.0000 -18.7451 -5.5414 3.8289 1.7710 8.3718 23.8491 1.5315 10.3032 -29.1011 0.0040 0.4060 1.1157 0.0000 0.0000 0.0000 16.3861 26.3617 -5.6395 -2.0754 -9.0215 25.8626 -0.9278 -2.3506 -19.1876 -0.1020 2.0600 -5.6715 -6.9820 -2.1127 5.9478 -4.3904 -3.6893 1.1307 -0.3523 -1.9434 -2.0332 -11.7664 -14.4233 -0.9099 13.7456 -21.9510 12.5331 4.3393 -10.9175 6.7869 -0.0000 0.0000 0.0000 -60.2264 16.9727 -3.2833 26.2808 -37.4847 -9.0580 -0.0000 -0.0000 9.2786 49.9744 18.4925 20.6895 -7.1250 0.0000 -0.0000 24.5091 55.7222 6.7394 -0.0000 0.0000 0.0000 -19.4291 10.9968 -13.1225 -26.8147 38.0019 -9.3848 0.0000 0.0000 44.4772 -60.3111 -3.2349 5.6525 7.1250 -0.0000 -0.0000 -27.5203 -35.1504 -7.3848
4.5843 18.6206 0.1509 183.3880 -10.0136 -183.3840 0.0000 0.0000 0.0000 -19.0952 -4.9115 3.5909 1.7962 8.4279 24.0215 1.5745 11.5073 -30.3001 0.0069 0.5383 1.4791 0.0000 0.0000 0.0000 16.3846 25.1294 -5.5014 -2.2901 -9.4458 27.2002 -0.8815 -3.8075 -19.5061 -0.0557 1.5226 -4.1881 -7.0094 -2.1204 5.5520 -4.2062 -3.6593 0.7887 -0.1589 -1.9100 -2.1531 -11.2176 -14.0650 -0.8570 13.3141 -21.5543 12.9003 4.1910 -10.7474 6.7293 -0.0000 -0.0000 0.0000 -61.2864 17.1899 -4.0928 25.8844 -37.0944 -8.8179 -0.0000 -0.0000 9.4404 50.2704 19.2014 21.5903 -7.1250 0.0000 -0.0000 25.2127 56.7272 7.5793 -0.0000 -0.0000 0.0000 -19.8915 11.5765 -9.6973 -27.8286 38.9580 -10.0157 0.0000 0.0000 48.0027 -66.3547 -2.7816 6.3249 7.1250 -0.0000 -0.0000 -32.0875 -34.9035 -9.2110
4.6047 18.6158 0.1950 183.0260 -7.5042 -183.3400 0.0000 0.0000 0.0000 -19.8472 -4.6492 3.8691 1.7820 8.3964 23.9247 1.6072 13.0959 -31.7722 0.0131 0.7393 2.0317 0.0000 0.0000 0.0000 16.1154 23.5516 -5.2925 -2.5179 -9.8703 28.5578 -0.8170 -5.4134 -19.8744 -0.0073 0.5515 -1.5155 -7.3407 -1.9468 5.2905 -4.1221 -3.4301 0.6698 0.0861 -1.7934 -2.1172 -10.8559 -13.6638 -1.2203 13.5885 -21.2672 13.4196 4.2215 -10.5983 6.9101 0.0000 0.0000 0.0000 -62.6141 17.2786 -4.5283 26.1058 -37.3130 -8.9517 -0.0000 -0.0000 9.1356 51.0038 20.5780 23.4659 -7.1250 0.0000 -0.0000 26.8989 58.7162 9.4523 0.0000 0.0000 0.0000 -18.9544 13.1634 -12.5888 -26.4687 37.6678 -9.1726 0.0000 0.0000 49.8267 -64.1280 2.5053 -5.1503 7.1250 -0.0000 -0.0000 -27.0491 -24.0487 -15.4076
4.6383 18.6268 0.2411 184.1170 -4.9684 -183.1860 0.0000 0.0000 0.0000 -18.6965 -4.0973 3.2965 1.8568 8.5612 24.4322 1.7359 13.8569 -33.1646 0.0312 1.1409 3.1367 0.0000 0.0000 0.0000 17.3774 21.8820 -5.1719 -2.6547 -10.1138 29.3462 -0.6728 -7.5991 -20.0771 -0.0066 -0.5228 1.4367 -6.1448 -1.5766 5.1074 -3.6033 -2.7748 0.5964 -0.0850 -1.4458 -2.1492 -10.9045 -14.9358 -1.6634 13.6792 -21.1540 14.1907 4.2786 -9.7688 7.2602 -0.0000 0.0000 0.0000 -63.6312 16.4693 -3.9498 26.1287 -37.3355 -8.9656 -0.0000 -0.0000 9.7340 52.8419 24.0828 28.2985 -7.1250 0.0000 -0.0000 31.9809 63.6681 15.2455 -0.0000 0.0000 0.0000 -17.1494 14.8088 -20.8959 -23.7572 34.9065 -7.5672 0.0000 0.0000 47.9665 -61.6911 -1.9503 3.6153 7.1250 -0.0000 -0.0000 -27.8602 -32.9036 -9.2282
4.6887 18.6195 0.2700 184.0510 -3.2581 -182.8820 0.0000 0.0000 0.0000 -18.7725 -3.9361 2.8660 1.9150 8.6867 24.8201 1.8750 14.2785 -34.3040 0.0430 1.3386 3.6811 0.0000 0.0000 0.0000 17.2499 19.7096 -4.9968 -2.7859 -10.3401 30.0851 -0.6415 -9.2301 -21.1815 -0.0041 0.4144 -1.1386 -5.8927 -1.3150 5.0933 -3.5273 -2.4030 0.6109 -0.1705 -1.2608 -2.1480 -10.9982 -15.0066 -2.1143 14.1776 -21.3051 14.1925 4.3876 -9.7859 7.4281 -0.0000 -0.0000 0.0000 -64.1891 15.4311 -3.0499 26.0370 -37.2452 -8.9100 -0.0000 -0.0000 10.4896 50.4135 22.6098 24.9360 -7.1250 0.0000 -0.0000 27.0507 61.0779 11.0524 -0.0000 -0.0000 0.0000 -15.0255 16.7449 -32.0220 -21.6923 32.6275 -6.4191 0.0000 0.0000 38.7766 -59.2149 -2.3368 3.9151 7.1250 -0.0000 -0.0000 -26.1567 -33.4881 -8.1250
4.7603 18.6198 0.2891 183.8290 -1.5552 -182.5830 0.0000 0.0000 0.0000 -18.6933 -2.8108 2.3783 1.8872 8.6270 24.6352 1.8810 14.4431 -34.4705 0.0484 1.4196 3.9042 0.0000 0.0000 0.0000 16.9499 17.4270 -4.9959 -2.9323 -10.5846 30.8915 -0.5002 -11.0043 -21.5294 -0.0018 0.2773 -0.7618 -5.7310 -1.1112 5.1743 -3.4101 -2.1195 0.6030 -0.1552 -1.1160 -2.2132 -11.7686 -14.9520 -1.7331 14.8069 -21.2472 13.3235 4.7307 -9.8314 7.2330 -0.0000 -0.0000 0.0000 -64.9220 14.5584 -2.1758 25.8101 -37.0206 -8.7731 -0.0000 -0.0000 10.2078 51.4101 23.9520 26.9641 -7.1250 0.0000 -0.0000 29.4115 63.0452 13.4806 -0.0000 -0.0000 0.0000 -13.7347 19.6334 -45.9176 -20.7323 31.5145 -5.9094 0.0000 0.0000 29.0233 -58.9857 -8.4565 13.7451 7.1250 -0.0000 -0.0000 -29.5502 -43.8242 -0.9457
4.8487 18.6092 0.2884 183.3380 0.2415 -182.1150 0.0000 0.0000 0.0000 -19.0013 -2.0648 1.9333 1.8706 8.5912 24.5247 1.8906 15.0795 -35.0432 0.0442 1.3566 3.7306 0.0000 0.0000 0.0000 16.4498 15.6528 -4.7921 -3.0159 -10.7207 31.3436 -0.3838 -12.5141 -22.0320 -0.0120 0.7066 -1.9418 -5.6631 -1.3735 4.6817 -3.2770 -1.9757 0.6251 -0.0855 -0.8629 -1.8984 -11.0662 -14.5335 -2.5816 13.6588 -20.4879 12.9397 4.3277 -9.5245 6.9421 -0.0000 0.0000 0.0000 -65.8853 13.3012 -1.8620 24.6856 -35.8809 -8.1049 -0.0000 -0.0000 9.9822 50.3016 19.8687 22.2638 -7.1250 0.0000 -0.0000 25.5586 57.5934 8.2384 -0.0000 0.0000 0.0000 -13.5059 24.5166 -62.8170 -21.1186 31.9665 -6.1126 0.0000 0.0000 21.9056 -59.9303 -10.6572 17.7142 7.1250 -0.0000 -0.0000 -32.1763 -47.6313 2.3192
4.9592 18.5959 0.2939 183.0570 2.6190 -181.7630 0.0000 0.0000 0.0000 -19.0563 -1.2104 1.5371 1.8848 8.6218 24.6192 2.0392 15.4269 -36.1277 0.0580 1.5539 4.2742 0.0000 0.0000 0.0000 16.4518 14.9567 -4.1255 -2.9976 -10.6912 31.2453 -0.2408 -13.9511 -22.3461 -0.0839 1.8688 -5.1431 -5.2109 -1.2605 4.2718 -3.0170 -1.8027 0.5910 -0.0868 -0.7980 -1.7179 -11.0921 -14.0494 -3.0037 13.0651 -19.7052 12.6780 4.2259 -9.2082 6.7666 -0.0000 0.0000 0.0000 -66.8233 11.9243 -1.5081 23.5950 -34.7330 -7.4745 -0.0000 -0.0000 8.8360 51.2665 22.2587 25.2786 -7.1250 0.0000 -0.0000 28.1917 60.9144 11.4510 -0.0000 0.0000 0.0000 -14.4413 30.0771 -75.7852 -23.2819 34.3956 -7.2969 0.0000 0.0000 14.6183 -65.1775 -16.3800 31.3703 7.1250 -0.0000 -0.0000 -46.5621 -58.2830 17.5406
5.0926 18.5741 0.2854 183.1190 5.3207 -181.5430 0.0000 0.0000 0.0000 -18.7927 -0.4232 1.3545 1.9324 8.7238 24.9352 2.2493 16.0564 -37.7174 0.0672 1.6729 4.6026 0.0000 0.0000 0.0000 17.1204 15.3297 -2.7383 -2.8092 -10.3795 30.2147 -0.2244 -14.5711 -22.9609 -0.2225 3.0363 -8.3798 -4.3876 -1.1494 3.8848 -2.5783 -1.6340 0.5582 -0.1093 -0.7420 -1.5533 -10.3776 -13.5039 -3.8574 11.9536 -18.8078 12.7344 3.8433 -8.8000 6.6328 -0.0000 -0.0000 0.0000 -67.6831 10.1617 -0.8367 22.5326 -33.5738 -6.8781 -0.0000 -0.0000 8.2653 49.7445 22.4751 24.2983 -7.1250 0.0000 -0.0000 25.9601 60.6999 10.3364 -0.0000 -0.0000 0.0000 -14.1878 34.2155 -76.2160 -27.4251 38.5816 -9.7631 0.0000 0.0000 9.8323 -66.8341 -18.8366 37.0365 7.1250 -0.0000 -0.0000 -54.4939 -62.0938 26.7494
5.2451 18.5566 0.2730 182.6010 8.4226 -181.1050 0.0000 0.0000 0.0000 -19.0982 1.0029 1.0606 1.8780 8.6072 24.5740 2.3569 16.8632 -38.8927 0.0700 1.7069 4.6964 0.0000 0.0000 0.0000 17.0360 16.7034 -2.0415 -2.5154 -9.8659 28.5436 -0.3462 -13.8879 -23.2633 -0.3758 3.9373 -10.9004 -4.2228 -0.8551 3.1124 -2.2307 -1.2126 0.5097 0.1242 -0.5504 -1.1796 -9.3450 -12.9661 -4.6525 11.2111 -17.9765 12.3916 3.5311 -8.3948 6.3945 0.0000 0.0000 0.0000 -68.4967 7.7133 1.0875 22.7326 -33.7951 -6.9890 -0.0000 -0.0000 7.9975 48.6786 23.5376 24.4289 -7.1250 0.0000 -0.0000 24.8075 61.6723 10.4182 0.0000 0.0000 0.0000 -12.9780 36.0175 -66.6743 -31.7440 42.3422 -12.5681 0.0000 0.0000 13.1178 -62.3045 -13.7280 24.3278 7.1250 -0.0000 -0.0000 -38.1559 -53.2524 8.7517
5.3932 18.5518 0.2396 181.5640 10.7829 -181.1620 0.0000 0.0000 0.0000 -19.9373 2.3188 1.1862 1.8171 8.4743 24.1642 2.2126 18.2799 -39.3625 0.0231 0.9822 2.6998 0.0000 0.0000 0.0000 16.2493 16.8541 -1.7597 -2.3163 -9.4960 27.3596 -0.5880 -12.3641 -23.7446 -0.1773 2.7124 -7.4791 -4.3599 -0.7048 2.6822 -1.9537 -1.0044 0.4812 0.4716 -0.4560 -0.9676 -8.4868 -12.4403 -5.2395 10.4721 -17.1782 12.1370 3.2488 -8.0166 6.1844 -0.0000 -0.0000 0.0000 -69.2805 4.9744 4.2988 24.1646 -35.3378 -7.8015 -0.0000 -0.0000 6.6218 46.4489 23.1302 22.4508 -7.1250 0.0000 -0.0000 21.3656 60.4937 8.2927 -0.0000 -0.0000 0.0000 -12.3241 35.5492 -51.3927 -36.7459 46.0193 -16.0569 0.0000 0.0000 20.4129 -59.7298 -10.0483 16.6435 7.1250 -0.0000 -0.0000 -31.4778 -46.5992 1.3773
5.5627 18.5432 0.2037 181.7810 12.6839 -181.1240 0.0000 0.0000 0.0000 -19.1530 3.5896 0.7179 1.9447 8.7498 25.0159 2.1744 18.5498 -39.4093 0.0083 0.5900 1.6214 0.0000 0.0000 0.0000 17.0445 17.2685 -1.3275 -2.2196 -9.3092 26.7675 -0.6321 -11.5500 -23.3055 -0.1829 2.7549 -7.5971 -3.1335 -0.5917 2.2235 -1.4273 -0.8297 0.4655 0.3162 -0.3903 -0.7448 -8.0829 -11.9055 -5.3079 10.0725 -16.4008 11.8927 3.1592 -7.6595 5.9736 -0.0000 -0.0000 0.0000 -69.7227 1.4053 8.2466 27.2097 -38.3784 -9.6290 -0.0000 -0.0000 4.4675 43.5084 23.8601 21.0055 -7.1250 0.0000 -0.0000 17.4131 60.5093 6.7037 -0.0000 -0.0000 0.0000 -13.4721 33.4988 -34.2777 -42.5384 49.5039 -20.3490 0.0000 0.0000 26.3482 -58.1508 -6.4965 10.3222 7.1250 -0.0000 -0.0000 -27.5218 -40.4323 -3.3983
5.7526 18.5415 0.1696 181.9380 14.2876 -181.4560 0.0000 0.0000 0.0000 -18.1510 4.9175 0.3509 2.1645 9.2005 26.4247 1.9839 18.7915 -38.7001 0.0016 -0.2600 -0.7143 0.0000 0.0000 0.0000 17.9394 17.8000 -0.5077 -2.1723 -9.2161 26.4738 -0.6424 -10.7193 -22.5840 -0.2506 3.2212 -8.8952 -2.0849 -0.5214 2.0201 -0.9980 -0.7248 0.3950 0.1651 -0.3489 -0.7143 -7.7895 -11.2148 -5.2802 9.3960 -15.4111 12.4580 3.0097 -7.1922 5.9740 -0.0000 -0.0000 0.0000 -69.4620 -2.4887 13.5661 32.9977 -43.3282 -13.4205 -0.0000 -0.0000 5.9651 39.4789 25.9769 19.8392 -7.1250 0.0000 -0.0000 12.0505 61.8432 4.9777 -0.0000 -0.0000 0.0000 -16.3107 31.5340 -17.9210 -49.1375 52.6416 -25.4869 0.0000 0.0000 31.9274 -56.5622 -2.9220 4.4145 7.1250 -0.0000 -0.0000 -24.3362 -34.3360 -6.9043
5.9718 18.5579 0.1347 182.0850 15.0512 -182.0550 0.0000 0.0000 0.0000 -16.7767 6.0558 0.1485 2.4407 9.7293 28.1046 1.6043 18.6192 -36.6243 0.0573 -1.5445 -4.2485 0.0000 0.0000 0.0000 19.0738 17.4654 0.3803 -2.1468 -9.1653 26.3139 -0.6545 -10.4301 -22.4180 -0.2415 3.1627 -8.7320 -1.2954 -0.6890 1.8296 -0.7602 -0.9355 0.3787 -0.0305 -0.4601 -0.6294 -7.0488 -10.3823 -5.6800 8.1749 -14.2110 13.9883 2.6046 -6.5895 6.2704 0.0000 -0.0000 0.0000 -66.5484 -7.2987 22.0791 42.0343 -49.2300 -19.9665 -0.0000 -0.0000 10.3296 38.2151 26.0972 19.1036 -7.1250 0.0000 -0.0000 10.3527 61.6265 4.2143 0.0000 -0.0000 0.0000 -20.0448 30.9114 -4.9411 -54.2374 54.5678 -29.5937 0.0000 0.0000 40.7881 -57.9019 0.9061 -1.4442 7.1250 -0.0000 -0.0000 -23.6815 -27.8705 -10.7353
6.2214 18.5806 0.0933 181.7800 14.8400 -182.8730 0.0000 0.0000 0.0000 -15.5842 6.9906 0.0057 2.7208 10.2287 29.7207 1.0759 18.4251 -33.5024 0.1669 -2.6319 -7.2555 0.0000 0.0000 0.0000 20.0704 17.1180 1.5636 -2.1505 -9.1728 26.3373 -0.7458 -10.7518 -23.5346 -0.0975 2.0141 -5.5446 -1.2975 -1.0124 1.2951 -0.8901 -1.3535 0.4844 -0.1643 -0.6705 -0.2212 -7.5168 -10.1043 -5.7629 8.1718 -13.8164 15.9511 2.6854 -6.3343 6.9127 -0.0000 -0.0000 0.0000 -58.7607 -15.1761 32.4644 52.7473 -54.0452 -28.3834 -0.0000 -0.0000 14.5273 37.0071 25.2042 17.7956 -7.1250 0.0000 -0.0000 8.8774 60.2753 3.3231 -0.0000 -0.0000 0.0000 -22.9277 31.1539 2.8643 -55.6644 55.0393 -30.7598 0.0000 0.0000 51.0487 -61.2581 8.9246 -15.7945 7.1250 -0.0000 -0.0000 -22.7103 -12.8029 -18.6785
6.4708 18.5946 0.0716 181.1560 14.6834 -183.4750 0.0000 0.0000 0.0000 -14.8640 7.6052 -0.3491 2.9689 10.6445 31.0900 0.5935 18.4859 -30.5518 0.3132 -3.5979 -9.9479 0.0000 0.0000 0.0000 20.4212 16.6303 1.9080 -2.2330 -9.3355 26.8505 -0.7741 -10.8061 -23.8281 -0.0773 1.7940 -4.9367 -1.8089 -1.2115 1.3008 -1.3436 -1.6237 0.1786 -0.3341 -0.7984 -0.5344 -8.2832 -9.6549 -5.7234 8.5274 -13.1889 18.2598 2.9726 -5.9375 7.6825 0.0000 0.0000 0.0000 -46.8438 -24.7346 37.8948 64.7998 -57.4589 -38.3621 -0.0000 -0.0000 19.2815 37.1976 19.5825 14.2723 -7.1250 0.0000 -0.0000 9.4431 53.7986 2.0569 0.0000 0.0000 0.0000 -23.3117 31.1308 6.3322 -54.1013 54.5214 -29.4828 0.0000 0.0000 55.2072 -67.0445 13.2155 -28.3579 7.1250 -0.0000 -0.0000 -24.3491 -1.1415 -26.3838
6.7175 18.5962 0.0510 180.8750 15.1891 -183.9040 0.0000 0.0000 0.0000 -13.7434 8.3281 -0.8477 3.2991 11.1641 32.8355 0.4268 17.6598 -28.4157 0.4001 -4.0611 -11.2486 0.0000 0.0000 0.0000 21.0375 16.3115 2.1111 -2.3065 -9.4773 27.3000 -0.8358 -10.3170 -23.9100 -0.0645 1.6392 -4.5097 -2.5466 -1.4689 1.5235 -1.5296 -1.9776 0.1492 -0.1001 -0.9680 -0.6681 -8.5918 -9.2429 -6.7787 8.3220 -12.5328 20.2651 2.9790 -5.5558 8.4887 0.0000 0.0000 0.0000 -31.0193 -32.2649 32.9236 74.6233 -59.0875 -46.7242 -0.0000 -0.0000 27.6903 44.4350 17.1293 16.1075 -7.1250 0.0000 -0.0000 17.3596 52.4874 3.2793 0.0000 0.0000 0.0000 -22.7221 30.6791 3.0087 -49.3756 52.7406 -25.6764 0.0000 0.0000 52.9894 -66.3941 11.6835 -24.8622 7.1250 -0.0000 -0.0000 -24.4972 -4.5575 -24.9224
6.9317 18.5975 0.0301 180.3750 17.0271 -184.4920 0.0000 0.0000 0.0000 -13.0645 9.4888 -1.2003 3.6593 11.6927 34.6533 0.1010 17.8856 -26.1810 0.5434 -4.7228 -13.1196 0.0000 0.0000 0.0000 21.2595 16.3211 2.2234 -2.3948 -9.6441 27.8317 -0.8710 -9.1027 -23.1664 -0.0913 1.9487 -5.3640 -3.9860 -1.4970 2.0955 -1.2179 -2.0634 0.2205 1.0383 -1.0034 -0.8515 -9.1836 -8.5065 -7.1943 8.0155 -11.3598 20.5758 3.0934 -5.0713 8.5778 -0.0000 0.0000 0.0000 -13.7813 -34.8557 20.7142 75.8671 -59.2317 -47.7921 -0.0000 -0.0000 28.7119 54.8299 15.6293 20.9239 -7.1250 0.0000 -0.0000 29.3553 53.3648 6.4785 -0.0000 0.0000 0.0000 -22.1949 30.7360 -6.6571 -42.4778 49.4713 -20.3030 0.0000 0.0000 49.2589 -62.5812 8.7778 -16.3920 7.1250 -0.0000 -0.0000 -23.4923 -12.4368 -19.6515
7.1017 18.6123 0.0058 180.2410 19.2777 -185.1460 0.0000 0.0000 0.0000 -12.2860 9.9072 -1.1861 4.0756 12.2603 36.6590 -0.1833 18.3956 -24.4459 0.4811 -4.4481 -12.3409 0.0000 0.0000 0.0000 21.6593 16.1001 2.5836 -2.4121 -9.6762 27.9345 -0.8776 -7.4404 -21.9006 -0.1025 2.0650 -5.6852 -4.6947 -1.2708 2.9311 -0.8085 -1.8275 0.2630 1.8694 -0.8768 -1.2518 -9.0153 -7.6405 -7.9688 7.3998 -10.0091 21.4158 2.9974 -4.4422 8.8338 0.0000 0.0000 0.0000 0.0763 -34.5985 6.9159 64.2501 -57.3400 -37.8991 -0.0000 -0.0000 28.5576 50.9195 16.1498 18.9064 -7.1250 0.0000 -0.0000 24.6917 52.9067 5.0497 0.0000 0.0000 0.0000 -21.9004 31.6120 -20.6170 -34.2423 44.2635 -14.2819 0.0000 0.0000 44.8625 -59.0623 5.8293 -9.6174 7.1250 -0.0000 -0.0000 -22.5228 -19.0958 -15.1233
7.2302 18.6317 -0.0182 180.0320 21.4117 -185.7610 0.0000 0.0000 0.0000 -11.9138 9.7418 -1.4744 4.6328 12.9580 39.2113 -0.5410 19.4841 -22.7507 0.2754 -3.3754 -9.3257 0.0000 0.0000 0.0000 21.8497 15.8854 3.0722 -2.3941 -9.6427 27.8273 -0.9189 -5.7315 -21.0572 -0.1293 2.3175 -6.3840 -4.8278 -0.8082 3.5865 -0.6824 -1.2435 0.4588 2.0625 -0.5818 -1.4507 -9.5991 -7.4479 -6.7101 7.4634 -9.7289 20.4311 3.1822 -4.4059 8.2787 -0.0000 0.0000 0.0000 10.1248 -34.5556 -7.0186 47.3544 -51.8711 -24.0769 -0.0000 -0.0000 28.2279 45.7672 14.5963 14.5124 -7.1250 0.0000 -0.0000 18.2780 49.5505 2.1140 -0.0000 0.0000 0.0000 -22.6435 32.3131 -37.2149 -27.2596 38.4256 -9.6600 0.0000 0.0000 36.9540 -54.9082 -0.0942 0.1341 7.1250 -0.0000 -0.0000 -21.9165 -29.6977 -8.7714
7.3365 18.6237 -0.0397 179.7000 23.1356 -186.3060 0.0000 0.0000 0.0000 -11.7049 9.2226 -2.3239 5.3519 13.7694 42.3216 -0.9086 20.4441 -20.4703 0.1759 -2.7018 -7.4496 0.0000 0.0000 0.0000 21.8927 15.7074 3.5660 -2.3614 -9.5814 27.6315 -0.9456 -4.4708 -20.5064 -0.1196 2.2294 -6.1401 -4.7255 -0.4220 4.1945 -0.7371 -0.7540 0.5405 1.9331 -0.3308 -1.7439 -8.5779 -6.7922 -7.6183 7.2575 -8.8469 21.6705 3.0314 -3.8614 8.7180 0.0000 -0.0000 0.0000 18.3863 -35.6836 -20.9436 32.1012 -42.6277 -12.8093 -0.0000 -0.0000 25.1398 41.1981 17.1461 14.4705 -7.1250 0.0000 -0.0000 13.7494 51.7574 2.3245 0.0000 -0.0000 0.0000 -24.5436 34.1865 -59.3759 -21.9875 32.9629 -6.5790 0.0000 0.0000 28.6726 -52.3863 -2.4864 3.2226 7.1250 -0.0000 -0.0000 -20.8305 -33.4462 -6.2588
7.4170 18.6277 -0.0660 179.5330 25.0092 -186.7190 0.0000 0.0000 0.0000 -11.3767 9.0088 -3.3489 6.0589 14.4852 45.2176 -1.2127 21.4087 -18.6501 0.0054 -0.4729 -1.2995 0.0000 0.0000 0.0000 22.2180 16.2883 4.5743 -2.2612 -9.3902 27.0239 -0.9567 -3.5784 -20.0981 -0.0910 1.9458 -5.3560 -4.1801 -0.2081 4.6397 -0.7708 -0.4668 0.5780 1.5801 -0.1871 -1.9789 -8.1937 -6.3490 -7.3920 7.0950 -8.2493 21.7605 2.9893 -3.5603 8.6273 0.0000 0.0000 0.0000 25.3889 -38.2188 -40.0995 21.9411 -32.9103 -6.5538 -0.0000 -0.0000 14.7297 34.6541 21.9525 14.4891 -7.1250 0.0000 -0.0000 6.4286 55.9687 1.7350 0.0000 0.0000 0.0000 -29.0480 37.3008 -89.8427 -18.9911 29.4077 -5.0265 0.0000 0.0000 27.2902 -54.3263 -6.2990 8.6896 7.1250 -0.0000 -0.0000 -23.9315 -39.4910 -3.4843
7.4793 18.6274 -0.0934 180.1240 26.9397 -186.6000 0.0000 0.0000 0.0000 -10.1848 9.1944 -4.6129 6.7770 15.1412 48.0259 -0.9740 19.4544 -17.1792 0.1082 2.1213 5.8410 0.0000 0.0000 0.0000 23.0990 16.8090 5.2349 -2.1552 -9.1822 26.3670 -0.9552 -2.5889 -19.5674 -0.0594 1.5732 -4.3275 -2.9777 0.0236 4.6041 -0.5271 -0.0965 0.6895 1.1342 -0.0168 -1.8677 -7.4171 -6.0207 -8.2703 6.2840 -7.6826 22.9585 2.6379 -3.2556 9.0870 0.0000 0.0000 0.0000 32.0326 -42.9745 -70.1452 17.3487 -27.3151 -4.2461 -0.0000 -0.0000 11.7034 36.5402 27.5107 18.8961 -7.1250 0.0000 -0.0000 7.9366 62.7611 3.4353 0.0000 0.0000 0.0000 -34.0692 38.7815 -113.2929 -19.1210 29.5688 -5.0904 0.0000 0.0000 22.9197 -61.4709 -15.0980 25.6013 7.1250 -0.0000 -0.0000 -38.3562 -54.9475 10.5126
7.5248 18.6234 -0.1332 179.4880 28.7749 -187.4450 0.0000 0.0000 0.0000 -10.2955 9.0133 -4.9129 7.0787 15.3978 49.1712 -0.5666 15.7808 -15.1096 0.0295 1.1094 3.0499 0.0000 0.0000 0.0000 22.8371 17.3262 6.3707 -2.1019 -9.0751 26.0305 -0.9828 -1.3024 -19.2428 -0.0461 1.3856 -3.8103 -3.0913 0.1139 4.8813 -0.5197 0.0036 0.5778 1.1992 0.0382 -2.1420 -7.2992 -5.2325 -7.0787 6.8097 -6.6984 23.0205 2.9419 -2.7188 8.8198 -0.0000 0.0000 0.0000 36.2570 -46.4702 -87.4355 19.1273 -29.5765 -5.0935 -0.0000 -0.0000 0.6450 51.8362 34.2781 35.6270 -7.1250 0.0000 -0.0000 39.1091 74.8671 28.5123 -0.0000 0.0000 0.0000 -36.2474 41.2879 -119.1322 -22.1205 33.1130 -6.6516 0.0000 0.0000 14.5982 -65.2596 -19.2139 35.5335 7.1250 -0.0000 -0.0000 -51.3373 -61.9815 24.5923
7.5478 18.6050 -0.1714 179.2920 30.1255 -187.9100 0.0000 0.0000 0.0000 -10.2251 7.9251 -4.7050 6.9800 15.3151 48.7988 -0.0968 11.9193 -15.5705 0.0028 0.3396 0.9331 0.0000 0.0000 0.0000 22.8582 17.7460 6.7532 -2.1645 -9.2007 26.4251 -1.0300 -0.2901 -19.2939 -0.0369 1.2398 -3.4088 -2.8031 0.0145 4.6729 -0.4308 -0.1136 0.4396 1.1366 -0.0237 -2.1630 -6.8545 -4.6898 -6.1106 6.3936 -5.8708 23.6778 2.8433 -2.2961 8.7716 0.0000 -0.0000 0.0000 39.0968 -48.9020 -89.1412 21.9220 -32.8887 -6.5434 -0.0000 0.0000 -0.8500 51.4186 33.5040 34.6807 -7.1250 0.0000 -0.0000 37.0290 73.9447 26.2147 0.0000 -0.0000 0.0000 -36.8239 44.6639 -113.0190 -25.6076 36.8185 -8.6514 0.0000 0.0000 15.2231 -61.2384 -15.9211 26.5543 7.1250 -0.0000 -0.0000 -38.8763 -56.0349 11.7799
7.5633 18.5961 -0.2258 178.5580 31.8199 -188.7110 0.0000 0.0000 0.0000 -10.6743 7.1475 -3.7933 6.4810 14.8788 46.8829 0.0722 10.5081 -16.0306 0.0005 0.1446 0.3973 0.0000 0.0000 0.0000 22.3495 18.2026 7.1766 -2.2153 -9.3009 26.7412 -1.0569 0.9246 -19.1482 -0.0425 1.3298 -3.6569 -3.0069 0.0335 4.0657 -0.3454 -0.0780 0.4385 1.3358 -0.0100 -1.8250 -6.9809 -4.2102 -6.3721 6.2547 -5.0415 25.3193 2.9339 -1.8567 9.3317 0.0000 -0.0000 0.0000 39.2735 -50.5921 -78.7736 25.8589 -37.0690 -8.8025 -0.0000 -0.0000 1.6862 46.3027 31.3392 28.5598 -7.1250 0.0000 -0.0000 23.6846 70.0631 14.4611 0.0000 -0.0000 0.0000 -38.2506 47.6050 -100.6592 -29.2141 40.2102 -10.8987 0.0000 0.0000 17.2022 -59.9883 -13.5878 22.1329 7.1250 -0.0000 -0.0000 -34.7046 -52.1658 6.7957
7.5640 18.5938 -0.2855 177.7920 32.8996 -189.7620 0.0000 0.0000 0.0000 -11.2192 5.4587 -2.4393 5.7861 14.2178 44.1169 0.0792 10.8095 -16.5238 0.0061 -0.5039 -1.3848 0.0000 0.0000 0.0000 21.9050 18.4977 8.2196 -2.1965 -9.2639 26.6243 -1.0824 1.6464 -19.1847 -0.0451 1.3708 -3.7698 -2.9920 0.0583 3.8511 -0.3702 -0.0451 0.2316 1.2999 0.0079 -1.9191 -7.0860 -3.7995 -5.8990 5.8794 -4.2554 26.4819 2.9394 -1.4781 9.5926 -0.0000 -0.0000 0.0000 39.8429 -53.1230 -63.1547 29.5909 -40.5402 -11.1428 -0.0000 -0.0000 3.0983 42.7064 26.8958 22.6620 -7.1250 0.0000 -0.0000 16.6498 63.8508 7.7137 -0.0000 -0.0000 0.0000 -39.9904 49.7892 -83.7267 -34.6135 44.5342 -14.5417 0.0000 0.0000 13.1201 -57.7790 -11.4392 17.4679 7.1250 -0.0000 -0.0000 -30.2433 -48.1885 2.6029
7.5653 18.5836 -0.3652 177.3950 33.6169 -190.4980 0.0000 0.0000 0.0000 -11.3617 3.5523 -0.9322 5.1101 13.5067 41.2962 0.2502 9.7820 -17.4926 0.0000 0.0181 0.0498 0.0000 0.0000 0.0000 21.7740 18.7380 9.3216 -2.1531 -9.1780 26.3538 -1.0982 2.0271 -19.2361 -0.0239 0.9979 -2.7431 -2.8035 0.1400 3.2370 -0.4544 0.0788 -0.1636 1.1013 0.0701 -1.9861 -6.6950 -3.6101 -5.6679 5.2469 -3.7623 27.7549 2.7385 -1.2071 9.9541 -0.0000 -0.0000 0.0000 40.5769 -58.0856 -48.1574 34.1335 -44.1834 -14.2060 -0.0000 -0.0000 8.0090 39.7135 25.5389 19.7024 -7.1250 0.0000 -0.0000 12.3789 61.4033 4.9866 -0.0000 -0.0000 0.0000 -42.3716 50.9990 -67.6254 -42.1288 49.2818 -20.0381 0.0000 0.0000 13.6103 -52.4836 -7.3173 9.4188 7.1250 -0.0000 -0.0000 -22.6763 -40.7582 -2.5201
7.5645 18.5836 -0.4600 177.3520 33.6373 -190.8100 0.0000 0.0000 0.0000 -11.2564 0.8528 0.5624 4.4154 12.6936 38.2321 0.2594 8.8526 -16.5774 0.0480 -1.4134 -3.8871 0.0000 0.0000 0.0000 21.7556 18.5135 10.2690 -2.0671 -9.0045 25.8093 -1.1101 2.0181 -19.3454 -0.0269 1.0582 -2.9089 -2.5198 0.2789 2.2570 -0.5722 0.2947 -0.6357 0.8138 0.1771 -1.9272 -6.8298 -3.7060 -6.7327 5.2267 -3.6136 30.1922 2.8408 -1.0379 11.0770 -0.0000 0.0000 0.0000 43.8980 -66.5525 -39.1550 36.8829 -46.1108 -16.1556 -0.0000 -0.0000 15.6523 40.8729 22.7202 18.4819 -7.1250 0.0000 -0.0000 13.8309 58.4173 4.5952 -0.0000 0.0000 0.0000 -46.4252 50.3301 -53.3404 -50.8707 53.3407 -26.8711 0.0000 0.0000 19.0285 -49.0304 -2.7753 3.1915 7.1250 -0.0000 -0.0000 -18.2307 -33.7505 -5.2580
7.5441 18.5776 -0.5450 177.7570 32.9291 -190.9070 0.0000 0.0000 0.0000 -10.8714 -2.5477 1.9065 3.8627 11.9754 35.6450 0.1509 7.3598 -13.3535 0.1265 -2.2926 -6.3151 0.0000 0.0000 0.0000 21.8941 17.6616 11.1563 -1.9397 -8.7393 24.9831 -1.1365 1.9204 -19.6048 -0.0143 0.7716 -2.1205 -2.4450 0.0855 1.5464 -0.4517 0.0581 -0.9407 0.9052 0.0604 -1.8335 -6.9255 -3.5524 -8.5373 4.7661 -3.0826 31.7132 2.7906 -0.8155 12.0075 -0.0000 -0.0000 0.0000 45.2363 -76.9537 -33.4752 38.6007 -47.2187 -17.4051 -0.0000 -0.0000 26.0632 41.6037 21.3834 17.9396 -7.1250 0.0000 -0.0000 14.6411 57.0139 4.3739 -0.0000 -0.0000 0.0000 -52.6881 48.9939 -42.4943 -61.6276 56.7283 -35.6987 0.0000 0.0000 24.6429 -48.3923 2.6223 -2.9491 7.1250 -0.0000 -0.0000 -16.3553 -25.9600 -7.8510
7.5041 18.5432 -0.6381 178.9240 31.9562 -190.6990 0.0000 0.0000 0.0000 -9.8088 -5.7531 3.1610 3.4821 11.4373 33.7694 0.1540 4.9220 -10.8377 0.2163 -2.9942 -8.2626 0.0000 0.0000 0.0000 22.6493 16.5855 12.0237 -1.8452 -8.5359 24.3539 -1.1812 1.8260 -20.0210 -0.0050 0.4553 -1.2510 -1.5852 -0.5181 1.0809 -0.5008 -0.7174 -0.7081 0.3912 -0.3438 -1.3178 -6.4261 -2.9084 -11.6948 4.4183 -2.1607 32.1434 2.6903 -0.4390 12.7656 0.0000 -0.0000 0.0000 52.8779 -87.6934 -39.0232 37.4727 -46.4992 -16.5821 -0.0000 -0.0000 35.0567 42.3465 17.0425 14.9556 -7.1250 0.0000 -0.0000 15.0012 51.8877 2.5925 0.0000 -0.0000 0.0000 -57.6542 48.0113 -36.1961 -71.5029 58.6669 -44.0528 0.0000 0.0000 32.4624 -52.0614 8.3581 -10.5623 7.1250 -0.0000 -0.0000 -17.3678 -16.8932 -12.1468
7.4439 18.5192 -0.7124 180.2630 31.6220 -190.3240 0.0000 0.0000 0.0000 -8.2375 -7.6352 3.6271 3.3615 11.2585 33.1566 0.2107 2.2708 -9.8148 0.1607 -2.5826 -7.1187 0.0000 0.0000 0.0000 23.5472 15.9424 12.6103 -1.7653 -8.3590 23.8100 -1.1775 1.9966 -19.9473 -0.0002 0.0968 -0.2659 -0.2907 -0.9432 0.7543 -0.7992 -1.2631 -0.5163 -0.6350 -0.6300 -0.9627 -5.9842 -2.2769 -12.8967 3.9792 -1.4435 30.6059 2.4784 -0.2273 12.3229 0.0000 0.0000 0.0000 -108.4503 -83.1990 123.7274 40.4388 -48.3278 -18.7664 -0.0000 -0.0000 38.7259 45.8821 11.1841 11.3115 -7.1250 0.0000 -0.0000 17.5882 45.0785 0.0352 0.0000 0.0000 0.0000 -58.3680 46.9799 -31.5197 -76.0745 59.2544 -47.9704 0.0000 0.0000 36.2892 -58.8276 10.7473 -17.1318 7.1250 -0.0000 -0.0000 -20.7502 -10.7745 -17.7421
7.3636 18.4794 -0.7666 180.9050 32.5846 -190.5550 0.0000 0.0000 0.0000 -7.0457 -6.9250 4.1398 3.4445 11.3820 33.5792 0.2064 -0.2904 -8.4823 0.4546 -4.3256 -11.9944 0.0000 0.0000 0.0000 24.1530 16.3588 13.2201 -1.8001 -8.4366 24.0484 -1.1921 2.3220 -19.9998 -0.0022 0.3017 -0.8291 -0.1328 -1.7033 1.1272 -0.5068 -2.2765 -0.2469 -0.4009 -1.1381 -0.8994 -6.3227 -1.0540 -14.7114 3.0204 0.6324 29.9674 2.4449 0.4610 12.3239 0.0000 -0.0000 0.0000 -84.9570 -78.3140 101.2753 44.7594 -50.6501 -22.0526 -0.0000 -0.0000 36.4675 48.1416 8.7759 9.6643 -7.1250 0.0000 -0.0000 19.1338 42.1809 -1.3867 0.0000 -0.0000 0.0000 -57.6116 45.9276 -31.3918 -73.0879 58.8912 -45.4082 0.0000 0.0000 38.7998 -61.8730 11.6746 -20.7338 7.1250 -0.0000 -0.0000 -22.1445 -7.6278 -20.6597
7.2617 18.4440 -0.8396 180.7960 34.5784 -191.0410 0.0000 0.0000 0.0000 -6.8499 -5.4274 5.0747 3.3986 11.3139 33.3459 0.2021 -2.1693 -8.0149 0.5284 -4.6581 -12.9359 0.0000 0.0000 0.0000 23.9366 17.2703 13.4362 -1.9023 -8.6595 24.7358 -1.1974 3.3131 -19.8513 -0.0106 0.6661 -1.8306 -0.2689 -1.7943 1.3978 -0.8027 -2.4010 -0.1079 -0.6185 -1.1993 -0.9166 -5.9845 -0.2964 -14.4283 2.6956 1.5655 28.7331 2.3479 0.8451 11.7241 -0.0000 -0.0000 0.0000 -62.0954 -73.8383 77.0361 45.2887 -50.9091 -22.4626 -0.0000 -0.0000 39.8144 52.5158 11.3639 14.4095 -7.1250 0.0000 -0.0000 24.3936 46.6860 1.0778 -0.0000 -0.0000 0.0000 -51.6082 43.1584 -30.3594 -62.7129 56.9905 -36.6074 0.0000 0.0000 36.7081 -59.9359 10.8079 -17.9497 7.1250 -0.0000 -0.0000 -21.3555 -10.1509 -18.6377
7.1455 18.4364 -0.9425 180.3220 36.6826 -191.2210 0.0000 0.0000 0.0000 -7.6644 -5.2311 6.4190 3.2011 11.0137 32.3259 0.2255 -2.7672 -8.4408 0.3889 -4.0047 -11.0899 0.0000 0.0000 0.0000 23.3496 18.8432 13.2020 -2.0277 -8.9235 25.5563 -1.1907 4.0700 -19.6786 -0.0169 0.8397 -2.3079 -0.8407 -1.3429 1.1378 -1.0114 -1.8049 -0.2906 -0.5294 -0.8970 -0.9415 -5.7574 -0.2803 -13.7083 2.1856 1.8236 29.7942 2.1840 0.9650 11.9953 0.0000 -0.0000 0.0000 -39.3684 -68.7253 51.1188 41.6000 -48.9898 -19.6382 -0.0000 -0.0000 41.2059 52.7676 6.7485 8.7902 -7.1250 0.0000 -0.0000 22.7121 39.9500 -3.0080 0.0000 -0.0000 0.0000 -43.9509 37.5933 -28.1423 -48.8321 52.5135 -25.2445 0.0000 0.0000 35.1660 -57.2546 8.4718 -12.9026 7.1250 -0.0000 -0.0000 -20.5436 -15.1769 -15.4940
6.9978 18.4212 -1.0575 179.6700 37.8721 -191.1510 0.0000 0.0000 0.0000 -9.3104 -6.7384 7.6727 2.9799 10.6624 31.1497 0.3142 -2.6186 -10.0079 0.3737 -3.9265 -10.8700 0.0000 0.0000 0.0000 22.0244 19.7222 12.4250 -2.1189 -9.1094 26.1381 -1.1979 4.9163 -19.6446 -0.0348 1.2040 -3.3102 -1.6045 -0.9000 1.0208 -1.2821 -1.2179 -0.3402 -0.3918 -0.5965 -0.9146 -5.3457 -0.3084 -13.4127 1.8356 2.0343 31.3883 2.0647 1.1153 12.5821 0.0000 -0.0000 0.0000 -19.2318 -61.8719 27.5802 35.8239 -45.3916 -15.3970 -0.0000 -0.0000 36.2216 46.1280 9.3112 9.5532 -7.1250 0.0000 -0.0000 17.3835 42.6057 -1.0619 0.0000 -0.0000 0.0000 -37.7647 30.1439 -28.3791 -34.3331 44.3300 -14.3453 0.0000 0.0000 36.3622 -51.6755 6.5090 -8.1613 7.1250 -0.0000 -0.0000 -17.6152 -19.7668 -11.1542
6.8412 18.4115 -1.1907 180.1000 38.6929 -190.2850 0.0000 0.0000 0.0000 -10.1416 -8.6118 8.9234 2.7772 10.3253 30.0368 0.4320 -2.6218 -11.7895 0.3574 -3.8405 -10.6284 0.0000 0.0000 0.0000 21.5241 20.4457 11.9491 -2.0937 -9.0586 25.9787 -1.1921 5.5143 -19.5481 -0.0364 1.2314 -3.3858 -1.4976 -0.7224 1.2943 -1.2022 -0.9852 -0.2208 -0.3711 -0.4816 -0.9471 -5.1620 -0.1405 -12.6730 1.4342 2.4999 32.0297 1.9613 1.3369 12.6841 0.0000 0.0000 0.0000 -5.8661 -52.2114 8.2616 28.5546 -39.6218 -10.4755 -0.0000 -0.0000 29.6462 41.8745 10.5961 9.3606 -7.1250 0.0000 -0.0000 13.6141 43.6557 -0.4607 0.0000 0.0000 0.0000 -33.2285 22.4570 -32.1827 -22.5092 33.5477 -6.8651 0.0000 0.0000 36.3989 -45.7514 4.7033 -4.8115 7.1250 -0.0000 -0.0000 -14.0004 -23.2880 -7.5447
6.6815 18.4304 -1.3273 180.3950 39.6840 -189.1340 0.0000 0.0000 0.0000 -10.6651 -9.0203 9.5715 2.4780 9.7977 28.3242 0.5170 -2.7180 -12.9226 0.3359 -3.7243 -10.3023 0.0000 0.0000 0.0000 20.7994 21.4453 11.2969 -2.0051 -8.8767 25.4105 -1.1471 5.7683 -19.1512 -0.0454 1.3747 -3.7804 -1.7443 -0.5132 1.8789 -1.0438 -0.7239 -0.1427 -0.0708 -0.3484 -1.1911 -5.6858 -0.0387 -11.9620 1.8313 2.6938 32.1293 2.2262 1.4362 12.5539 -0.0000 0.0000 0.0000 2.0796 -40.9440 -6.8464 22.3828 -33.4070 -6.7954 -0.0000 -0.0000 17.6473 34.8165 14.4567 9.8493 -7.1250 0.0000 -0.0000 7.0475 47.2891 0.4000 -0.0000 0.0000 0.0000 -28.1098 15.0320 -42.0382 -14.5133 23.4638 -3.0295 0.0000 0.0000 26.9373 -37.9574 0.2178 -0.1699 7.1250 -0.0000 -0.0000 -8.9292 -29.6454 -3.3808
6.5340 18.4603 -1.4674 180.6610 40.5247 -187.6650 0.0000 0.0000 0.0000 -10.7645 -7.9546 9.3222 2.1585 9.1887 26.3875 0.5902 -2.7092 -13.8396 0.4858 -4.4694 -12.4012 0.0000 0.0000 0.0000 19.9558 22.5376 10.4162 -1.8981 -8.6504 24.7079 -1.0754 5.6008 -18.5352 -0.0506 1.4518 -3.9928 -2.2218 -0.3985 2.5086 -1.0371 -0.5994 -0.1470 0.2048 -0.2790 -1.5451 -5.8101 0.1170 -10.6846 2.0113 2.7312 31.1083 2.2619 1.4695 11.8613 -0.0000 0.0000 0.0000 6.4620 -29.0874 -20.7584 17.2399 -27.1730 -4.1963 -0.0000 -0.0000 9.7031 30.7233 19.5550 11.2505 -7.1250 0.0000 -0.0000 2.4784 52.4131 0.4525 -0.0000 0.0000 0.0000 -21.3110 8.5749 -64.2983 -10.0079 16.7519 -1.4772 0.0000 0.0000 14.3479 -38.5989 -6.8279 5.4213 7.1250 -0.0000 -0.0000 -10.2020 -38.5013 -1.6533
6.3777 18.4903 -1.5905 181.2210 41.2473 -185.7720 0.0000 0.0000 0.0000 -10.5969 -7.1497 8.5526 1.9156 8.6880 24.8242 0.6500 -2.9454 -14.5124 0.3384 -3.7384 -10.3418 0.0000 0.0000 0.0000 19.2672 23.8526 9.2081 -1.8075 -8.4530 24.0988 -1.0272 5.1710 -18.1270 -0.0626 1.6142 -4.4407 -2.9532 -0.4939 3.5657 -0.8470 -0.7926 -0.3525 0.8288 -0.3568 -2.3337 -6.4955 0.0642 -9.7933 2.6404 2.3683 29.6830 2.4989 1.2811 11.1153 0.0000 -0.0000 0.0000 8.1656 -16.7568 -34.3016 13.2122 -21.5974 -2.5309 -0.0000 -0.0000 4.1882 29.6916 22.6934 12.4064 -7.1250 0.0000 -0.0000 0.7603 55.6833 0.1993 0.0000 -0.0000 0.0000 -12.9556 2.6115 -88.8106 -9.2178 15.5069 -1.2577 0.0000 0.0000 6.0471 -43.6253 -15.2050 14.0352 7.1250 -0.0000 -0.0000 -16.1037 -49.8623 1.9757
6.2009 18.5209 -1.6969 181.3730 42.0666 -184.0580 0.0000 0.0000 0.0000 -11.0683 -7.4448 8.0154 1.6776 8.1596 23.1998 0.7179 -2.7171 -15.3151 0.3008 -3.5264 -9.7480 0.0000 0.0000 0.0000 17.9951 25.0218 7.2684 -1.7847 -8.4025 23.9433 -0.9628 4.9518 -17.5470 -0.0739 1.7535 -4.8248 -4.3915 -0.5868 4.8256 -0.5101 -1.0400 -0.4127 2.0134 -0.4425 -3.0654 -6.8256 0.1665 -10.4261 3.2362 2.1928 28.2968 2.7044 1.1732 10.7034 -0.0000 -0.0000 0.0000 6.6552 -3.2508 -43.4840 10.9851 -18.2654 -1.7713 -0.0000 0.0000 -3.4062 29.6883 26.8082 14.4199 -7.1250 0.0000 -0.0000 -0.4535 60.1645 -0.1678 -0.0000 -0.0000 0.0000 -1.5731 -4.3136 -95.0799 -10.2446 17.1213 -1.5462 0.0000 -0.0000 -7.9010 -41.6238 -16.9195 14.4992 7.1250 -0.0000 -0.0000 -14.1903 -51.5725 2.3364
6.0108 18.5452 -1.8038 180.7420 43.0962 -182.7860 0.0000 0.0000 0.0000 -12.4065 -8.6459 7.6327 1.4963 7.7270 21.8881 0.7900 -2.4852 -16.1350 0.1732 -2.6808 -7.3913 0.0000 0.0000 0.0000 15.8158 26.0572 4.9363 -1.7865 -8.4064 23.9553 -0.8754 4.9276 -16.7119 -0.0441 1.3549 -3.7259 -6.4567 -0.2002 5.6397 -0.0175 -0.6779 -0.1523 3.6646 -0.2224 -3.2519 -7.3811 -0.0425 -11.2529 3.7125 1.5610 25.6041 2.8097 0.8015 9.8964 0.0000 -0.0000 0.0000 1.4335 10.9555 -41.9800 9.6955 -16.2619 -1.3885 -0.0000 0.0000 -12.5778 29.3227 29.9633 15.6707 -7.1250 0.0000 -0.0000 -2.2308 63.4396 -0.9981 0.0000 -0.0000 0.0000 11.9055 -11.3489 -90.1742 -11.0412 18.3513 -1.7889 0.0000 -0.0000 -19.2084 -36.9797 -14.2055 10.4694 7.1250 -0.0000 -0.0000 -9.1802 -47.3502 0.5367
5.7942 18.5421 -1.8979 180.7640 43.7886 -181.5220 0.0000 0.0000 0.0000 -13.1922 -9.5646 7.0336 1.4182 7.5313 21.2994 0.9021 -2.2500 -17.3309 0.2455 -3.1886 -8.8042 0.0000 0.0000 0.0000 14.2734 26.6297 2.7842 -1.8264 -8.4946 24.2269 -0.8316 4.8521 -16.2817 -0.0820 1.8476 -5.0847 -7.1961 0.5464 6.8061 0.4397 0.2010 0.1062 4.4866 0.2429 -3.7420 -6.9251 -0.4312 -10.9800 3.6146 0.5929 21.8966 2.4859 0.3205 8.6038 -0.0000 -0.0000 0.0000 -7.3901 20.7687 -38.7501 8.8701 -14.9532 -1.1664 -0.0000 0.0000 -12.9203 35.3625 32.9978 21.1313 -7.1250 0.0000 -0.0000 4.6032 68.4570 2.5934 -0.0000 -0.0000 0.0000 25.1994 -17.0701 -85.2787 -10.7866 17.9605 -1.7095 0.0000 -0.0000 -19.7948 -33.9454 -12.5009 8.2897 7.1250 -0.0000 -0.0000 -6.2327 -44.8520 -0.0229
5.5652 18.5184 -1.9796 181.1320 43.8446 -180.3960 0.0000 0.0000 0.0000 -13.7180 -10.1159 6.0165 1.4283 7.5571 21.3767 1.0887 -2.3011 -19.0883 0.0879 -1.9125 -5.2639 0.0000 0.0000 0.0000 13.0693 26.6407 0.9058 -1.8943 -8.6423 24.6826 -0.7879 4.8789 -15.8365 -0.1208 2.2403 -6.1702 -7.0909 0.9883 7.8782 0.8904 0.7314 0.1056 4.8415 0.5331 -4.4209 -6.5792 -0.8733 -10.6146 4.0482 -0.3126 20.2035 2.4439 -0.0621 8.0133 -0.0000 -0.0000 0.0000 -18.7745 26.4498 -36.8917 9.1507 -15.4002 -1.2398 -0.0000 0.0000 -13.9537 35.9054 31.7891 20.8774 -7.1250 0.0000 -0.0000 5.9112 67.3138 3.1785 -0.0000 -0.0000 0.0000 36.7022 -20.1872 -82.0956 -9.6002 16.1118 -1.3619 0.0000 -0.0000 -18.5057 -33.0039 -14.2844 9.1045 7.1250 -0.0000 -0.0000 -5.2832 -46.7990 0.2352
5.3204 18.4739 -2.0145 181.2020 43.2881 -180.0990 0.0000 0.0000 0.0000 -14.2649 -9.8288 4.6151 1.5005 7.7373 21.9191 1.2780 -2.5527 -20.6821 0.0009 -0.1917 -0.5268 0.0000 0.0000 0.0000 12.0487 27.0918 -0.1314 -2.0005 -8.8671 25.3804 -0.7857 4.6902 -15.8237 -0.1464 2.4658 -6.7949 -6.7199 1.2175 9.1634 1.0824 0.9896 0.0815 4.7927 0.6845 -5.2023 -6.4423 -1.4402 -10.4035 4.6298 -1.2857 19.5092 2.5065 -0.4703 7.8004 0.0000 0.0000 0.0000 -29.1829 26.0878 -44.0927 8.9089 -15.0151 -1.1764 -0.0000 0.0000 -10.5127 34.6957 33.3431 20.8336 -7.1250 0.0000 -0.0000 3.4265 68.6197 1.9424 0.0000 0.0000 0.0000 45.1372 -20.1459 -84.2744 -8.6640 14.6234 -1.1138 0.0000 -0.0000 -20.0260 -36.7403 -16.8438 12.2051 7.1250 -0.0000 -0.0000 -8.9751 -50.4617 1.2166
5.0870 18.4301 -2.0293 181.8740 42.6911 -179.8190 0.0000 0.0000 0.0000 -14.0330 -9.9571 2.9374 1.7688 8.3670 23.8344 1.2972 -4.2833 -20.5457 0.0202 0.9175 2.5219 0.0000 0.0000 0.0000 11.8988 27.5848 -0.4296 -2.0781 -9.0270 25.8797 -0.7669 3.9829 -15.6798 -0.2101 2.9513 -8.1431 -5.4289 1.2597 10.0866 1.0878 1.1342 0.0628 4.0367 0.7395 -5.7329 -6.2775 -1.8163 -10.6849 4.9818 -1.9037 19.4487 2.5338 -0.7204 7.8687 -0.0000 0.0000 0.0000 -34.9249 23.4865 -43.8164 7.3985 -12.5732 -0.8162 -0.0000 0.0000 -12.1182 33.9693 36.2769 21.7341 -7.1250 0.0000 -0.0000 0.4455 71.4877 0.2810 -0.0000 0.0000 0.0000 49.3480 -17.6731 -91.5276 -8.4145 14.2226 -1.0516 0.0000 -0.0000 -11.8538 -36.5355 -16.5008 11.8840 7.1250 -0.0000 -0.0000 -8.7626 -50.0143 1.0905
4.8788 18.3768 -2.0167 181.5010 42.8890 -181.1030 0.0000 0.0000 0.0000 -14.3361 -8.7850 1.8004 2.0737 9.0180 25.8516 1.1763 -6.6378 -19.3733 0.0352 1.2105 3.3281 0.0000 0.0000 0.0000 11.2886 27.7428 -0.8315 -2.3489 -9.5578 27.5564 -0.7186 4.1181 -15.1523 -0.3152 3.6089 -9.9788 -5.1939 1.4147 10.6431 0.7012 1.3418 0.4952 3.4583 0.8240 -5.5949 -6.3559 -2.0965 -12.0731 5.5122 -2.3343 20.1407 2.6886 -0.8659 8.3852 0.0000 -0.0000 0.0000 -37.6965 18.1910 -47.2484 7.1287 -12.1309 -0.7585 -0.0000 0.0000 -11.1487 33.8895 37.4143 22.2009 -7.1250 0.0000 -0.0000 -0.6352 72.6396 -0.4167 0.0000 -0.0000 0.0000 50.0279 -14.5244 -85.6685 -8.4760 14.3215 -1.0668 0.0000 -0.0000 -13.0479 -35.8751 -14.9854 10.5922 7.1250 -0.0000 -0.0000 -8.0923 -48.0933 0.6213
4.6790 18.3225 -2.0276 181.8040 43.6882 -182.0710 0.0000 0.0000 0.0000 -14.7211 -8.0996 1.6999 2.3323 9.5264 27.4562 1.2237 -6.9249 -19.7632 0.0318 1.1512 3.1648 0.0000 0.0000 0.0000 10.9936 26.9897 -1.6427 -2.6128 -10.0402 29.1069 -0.6026 5.2073 -13.8220 -0.3616 3.8630 -10.6917 -4.1507 1.5609 10.3922 0.1109 1.6502 0.6386 2.2068 0.9359 -5.2845 -6.6222 -2.3309 -12.9264 6.3150 -2.7148 21.5990 2.9943 -0.9439 9.0793 0.0000 -0.0000 0.0000 -35.3956 11.4670 -48.0122 7.0751 -12.0428 -0.7472 -0.0000 0.0000 -9.6912 32.7866 37.7249 21.5104 -7.1250 0.0000 -0.0000 -2.7493 72.5830 -1.8007 0.0000 -0.0000 0.0000 45.7447 -10.3413 -84.1515 -8.4950 14.3520 -1.0715 0.0000 -0.0000 -14.8239 -35.5306 -13.7452 9.6299 7.1250 -0.0000 -0.0000 -7.7493 -46.5613 0.3004
4.4958 18.2987 -2.0697 181.7200 44.7006 -183.9280 0.0000 0.0000 0.0000 -16.0752 -8.3336 3.7154 2.3798 9.6160 27.7420 1.3661 -5.6669 -20.9612 0.0415 1.3144 3.6143 0.0000 0.0000 0.0000 10.6071 26.0334 -1.4466 -2.7799 -10.3299 30.0518 -0.4154 6.7111 -11.6972 -0.4674 4.3849 -12.1622 -3.4452 1.6518 9.7176 -0.4448 1.8602 0.7529 1.2172 1.0107 -4.7597 -6.6636 -2.3503 -13.2178 6.3878 -2.6651 23.7639 3.0883 -0.8529 9.8932 -0.0000 0.0000 0.0000 -29.8181 4.1922 -46.4176 7.1087 -12.0981 -0.7543 -0.0000 0.0000 -7.4366 32.4901 37.1726 21.0459 -7.1250 0.0000 -0.0000 -2.6930 71.9192 -1.7246 -0.0000 0.0000 0.0000 36.7218 -4.0648 -88.1738 -8.2674 13.9854 -1.0158 0.0000 -0.0000 -6.5352 -35.8331 -11.2943 8.0495 7.1250 -0.0000 -0.0000 -7.9953 -43.6738 -0.2635
4.3379 18.2973 -2.0941 181.6560 44.8974 -185.7120 0.0000 0.0000 0.0000 -17.0683 -8.2151 5.6026 2.3263 9.5149 27.4197 1.3709 -4.8333 -21.0764 0.0504 1.4492 3.9856 0.0000 0.0000 0.0000 10.3978 25.1587 -0.6652 -2.8773 -10.4937 30.5908 -0.2486 7.5827 -9.6539 -0.5087 4.5721 -12.6920 -3.1183 1.5551 8.2633 -0.7318 1.8150 0.8993 0.7846 0.9672 -3.7722 -6.3965 -2.1484 -12.9734 6.0625 -2.2165 26.3504 3.0638 -0.5697 10.7486 -0.0000 0.0000 0.0000 -22.4502 -4.7120 -46.4277 7.3916 -12.5619 -0.8147 -0.0000 0.0000 -3.1059 33.2826 34.4046 20.3504 -7.1250 0.0000 -0.0000 0.6893 69.3030 0.4012 -0.0000 0.0000 0.0000 26.7257 1.8612 -78.6759 -8.8404 14.9057 -1.1587 0.0000 -0.0000 -7.6258 -35.1191 -9.1110 6.3547 7.1250 -0.0000 -0.0000 -7.2739 -40.9651 -0.7281
4.2121 18.3360 -2.1230 182.0940 44.6915 -187.1290 0.0000 0.0000 0.0000 -17.2185 -7.4023 7.5577 2.1686 9.2089 26.4509 1.2880 -4.7909 -20.4092 0.0703 1.7102 4.7053 0.0000 0.0000 0.0000 10.9140 24.2205 1.0484 -2.7622 -10.2998 29.9532 -0.1706 7.1458 -8.3006 -0.5002 4.5343 -12.5848 -2.9236 1.0126 6.4129 -0.2712 1.1782 0.9603 1.2591 0.6301 -2.6568 -7.1220 -1.7124 -12.0227 5.6028 -1.0494 29.1885 3.2787 -0.0629 11.5607 -0.0000 -0.0000 0.0000 -15.0260 -12.5191 -38.5489 8.4343 -14.2544 -1.0565 -0.0000 0.0000 -6.5715 31.6889 30.9909 17.6340 -7.1250 0.0000 -0.0000 0.3240 65.1971 0.1582 -0.0000 -0.0000 0.0000 14.0847 10.2535 -72.4512 -9.3846 15.7713 -1.3027 0.0000 -0.0000 -6.6048 -35.1101 -7.6648 5.3572 7.1250 -0.0000 -0.0000 -7.2112 -39.2249 -1.0324
4.0991 18.3681 -2.1519 182.5730 43.6323 -188.0380 0.0000 0.0000 0.0000 -17.0424 -6.7442 8.8185 2.0342 8.9370 25.5986 1.1646 -5.3737 -19.3235 0.0734 1.7481 4.8099 0.0000 0.0000 0.0000 11.4599 23.2262 3.1117 -2.5203 -9.8748 28.5721 -0.2157 4.9866 -8.4461 -0.5019 4.5418 -12.6062 -2.7404 0.4754 4.4598 0.0213 0.5311 0.9426 1.5283 0.2870 -1.5559 -6.7895 -1.6463 -11.1468 4.7981 -0.4622 31.9172 3.1110 0.2566 12.4341 0.0000 0.0000 0.0000 -6.4325 -21.8015 -33.5329 9.9875 -16.7200 -1.4713 -0.0000 0.0000 -6.1699 32.2839 28.5692 16.8111 -7.1250 0.0000 -0.0000 2.1030 62.7529 0.9070 0.0000 0.0000 0.0000 1.3225 18.2991 -65.9020 -10.4801 17.4871 -1.6162 0.0000 -0.0000 -6.1688 -35.2368 -5.2869 3.7241 7.1250 -0.0000 -0.0000 -7.2010 -36.3624 -1.5393
4.0021 18.3914 -2.1613 183.1220 42.0719 -188.1680 0.0000 0.0000 0.0000 -16.8067 -7.1745 8.9586 2.0248 8.9176 25.5378 1.0792 -5.7995 -18.5596 0.0609 1.5927 4.3814 0.0000 0.0000 0.0000 12.0278 22.2868 4.6832 -2.3307 -9.5234 27.4468 -0.3679 2.3688 -10.8827 -0.4799 4.4426 -12.3254 -2.2506 -0.0666 2.7204 0.2782 -0.1403 0.6063 1.5518 -0.0613 -0.8970 -7.1820 -1.6726 -10.0845 4.6369 -0.0567 33.7827 3.2609 0.4737 12.9735 -0.0000 -0.0000 0.0000 2.4911 -31.3028 -30.4749 12.3389 -20.3110 -2.2185 -0.0000 0.0000 -6.3061 34.1168 26.0795 16.5852 -7.1250 0.0000 -0.0000 5.1139 60.4990 1.9356 -0.0000 -0.0000 0.0000 -11.1382 24.5101 -55.9891 -13.2990 21.7237 -2.5629 0.0000 -0.0000 -8.9603 -35.1953 -3.6322 2.5583 7.1250 -0.0000 -0.0000 -7.0640 -34.3551 -1.8572
3.9207 18.4190 -2.1569 183.2190 41.2735 -188.1220 0.0000 0.0000 0.0000 -16.9637 -7.6086 8.9443 1.9744 8.8125 25.2104 1.0364 -5.6224 -18.1862 0.0383 1.2636 3.4745 0.0000 0.0000 0.0000 12.2052 21.5898 4.9014 -2.3872 -9.6298 27.7860 -0.5527 -2.2276 -15.0281 -0.3609 3.8592 -10.6808 -1.3193 0.2601 1.4422 -0.1949 0.3283 0.2047 0.5335 0.1682 -0.6049 -6.1889 -2.2949 -9.9604 4.2683 -0.8111 35.3999 2.9233 0.3132 13.7083 0.0000 -0.0000 0.0000 13.6972 -42.0157 -32.7813 15.1750 -24.3893 -3.2979 -0.0000 0.0000 -3.0354 35.9824 24.6662 16.8575 -7.1250 0.0000 -0.0000 7.6639 59.3919 2.7037 0.0000 -0.0000 0.0000 -22.5142 28.5644 -51.5424 -17.1690 27.0800 -4.1640 0.0000 -0.0000 -4.3412 -35.6591 -1.6935 1.2147 7.1250 -0.0000 -0.0000 -7.2990 -32.0085 -2.3370
3.8544 18.4413 -2.1270 182.1820 41.4919 -188.9420 0.0000 0.0000 0.0000 -17.8763 -7.3041 9.2223 1.8593 8.5667 24.4491 0.9849 -5.3230 -17.7310 0.0558 1.5240 4.1920 0.0000 0.0000 0.0000 11.4938 20.8556 4.2294 -2.6923 -10.1795 29.5600 -0.5570 -6.3152 -17.8056 -0.2592 3.2753 -9.0460 -2.0835 -0.3477 1.2545 0.1683 -0.4948 -0.2319 1.3500 -0.2355 -0.9215 -6.9384 -1.6751 -10.1168 3.6135 0.7798 36.7438 3.0899 0.8682 14.2681 0.0000 -0.0000 0.0000 23.5431 -47.5245 -36.1494 18.4150 -28.6852 -4.7467 -0.0000 -0.0000 1.5652 37.1128 22.7458 16.3070 -7.1250 0.0000 -0.0000 9.2194 57.4743 2.8324 0.0000 -0.0000 0.0000 -37.2955 34.4311 -50.2598 -21.7002 32.6365 -6.4234 0.0000 0.0000 2.3952 -36.0615 0.1439 -0.1048 7.1250 -0.0000 -0.0000 -7.4578 -29.7608 -2.7935
3.7934 18.4442 -2.0850 181.3170 42.0236 -189.4880 0.0000 0.0000 0.0000 -18.4844 -6.7524 9.0405 1.8012 8.4391 24.0560 0.9654 -5.1688 -17.5585 0.0542 1.5026 4.1328 0.0000 0.0000 0.0000 10.7402 19.7672 2.7722 -3.1605 -10.9505 32.1132 -0.3627 -8.5378 -17.5372 -0.0355 1.2155 -3.3418 -1.7859 -0.1342 1.6104 0.0372 -0.2176 -0.7126 1.0456 -0.0889 -1.6262 -7.4629 -1.6694 -10.4219 3.6188 1.0387 37.2965 3.2608 0.9239 14.5876 0.0000 0.0000 0.0000 37.8972 -54.7601 -45.7290 20.2475 -30.9393 -5.6580 -0.0000 -0.0000 5.7555 38.3904 19.2249 14.6221 -7.1250 0.0000 -0.0000 10.7712 53.6436 2.3101 0.0000 0.0000 0.0000 -50.4501 36.8040 -51.0927 -28.3237 39.4125 -10.3286 0.0000 0.0000 6.9894 -35.2142 1.5632 -1.1030 7.1250 -0.0000 -0.0000 -6.6710 -28.0448 -2.7685
3.7675 18.4499 -2.0484 180.7310 41.9409 -189.8760 0.0000 0.0000 0.0000 -18.9499 -6.7950 9.0601 1.7517 8.3285 23.7164 0.9365 -4.9114 -17.3016 0.0486 1.4224 3.9119 0.0000 0.0000 0.0000 10.4309 18.6893 1.8706 -3.6232 -11.6414 34.4750 -0.2807 -8.5992 -16.5808 -0.0637 1.6283 -4.4796 -1.1384 0.4333 1.9422 -0.8057 0.5390 -0.9859 -0.2083 0.2829 -2.1020 -6.6370 -2.3800 -11.8041 4.0276 -0.3162 37.9826 3.1386 0.5060 15.3341 -0.0000 0.0000 0.0000 63.0188 -63.4541 -70.1644 20.1882 -30.8684 -5.6276 -0.0000 -0.0000 9.4869 39.3897 16.6161 13.2138 -7.1250 0.0000 -0.0000 11.7557 50.7211 1.6772 -0.0000 0.0000 0.0000 -60.1035 38.3247 -55.4662 -37.4891 46.5099 -16.5939 0.0000 0.0000 11.8157 -32.4757 5.5123 -3.4987 7.1250 -0.0000 -0.0000 -4.2717 -23.4576 -2.2242
3.7852 18.4601 -2.0179 181.0450 41.4966 -189.4390 0.0000 0.0000 0.0000 -18.4661 -6.9213 8.6483 1.7646 8.3576 23.8056 0.8899 -5.3881 -16.8324 0.0543 1.5042 4.1372 0.0000 0.0000 0.0000 11.1086 17.5377 1.6747 -3.8906 -12.0134 35.7795 -0.2284 -8.8019 -16.1120 -0.0774 1.7946 -4.9384 -0.9196 0.2796 1.7812 -0.9079 0.3403 -1.3967 -0.4292 0.1833 -2.4306 -6.9719 -2.7114 -13.3817 4.7822 -0.9814 38.4925 3.4634 0.2536 16.0326 -0.0000 0.0000 0.0000 97.5958 -68.9070 -108.2600 19.8148 -30.4186 -5.4373 -0.0000 -0.0000 14.5431 38.4715 20.4834 15.5395 -7.1250 0.0000 -0.0000 10.8760 55.1565 2.7360 -0.0000 0.0000 0.0000 -69.6705 42.2986 -62.5455 -51.2128 53.4731 -27.1457 0.0000 0.0000 13.0258 -32.3697 9.2880 -5.8414 7.1250 -0.0000 -0.0000 -3.8479 -19.0349 -2.3879
3.8313 18.4504 -1.9642 181.0790 40.9266 -189.3790 0.0000 0.0000 0.0000 -18.0499 -7.0625 8.1372 1.8433 8.5317 24.3411 0.8616 -6.1424 -16.5510 0.0355 1.2168 3.3456 0.0000 0.0000 0.0000 11.7883 16.3168 1.8855 -4.0803 -12.2665 36.6814 -0.1902 -10.0553 -17.0524 -0.0461 1.3851 -3.8092 -1.3535 -0.0031 2.0759 -1.2079 -0.0588 -1.7903 -0.4801 -0.0034 -3.0023 -7.2466 -3.3244 -15.3312 5.1304 -2.1033 38.3459 3.4666 -0.2813 16.5489 -0.0000 0.0000 0.0000 137.1660 -68.8952 -149.2690 21.1937 -32.0538 -6.1524 -0.0000 -0.0000 12.8423 39.2570 20.3552 15.8687 -7.1250 0.0000 -0.0000 11.7806 55.1924 2.9785 -0.0000 0.0000 0.0000 -77.7728 45.8452 -69.1096 -69.0097 58.2679 -41.9276 0.0000 0.0000 12.0303 -37.2259 9.6056 -7.2252 7.1250 -0.0000 -0.0000 -7.2024 -18.0361 -4.6555
3.9037 18.4153 -1.9196 181.1070 40.9950 -189.2970 0.0000 0.0000 0.0000 -17.6072 -7.0416 7.6778 1.9579 8.7777 25.1025 0.8812 -6.9324 -16.7618 0.0494 1.4340 3.9438 0.0000 0.0000 0.0000 12.5844 15.1907 2.1552 -4.2090 -12.4335 37.2832 -0.1654 -12.3215 -19.5301 -0.0254 1.0281 -2.8262 -1.3073 0.0017 2.2389 -1.5278 -0.0584 -2.2146 -0.8373 0.0000 -3.5332 -8.2800 -3.3086 -17.6367 5.6923 -2.0587 37.7872 3.8802 -0.4223 16.8559 0.0000 -0.0000 0.0000 168.1064 -65.6927 -176.1174 25.3082 -36.5173 -8.4726 -0.0000 -0.0000 12.3254 39.4902 17.1756 13.6767 -7.1250 0.0000 -0.0000 11.8975 51.4219 1.9046 0.0000 -0.0000 0.0000 -85.7223 48.6176 -74.4042 -81.5827 59.7306 -52.7170 0.0000 0.0000 11.8553 -40.3714 10.9060 -9.1381 7.1250 -0.0000 -0.0000 -9.1445 -15.9056 -6.3710
3.9969 18.3803 -1.8785 181.7620 41.5772 -188.5300 0.0000 0.0000 0.0000 -16.3932 -6.5294 6.7864 2.1015 9.0744 26.0283 0.8761 -7.9355 -16.7869 0.0759 1.7767 4.8889 0.0000 0.0000 0.0000 13.9089 13.9563 2.1100 -4.2319 -12.4627 37.3892 -0.0015 -15.7657 -22.3855 -0.1268 2.2957 -6.3235 -0.1564 0.0252 1.8485 -1.8839 0.0173 -2.4833 -1.8544 0.0067 -3.5901 -9.0767 -3.0835 -20.0189 5.7518 -1.6330 36.2887 4.0288 -0.4681 16.6245 -0.0000 0.0000 0.0000 -171.9643 -61.4244 171.4208 28.6641 -39.7205 -10.5454 -0.0000 -0.0000 18.4771 41.2291 14.9713 12.7560 -7.1250 0.0000 -0.0000 13.5426 49.0704 1.3824 -0.0000 0.0000 0.0000 -90.5834 50.4305 -76.6902 -88.7849 59.9944 -58.9477 0.0000 0.0000 12.8978 -40.0428 11.0461 -9.1469 7.1250 -0.0000 -0.0000 -8.9005 -15.7884 -6.2195
4.1133 18.3108 -1.8120 181.2840 42.6807 -188.8310 0.0000 0.0000 0.0000 -16.1659 -5.8715 6.3504 2.2500 9.3685 26.9550 0.9337 -8.3868 -17.3559 0.0612 1.5963 4.3911 0.0000 0.0000 0.0000 14.4931 13.1840 2.6127 -4.2119 -12.4371 37.2963 0.1500 -18.6003 -25.0501 -0.2025 2.8978 -7.9943 -0.2617 0.0324 1.7274 -2.0779 0.0258 -2.6876 -1.9972 0.0142 -3.7333 -8.9210 -2.4003 -21.7731 5.2116 -0.6132 34.6365 3.8546 -0.1841 16.0863 0.0000 -0.0000 0.0000 -159.3829 -59.7007 166.1436 29.8808 -40.7910 -11.3317 -0.0000 -0.0000 28.7029 43.8252 10.8586 10.2492 -7.1250 0.0000 -0.0000 15.5188 44.2983 -0.2757 0.0000 -0.0000 0.0000 -90.1560 50.7513 -73.1154 -90.3970 59.9994 -60.3438 0.0000 0.0000 14.0030 -41.5355 11.7622 -10.2360 7.1250 -0.0000 -0.0000 -9.7699 -14.5909 -7.0994
4.2576 18.2486 -1.7336 180.8650 44.5313 -189.3940 0.0000 0.0000 0.0000 -15.7228 -4.5710 6.6347 2.2881 9.4420 27.1879 0.9762 -8.5439 -17.7471 0.0440 1.3531 3.7208 0.0000 0.0000 0.0000 15.3229 13.0591 3.8130 -4.0652 -12.2467 36.6102 -0.1298 -19.2157 -28.1805 -0.3863 3.9912 -11.0518 -0.0724 -0.0665 1.4838 -2.3409 -0.0976 -2.8190 -2.3698 -0.0533 -3.7374 -8.0143 -1.6102 -22.5617 4.6410 0.3039 33.5814 3.5640 0.1965 15.6533 -0.0000 -0.0000 0.0000 -149.4806 -61.2532 161.2635 28.9068 -39.9377 -10.7008 -0.0000 -0.0000 33.8349 46.1822 10.4031 10.6574 -7.1250 0.0000 -0.0000 17.6954 44.0856 -0.4129 -0.0000 -0.0000 0.0000 -84.5561 50.0698 -65.5524 -85.1101 59.9095 -55.7665 0.0000 0.0000 18.5121 -43.7027 11.2148 -10.5296 7.1250 -0.0000 -0.0000 -11.2998 -14.8450 -8.1911
4.4265 18.2139 -1.6352 181.0480 47.2028 -189.6870 0.0000 0.0000 0.0000 -14.8847 -3.3317 7.7531 2.2267 9.3230 26.8111 1.1148 -7.6384 -18.8711 0.0101 0.6493 1.7843 0.0000 0.0000 0.0000 16.7688 13.7439 5.3407 -3.6719 -11.7105 34.7155 -0.2384 -19.8755 -29.8277 -0.4630 4.3646 -12.1048 0.4280 -0.1376 1.2744 -2.0376 -0.1701 -3.1339 -2.3356 -0.1031 -3.9489 -7.3894 -1.2378 -21.7837 3.9529 0.7991 33.4570 3.2351 0.3914 15.3770 0.0000 -0.0000 0.0000 -135.5938 -65.9005 146.8580 27.7271 -38.8638 -9.9520 -0.0000 -0.0000 33.5747 45.4028 11.4206 11.3548 -7.1250 0.0000 -0.0000 17.1701 45.3067 0.1340 0.0000 -0.0000 0.0000 -75.8944 48.0057 -55.5488 -75.4582 59.1857 -47.4409 0.0000 0.0000 21.5512 -43.4347 10.4619 -9.7550 7.1250 -0.0000 -0.0000 -11.2694 -15.8913 -7.9094
4.6217 18.2022 -1.5566 180.5190 49.9799 -190.4060 0.0000 0.0000 0.0000 -14.9718 -2.6200 9.6009 2.0741 9.0187 25.8538 1.2828 -5.8205 -20.2816 0.0015 0.2520 0.6923 0.0000 0.0000 0.0000 16.9863 13.4382 6.2892 -3.3111 -11.1824 32.8977 -0.5153 -18.5635 -30.1161 -0.3171 3.6198 -10.0094 0.5674 -0.2795 0.5054 -1.6908 -0.3447 -3.1460 -2.0481 -0.1874 -3.5317 -7.5481 -0.8596 -20.8967 4.2230 1.2981 33.6391 3.4666 0.6367 15.2137 -0.0000 0.0000 0.0000 -115.8412 -71.5100 122.5697 24.9341 -36.1366 -8.2510 -0.0000 -0.0000 29.5065 43.0154 14.7708 13.3806 -7.1250 0.0000 -0.0000 15.3831 49.1818 1.6211 -0.0000 0.0000 0.0000 -67.7737 44.7983 -47.7905 -60.9183 56.5497 -35.1062 0.0000 0.0000 23.5240 -43.0759 10.2773 -9.4706 7.1250 -0.0000 -0.0000 -11.0661 -16.2048 -7.6845
4.8123 18.2034 -1.4270 180.5090 52.3566 -190.4650 0.0000 0.0000 0.0000 -14.5718 -2.2587 10.5879 2.0305 8.9294 25.5747 1.4029 -3.6329 -21.4984 0.0235 -0.9902 -2.7218 0.0000 0.0000 0.0000 17.5217 13.5041 7.1248 -2.9785 -10.6601 31.1420 -0.6151 -16.9839 -28.9832 -0.3561 3.8338 -10.6095 0.9371 -0.1544 0.1399 -1.5535 -0.1719 -2.9804 -2.1195 -0.1088 -3.1478 -7.6400 -0.9789 -18.6083 5.1809 0.6046 32.7520 3.6772 0.4928 14.3280 -0.0000 -0.0000 0.0000 -82.1279 -75.1016 83.2107 22.1467 -33.1424 -6.6659 -0.0000 -0.0000 23.3783 41.4103 13.6888 11.7889 -7.1250 0.0000 -0.0000 13.5744 47.5008 0.8526 -0.0000 -0.0000 0.0000 -58.0262 39.0908 -40.4009 -46.8434 51.6402 -23.6755 0.0000 0.0000 23.6322 -41.8391 8.9632 -7.9411 7.1250 -0.0000 -0.0000 -10.4728 -18.1400 -6.8065
5.0109 18.2423 -1.2799 180.3710 54.1011 -190.4010 0.0000 0.0000 0.0000 -14.2424 -2.6303 11.0153 2.0802 9.0312 25.8930 1.4191 -1.9017 -21.9861 0.0117 -0.6998 -1.9231 0.0000 0.0000 0.0000 18.1879 14.2409 8.1063 -2.7015 -10.1955 29.6120 -0.8124 -15.1126 -28.3655 -0.2246 3.0503 -8.4187 0.6247 -0.3087 0.1316 -1.1385 -0.3839 -2.7428 -1.5102 -0.2029 -2.9006 -6.1941 -0.5259 -17.3798 4.6210 0.9347 32.7200 3.2290 0.7573 14.0170 0.0000 0.0000 0.0000 -41.0486 -72.6140 34.7597 19.0834 -29.5221 -5.0719 -0.0000 -0.0000 19.7500 38.7616 15.9324 12.4295 -7.1250 0.0000 -0.0000 11.0565 49.7638 1.3128 0.0000 0.0000 0.0000 -50.4749 33.7992 -38.8366 -34.1745 44.2136 -14.2346 0.0000 0.0000 22.4070 -38.0611 6.1904 -4.8262 7.1250 -0.0000 -0.0000 -8.2607 -22.1630 -4.5806
5.1924 18.3304 -1.1170 180.2170 55.8998 -190.0500 0.0000 0.0000 0.0000 -13.2996 -1.6998 10.3085 2.1622 9.1960 26.4105 1.2089 -0.4467 -20.6507 0.2584 -3.2707 -9.0334 0.0000 0.0000 0.0000 18.5950 14.3411 7.8819 -2.5096 -9.8554 28.5097 -0.8252 -13.7974 -27.1214 -0.1552 2.5388 -6.9974 0.4092 -0.1502 0.7152 -0.9615 -0.1846 -2.4029 -1.2113 -0.1005 -2.8710 -5.1511 -0.3081 -15.5928 4.6094 0.7970 31.6041 2.9394 0.8252 13.1506 -0.0000 -0.0000 0.0000 -16.2139 -63.7664 2.9876 16.7294 -26.4997 -3.9658 -0.0000 -0.0000 15.5359 37.5604 19.1888 14.1849 -7.1250 0.0000 -0.0000 9.8495 53.4145 2.0540 -0.0000 -0.0000 0.0000 -42.2730 27.3811 -40.9288 -24.8096 36.0087 -8.1777 0.0000 0.0000 17.5058 -34.7768 3.5405 -2.4555 7.1250 -0.0000 -0.0000 -6.1558 -25.6668 -2.8979
5.3580 18.4390 -0.9337 180.4410 57.5558 -188.5330 0.0000 0.0000 0.0000 -12.3196 -2.3639 8.6636 2.3757 9.6084 27.7175 0.9825 0.7146 -19.0041 0.2047 -2.9132 -8.0373 0.0000 0.0000 0.0000 19.6070 15.6487 7.4229 -2.2736 -9.4140 27.0993 -0.6419 -14.1658 -26.0885 -0.1450 2.4541 -6.7625 0.0212 -0.2121 1.4982 -0.4047 -0.2732 -2.2751 -0.4166 -0.1331 -3.1777 -5.1571 -0.1786 -14.6841 4.7077 0.8300 30.3996 2.9145 0.8252 12.4520 -0.0000 -0.0000 0.0000 -5.9088 -50.2039 -13.4721 15.8224 -25.2793 -3.5698 -0.0000 -0.0000 8.6168 36.1737 22.0590 15.3552 -7.1250 0.0000 -0.0000 8.1634 56.4498 2.3025 -0.0000 -0.0000 0.0000 -35.2358 21.2327 -48.0096 -17.2243 27.1525 -4.1892 0.0000 0.0000 10.9232 -31.9247 -1.2303 0.7664 7.1250 -0.0000 -0.0000 -4.2801 -31.4119 -1.4256
5.5096 18.5065 -0.7577 179.2360 58.6651 -188.2560 0.0000 0.0000 0.0000 -11.5016 -1.6933 5.4246 2.8331 10.4199 30.3475 0.5970 1.4883 -15.2087 1.0669 -6.5667 -18.4378 0.0000 0.0000 0.0000 19.2952 16.3404 6.3961 -2.1783 -9.2281 26.5114 -0.7001 -13.2478 -25.5946 -0.0877 1.9098 -5.2566 -0.8915 -0.1287 2.8546 -0.4606 -0.2152 -2.0110 0.0383 -0.0855 -3.6681 -5.7096 -0.5056 -13.8875 5.5926 0.0464 28.1571 3.1306 0.4680 11.4414 -0.0000 0.0000 0.0000 -0.8330 -35.5265 -22.0442 14.4552 -23.3817 -3.0064 -0.0000 -0.0000 2.9125 35.1327 23.7795 15.8402 -7.1250 0.0000 -0.0000 6.7550 58.1672 2.1826 -0.0000 0.0000 0.0000 -26.5921 12.8598 -54.7212 -11.8268 19.5444 -2.0440 0.0000 0.0000 3.8331 -30.8664 -5.5411 3.3030 7.1250 -0.0000 -0.0000 -3.5135 -36.4088 -0.7434
5.6475 18.5758 -0.6008 178.2060 59.9992 -187.8060 0.0000 0.0000 0.0000 -10.7368 -2.0494 2.1233 3.4423 11.3788 33.5685 0.3591 1.1392 -11.7907 1.5711 -7.9089 -22.4376 0.0000 0.0000 0.0000 18.8707 16.7273 5.2192 -2.0513 -8.9722 25.7084 -0.7140 -12.0512 -24.5077 -0.0823 1.8510 -5.0939 -1.5225 -0.0313 4.5384 -0.7501 -0.1558 -1.3362 0.0926 -0.0472 -3.9220 -7.0432 -0.9684 -13.7914 7.3519 -0.9415 24.6181 3.7371 0.0013 10.1761 -0.0000 -0.0000 0.0000 0.5468 -19.9183 -27.5506 13.3954 -21.8639 -2.5987 -0.0000 -0.0000 1.6857 34.0334 24.9675 15.9113 -7.1250 0.0000 -0.0000 5.2419 59.2330 1.8258 -0.0000 -0.0000 0.0000 -15.7676 3.5349 -58.0326 -8.4827 14.3323 -1.0684 0.0000 -0.0000 -2.7731 -27.0809 -11.0096 5.5770 7.1250 -0.0000 -0.0000 0.0204 -42.3057 0.0014
5.7715 18.6381 -0.4782 178.1750 61.9593 -186.3920 0.0000 0.0000 0.0000 -9.5146 -2.3315 -1.3570 4.1333 12.3356 36.9299 0.1614 1.2309 -8.1431 1.0940 -6.6468 -18.6732 0.0000 0.0000 0.0000 18.9455 17.4668 4.1888 -1.8865 -8.6255 24.6306 -0.7197 -10.5568 -23.1238 -0.0702 1.7099 -4.7046 -1.5796 0.3192 6.1294 -0.8221 0.2791 -0.7974 0.0095 0.1697 -4.2676 -6.6526 -0.9344 -13.2927 7.6550 -1.1492 20.6532 3.6146 -0.1194 8.7069 0.0000 0.0000 0.0000 -1.6700 -4.7761 -30.5670 12.3047 -20.2601 -2.2067 -0.0000 -0.0000 0.5457 32.5649 25.9927 15.6369 -7.1250 0.0000 -0.0000 3.2373 60.0015 1.1858 0.0000 0.0000 0.0000 -1.2982 -4.3224 -59.3691 -9.1084 15.3330 -1.2286 0.0000 -0.0000 -7.8662 -26.2877 -11.4441 5.5976 7.1250 -0.0000 -0.0000 0.7794 -42.7017 0.0442
5.8811 18.6951 -0.3782 178.2180 64.3216 -184.9680 0.0000 0.0000 0.0000 -8.4324 -2.6709 -4.4629 4.7823 13.1344 39.8736 0.0707 1.3678 -5.7222 0.4124 -4.1222 -11.4207 0.0000 0.0000 0.0000 18.9399 18.2725 2.9806 -1.7371 -8.2956 23.6155 -0.6589 -9.2668 -21.3814 -0.0661 1.6585 -4.5628 -2.2259 0.7981 7.6752 -0.4827 0.8557 -0.1668 0.6519 0.4753 -4.5054 -6.5547 -1.0366 -13.0798 7.4631 -1.2797 16.8283 3.4207 -0.2700 7.4055 -0.0000 0.0000 0.0000 -7.8927 9.1080 -33.0709 11.4994 -19.0496 -1.9358 -0.0000 0.0000 -1.3739 32.2449 27.5721 16.2772 -7.1250 0.0000 -0.0000 2.3890 61.6546 0.9686 -0.0000 0.0000 0.0000 12.0831 -8.3282 -66.5531 -9.1448 15.3909 -1.2383 0.0000 -0.0000 -5.4617 -27.1428 -8.6791 4.4237 7.1250 -0.0000 -0.0000 -0.2147 -39.7134 -0.0280
5.9771 18.6992 -0.3136 178.3520 66.3323 -183.6530 0.0000 0.0000 0.0000 -7.7671 -3.6355 -6.5627 5.1948 13.5998 41.6575 0.1928 0.9410 -8.6917 0.4439 -4.2748 -11.8510 0.0000 0.0000 0.0000 18.8421 18.7598 1.6375 -1.6869 -8.1810 23.2653 -0.6813 -7.6063 -20.1677 -0.0516 1.4658 -4.0314 -1.9784 1.7817 9.1702 -0.2923 2.1797 0.4057 0.5199 1.1299 -4.7828 -7.4894 -1.7229 -13.2512 8.0969 -2.0774 13.9684 3.6552 -0.6903 6.5910 -0.0000 0.0000 0.0000 -16.4776 17.4440 -37.1849 10.0300 -16.7865 -1.4836 -0.0000 0.0000 -1.2214 32.1583 29.6392 17.2717 -7.1250 0.0000 -0.0000 1.5376 63.8783 0.7036 -0.0000 0.0000 0.0000 26.3887 -12.6714 -66.3352 -9.5070 15.9647 -1.3361 0.0000 -0.0000 -7.9231 -27.4491 -7.9194 4.0936 7.1250 -0.0000 -0.0000 -0.5269 -38.8881 -0.0793
6.0734 18.7316 -0.2913 178.1910 67.8522 -182.9970 0.0000 0.0000 0.0000 -7.6035 -4.9934 -7.4477 5.2478 13.6576 41.8827 0.3466 2.2226 -12.1606 0.1296 -2.3202 -6.3913 0.0000 0.0000 0.0000 18.7983 19.5751 1.2572 -1.6107 -8.0033 22.7240 -0.6914 -6.7208 -19.5632 -0.0464 1.3900 -3.8225 -1.7726 2.3121 10.4628 -0.0848 2.9015 0.6809 0.4760 1.4872 -5.2373 -7.8745 -2.0311 -12.5168 8.3538 -2.4371 11.9230 3.7396 -0.8959 5.8563 -0.0000 0.0000 0.0000 -27.2564 25.2292 -34.0000 9.2437 -15.5480 -1.2646 -0.0000 0.0000 -6.0816 35.1660 33.0817 21.0347 -7.1250 0.0000 -0.0000 4.2658 68.4861 2.4058 -0.0000 0.0000 0.0000 40.1929 -14.3889 -61.8820 -9.1959 15.4721 -1.2519 0.0000 -0.0000 -9.6576 -24.5927 -8.0354 3.6606 7.1250 -0.0000 -0.0000 1.9536 -38.7979 0.2986
6.1560 18.7386 -0.2761 178.5070 68.7458 -181.7350 0.0000 0.0000 0.0000 -7.1566 -6.2055 -8.6010 4.9698 13.3497 40.6921 0.4344 3.0288 -13.9303 0.0070 -0.5399 -1.4836 0.0000 0.0000 0.0000 18.9631 20.7894 0.5310 -1.6322 -8.0538 22.8777 -0.6933 -6.7415 -19.5988 -0.0467 1.3950 -3.8364 -1.3426 2.5396 10.9532 0.1685 3.2612 0.6882 0.4223 1.6572 -5.5035 -8.4904 -2.2782 -10.9072 9.0058 -2.7910 10.4265 4.0073 -1.0904 5.1659 -0.0000 0.0000 0.0000 -39.3640 28.8745 -37.3728 7.9969 -13.5478 -0.9514 -0.0000 0.0000 -2.9837 32.0517 31.8365 18.2773 -7.1250 0.0000 -0.0000 0.3944 66.2050 0.2017 -0.0000 0.0000 0.0000 52.6479 -13.8038 -57.0161 -8.1349 13.7713 -0.9840 0.0000 -0.0000 -10.7572 -25.0640 -8.2197 3.8252 7.1250 -0.0000 -0.0000 1.5615 -39.0359 0.2295
6.2429 18.7413 -0.2890 177.2070 69.5059 -182.3230 0.0000 0.0000 0.0000 -7.6826 -7.1093 -8.7244 4.3587 12.6230 37.9733 0.4747 2.8297 -14.3573 0.0480 -1.4140 -3.8887 0.0000 0.0000 0.0000 18.4339 21.7047 0.0979 -1.6850 -8.1766 23.2519 -0.7609 -6.1166 -19.8114 -0.0199 0.9105 -2.5025 -1.5727 2.7112 10.8748 0.3547 3.4729 0.7479 0.7172 1.7689 -5.4271 -7.8926 -2.6902 -11.2772 8.1121 -3.3503 11.3352 3.5818 -1.3862 5.5366 -0.0000 -0.0000 0.0000 -51.4968 29.1068 -42.5260 6.6549 -11.3499 -0.6620 -0.0000 -0.0000 1.2974 29.0202 30.0111 15.5082 -7.1250 0.0000 -0.0000 -2.6332 63.4075 -1.1763 -0.0000 -0.0000 0.0000 62.0541 -10.3120 -63.6603 -6.4469 11.0055 -0.6217 0.0000 -0.0000 -3.6422 -24.8524 -10.2329 4.7039 7.1250 -0.0000 -0.0000 1.9376 -41.2239 0.1805
6.3182 18.7359 -0.3333 176.7720 69.5889 -182.5540 0.0000 0.0000 0.0000 -8.0135 -8.3822 -7.9035 3.5577 11.5474 34.1490 0.5620 0.6778 -14.4240 0.1325 -2.3460 -6.4629 0.0000 0.0000 0.0000 18.2218 21.6361 0.1635 -1.6926 -8.1941 23.3051 -0.7703 -6.0884 -19.8841 -0.0292 1.1032 -3.0328 -1.2713 2.7188 10.9155 0.4968 3.5258 0.6899 0.6849 1.7891 -5.5032 -7.8684 -3.3047 -11.5372 8.1732 -4.2194 12.3819 3.5271 -1.7859 5.9827 0.0000 -0.0000 0.0000 -61.5778 26.7522 -46.2040 5.6416 -9.6630 -0.4772 -0.0000 -0.0000 3.4769 28.2932 31.3337 15.6381 -7.1250 0.0000 -0.0000 -4.2731 64.5922 -2.0281 0.0000 -0.0000 0.0000 70.0336 -7.2348 -65.1441 -6.3201 10.7949 -0.5977 0.0000 -0.0000 -2.6887 -22.8601 -12.3129 5.1374 7.1250 -0.0000 -0.0000 3.9947 -43.2708 0.1708
6.3794 18.7317 -0.3979 176.6600 69.3923 -182.5710 0.0000 0.0000 0.0000 -8.3878 -10.1886 -6.4536 2.7095 10.2092 29.6570 0.5873 -1.1554 -14.1265 0.4960 -4.5155 -12.5316 0.0000 0.0000 0.0000 18.1444 21.6299 0.4710 -1.6882 -8.1839 23.2741 -0.8056 -6.0748 -20.2212 -0.0311 1.1390 -3.1313 -0.8127 2.7166 10.6287 0.4303 3.5751 0.6333 0.3642 1.8009 -5.3709 -7.2892 -3.9358 -12.3194 8.0351 -5.1570 13.4016 3.2956 -2.1905 6.5009 0.0000 0.0000 0.0000 -68.1764 21.6712 -51.5763 4.6694 -8.0258 -0.3278 -0.0000 -0.0000 9.3852 27.7234 35.3696 16.9200 -7.1250 0.0000 -0.0000 -7.9974 68.5511 -4.5300 0.0000 0.0000 0.0000 74.5915 -4.2980 -63.3302 -5.9628 10.2001 -0.5327 0.0000 -0.0000 -1.6635 -24.3118 -10.8104 4.8433 7.1250 -0.0000 -0.0000 2.4842 -41.8009 0.1962
6.4142 18.7227 -0.4864 177.2190 69.1103 -182.0040 0.0000 0.0000 0.0000 -8.6212 -12.6165 -4.7757 2.0360 8.9406 25.6097 0.5800 -3.0720 -13.6660 0.6297 -5.0775 -14.1298 0.0000 0.0000 0.0000 18.1128 21.2222 0.7300 -1.6528 -8.1020 23.0243 -0.8320 -5.9111 -20.3611 -0.0331 1.1742 -3.2284 -0.6346 2.6057 10.1824 0.3792 3.4459 0.5815 0.2515 1.7323 -5.1597 -6.8947 -4.3198 -13.2934 8.7034 -5.8404 14.0559 3.3708 -2.4052 6.9451 -0.0000 -0.0000 0.0000 -71.9637 16.3736 -49.5405 4.3286 -7.4481 -0.2819 -0.0000 -0.0000 9.7210 29.0157 34.6409 17.4995 -7.1250 0.0000 -0.0000 -5.6102 68.2138 -3.1311 -0.0000 -0.0000 0.0000 75.4637 -0.8265 -63.4587 -5.8458 10.0048 -0.5121 0.0000 0.0000 2.1293 -24.9977 -9.8324 4.5524 7.1250 -0.0000 -0.0000 1.7675 -40.7992 0.1832
6.4231 18.7084 -0.5887 176.9470 68.6227 -182.5420 0.0000 0.0000 0.0000 -9.3323 -14.8251 -3.2255 1.5980 7.9731 22.6326 0.3608 -5.1996 -10.7511 0.6552 -5.1775 -14.4156 0.0000 0.0000 0.0000 17.7696 20.7345 1.1954 -1.6529 -8.1021 23.0247 -0.8952 -5.6281 -20.7679 -0.0170 0.8429 -2.3166 -0.9355 2.4413 9.7236 0.1269 3.1881 0.7915 0.2219 1.6110 -4.6818 -6.6178 -4.7192 -14.5552 9.4198 -6.5446 14.7473 3.4718 -2.6120 7.4672 0.0000 -0.0000 0.0000 -72.2832 9.2813 -46.2170 3.6145 -6.2317 -0.1968 -0.0000 -0.0000 12.2001 31.1067 31.6707 17.5785 -7.1250 0.0000 -0.0000 -0.7990 65.7514 -0.4004 0.0000 -0.0000 0.0000 72.8602 2.5597 -61.7446 -5.8551 10.0203 -0.5138 0.0000 0.0000 3.8990 -26.7413 -8.4201 4.2196 7.1250 -0.0000 -0.0000 0.1188 -39.3911 0.0164
6.4061 18.6818 -0.7094 178.5140 67.7824 -181.1920 0.0000 0.0000 0.0000 -9.3217 -16.3359 -2.8542 1.5301 7.8097 22.1375 0.3104 -3.8891 -9.9072 0.2084 -2.9392 -8.1096 0.0000 0.0000 0.0000 17.9553 19.8347 1.0634 -1.6892 -8.1862 23.2810 -0.9192 -5.5899 -20.9658 -0.0286 1.0924 -3.0030 -0.5056 2.1229 9.1634 -0.2389 2.7937 0.6689 -0.3239 1.4035 -4.4518 -6.5604 -5.2185 -15.4766 10.4018 -7.4695 16.2022 3.6827 -2.8783 8.2331 0.0000 -0.0000 0.0000 -70.2847 2.1563 -42.1388 3.5395 -6.1036 -0.1888 -0.0000 -0.0000 14.9403 30.7303 32.5700 17.7458 -7.1250 0.0000 -0.0000 -1.8172 66.5888 -0.9457 0.0000 -0.0000 0.0000 67.6936 4.5918 -56.6987 -6.2943 10.7521 -0.5929 0.0000 0.0000 1.2358 -26.7316 -7.5666 3.7942 7.1250 -0.0000 -0.0000 0.0736 -38.4394 0.0119
6.3912 18.6546 -0.8772 180.5790 67.2580 -179.4470 0.0000 0.0000 0.0000 -9.2191 -16.0675 -2.9505 1.6736 8.1503 23.1716 0.3112 -4.9657 -9.9953 0.3208 -3.6406 -10.0676 0.0000 0.0000 0.0000 18.3230 19.1658 1.4185 -1.6641 -8.1283 23.1045 -0.9245 -5.6558 -21.0590 -0.0569 1.5389 -4.2331 0.0389 1.7786 8.1857 -0.4898 2.3737 0.4199 -0.8050 1.1812 -4.1303 -6.6667 -5.4832 -16.1238 11.0255 -8.0909 18.9844 3.8698 -2.9888 9.3909 -0.0000 0.0000 0.0000 -67.0556 -4.3255 -38.0908 4.4430 -7.6421 -0.2969 -0.0000 -0.0000 15.6669 30.8460 28.0196 15.6716 -7.1250 0.0000 -0.0000 0.5021 61.7707 0.2049 -0.0000 0.0000 0.0000 60.7615 6.9532 -52.7331 -6.8478 11.6684 -0.7005 0.0000 -0.0000 -0.4409 -28.7307 -7.2525 3.9587 7.1250 -0.0000 -0.0000 -1.6646 -38.2324 -0.2775
6.3510 18.6402 -1.0502 180.9490 67.2374 -179.7550 0.0000 0.0000 0.0000 -10.1442 -16.2490 -1.6159 1.6214 8.0285 22.8007 0.4075 -4.5096 -11.3587 0.1261 -2.2891 -6.3055 0.0000 0.0000 0.0000 18.1430 18.9091 2.2305 -1.6711 -8.1445 23.1537 -0.9541 -5.4860 -21.2192 -0.0450 1.3689 -3.7644 -0.1929 1.4744 7.5845 -0.8208 1.9315 0.1650 -0.9530 0.9620 -4.0596 -6.5782 -5.3963 -15.9104 10.8137 -8.1402 22.4355 3.8593 -2.8910 10.5663 0.0000 0.0000 0.0000 -62.7796 -9.9206 -27.8935 6.1995 -10.5944 -0.5754 -0.0000 -0.0000 10.5309 28.1640 26.4035 13.3917 -7.1250 0.0000 -0.0000 -2.0851 59.3541 -0.7312 0.0000 0.0000 0.0000 52.4945 10.1105 -53.0911 -7.1989 12.2461 -0.7733 0.0000 0.0000 1.7104 -31.1547 -6.2119 3.7426 7.1250 -0.0000 -0.0000 -3.7602 -37.2049 -0.7225
6.3170 18.6329 -1.2470 181.6400 68.0211 -179.9500 0.0000 0.0000 0.0000 -11.1130 -15.7149 0.0834 1.5515 7.8616 22.2946 0.5145 -3.6652 -12.7946 0.0901 -1.9361 -5.3290 0.0000 0.0000 0.0000 18.0357 18.7776 3.3417 -1.6301 -8.0490 22.8629 -0.9282 -5.2589 -20.8338 -0.0764 1.7833 -4.9070 -0.4251 1.2887 6.9115 -1.0653 1.6595 0.0650 -1.0294 0.8300 -3.7885 -5.9188 -4.9603 -15.4696 10.0836 -7.6361 25.6928 3.6611 -2.5517 11.5798 -0.0000 0.0000 0.0000 -56.8442 -15.1274 -14.4849 8.3628 -14.1392 -1.0390 -0.0000 -0.0000 0.6198 28.3547 25.6112 13.1312 -7.1250 0.0000 -0.0000 -1.5806 58.5505 -0.5238 -0.0000 0.0000 0.0000 44.0344 13.4181 -47.8510 -8.1595 13.8110 -0.9899 0.0000 -0.0000 -1.0685 -32.6633 -6.7845 4.3310 7.1250 -0.0000 -0.0000 -5.0590 -37.9791 -0.8772
6.2611 18.6433 -1.4232 183.1620 69.2590 -179.1100 0.0000 0.0000 0.0000 -11.4964 -14.8199 1.2102 1.4890 7.7089 21.8332 0.5959 -2.9698 -13.8719 0.0900 -1.9354 -5.3271 0.0000 0.0000 0.0000 18.2106 19.1008 4.0242 -1.5870 -7.9468 22.5528 -0.8169 -5.5564 -19.9708 -0.1448 2.4520 -6.7565 -0.7383 1.2179 6.3226 -0.9503 1.5486 -0.0095 -0.7101 0.7806 -3.5479 -5.3647 -4.4563 -14.5486 9.3432 -6.8919 27.8177 3.4865 -2.1703 12.0890 -0.0000 -0.0000 0.0000 -50.6781 -20.1181 -8.4352 11.2894 -18.7305 -1.8678 -0.0000 0.0000 -6.0063 28.6297 24.4529 12.7332 -7.1250 0.0000 -0.0000 -0.8933 57.3652 -0.2705 -0.0000 -0.0000 0.0000 35.3022 16.5220 -41.4996 -9.7924 16.4142 -1.4157 0.0000 -0.0000 -4.8891 -33.6233 -5.2376 3.4738 7.1250 -0.0000 -0.0000 -5.8358 -36.2095 -1.2666
6.1916 18.6545 -1.6214 183.3330 70.9370 -179.3870 0.0000 0.0000 0.0000 -12.6628 -14.0419 2.3475 1.4327 7.5683 21.4102 0.6915 -1.6005 -15.2451 0.0657 -1.6539 -4.5502 0.0000 0.0000 0.0000 17.5928 19.6694 4.3263 -1.5885 -7.9506 22.5642 -0.7316 -5.4009 -19.0081 -0.2008 2.8857 -7.9607 -1.0603 1.3305 5.6374 -1.1148 1.6869 0.1428 -0.6908 0.8545 -3.0097 -4.7608 -4.1436 -13.9347 9.0816 -6.5196 29.3517 3.4059 -1.9024 12.5078 0.0000 0.0000 0.0000 -44.4145 -24.5617 -6.4175 15.0723 -24.2467 -3.2556 -0.0000 0.0000 -10.3035 28.9878 24.3888 12.8860 -7.1250 0.0000 -0.0000 -0.4728 57.3777 -0.1433 0.0000 0.0000 0.0000 27.2055 19.2868 -37.3173 -12.4555 20.4843 -2.2592 0.0000 -0.0000 -7.9394 -34.4591 -4.7940 3.2823 7.1250 -0.0000 -0.0000 -6.5193 -35.7243 -1.4940
6.0982 18.6757 -1.8065 184.1590 72.9188 -178.7730 0.0000 0.0000 0.0000 -13.3655 -12.9902 2.8128 1.3932 7.4675 21.1081 0.7360 -0.5034 -16.0483 0.0443 -1.3590 -3.7372 0.0000 0.0000 0.0000 16.9824 20.5300 3.8308 -1.6582 -8.1147 23.0629 -0.6899 -4.5078 -17.9692 -0.2295 3.0836 -8.5116 -1.5176 1.4668 5.5406 -0.8908 1.8417 -0.0142 -0.2171 0.9387 -3.1389 -4.5802 -3.9307 -13.1818 8.8938 -6.1844 30.5098 3.4088 -1.7096 12.7785 0.0000 -0.0000 0.0000 -38.2565 -28.6781 -7.6679 18.7833 -29.1486 -4.9249 -0.0000 0.0000 -11.6317 30.4983 23.2146 13.0709 -7.1250 0.0000 -0.0000 1.5284 56.4360 0.4286 0.0000 -0.0000 0.0000 19.7105 21.7387 -35.4458 -16.3642 26.0120 -3.8043 0.0000 -0.0000 -10.0641 -36.2577 -4.3861 3.2104 7.1250 -0.0000 -0.0000 -7.9987 -35.3207 -1.9173
5.9893 18.6942 -1.9914 185.3440 75.2879 -177.5740 0.0000 0.0000 0.0000 -14.0463 -12.3330 2.9720 1.4064 7.5013 21.2091 0.7919 0.7828 -17.1141 0.0332 -1.1763 -3.2339 0.0000 0.0000 0.0000 16.1803 21.5033 2.9981 -1.6978 -8.2060 23.3416 -0.6017 -3.6386 -16.4279 -0.2122 2.9659 -8.1839 -1.2164 1.5836 5.2654 -1.0569 2.0186 0.0291 -0.5614 1.0211 -2.9248 -4.4561 -3.6907 -12.5047 9.3761 -5.9966 30.8416 3.6272 -1.5411 12.7693 0.0000 -0.0000 0.0000 -31.1429 -32.0608 -10.7454 23.2158 -34.3240 -7.2596 -0.0000 0.0000 -11.8647 31.2811 22.1795 12.9179 -7.1250 0.0000 -0.0000 2.6188 55.4628 0.6729 0.0000 -0.0000 0.0000 13.7055 24.4697 -35.8778 -21.5504 32.4652 -6.3428 0.0000 -0.0000 -10.9183 -37.0732 -3.3758 2.5475 7.1250 -0.0000 -0.0000 -8.5905 -34.1114 -2.3169
5.8766 18.7183 -2.1610 187.8290 77.8215 -174.9820 0.0000 0.0000 0.0000 -14.3839 -11.1946 2.8487 1.3928 7.4665 21.1049 0.8240 1.9414 -17.9545 0.0276 -1.0718 -2.9463 0.0000 0.0000 0.0000 15.4309 22.1914 1.6791 -1.7286 -8.2762 23.5563 -0.4992 -2.4528 -14.4650 -0.2416 3.1633 -8.7337 -1.8510 1.6934 5.6190 -0.4597 2.1275 -0.1183 0.3846 1.0887 -3.3218 -4.7328 -3.4975 -12.0634 9.2760 -5.6349 30.6627 3.6806 -1.4539 12.5698 0.0000 -0.0000 0.0000 -25.3061 -34.6244 -14.9733 28.3053 -39.3958 -10.3169 -0.0000 0.0000 -9.2481 31.8687 23.4094 13.8741 -7.1250 0.0000 -0.0000 3.0270 56.9656 0.8881 0.0000 -0.0000 0.0000 7.2741 26.7050 -34.9698 -27.7001 38.8386 -9.9350 0.0000 -0.0000 -9.5660 -40.0822 -2.9966 2.5190 7.1250 -0.0000 -0.0000 -11.0135 -33.7381 -3.0903
5.7628 18.7397 -2.3212 189.4650 80.3361 -173.1810 0.0000 0.0000 0.0000 -15.2319 -10.5691 2.8177 1.3750 7.4205 20.9672 0.8641 3.6157 -19.2262 0.0105 -0.6630 -1.8220 0.0000 0.0000 0.0000 14.3073 22.6327 0.3957 -1.7104 -8.2347 23.4294 -0.3991 -1.3770 -12.5140 -0.2594 3.2769 -9.0507 -2.2996 1.6017 6.1531 -0.3816 1.9607 -0.2299 0.7126 1.0177 -3.7519 -5.3760 -3.4345 -11.7379 10.0986 -5.6616 29.6376 4.0623 -1.5021 12.1339 0.0000 -0.0000 0.0000 -18.2482 -36.2304 -18.9726 33.6764 -43.8435 -13.8884 -0.0000 0.0000 -8.7978 34.2030 21.5061 13.9914 -7.1250 0.0000 -0.0000 5.9716 55.3552 1.5220 0.0000 -0.0000 0.0000 0.4885 28.2980 -32.4430 -33.9222 44.0270 -14.0590 0.0000 -0.0000 -6.4902 -43.0664 -3.5332 3.2967 7.1250 -0.0000 -0.0000 -13.5396 -34.5527 -3.5556
5.6622 18.7399 -2.4467 204.3800 82.0250 -158.5000 0.0000 0.0000 0.0000 -13.8979 -9.8724 2.4625 1.4767 7.6785 21.7417 0.8982 4.7104 -20.2059 0.0377 -1.2539 -3.4478 0.0000 0.0000 0.0000 16.0247 24.3592 0.7166 -1.6489 -8.0929 22.9965 -0.3517 -2.7611 -12.5609 -0.1339 2.3586 -6.4976 -0.5350 1.8794 6.6301 -0.2212 2.4624 -0.0618 -0.1698 1.2341 -3.7927 -4.8297 -3.7013 -11.7586 10.4513 -6.2727 27.7654 3.9274 -1.7657 11.4577 -0.0000 0.0000 0.0000 -10.8128 -38.8727 -21.5751 39.4473 -47.7390 -18.0291 -0.0000 0.0000 -7.4662 35.8316 20.3859 14.1184 -7.1250 0.0000 -0.0000 7.8918 54.4321 1.8376 -0.0000 0.0000 0.0000 -5.7381 27.3928 -29.1076 -41.0403 48.6743 -19.2168 0.0000 -0.0000 -1.4007 -44.5402 -4.2141 4.1361 7.1250 -0.0000 -0.0000 -14.8858 -35.5407 -3.5592
5.5790 18.7371 -2.5578 205.7400 83.5044 -157.3050 0.0000 0.0000 0.0000 -14.9502 -9.3990 2.5694 1.4816 7.6906 21.7783 0.8474 5.9226 -20.5163 0.0985 -2.0237 -5.5711 0.0000 0.0000 0.0000 15.3675 23.6729 0.1001 -1.7942 -8.4236 24.0082 -0.4355 -4.9436 -15.2645 -0.0758 1.7756 -4.8860 -1.3578 1.6800 6.8501 -0.3087 2.1303 0.1065 0.2294 1.0843 -3.7678 -3.9662 -3.3430 -11.8617 10.0176 -5.8215 25.8784 3.5954 -1.6241 10.6788 0.0000 -0.0000 0.0000 -5.4210 -41.2156 -23.8786 44.8093 -50.6747 -22.0912 -0.0000 0.0000 -3.5092 37.4857 24.1567 17.4246 -7.1250 0.0000 -0.0000 9.5753 59.2002 3.3409 0.0000 -0.0000 0.0000 -12.1506 27.2115 -25.4511 -49.0943 52.6236 -25.4526 0.0000 0.0000 5.0022 -45.6702 -2.7906 2.8532 7.1250 -0.0000 -0.0000 -15.5208 -33.6512 -4.4593
5.5322 18.7492 -2.6447 210.6680 84.2388 -152.6910 0.0000 0.0000 0.0000 -15.2383 -8.9909 2.9142 1.4640 7.6469 21.6467 0.8344 6.5092 -20.8091 0.0892 -1.9266 -5.3028 0.0000 0.0000 0.0000 15.5071 21.7252 -0.2452 -2.1246 -9.1209 26.1744 -0.4792 -10.4340 -20.7367 -0.0127 -0.7291 2.0036 -1.1953 1.4622 6.6829 -0.2997 1.8527 -0.0254 0.1782 0.9433 -3.8012 -3.4951 -3.2064 -11.8101 9.5667 -5.6069 24.8801 3.3416 -1.5880 10.2549 -0.0000 0.0000 0.0000 -2.0769 -45.3139 -24.0455 48.7546 -52.4807 -25.1829 -0.0000 -0.0000 0.6220 38.2896 21.5165 16.1483 -7.1250 0.0000 -0.0000 10.6605 56.3312 2.9860 -0.0000 0.0000 0.0000 -17.1617 27.6872 -21.9218 -58.4915 55.8944 -33.0890 0.0000 0.0000 14.2689 -42.2621 -9.6625 8.6721 7.1250 -0.0000 -0.0000 -13.8397 -42.5112 -0.8680
5.5098 18.7350 -2.7097 215.1950 85.0076 -148.7090 0.0000 0.0000 0.0000 -15.7586 -8.9078 3.5899 1.4897 7.7107 21.8387 0.8539 7.0447 -21.3858 0.0562 -1.5303 -4.2091 0.0000 0.0000 0.0000 15.6488 19.2707 -0.3094 -2.5911 -10.0018 28.9824 -0.3556 -14.6135 -24.2055 -0.0880 -1.9138 5.2675 -1.3050 0.9352 6.3201 0.1396 1.1566 -0.4140 0.7648 0.6047 -4.0019 -4.6603 -2.8006 -11.7296 9.2857 -4.7325 24.7714 3.5463 -1.3508 10.1455 0.0000 0.0000 0.0000 -2.6406 -49.6243 -20.8182 51.0428 -53.4075 -27.0092 -0.0000 -0.0000 4.5682 39.0818 20.0764 15.5779 -7.1250 0.0000 -0.0000 11.5711 54.8184 2.8186 0.0000 0.0000 0.0000 -22.0576 30.7764 -18.3458 -64.8897 57.4780 -38.4379 0.0000 0.0000 15.9021 -46.4991 -3.0252 3.1830 7.1250 -0.0000 -0.0000 -16.2449 -34.0067 -4.5363
5.4996 18.7180 -2.7586 222.6710 85.7797 -141.8550 0.0000 0.0000 0.0000 -15.9151 -7.8458 4.0830 1.4894 7.7099 21.8365 0.8927 6.8562 -21.6031 0.0327 -1.1673 -3.2091 0.0000 0.0000 0.0000 15.6043 16.8979 -0.5601 -3.2237 -11.0486 32.4440 -0.0062 -15.6726 -22.3024 -0.1156 -2.1923 6.0374 -0.9606 0.7908 5.7979 0.1480 0.9934 -0.6341 0.6015 0.5163 -3.9258 -4.8660 -2.7870 -12.9121 9.2992 -4.7058 25.3122 3.6030 -1.3244 10.5789 -0.0000 -0.0000 0.0000 -3.5686 -54.2351 -14.6001 53.1127 -54.1763 -28.6794 -0.0000 -0.0000 5.8474 38.5589 18.2988 14.0510 -7.1250 0.0000 -0.0000 10.9369 52.5751 2.0588 -0.0000 -0.0000 0.0000 -25.7746 34.0537 -16.3646 -69.4359 58.3402 -42.2902 0.0000 0.0000 18.4220 -47.6629 -1.3054 1.4323 7.1250 -0.0000 -0.0000 -16.7658 -31.6133 -5.7060
5.5113 18.6955 -2.7854 229.0250 86.8378 -136.3440 0.0000 0.0000 0.0000 -16.8465 -7.5116 5.3280 1.4844 7.6974 21.7988 0.9215 7.5932 -22.4084 0.0259 -1.0391 -2.8565 0.0000 0.0000 0.0000 15.3052 15.6276 0.2284 -3.8203 -11.9174 35.4404 0.2524 -15.4421 -19.0903 -0.0003 -0.1208 0.3318 -1.1998 0.5365 5.1339 0.1429 0.6460 -0.5548 0.7685 0.3460 -3.4660 -4.8974 -2.6210 -14.2612 9.1856 -4.4531 25.2608 3.5938 -1.2159 10.8035 0.0000 0.0000 0.0000 -6.7349 -58.2430 -7.2563 53.4150 -54.2833 -28.9247 -0.0000 -0.0000 11.4159 37.5348 16.6470 12.4127 -7.1250 0.0000 -0.0000 9.8028 50.3831 1.3115 0.0000 0.0000 0.0000 -28.2678 37.6348 -15.5996 -73.0419 58.8850 -45.3688 0.0000 0.0000 21.4797 -50.3410 -0.9007 1.0863 7.1250 -0.0000 -0.0000 -18.7354 -31.0261 -6.7207
5.5306 18.6528 -2.7791 249.8770 87.6139 -116.1580 0.0000 0.0000 0.0000 -16.9545 -6.3328 5.7495 1.5419 7.8384 22.2243 0.9274 7.8120 -22.6266 0.0699 -1.7056 -4.6929 0.0000 0.0000 0.0000 15.6467 15.2718 1.7329 -4.1344 -12.3371 36.9353 0.2553 -14.8669 -18.0960 -0.0062 0.5095 -1.4001 -0.8487 0.4382 4.5356 -0.1116 0.5343 -0.5692 0.3229 0.2803 -3.1356 -4.2517 -2.6081 -15.3750 9.2153 -4.6132 24.8202 3.4529 -1.2239 10.8626 -0.0000 0.0000 0.0000 -9.1413 -60.5677 1.0846 53.2870 -54.2382 -28.8209 -0.0000 -0.0000 20.1166 37.4495 15.3332 11.4496 -7.1250 0.0000 -0.0000 9.6834 48.7902 0.9131 -0.0000 0.0000 0.0000 -28.8279 39.9970 -14.7631 -73.7802 58.9822 -46.0012 0.0000 0.0000 26.7342 -53.6086 0.2609 -0.3540 7.1250 -0.0000 -0.0000 -20.8325 -29.1794 -8.5558
5.5721 18.6206 -2.7505 290.5250 87.8966 -75.9208 0.0000 0.0000 0.0000 -17.3416 -5.7837 6.5152 1.5548 7.8696 22.3186 0.9869 8.4407 -23.6216 0.0539 -1.4978 -4.1197 0.0000 0.0000 0.0000 15.7282 14.8394 3.3046 -4.1104 -12.3059 36.8229 0.1095 -14.2585 -18.9797 -0.1317 2.3392 -6.4442 -0.5361 0.3791 3.7129 -0.3929 0.4710 -0.6260 -0.1313 0.2405 -2.7255 -3.4447 -2.5405 -16.3131 9.0564 -4.6932 24.2480 3.2228 -1.2114 10.8214 0.0000 -0.0000 0.0000 -10.6581 -60.3220 8.0884 52.5318 -53.9669 -28.2090 -0.0000 -0.0000 27.5555 41.8690 13.4003 11.7342 -7.1250 0.0000 -0.0000 14.0000 47.2221 0.7824 0.0000 -0.0000 0.0000 -28.4013 40.9434 -13.3601 -71.0396 58.5971 -43.6571 0.0000 0.0000 31.0835 -56.6824 1.4549 -2.2121 7.1250 -0.0000 -0.0000 -22.6076 -27.0410 -10.6519
5.6008 18.5838 -2.6974 322.6350 86.6865 -44.0752 0.0000 0.0000 0.0000 -17.0512 -4.6175 6.5313 1.6325 8.0545 22.8797 1.0386 8.8320 -24.3537 0.0748 -1.7647 -4.8559 0.0000 0.0000 0.0000 16.1554 14.4762 4.9860 -3.6844 -11.7281 34.7769 -0.1515 -13.7414 -21.1869 -0.3194 3.6328 -10.0458 0.2757 0.5051 3.3589 -0.6722 0.6692 -0.8851 -0.8833 0.3237 -2.7810 -2.5431 -2.5998 -17.5335 8.7986 -4.9999 24.3309 2.9274 -1.2742 11.0893 0.0000 0.0000 0.0000 -11.0959 -58.1270 11.9809 51.4979 -53.5820 -27.3750 -0.0000 -0.0000 31.1857 42.9898 9.9609 9.1599 -7.1250 0.0000 -0.0000 14.5671 43.0005 -0.7355 0.0000 0.0000 0.0000 -26.5524 40.1074 -10.6368 -64.3097 57.3531 -37.9493 0.0000 0.0000 33.8800 -56.2464 1.9776 -2.9561 7.1250 -0.0000 -0.0000 -22.1079 -26.2116 -10.8497
5.6168 18.5505 -2.6131 351.8300 85.0416 -14.7424 0.0000 0.0000 0.0000 -18.1292 -3.2411 6.2889 1.6273 8.0423 22.8426 0.9717 9.9575 -24.7237 0.1624 -2.5966 -7.1575 0.0000 0.0000 0.0000 14.8180 14.1172 5.4451 -3.2241 -11.0493 32.4465 -0.4310 -13.1738 -23.2173 -0.4462 4.2858 -11.8821 -0.4353 0.9204 2.8629 -1.1935 1.1853 -1.1839 -1.0441 0.5905 -2.8042 -2.1584 -2.8393 -18.5063 8.9453 -5.4980 23.8285 2.8233 -1.4479 11.1254 -0.0000 -0.0000 0.0000 -11.5120 -54.8313 12.2871 48.8772 -52.5325 -25.2803 -0.0000 -0.0000 30.9724 43.3621 5.9138 5.5575 -7.1250 0.0000 -0.0000 14.2049 37.7306 -2.6054 -0.0000 -0.0000 0.0000 -24.4789 38.2528 -8.6969 -52.7830 54.0581 -28.4123 0.0000 0.0000 35.5297 -53.2026 2.2138 -2.9562 7.1250 -0.0000 -0.0000 -19.9016 -26.1406 -9.6575
5.6232 18.5397 -2.5061 355.2760 82.7746 -11.3483 0.0000 0.0000 0.0000 -17.7327 -1.8648 6.0311 1.6861 8.1790 23.2592 0.9869 10.4442 -25.2581 0.2031 -2.9019 -8.0057 0.0000 0.0000 0.0000 14.9158 13.4378 5.9093 -2.8652 -10.4736 30.5245 -0.5163 -12.8379 -23.6138 -0.4726 4.4089 -12.2301 -0.2063 1.0411 2.8321 -1.1609 1.3551 -1.2923 -1.1487 0.6707 -2.8915 -2.3344 -2.9138 -18.6525 9.5508 -5.6141 22.1789 3.0139 -1.5084 10.5809 0.0000 -0.0000 0.0000 -11.6181 -49.9289 9.4195 44.4904 -50.5164 -21.8447 -0.0000 -0.0000 28.3597 43.4395 7.2311 6.7973 -7.1250 0.0000 -0.0000 14.5061 39.4808 -2.0227 0.0000 -0.0000 0.0000 -21.8260 36.7121 -8.5451 -40.7902 48.5312 -19.0292 0.0000 0.0000 34.7428 -49.9512 4.1008 -4.8629 7.1250 -0.0000 -0.0000 -17.0876 -23.6415 -9.2021
5.5953 18.5408 -2.3980 347.6620 79.9193 -18.4059 0.0000 0.0000 0.0000 -15.5818 -1.0712 4.7158 1.9190 8.6953 24.8466 1.0185 11.2707 -26.2187 0.2658 -3.3169 -9.1622 0.0000 0.0000 0.0000 16.8624 13.8386 6.1153 -2.4850 -9.8106 28.3655 -0.5174 -12.4110 -23.1661 -0.5373 4.6968 -13.0459 1.6465 1.0819 2.9601 -0.4376 1.5032 -1.4583 -1.4565 0.7112 -3.1047 -4.0648 -3.9888 -19.6621 10.8054 -6.8838 21.2900 3.5433 -2.0974 10.6574 0.0000 0.0000 0.0000 -13.6956 -44.7248 3.8728 39.0201 -47.4785 -17.7136 -0.0000 -0.0000 25.7788 40.2306 10.3000 8.6015 -7.1250 0.0000 -0.0000 12.0314 43.0446 -0.5897 0.0000 0.0000 0.0000 -19.5720 35.9963 -11.4252 -29.6586 40.5990 -11.1868 0.0000 0.0000 33.3202 -46.1765 2.3484 -2.4447 7.1250 -0.0000 -0.0000 -14.8058 -26.5162 -6.8548
5.5810 18.5601 -2.2622 349.4330 78.2632 -16.2306 0.0000 0.0000 0.0000 -15.2456 -1.2344 4.2530 2.0496 8.9686 25.6971 1.0491 11.7834 -26.9008 0.2658 -3.3169 -9.1622 0.0000 0.0000 0.0000 17.2426 14.7517 6.7386 -2.1980 -9.2669 26.6338 -0.5486 -11.9280 -22.9411 -0.5018 4.5410 -12.6040 1.2831 0.7978 3.1945 -0.1357 1.1211 -1.4989 -0.9260 0.5296 -3.3052 -4.8497 -4.8317 -19.3452 11.4584 -7.8216 19.1963 3.7183 -2.6057 9.9916 0.0000 0.0000 0.0000 -15.3272 -38.3792 -3.4648 34.1156 -44.1702 -14.1935 -0.0000 -0.0000 20.7278 37.3027 12.4177 9.3041 -7.1250 0.0000 -0.0000 9.4280 45.2403 0.0564 0.0000 0.0000 0.0000 -15.0981 35.0182 -16.8027 -22.3805 33.4044 -6.7942 0.0000 0.0000 29.7504 -39.8113 -0.1307 0.1090 7.1250 -0.0000 -0.0000 -10.4171 -30.0634 -3.8544
5.5653 18.5697 -2.0987 347.9880 77.1101 -17.7453 0.0000 0.0000 0.0000 -13.9247 -0.7960 4.1137 2.1527 9.1771 26.3509 0.8919 12.0948 -25.9863 0.4315 -4.2156 -11.6839 0.0000 0.0000 0.0000 18.4104 15.1974 7.8871 -1.9529 -8.7673 25.0701 -0.6020 -11.3109 -22.7973 -0.3893 4.0065 -11.0951 1.3423 0.6913 4.0830 0.1702 1.0024 -1.2355 -0.6484 0.4716 -3.5419 -6.5131 -6.3659 -18.8103 12.5227 -9.5449 17.0540 4.0740 -3.5025 9.4497 -0.0000 0.0000 0.0000 -17.5838 -33.1686 -11.4438 30.0418 -40.9292 -11.4370 -0.0000 -0.0000 15.6135 35.3414 14.9592 10.3730 -7.1250 0.0000 -0.0000 7.5604 47.9704 0.5570 -0.0000 0.0000 0.0000 -9.8849 32.8661 -25.2433 -17.4042 27.3876 -4.2716 0.0000 0.0000 23.5538 -36.6479 -5.6682 4.2025 7.1250 -0.0000 -0.0000 -8.4237 -36.9160 -1.6899
5.5514 18.6037 -1.9359 349.4920 76.3082 -15.5462 0.0000 0.0000 0.0000 -13.3679 -0.5793 3.1686 2.2162 9.3026 26.7466 0.8243 12.0196 -25.3812 0.5502 -4.7517 -13.2016 0.0000 0.0000 0.0000 18.0679 14.5603 6.9960 -1.8331 -8.5094 24.2722 -0.6621 -9.8859 -21.9777 -0.3464 3.7818 -10.4637 0.7012 0.5981 4.1501 0.1629 0.8424 -1.1396 -0.2854 0.4061 -3.4927 -8.4902 -8.3888 -17.8505 13.9549 -11.9939 15.2173 4.5065 -4.7202 9.1372 -0.0000 0.0000 0.0000 -20.6071 -27.2559 -18.9930 27.5771 -38.7240 -9.8580 -0.0000 -0.0000 12.7418 35.2587 17.4983 12.0006 -7.1250 0.0000 -0.0000 7.4172 50.9437 1.0913 -0.0000 0.0000 0.0000 -3.6018 30.7570 -38.3181 -14.0873 22.8594 -2.8619 0.0000 0.0000 19.9546 -36.0608 -7.9204 5.7298 7.1250 -0.0000 -0.0000 -8.0598 -39.6206 -1.0767
5.5350 18.6289 -1.7794 349.8370 75.5151 -14.4266 0.0000 0.0000 0.0000 -12.6552 -0.3433 2.1575 2.2828 9.4318 27.1555 0.6798 12.3853 -24.5531 0.7233 -5.4344 -15.1517 0.0000 0.0000 0.0000 18.2630 14.3041 5.9650 -1.7884 -8.4106 23.9683 -0.6734 -9.1860 -21.4474 -0.3447 3.7726 -10.4379 0.5595 0.2813 4.4152 0.1242 0.4117 -1.0173 -0.2164 0.1944 -3.5205 -9.7182 -9.9548 -16.2305 14.9542 -13.9061 12.9746 4.7627 -5.7406 8.5017 0.0000 -0.0000 0.0000 -24.4498 -19.5639 -22.8012 27.4999 -38.6518 -9.8098 -0.0000 -0.0000 8.6214 36.8556 20.7612 14.8806 -7.1250 0.0000 -0.0000 9.0238 55.1032 2.2522 0.0000 -0.0000 0.0000 3.5496 28.7812 -51.7471 -12.9363 21.1938 -2.4302 0.0000 0.0000 16.9753 -37.8650 -11.5866 8.8756 7.1250 -0.0000 -0.0000 -9.9187 -44.3096 -0.1708
5.5166 18.6488 -1.6296 351.3380 74.7956 -12.2799 0.0000 0.0000 0.0000 -12.3656 0.0625 1.5363 2.2526 9.3735 26.9710 0.6371 12.5054 -24.3143 0.6293 -5.0762 -14.1260 0.0000 0.0000 0.0000 18.1796 14.2068 4.8647 -1.7982 -8.4325 24.0357 -0.6866 -8.7048 -21.1485 -0.3688 3.9006 -10.7973 -0.2118 -0.0659 4.7508 0.3207 -0.0892 -0.9100 0.4562 -0.0364 -3.6012 -11.7828 -11.5891 -13.2169 16.4069 -15.8285 9.7711 5.3655 -6.8853 7.4877 0.0000 0.0000 0.0000 -28.4720 -12.4517 -24.4356 26.8742 -38.0590 -9.4215 -0.0000 -0.0000 4.3110 35.7736 21.3354 14.6893 -7.1250 0.0000 -0.0000 7.7604 55.5191 2.0124 0.0000 0.0000 0.0000 10.0975 26.8821 -60.1937 -12.5492 20.6232 -2.2921 0.0000 0.0000 11.2969 -40.1401 -13.2458 10.9358 7.1250 -0.0000 -0.0000 -12.2535 -46.7188 0.5275
5.4874 18.6490 -1.5055 353.0050 74.0636 -10.2302 0.0000 0.0000 0.0000 -12.4380 -0.1739 1.5601 2.1931 9.2572 26.6032 0.6800 12.7327 -24.9058 0.4651 -4.3744 -12.1325 0.0000 0.0000 0.0000 17.7770 13.7220 3.8618 -1.8123 -8.4638 24.1318 -0.7639 -7.3238 -20.7503 -0.2859 3.4386 -9.5023 -0.7724 -0.2663 4.8728 0.2181 -0.3929 -0.4529 0.6875 -0.1799 -3.1919 -12.5630 -13.1004 -10.5253 17.1147 -17.7898 7.0751 5.5416 -8.0344 6.6002 -0.0000 -0.0000 0.0000 -33.5366 -6.3263 -23.2909 28.7148 -39.7660 -10.5778 -0.0000 -0.0000 0.8870 35.0777 22.9506 15.3137 -7.1250 0.0000 -0.0000 6.7980 57.2094 2.0396 -0.0000 -0.0000 0.0000 18.1153 24.9295 -60.6115 -13.8563 22.5289 -2.7728 0.0000 0.0000 6.1171 -42.6626 -15.5948 13.9146 7.1250 -0.0000 -0.0000 -15.1370 -50.1476 1.9601
5.4390 18.6419 -1.4095 358.5220 73.1525 -4.5176 0.0000 0.0000 0.0000 -13.9033 -0.0149 2.0121 1.9844 8.8334 25.2757 0.5072 13.9399 -24.7401 0.5018 -4.5413 -12.6047 0.0000 0.0000 0.0000 16.2390 14.4062 2.8301 -1.9438 -8.7480 25.0103 -0.9263 -5.9135 -21.2479 -0.1772 2.7119 -7.4777 -2.1482 -0.2992 5.3150 -0.4874 -0.5463 -0.2648 0.7470 -0.2376 -3.2386 -11.8581 -14.3888 -8.9365 16.5467 -19.6269 6.2189 5.0815 -9.0489 6.1976 0.0000 -0.0000 0.0000 -39.0543 -0.8600 -19.2690 32.2153 -42.7181 -12.8866 -0.0000 0.0000 -1.2594 35.9932 21.7390 15.0577 -7.1250 0.0000 -0.0000 7.9800 56.0371 2.1704 0.0000 -0.0000 0.0000 28.7550 22.6986 -52.6253 -17.1854 27.1016 -4.1715 0.0000 0.0000 2.3843 -44.6776 -14.9172 14.2809 7.1250 -0.0000 -0.0000 -17.1769 -49.7239 2.0545
5.3846 18.6182 -1.3415 360.3060 71.9140 -2.6061 0.0000 0.0000 0.0000 -14.3747 0.2973 2.2685 1.8838 8.6198 24.6132 0.3842 15.0015 -24.9119 0.6225 -5.0492 -14.0488 0.0000 0.0000 0.0000 16.8846 18.1006 3.7865 -2.0044 -8.8752 25.4056 -0.9607 -7.9954 -23.0556 -0.1563 2.5475 -7.0213 -2.8282 -0.6972 5.7026 -0.0950 -1.1181 -0.1598 1.5836 -0.5073 -3.3113 -13.0677 -14.7592 -7.6385 16.0068 -20.0803 6.3113 5.0951 -9.4029 6.1288 -0.0000 0.0000 0.0000 -47.1318 4.3582 -15.0724 36.3504 -45.7527 -15.7730 -0.0000 0.0000 -2.7241 34.4211 20.1761 13.2978 -7.1250 0.0000 -0.0000 6.3520 53.8790 1.3908 -0.0000 0.0000 0.0000 37.8273 20.3387 -37.9881 -20.8070 31.6023 -5.9485 0.0000 0.0000 2.8687 -45.8021 -14.6693 14.5974 7.1250 -0.0000 -0.0000 -18.3333 -49.6535 2.1685
5.3082 18.5956 -1.2799 359.7240 71.2852 -2.8042 0.0000 0.0000 0.0000 -13.9858 0.1500 1.7468 1.9201 8.6976 24.8539 0.5612 14.7106 -26.0372 0.4072 -4.0966 -11.3485 0.0000 0.0000 0.0000 17.4458 19.1201 3.6527 -1.9625 -8.7876 25.1331 -0.9801 -8.4154 -23.5446 -0.1207 2.2402 -6.1699 -2.6858 -1.0174 6.0203 0.1233 -1.5352 -0.0390 1.7689 -0.7159 -3.3424 -13.3530 -14.9758 -7.3095 15.6145 -20.4165 6.9289 4.9709 -9.5962 6.2966 0.0000 -0.0000 0.0000 -54.7273 7.1091 -9.6654 39.8891 -48.0041 -18.3568 -0.0000 0.0000 -3.4708 32.5082 19.4681 11.9909 -7.1250 0.0000 -0.0000 4.3693 52.6698 0.8260 0.0000 -0.0000 0.0000 46.3135 16.5053 -20.8876 -24.7500 35.9474 -8.1427 0.0000 0.0000 3.1834 -45.3197 -10.3922 10.3377 7.1250 -0.0000 -0.0000 -16.8619 -43.9273 -0.4602
5.2366 18.5837 -1.2374 362.4370 70.9192 0.1216 0.0000 0.0000 0.0000 -14.6826 0.4795 1.0553 1.9247 8.7074 24.8843 0.5558 14.6034 -25.8753 0.3832 -3.9755 -11.0077 0.0000 0.0000 0.0000 16.4966 19.6037 3.1152 -1.9535 -8.7685 25.0737 -0.9965 -8.3716 -23.6486 -0.1325 2.3467 -6.4648 -3.3889 -1.2181 6.2586 -0.2225 -1.8692 0.0284 1.8399 -0.8718 -3.3796 -12.9395 -14.9370 -7.1887 15.3388 -20.4338 7.3442 4.8309 -9.6048 6.3335 0.0000 0.0000 0.0000 -61.0417 8.3734 -2.7245 41.3757 -48.8641 -19.4691 -0.0000 0.0000 -3.4020 28.4679 18.1115 9.5679 -7.1250 0.0000 -0.0000 0.4011 50.3876 0.0533 0.0000 0.0000 0.0000 53.9602 12.0910 -3.3552 -28.5192 39.5898 -10.4529 0.0000 0.0000 4.3328 -43.8534 -7.8784 7.5023 7.1250 -0.0000 -0.0000 -14.9932 -40.3831 -1.7517
5.1600 18.5941 -1.2118 362.4660 70.9517 0.4365 0.0000 0.0000 0.0000 -14.2665 0.6621 0.2175 1.9746 8.8129 25.2117 0.4701 14.0853 -24.5875 0.5115 -4.5842 -12.7264 0.0000 0.0000 0.0000 16.3153 19.1735 2.4844 -1.8992 -8.6528 24.7151 -0.9226 -8.3108 -22.9714 -0.1595 2.5735 -7.0936 -3.5858 -1.6026 6.4326 -0.0665 -2.3914 0.2248 2.1579 -1.1319 -3.2299 -13.0423 -14.7933 -7.1053 15.4515 -20.2337 7.2432 4.9180 -9.5148 6.2838 0.0000 0.0000 0.0000 -66.7861 8.0702 3.7895 40.5444 -48.3891 -18.8452 -0.0000 0.0000 -0.2715 27.5221 17.3103 8.8129 -7.1250 0.0000 -0.0000 -0.4057 49.3425 -0.0434 0.0000 0.0000 0.0000 59.2761 8.7456 13.9659 -30.8550 41.6151 -11.9734 0.0000 0.0000 7.5662 -38.8953 -1.4727 1.1878 7.1250 -0.0000 -0.0000 -9.8656 -31.7722 -3.2346
5.0843 18.6071 -1.2211 360.2490 70.5000 -1.2196 0.0000 0.0000 0.0000 -13.2577 0.5148 -0.7472 2.0743 9.0192 25.8553 0.5909 13.2507 -24.6995 0.4430 -4.2706 -11.8394 0.0000 0.0000 0.0000 16.9027 19.6382 2.0777 -1.8023 -8.4414 24.0631 -0.8808 -8.1911 -22.5113 -0.1173 2.2085 -6.0822 -2.7507 -1.8481 6.4531 -0.0330 -2.6539 0.3551 1.7455 -1.2776 -3.1260 -12.6427 -14.8597 -7.3231 15.4553 -20.4053 7.6982 4.8144 -9.5613 6.4471 -0.0000 0.0000 0.0000 -71.3394 7.0907 9.4409 38.9372 -47.4275 -17.6526 -0.0000 -0.0000 5.0982 26.3884 15.4132 7.5121 -7.1250 0.0000 -0.0000 -1.1982 47.0826 -0.0616 -0.0000 0.0000 0.0000 63.5025 6.3358 31.4900 -31.6696 42.2822 -12.5180 0.0000 0.0000 13.1781 -33.5602 4.8115 -3.1849 7.1250 -0.0000 -0.0000 -5.1325 -24.2141 -2.5858
4.9957 18.6150 -1.2350 359.3960 70.3467 -1.7223 0.0000 0.0000 0.0000 -12.8240 0.4862 -1.5542 2.1210 9.1138 26.1519 0.5087 13.3877 -24.1448 0.5463 -4.7353 -13.1551 0.0000 0.0000 0.0000 17.0329 19.8121 1.5119 -1.7643 -8.3568 23.8033 -0.8271 -8.1428 -21.9909 -0.1147 2.1839 -6.0141 -2.8671 -1.9787 6.7659 -0.0565 -2.8419 0.5106 1.8117 -1.3701 -3.1265 -12.3012 -15.1911 -7.5280 15.5415 -20.9623 8.1989 4.6810 -9.7853 6.6923 -0.0000 0.0000 0.0000 -75.3163 5.4010 13.8263 38.0107 -46.8462 -16.9734 -0.0000 -0.0000 8.6690 27.2171 14.6281 7.4004 -7.1250 0.0000 -0.0000 -0.2959 46.3365 -0.0098 -0.0000 0.0000 0.0000 67.2050 5.0122 44.8137 -31.4935 42.1397 -12.3997 0.0000 0.0000 20.1789 -30.8449 8.0225 -4.7643 7.1250 -0.0000 -0.0000 -2.8788 -20.6626 -1.6799
4.9192 18.6273 -1.2670 359.0220 69.9237 -1.7848 0.0000 0.0000 0.0000 -12.8141 0.2531 -1.8313 2.0843 9.0394 25.9187 0.5962 13.3988 -24.9010 0.3618 -3.8642 -10.6951 0.0000 0.0000 0.0000 16.9708 20.2023 0.8798 -1.7718 -8.3735 23.8545 -0.7859 -8.1486 -21.6178 -0.1193 2.2266 -6.1322 -3.3989 -1.8134 6.9424 0.0995 -2.6553 0.7538 2.2546 -1.2745 -2.9513 -12.7379 -15.6698 -7.4940 15.9219 -21.6494 8.2573 4.7386 -10.1039 6.8971 0.0000 0.0000 0.0000 -78.4558 3.8386 17.3002 38.7214 -47.2939 -17.4938 -0.0000 -0.0000 9.3656 27.8256 14.1816 7.3681 -7.1250 0.0000 -0.0000 0.3365 45.9261 0.0077 0.0000 0.0000 0.0000 70.3914 4.0569 50.6735 -31.2852 41.9698 -12.2601 0.0000 0.0000 20.3039 -26.6053 10.4183 -5.1755 7.1250 -0.0000 -0.0000 0.3108 -18.3595 0.1971
4.8542 18.6203 -1.3210 360.3360 69.6730 -0.1917 0.0000 0.0000 0.0000 -13.6648 -0.3606 -1.8842 1.9988 8.8636 25.3696 0.5874 14.1809 -25.6679 0.3386 -3.7394 -10.3445 0.0000 0.0000 0.0000 16.0963 20.5896 -0.1369 -1.8426 -8.5303 24.3368 -0.7910 -7.9270 -21.4851 -0.1238 2.2681 -6.2472 -4.5149 -1.6322 7.0513 0.0505 -2.5025 0.8115 2.8184 -1.1864 -2.9164 -12.9371 -15.8184 -7.2515 15.7619 -21.8895 8.6583 4.6849 -10.2352 7.0195 0.0000 0.0000 0.0000 -80.0970 3.0698 19.6938 41.1676 -48.7466 -19.3125 -0.0000 -0.0000 10.4228 28.8107 13.5696 7.3530 -7.1250 0.0000 -0.0000 1.3316 45.3763 0.0124 0.0000 0.0000 0.0000 72.5226 2.7625 51.2234 -31.8607 42.4359 -12.6468 0.0000 0.0000 9.8561 -19.9376 9.4716 -3.4160 7.1250 -0.0000 -0.0000 5.0147 -19.9355 3.0158
4.7931 18.6240 -1.4198 359.9610 69.9275 -0.3707 0.0000 0.0000 0.0000 -13.9759 -1.4339 -1.6282 1.9039 8.6630 24.7467 0.7297 14.2037 -26.8115 0.1833 -2.7579 -7.6054 0.0000 0.0000 0.0000 15.8170 20.5170 -1.2084 -1.9516 -8.7646 25.0618 -0.7510 -8.2397 -21.3659 -0.1773 2.7120 -7.4779 -4.5309 -1.6142 7.3289 -0.0808 -2.4979 0.7861 2.7022 -1.1787 -3.1035 -12.8573 -15.5888 -6.4213 15.0242 -21.5999 9.0772 4.5571 -10.1733 6.8685 -0.0000 -0.0000 0.0000 -79.8215 3.0062 21.2278 44.8198 -50.6799 -22.0992 -0.0000 -0.0000 11.6956 30.4045 13.3278 7.7037 -7.1250 0.0000 -0.0000 2.8535 45.3196 0.0225 -0.0000 -0.0000 0.0000 73.8707 1.8671 45.7627 -32.0902 42.6190 -12.8019 0.0000 -0.0000 -3.1423 -13.7155 7.1465 -1.7391 7.1250 -0.0000 -0.0000 9.5523 -22.6540 5.2067
4.7435 18.6057 -1.4846 358.8940 70.1946 -1.4360 0.0000 0.0000 0.0000 -13.7407 -1.6525 -1.3572 1.8210 8.4827 24.1902 0.8242 13.8904 -27.2067 0.1329 -2.3498 -6.4735 0.0000 0.0000 0.0000 16.2271 21.0730 -1.1544 -1.9934 -8.8522 25.3342 -0.6822 -9.2492 -21.5871 -0.2070 2.9296 -8.0829 -5.0126 -1.5123 7.0331 -0.0195 -2.3710 1.0470 3.0074 -1.1254 -2.6551 -13.0371 -15.2654 -5.8360 14.0753 -21.1637 10.0561 4.3887 -10.0314 6.9236 0.0000 0.0000 0.0000 -78.3382 2.7999 21.8514 48.8436 -52.5183 -25.2536 -0.0000 -0.0000 12.1077 30.4494 12.7488 7.3915 -7.1250 0.0000 -0.0000 2.9358 44.6655 -0.0243 0.0000 0.0000 0.0000 71.9294 3.0817 40.7401 -31.5083 42.1516 -12.4096 0.0000 -0.0000 -18.0245 -11.6745 3.5419 -0.7313 7.1250 -0.0000 -0.0000 11.3091 -26.3286 5.2159
4.7049 18.5925 -1.5797 358.5490 71.3293 -2.0606 0.0000 0.0000 0.0000 -13.9143 -2.3967 -0.8577 1.7480 8.3202 23.6909 0.8493 13.5594 -27.0665 0.1448 -2.4522 -6.7570 0.0000 0.0000 0.0000 16.0039 20.1731 -1.1743 -2.0005 -8.8671 25.3804 -0.6924 -9.2973 -21.7261 -0.1970 2.8581 -7.8838 -5.1266 -1.4542 6.8585 -0.2565 -2.2830 1.3537 2.8057 -1.0953 -2.2526 -13.7591 -15.1420 -5.3854 13.2108 -21.0207 11.7484 4.2395 -10.0219 7.3459 -0.0000 0.0000 0.0000 -76.1398 2.1900 21.8472 52.3717 -53.9084 -28.0797 -0.0000 -0.0000 11.2596 31.2424 13.3162 7.9540 -7.1250 0.0000 -0.0000 3.6462 45.4223 0.0381 -0.0000 0.0000 0.0000 68.4114 4.3218 32.7353 -30.8455 41.6072 -11.9671 0.0000 -0.0000 -29.1909 -11.4899 0.7526 -0.1530 7.1250 -0.0000 -0.0000 11.7320 -29.1183 4.6288
4.6574 18.5920 -1.6676 357.9100 72.3620 -3.0779 0.0000 0.0000 0.0000 -13.7975 -2.3432 -0.6859 1.6931 8.1952 23.3087 0.7941 12.9609 -26.0523 0.1849 -2.7691 -7.6366 0.0000 0.0000 0.0000 16.0894 20.0229 -0.8250 -2.0275 -8.9231 25.5549 -0.7042 -9.7481 -22.2408 -0.1283 2.3091 -6.3607 -5.4610 -1.4808 6.9373 -0.6127 -2.3513 1.3827 2.6319 -1.1259 -2.2619 -14.0088 -14.7621 -4.4923 12.1244 -20.5808 13.7562 4.0368 -9.8878 7.6867 0.0000 -0.0000 0.0000 -73.1808 2.4418 20.5546 56.0259 -55.1544 -31.0562 -0.0000 -0.0000 8.8960 32.0137 13.8601 8.5178 -7.1250 0.0000 -0.0000 4.3494 46.1582 0.1246 0.0000 -0.0000 0.0000 63.8844 6.4050 23.4133 -29.2119 40.2082 -10.8972 0.0000 -0.0000 -39.9691 -13.7196 -1.6910 0.4128 7.1250 -0.0000 -0.0000 10.2753 -31.6142 3.4123
4.6247 18.5928 -1.7577 357.2780 73.0806 -3.9758 0.0000 0.0000 0.0000 -13.5225 -1.4255 -1.1735 1.7149 8.2451 23.4610 0.8496 11.4330 -25.0357 0.1919 -2.8208 -7.7804 0.0000 0.0000 0.0000 16.1523 19.8737 -0.4830 -2.0059 -8.8784 25.4156 -0.6009 -10.6652 -22.1486 -0.1676 2.6377 -7.2715 -5.7456 -1.3070 6.4013 -0.8999 -2.0950 1.6105 2.4526 -1.0134 -1.7489 -14.3396 -14.6329 -4.2511 10.9318 -20.3650 15.8906 3.7186 -9.8495 8.2237 0.0000 -0.0000 0.0000 -70.3069 2.3900 18.3544 59.3668 -56.1388 -33.8148 -0.0000 -0.0000 5.8217 30.0783 13.3452 7.6143 -7.1250 0.0000 -0.0000 2.5446 45.2947 0.0185 0.0000 -0.0000 0.0000 57.8846 10.0062 11.3494 -26.2636 37.4678 -9.0475 0.0000 -0.0000 -46.6988 -16.7854 -5.0936 1.5341 7.1250 -0.0000 -0.0000 8.2184 -35.2017 1.9949
4.5554 18.6012 -1.8453 353.3470 74.1196 -8.1490 0.0000 0.0000 0.0000 -12.2291 -1.1502 -2.1089 1.8606 8.5696 24.4578 0.9453 9.6796 -24.2752 0.1827 -2.7530 -7.5918 0.0000 0.0000 0.0000 17.2704 19.5982 0.0877 -1.9392 -8.7382 24.9798 -0.4913 -11.7396 -22.2121 -0.1693 2.6509 -7.3084 -4.7930 -1.3857 6.6639 -1.1770 -2.1560 1.6525 1.6471 -1.0424 -1.8944 -14.3384 -14.3020 -4.2488 9.8530 -19.8666 18.1825 3.4146 -9.6503 8.8134 -0.0000 -0.0000 0.0000 -67.1617 2.9646 15.4581 62.6676 -56.9799 -36.5694 -0.0000 -0.0000 1.8805 30.3969 14.0122 8.0842 -7.1250 0.0000 -0.0000 2.7938 46.0974 0.0757 -0.0000 -0.0000 0.0000 50.0982 14.3894 -1.1534 -22.7107 33.7709 -6.9768 0.0000 -0.0000 -45.4186 -19.0413 -6.7688 2.3294 7.1250 -0.0000 -0.0000 6.5522 -37.0660 1.2858
4.4840 18.6108 -1.9404 352.1340 74.9479 -9.3320 0.0000 0.0000 0.0000 -12.1296 -1.2706 -3.2887 2.0022 8.8707 25.3916 0.8517 9.5366 -23.3653 0.3334 -3.7111 -10.2652 0.0000 0.0000 0.0000 17.0778 18.9629 -0.2001 -1.9019 -8.6586 24.7330 -0.4211 -11.9749 -21.7933 -0.1798 2.7312 -7.5313 -4.3269 -1.1937 6.2675 -1.8442 -1.8463 1.7897 0.6641 -0.8931 -1.5890 -13.9584 -14.2212 -3.8449 9.2899 -19.8304 19.8293 3.1936 -9.6345 9.2019 0.0000 0.0000 0.0000 -63.5753 3.0496 12.5998 65.6202 -57.6305 -39.0544 -0.0000 0.0000 -2.6187 30.1030 14.5441 8.2835 -7.1250 0.0000 -0.0000 2.4667 46.6581 0.1010 0.0000 0.0000 0.0000 41.3969 17.8402 -14.3031 -20.5775 31.3318 -5.8287 0.0000 -0.0000 -43.5660 -22.2891 -7.1066 2.9031 7.1250 -0.0000 -0.0000 3.8417 -37.6288 0.6983
4.3808 18.6071 -2.0259 350.9370 75.7403 -10.8500 0.0000 0.0000 0.0000 -12.0914 -2.0658 -3.7404 2.1081 9.0877 26.0702 0.8345 9.2471 -22.9693 0.3045 -3.5476 -9.8072 0.0000 0.0000 0.0000 17.0931 18.7474 -0.0169 -1.8693 -8.5883 24.5158 -0.2879 -12.7719 -21.3842 -0.2365 3.1299 -8.6405 -3.9953 -1.0328 6.6955 -2.2787 -1.6217 2.0413 0.0217 -0.7778 -1.5993 -13.9375 -14.0067 -3.8487 8.5935 -19.4540 21.2342 3.0000 -9.4861 9.5709 -0.0000 0.0000 0.0000 -60.1408 2.6861 9.2218 67.3257 -57.9653 -40.4976 -0.0000 0.0000 -6.1206 29.7726 15.4118 8.6445 -7.1250 0.0000 -0.0000 2.0613 47.5883 0.1317 -0.0000 0.0000 0.0000 32.2082 21.1157 -28.7345 -20.2562 30.9498 -5.6625 0.0000 -0.0000 -42.4164 -23.1042 -7.1110 3.0231 7.1250 -0.0000 -0.0000 3.1484 -37.6868 0.5674
4.2820 18.6072 -2.1070 350.5770 75.8994 -11.1212 0.0000 0.0000 0.0000 -12.2060 -2.9826 -4.2578 2.1841 9.2395 26.5474 0.9393 8.7591 -23.4710 0.1302 -2.3261 -6.4077 0.0000 0.0000 0.0000 16.7251 18.7526 -0.4307 -1.8399 -8.5243 24.3182 -0.2880 -12.6121 -21.1953 -0.1834 2.7586 -7.6073 -3.3746 -0.8939 6.5686 -2.9766 -1.3858 2.1555 -1.0658 -0.6565 -1.4507 -13.5380 -13.6460 -3.0431 8.0207 -18.9810 22.2816 2.8785 -9.2916 9.6334 -0.0000 0.0000 0.0000 -56.4611 2.4276 5.4014 67.1576 -57.9336 -40.3551 -0.0000 0.0000 -6.0299 31.6197 16.6908 10.0277 -7.1250 0.0000 -0.0000 3.7526 49.3409 0.4022 -0.0000 0.0000 0.0000 23.4124 25.1426 -43.1661 -21.5568 32.4725 -6.3462 0.0000 -0.0000 -41.9836 -24.3023 -5.7436 2.5875 7.1250 -0.0000 -0.0000 2.0266 -36.2712 0.4352
4.1626 18.6161 -2.1762 349.7100 75.5034 -11.7561 0.0000 0.0000 0.0000 -12.0314 -3.1055 -5.0441 2.2322 9.3338 26.8451 0.8424 9.3978 -23.1664 0.1604 -2.5805 -7.1129 0.0000 0.0000 0.0000 16.6239 19.0634 -1.0775 -1.8067 -8.4512 24.0931 -0.2076 -12.5994 -20.3398 -0.1872 2.7867 -7.6854 -2.9025 -0.6368 6.6345 -3.2965 -1.0219 2.0998 -1.6873 -0.4715 -1.5614 -12.7549 -13.1339 -1.9956 6.9397 -18.1951 23.1971 2.5982 -8.9694 9.4830 -0.0000 -0.0000 0.0000 -53.6759 1.7677 1.0218 65.3071 -57.5658 -38.7901 -0.0000 0.0000 -7.1067 31.4904 15.4379 9.2612 -7.1250 0.0000 -0.0000 3.7352 47.8891 0.2666 -0.0000 -0.0000 0.0000 14.2398 30.4642 -57.6777 -24.3344 35.5159 -7.9000 0.0000 -0.0000 -40.4174 -25.1936 -2.4459 1.1501 7.1250 -0.0000 -0.0000 1.1327 -32.6810 0.3418
